"TOA5","CR1000_Layla","CR1000","6316","CR1000.Std.32.07","CPU:mini_AWS_Layla.CR1","33852","Res_data_1_min"
"TIMESTAMP","RECORD","BattV","temperature","rel_humidity","wind_speed","gust_speed","wind_direction","air_pressure","SWup","SWdown","LWup","LWdown","surface_brightness_temperature","IRup_body_temperature","sky_brightness_temperature","IRdown_body_temperature"
"TS","RN","Volts","degC","%","m/s","m/s","deg","hPa","W/m^2","W/m^2","W/m^2","W/m^2","degC","degC","degC","degC"
"","","Min","Avg","Smp","Avg","Max","Smp","Smp","Avg","Avg","Avg","Avg","Avg","Avg","Avg","Avg"
"2026-03-19 17:58:00",2825,12.51,"NAN","NAN",0,0,0,993.0809,0.687,0.988,284.4,281.2,-7.031,-7.635,-7.781,-7.576
"2026-03-19 17:59:00",2826,12.51,"NAN","NAN",0,0,0,993.0809,0.687,0.887,284.2,281.2,-7.063,-7.615,-7.783,-7.556
"2026-03-19 18:00:00",2827,12.52,"NAN","NAN",0,0,0,993.0809,0.687,0.701,284.4,281.3,-7.015,-7.595,-7.758,-7.537
"2026-03-19 18:01:00",2828,12.52,"NAN","NAN",0,0,0,993.0809,0.687,0.687,284.4,281.3,-7.02,-7.576,-7.759,-7.518
"2026-03-19 18:02:00",2829,12.52,"NAN","NAN",0,0,0,993.0809,0.658,0.687,284.6,281.3,-6.98,-7.557,-7.752,-7.499
"2026-03-19 18:03:00",2830,12.53,"NAN","NAN",0,0,0,993.0809,0.53,0.687,284.8,281.2,-6.937,-7.539,-7.775,-7.482
"2026-03-19 18:04:00",2831,12.52,"NAN","NAN",0,0,0,993.0809,0.515,0.687,284.9,281.3,-6.899,-7.52,-7.743,-7.464
"2026-03-19 18:05:00",2832,12.52,"NAN","NAN",0,0,0,993.2179,0.515,0.687,285.1,281.5,-6.861,-7.502,-7.7,-7.447
"2026-03-19 18:06:00",2833,12.52,"NAN","NAN",0,0,0,993.1494,0.458,0.687,285.3,281.6,-6.816,-7.483,-7.678,-7.43
"2026-03-19 18:07:00",2834,12.52,"NAN","NAN",0,0,0,1015.825,0.344,0.687,285.3,281.9,-6.814,-7.456,-7.601,-7.402
"2026-03-19 18:08:00",2835,12.52,"NAN","NAN",0,0,0,993.2181,0.344,0.644,285.6,282.2,-6.733,-7.443,-7.538,-7.391
"2026-03-19 18:09:00",2836,12.52,"NAN","NAN",0,0,0,993.2181,0.344,0.53,285.5,282.4,-6.763,-7.42,-7.501,-7.369
"2026-03-19 18:10:00",2837,12.52,"NAN","NAN",0,0,0,993.1495,0.344,0.515,285.6,282.6,-6.741,-7.398,-7.448,-7.348
"2026-03-19 18:11:00",2838,12.53,"NAN","NAN",0,0,0,993.2181,0.344,0.429,285.5,282.7,-6.761,-7.377,-7.425,-7.327
"2026-03-19 18:12:00",2839,12.53,"NAN","NAN",0,0,0,993.2181,0.344,0.358,285.5,282.7,-6.776,-7.357,-7.43,-7.308
"2026-03-19 18:13:00",2840,12.53,"NAN","NAN",0,0,0,993.2181,0.344,0.344,285.5,282.7,-6.766,-7.338,-7.425,-7.29
"2026-03-19 18:14:00",2841,12.53,"NAN","NAN",0,0,0,993.1495,0.344,0.344,285.6,282.7,-6.753,-7.321,-7.432,-7.272
"2026-03-19 18:15:00",2842,12.53,"NAN","NAN",0,0,0,993.1495,0.344,0.344,285.6,282.8,-6.735,-7.303,-7.407,-7.256
"2026-03-19 18:16:00",2843,12.53,"NAN","NAN",0,0,0,993.2181,0.344,0.344,285.7,282.8,-6.731,-7.287,-7.409,-7.24
"2026-03-19 18:17:00",2844,12.53,"NAN","NAN",0,0,0,993.1495,0.344,0.344,285.7,282.9,-6.719,-7.27,-7.376,-7.224
"2026-03-19 18:18:00",2845,12.53,"NAN","NAN",0,0,0,993.2181,0.344,0.344,285.7,283.1,-6.719,-7.254,-7.331,-7.209
"2026-03-19 18:19:00",2846,12.53,"NAN","NAN",0,0,0,993.2181,0.344,0.344,285.8,283.1,-6.701,-7.238,-7.318,-7.192
"2026-03-19 18:20:00",2847,12.53,"NAN","NAN",0,0,0,993.2181,0.344,0.344,286,283.3,-6.661,-7.221,-7.288,-7.175
"2026-03-19 18:21:00",2848,12.53,"NAN","NAN",0,0,0,993.1495,0.344,0.344,286.2,283.5,-6.612,-7.204,-7.236,-7.158
"2026-03-19 18:22:00",2849,12.53,"NAN","NAN",0,0,0,993.0811,0.344,0.344,286.4,283.6,-6.568,-7.187,-7.204,-7.14
"2026-03-19 18:23:00",2850,12.53,"NAN","NAN",0,0,0,993.0811,0.344,0.344,286.4,283.8,-6.569,-7.169,-7.155,-7.121
"2026-03-19 18:24:00",2851,12.53,"NAN","NAN",0,0,0,993.0811,0.329,0.344,286.4,283.9,-6.549,-7.151,-7.144,-7.101
"2026-03-19 18:25:00",2852,12.53,"NAN","NAN",0,0,0,993.0811,0.258,0.344,286.5,284,-6.533,-7.132,-7.129,-7.081
"2026-03-19 18:26:00",2853,12.53,"NAN","NAN",0,0,0,993.0811,0.2,0.344,286.5,284,-6.537,-7.113,-7.124,-7.062
"2026-03-19 18:27:00",2854,12.53,"NAN","NAN",0,0,0,993.0811,0.172,0.344,286.5,284.2,-6.534,-7.095,-7.076,-7.044
"2026-03-19 18:28:00",2855,12.53,"NAN","NAN",0,0,0,993.0811,0.172,0.344,286.6,284.2,-6.521,-7.077,-7.073,-7.026
"2026-03-19 18:29:00",2856,12.53,"NAN","NAN",0,0,0,993.0811,0.172,0.344,286.7,284.2,-6.497,-7.059,-7.081,-7.008
"2026-03-19 18:30:00",2857,12.53,"NAN","NAN",0,0,0,993.0811,0.172,0.344,286.7,284.3,-6.492,-7.042,-7.048,-6.99
"2026-03-19 18:31:00",2858,12.53,"NAN","NAN",0,0,0,993.0811,0.172,0.329,286.6,284.3,-6.502,-7.024,-7.049,-6.973
"2026-03-19 18:32:00",2859,12.53,"NAN","NAN",0,0,0,993.0126,0.172,0.301,286.6,284.3,-6.501,-7.007,-7.042,-6.956
"2026-03-19 18:33:00",2860,12.53,"NAN","NAN",0,0,0,992.9441,0.172,0.286,286.7,284.4,-6.491,-6.99,-7.02,-6.938
"2026-03-19 18:34:00",2861,12.53,"NAN","NAN",0,0,0,992.9441,0.172,0.229,286.6,284.4,-6.501,-6.973,-7.02,-6.922
"2026-03-19 18:35:00",2862,12.53,"NAN","NAN",0,0,0,992.9441,0.172,0.2,286.5,284.4,-6.525,-6.958,-7.015,-6.907
"2026-03-19 18:36:00",2863,12.53,"NAN","NAN",0,0,0,992.9441,0.172,0.172,286.6,284.5,-6.514,-6.942,-7,-6.891
"2026-03-19 18:37:00",2864,12.53,"NAN","NAN",0,0,0,992.9441,0.143,0.172,286.6,284.4,-6.503,-6.926,-7.023,-6.876
"2026-03-19 18:38:00",2865,12.53,"NAN","NAN",0,0,0,993.0126,0.172,0.172,286.7,284.5,-6.488,-6.911,-7.001,-6.86
"2026-03-19 18:39:00",2866,12.53,"NAN","NAN",0,0,0,993.0811,0.129,0.129,286.7,284.5,-6.488,-6.896,-7.01,-6.845
"2026-03-19 18:40:00",2867,12.53,"NAN","NAN",0,0,0,993.0811,0.115,0.115,286.6,284.6,-6.502,-6.88,-6.979,-6.83
"2026-03-19 18:41:00",2868,12.53,"NAN","NAN",0,0,0,993.0811,0.014,0.029,286.7,284.6,-6.479,-6.865,-6.966,-6.815
"2026-03-19 18:42:00",2869,12.53,"NAN","NAN",0,0,0,993.0811,0.014,0.029,286.9,284.7,-6.437,-6.85,-6.944,-6.799
"2026-03-19 18:43:00",2870,12.53,"NAN","NAN",0,0,0,993.0811,0,0,287,284.9,-6.409,-6.833,-6.919,-6.779
"2026-03-19 18:44:00",2871,12.53,"NAN","NAN",0,0,0,993.1495,0.014,0,287,284.9,-6.428,-6.813,-6.909,-6.756
"2026-03-19 18:45:00",2872,12.53,"NAN","NAN",0,0,0,993.2181,0,0,286.9,284.8,-6.451,-6.795,-6.922,-6.739
"2026-03-19 18:46:00",2873,12.53,"NAN","NAN",0,0,0,993.2181,0,0,286.8,284.8,-6.465,-6.779,-6.926,-6.724
"2026-03-19 18:47:00",2874,12.53,"NAN","NAN",0,0,0,993.2181,0,0,286.6,284.6,-6.511,-6.766,-6.97,-6.71
"2026-03-19 18:48:00",2875,12.53,"NAN","NAN",0,0,0,993.2181,0,0,286.5,284.6,-6.535,-6.755,-6.972,-6.699
"2026-03-19 18:49:00",2876,12.53,"NAN","NAN",0,0,0,993.2181,0,0,286.3,284.5,-6.581,-6.747,-6.991,-6.69
"2026-03-19 18:50:00",2877,12.53,"NAN","NAN",0,0,0,993.2181,0,0,286.3,284.5,-6.589,-6.741,-6.996,-6.684
"2026-03-19 18:51:00",2878,12.53,"NAN","NAN",0,0,0,993.2181,0,0,286.1,284.5,-6.621,-6.738,-7.008,-6.681
"2026-03-19 18:52:00",2879,12.53,"NAN","NAN",0,0,0,993.2181,0,0,286.5,284.5,-6.543,-6.734,-7.002,-6.675
"2026-03-19 18:53:00",2880,12.53,"NAN","NAN",0,0,0,993.2181,0,0,286.4,284.6,-6.562,-6.728,-6.989,-6.669
"2026-03-19 18:54:00",2881,12.53,"NAN","NAN",0,0,0,993.2113,0,0,286.3,284.5,-6.576,-6.723,-6.994,-6.664
"2026-03-19 18:55:00",2882,12.53,"NAN","NAN",0,0,0,993.2126,0,0,286.3,284.5,-6.578,-6.721,-7.003,-6.661
"2026-03-19 18:56:00",2883,12.53,"NAN","NAN",0,0,0,993.2137,0,0,286.4,284.4,-6.568,-6.717,-7.035,-6.657
"2026-03-19 18:57:00",2884,12.53,"NAN","NAN",0,0,0,993.2146,0,0,286.3,284.3,-6.587,-6.713,-7.055,-6.654
"2026-03-19 18:58:00",2885,12.53,"NAN","NAN",0,0,0,993.2153,0,0,286.4,284.3,-6.547,-6.71,-7.056,-6.651
"2026-03-19 18:59:00",2886,12.53,"NAN","NAN",0,0,0,993.2162,0,0,286.5,284.2,-6.536,-6.709,-7.082,-6.653
"2026-03-19 19:00:00",2887,12.53,"NAN","NAN",0,0,0,993.2166,0,0,286.6,284.2,-6.513,-6.71,-7.078,-6.657
"2026-03-19 19:01:00",2888,12.53,"NAN","NAN",0,0,0,993.2169,0,0,286.6,284.1,-6.503,-6.709,-7.095,-6.659
"2026-03-19 19:02:00",2889,12.53,"NAN","NAN",0,0,0,993.2171,0,0,286.8,284.1,-6.465,-6.708,-7.086,-6.66
"2026-03-19 19:03:00",2890,12.53,"NAN","NAN",0,0,0,993.2173,0,0,286.7,284.1,-6.497,-6.706,-7.086,-6.658
"2026-03-19 19:04:00",2891,12.53,"NAN","NAN",0,0,0,993.2174,0,0,286.6,284.2,-6.502,-6.704,-7.061,-6.656
"2026-03-19 19:05:00",2892,12.53,"NAN","NAN",0,0,0,993.2177,0,0,286.7,284.2,-6.483,-6.701,-7.068,-6.653
"2026-03-19 19:06:00",2893,12.53,"NAN","NAN",0,0,0,993.2109,0,0,286.7,284.3,-6.478,-6.698,-7.054,-6.653
"2026-03-19 19:07:00",2894,12.53,"NAN","NAN",0,0,0,993.2124,0,0,286.8,284.1,-6.455,-6.697,-7.093,-6.655
"2026-03-19 19:08:00",2895,12.53,"NAN","NAN",0,0,0,993.2068,0,0,286.8,284.3,-6.47,-6.697,-7.048,-6.657
"2026-03-19 19:09:00",2896,12.53,"NAN","NAN",0,0,0,993.209,0,0,286.8,284.3,-6.475,-6.698,-7.051,-6.658
"2026-03-19 19:10:00",2897,12.53,"NAN","NAN",0,0,0,993.2108,0,0,286.9,284.2,-6.45,-6.697,-7.071,-6.659
"2026-03-19 19:11:00",2898,12.53,"NAN","NAN",0,0,0,993.2123,0,0,286.9,284.3,-6.443,-6.696,-7.046,-6.658
"2026-03-19 19:12:00",2899,12.53,"NAN","NAN",0,0,0,993.2144,0,0,286.9,284.3,-6.441,-6.695,-7.044,-6.657
"2026-03-19 19:13:00",2900,12.53,"NAN","NAN",0,0,0,993.2151,0,0,287,284.2,-6.426,-6.693,-7.064,-6.654
"2026-03-19 19:14:00",2901,12.53,"NAN","NAN",0,0,0,993.2842,0,0,287,284.3,-6.407,-6.691,-7.054,-6.652
"2026-03-19 19:15:00",2902,12.53,"NAN","NAN",0,0,0,993.2846,0,0,287.1,284.3,-6.396,-6.687,-7.046,-6.648
"2026-03-19 19:16:00",2903,12.53,"NAN","NAN",0,0,0,993.285,0,0,287.1,284.3,-6.384,-6.683,-7.046,-6.644
"2026-03-19 19:17:00",2904,12.53,"NAN","NAN",0,0,0,993.2853,0,0,287,284.3,-6.412,-6.679,-7.053,-6.64
"2026-03-19 19:18:00",2905,12.53,"NAN","NAN",0,0,0,993.2858,0,0,286.9,284.3,-6.431,-6.675,-7.057,-6.635
"2026-03-19 19:19:00",2906,12.53,"NAN","NAN",0,0,0,993.3544,0,0,287,284.3,-6.41,-6.671,-7.036,-6.63
"2026-03-19 19:20:00",2907,12.53,"NAN","NAN",0,0,0,993.2793,0,0,287,284.3,-6.411,-6.667,-7.049,-6.625
"2026-03-19 19:21:00",2908,12.53,"NAN","NAN",0,0,0,993.274,0,0,287.1,284.3,-6.388,-6.664,-7.038,-6.624
"2026-03-19 19:22:00",2909,12.53,"NAN","NAN",0,0,0,993.2765,0,0,287.1,284.4,-6.389,-6.66,-7.03,-6.62
"2026-03-19 19:23:00",2910,12.53,"NAN","NAN",0,0,0,993.347,0,0,287.2,284.4,-6.381,-6.656,-7.024,-6.616
"2026-03-19 19:24:00",2911,12.53,"NAN","NAN",0,0,0,993.2801,0,0,287.2,284.4,-6.362,-6.651,-7.034,-6.611
"2026-03-19 19:25:00",2912,12.53,"NAN","NAN",0,0,0,993.2824,0,0,287,284.4,-6.415,-6.646,-7.034,-6.605
"2026-03-19 19:26:00",2913,12.53,"NAN","NAN",0,0,0,993.3517,0,0,287.1,284.4,-6.399,-6.641,-7.019,-6.6
"2026-03-19 19:27:00",2914,12.53,"NAN","NAN",0,0,0,993.3524,0,0,287.2,284.4,-6.378,-6.636,-7.032,-6.594
"2026-03-19 19:28:00",2915,12.53,"NAN","NAN",0,0,0,993.2844,0,0,287.2,284.4,-6.37,-6.631,-7.032,-6.588
"2026-03-19 19:29:00",2916,12.53,"NAN","NAN",0,0,0,993.3533,0,0,287.3,284.4,-6.354,-6.626,-7.036,-6.583
"2026-03-19 19:30:00",2917,12.53,"NAN","NAN",0,0,0,993.2784,0,0,287.4,284.4,-6.322,-6.622,-7.035,-6.578
"2026-03-19 19:31:00",2918,12.53,"NAN","NAN",0,0,0,993.2745,0,0,287.3,284.4,-6.341,-6.616,-7.017,-6.572
"2026-03-19 19:32:00",2919,12.53,"NAN","NAN",0,0,0,993.277,0,0,287.4,284.4,-6.318,-6.611,-7.029,-6.567
"2026-03-19 19:33:00",2920,12.53,"NAN","NAN",0,0,0,993.2789,0,0,287.4,284.4,-6.317,-6.607,-7.033,-6.562
"2026-03-19 19:34:00",2921,12.53,"NAN","NAN",0,0,0,993.2804,0,0,287.2,284.4,-6.361,-6.602,-7.024,-6.558
"2026-03-19 19:35:00",2922,12.53,"NAN","NAN",0,0,0,993.2131,0,0,287.3,284.4,-6.354,-6.598,-7.014,-6.553
"2026-03-19 19:36:00",2923,12.53,"NAN","NAN",0,0,0,993.2141,0,0,287.2,284.5,-6.362,-6.593,-7.006,-6.548
"2026-03-19 19:37:00",2924,12.53,"NAN","NAN",0,0,0,993.2834,0,0,287.3,284.5,-6.342,-6.588,-7.002,-6.543
"2026-03-19 19:38:00",2925,12.53,"NAN","NAN",0,0,0,993.2092,0,0,287.5,284.6,-6.299,-6.582,-6.976,-6.538
"2026-03-19 19:39:00",2926,12.53,"NAN","NAN",0,0,0,993.2111,0,0,287.6,284.6,-6.291,-6.576,-6.982,-6.532
"2026-03-19 19:40:00",2927,12.53,"NAN","NAN",0,0,0,993.2057,0,0,287.5,284.7,-6.296,-6.57,-6.964,-6.526
"2026-03-19 19:41:00",2928,12.53,"NAN","NAN",0,0,0,993.2081,0,0,287.5,284.7,-6.298,-6.563,-6.949,-6.519
"2026-03-19 19:42:00",2929,12.53,"NAN","NAN",0,0,0,993.2034,0,0,287.4,284.9,-6.337,-6.556,-6.902,-6.512
"2026-03-19 19:43:00",2930,12.53,"NAN","NAN",0,0,0,993.1996,0,0,287.5,285,-6.304,-6.548,-6.873,-6.504
"2026-03-19 19:44:00",2931,12.53,"NAN","NAN",0,0,0,993.1995,0,0,287.4,285.2,-6.329,-6.54,-6.849,-6.496
"2026-03-19 19:45:00",2932,12.53,"NAN","NAN",0,0,0,993.2032,0,0,287.4,285.2,-6.324,-6.531,-6.826,-6.488
"2026-03-19 19:46:00",2933,12.53,"NAN","NAN",0,0,0,993.1376,0,0,287.4,285.3,-6.334,-6.522,-6.804,-6.479
"2026-03-19 19:47:00",2934,12.53,"NAN","NAN",0,0,0,993.2018,0,0,287.3,285.4,-6.346,-6.513,-6.8,-6.47
"2026-03-19 19:48:00",2935,12.53,"NAN","NAN",0,0,0,993.0681,0,0,287.4,285.5,-6.321,-6.504,-6.761,-6.461
"2026-03-19 19:49:00",2936,12.53,"NAN","NAN",0,0,0,993.064,0,0,287.4,285.6,-6.324,-6.493,-6.741,-6.451
"2026-03-19 19:50:00",2937,12.53,"NAN","NAN",0,0,0,993.0539,0,0,287.5,285.7,-6.31,-6.483,-6.723,-6.441
"2026-03-19 19:51:00",2938,12.53,"NAN","NAN",0,0,0,993.0394,0,0,287.3,285.8,-6.348,-6.475,-6.702,-6.433
"2026-03-19 19:52:00",2939,12.53,"NAN","NAN",0,0,0,993.041,0,0,287.1,285.6,-6.399,-6.469,-6.743,-6.426
"2026-03-19 19:53:00",2940,12.53,"NAN","NAN",0,0,0,993.0423,0,0,287.2,285.7,-6.372,-6.464,-6.728,-6.421
"2026-03-19 19:54:00",2941,12.53,"NAN","NAN",0,0,0,993.0433,0,0,287.2,285.6,-6.372,-6.46,-6.749,-6.417
"2026-03-19 19:55:00",2942,12.53,"NAN","NAN",0,0,0,993.1744,0,0,287.2,285.6,-6.366,-6.456,-6.752,-6.413
"2026-03-19 19:56:00",2943,12.53,"NAN","NAN",0,0,0,993.1764,0,0,287.3,285.5,-6.355,-6.451,-6.769,-6.409
"2026-03-19 19:57:00",2944,12.53,"NAN","NAN",0,0,0,993.1779,0,0,287.2,285.5,-6.37,-6.447,-6.778,-6.407
"2026-03-19 19:58:00",2945,12.53,"NAN","NAN",0,0,0,993.1793,0,0,287.4,285.3,-6.329,-6.444,-6.826,-6.407
"2026-03-19 19:59:00",2946,12.53,"NAN","NAN",0,0,0,993.1668,0,0,287.3,285.2,-6.35,-6.443,-6.827,-6.409
"2026-03-19 20:00:00",2947,12.53,"NAN","NAN",0,0,0,993.1636,0,0,287.4,285.3,-6.324,-6.443,-6.821,-6.413
"2026-03-19 20:01:00",2948,12.53,"NAN","NAN",0,0,0,993.1744,0,0,287.3,285.2,-6.357,-6.445,-6.842,-6.418
"2026-03-19 20:02:00",2949,12.53,"NAN","NAN",0,0,0,993.1697,0,0,287.3,285.1,-6.35,-6.448,-6.849,-6.423
"2026-03-19 20:03:00",2950,12.53,"NAN","NAN",0,0,0,993.1659,0,0,287.2,285.1,-6.367,-6.454,-6.851,-6.429
"2026-03-19 20:04:00",2951,12.53,"NAN","NAN",0,0,0,993.0865,0,0,287.1,285,-6.391,-6.458,-6.877,-6.431
"2026-03-19 20:05:00",2952,12.53,"NAN","NAN",0,0,0,993.1609,0,0,287.3,285.1,-6.35,-6.459,-6.857,-6.429
"2026-03-19 20:06:00",2953,12.53,"NAN","NAN",0,0,0,993.0152,0,0,287.4,285,-6.33,-6.458,-6.894,-6.427
"2026-03-19 20:07:00",2954,12.53,"NAN","NAN",0,0,0,993.0216,0,0,287.5,285,-6.306,-6.456,-6.881,-6.424
"2026-03-19 20:08:00",2955,12.53,"NAN","NAN",0,0,0,993.0134,0,0,287.6,284.9,-6.284,-6.454,-6.899,-6.42
"2026-03-19 20:09:00",2956,12.53,"NAN","NAN",0,0,0,993.0067,0,0,287.4,284.8,-6.333,-6.453,-6.928,-6.417
"2026-03-19 20:10:00",2957,12.53,"NAN","NAN",0,0,0,993.0133,0,0,287.2,284.7,-6.374,-6.451,-6.947,-6.415
"2026-03-19 20:11:00",2958,12.53,"NAN","NAN",0,0,0,993.0201,0,0,287.1,284.6,-6.388,-6.451,-6.969,-6.414
"2026-03-19 20:12:00",2959,12.53,"NAN","NAN",0,0,0,993.0873,0,0,287.1,284.6,-6.404,-6.452,-6.971,-6.413
"2026-03-19 20:13:00",2960,12.53,"NAN","NAN",0,0,0,993.1481,0,0,286.9,284.6,-6.438,-6.454,-6.972,-6.414
"2026-03-19 20:14:00",2961,12.53,"NAN","NAN",0,0,0,993.1486,0,0,286.8,284.6,-6.46,-6.458,-6.975,-6.416
"2026-03-19 20:15:00",2962,12.53,"NAN","NAN",0,0,0,993.149,0,0,286.8,284.7,-6.472,-6.462,-6.946,-6.419
"2026-03-19 20:16:00",2963,12.53,"NAN","NAN",0,0,0,993.1426,0,0,286.9,284.8,-6.45,-6.465,-6.923,-6.42
"2026-03-19 20:17:00",2964,12.53,"NAN","NAN",0,0,0,992.9951,0,0,287,284.9,-6.428,-6.466,-6.914,-6.421
"2026-03-19 20:18:00",2965,12.53,"NAN","NAN",0,0,0,993.0673,0,0,287,284.9,-6.424,-6.467,-6.913,-6.421
"2026-03-19 20:19:00",2966,12.53,"NAN","NAN",0,0,0,992.9951,0,0,287.2,284.9,-6.366,-6.467,-6.915,-6.42
"2026-03-19 20:20:00",2967,12.53,"NAN","NAN",0,0,0,992.9921,0,0,287.3,284.9,-6.358,-6.467,-6.915,-6.419
"2026-03-19 20:21:00",2968,12.53,"NAN","NAN",0,0,0,993.0031,0,0,287.3,284.9,-6.348,-6.466,-6.915,-6.419
"2026-03-19 20:22:00",2969,12.53,"NAN","NAN",0,0,0,992.9985,0,0,287.4,284.9,-6.315,-6.466,-6.902,-6.417
"2026-03-19 20:23:00",2970,12.53,"NAN","NAN",0,0,0,992.9288,0,0,287.3,284.9,-6.349,-6.465,-6.916,-6.415
"2026-03-19 20:24:00",2971,12.53,"NAN","NAN",0,0,0,992.9321,0,0,287.3,284.8,-6.347,-6.464,-6.94,-6.414
"2026-03-19 20:25:00",2972,12.53,"NAN","NAN",0,0,0,992.8528,0,0,287.3,284.7,-6.355,-6.462,-6.946,-6.413
"2026-03-19 20:26:00",2973,12.53,"NAN","NAN",0,0,0,992.9193,0,0,287.2,284.7,-6.379,-6.461,-6.946,-6.411
"2026-03-19 20:27:00",2974,12.53,"NAN","NAN",0,0,0,992.993,0,0,287,284.6,-6.417,-6.461,-6.985,-6.41
"2026-03-19 20:28:00",2975,12.53,"NAN","NAN",0,0,0,993.059,0,0,286.9,284.6,-6.441,-6.463,-6.988,-6.412
"2026-03-19 20:29:00",2976,12.53,"NAN","NAN",0,0,0,993.0569,0,0,286.8,284.6,-6.467,-6.464,-6.968,-6.413
"2026-03-19 20:30:00",2977,12.52,"NAN","NAN",0,0,0,993.066,0,0,286.8,284.7,-6.46,-6.467,-6.957,-6.416
"2026-03-19 20:31:00",2978,12.52,"NAN","NAN",0,0,0,993.0008,0,0,286.8,284.8,-6.454,-6.47,-6.94,-6.418
"2026-03-19 20:32:00",2979,12.53,"NAN","NAN",0,0,0,992.9899,0,0,286.9,284.9,-6.431,-6.471,-6.914,-6.419
"2026-03-19 20:33:00",2980,12.53,"NAN","NAN",0,0,0,993.0632,0,0,286.9,285,-6.434,-6.472,-6.89,-6.419
"2026-03-19 20:34:00",2981,12.53,"NAN","NAN",0,0,0,993.1355,0,0,287,285.1,-6.421,-6.473,-6.87,-6.419
"2026-03-19 20:35:00",2982,12.53,"NAN","NAN",0,0,0,993.1318,0,0,287.1,285.1,-6.389,-6.472,-6.862,-6.419
"2026-03-19 20:36:00",2983,12.53,"NAN","NAN",0,0,0,993.1332,0,0,287.1,285.2,-6.4,-6.471,-6.843,-6.418
"2026-03-19 20:37:00",2984,12.53,"NAN","NAN",0,0,0,993.0548,0,0,287,285.3,-6.415,-6.47,-6.821,-6.417
"2026-03-19 20:38:00",2985,12.53,"NAN","NAN",0,0,0,993.0535,0,0,287.2,285.3,-6.363,-6.469,-6.823,-6.415
"2026-03-19 20:39:00",2986,12.53,"NAN","NAN",0,0,0,993.0458,0,0,287.1,285.4,-6.401,-6.467,-6.788,-6.413
"2026-03-19 20:40:00",2987,12.53,"NAN","NAN",0,0,0,992.9779,0,0,287.2,285.6,-6.382,-6.465,-6.745,-6.41
"2026-03-19 20:41:00",2988,12.53,"NAN","NAN",0,0,0,992.9716,0,0,287.3,285.7,-6.34,-6.461,-6.711,-6.406
"2026-03-19 20:42:00",2989,12.53,"NAN","NAN",0,0,0,992.9733,0,0,287.4,285.9,-6.324,-6.455,-6.685,-6.4
"2026-03-19 20:43:00",2990,12.52,"NAN","NAN",0,0,0,992.969,0,0,287.6,286,-6.268,-6.448,-6.66,-6.393
"2026-03-19 20:44:00",2991,12.52,"NAN","NAN",0,0,0,992.9713,0,0,287.6,286.1,-6.281,-6.441,-6.623,-6.385
"2026-03-19 20:45:00",2992,12.52,"NAN","NAN",0,0,0,992.9663,0,0,287.8,286.3,-6.24,-6.433,-6.589,-6.377
"2026-03-19 20:46:00",2993,12.52,"NAN","NAN",0,0,0,992.9623,0,0,287.8,286.3,-6.233,-6.425,-6.592,-6.368
"2026-03-19 20:47:00",2994,12.52,"NAN","NAN",0,0,0,992.9658,0,0,287.9,286.4,-6.214,-6.416,-6.559,-6.36
"2026-03-19 20:48:00",2995,12.52,"NAN","NAN",0,0,0,992.962,0,0,288.1,286.3,-6.156,-6.406,-6.575,-6.351
"2026-03-19 20:49:00",2996,12.52,"NAN","NAN",0,0,0,992.9564,0,0,288.2,286.4,-6.137,-6.396,-6.555,-6.341
"2026-03-19 20:50:00",2997,12.52,"NAN","NAN",0,0,0,992.9611,0,0,288.2,286.4,-6.128,-6.386,-6.563,-6.332
"2026-03-19 20:51:00",2998,12.52,"NAN","NAN",0,0,0,993.0334,0,0,288.2,286.3,-6.135,-6.376,-6.577,-6.323
"2026-03-19 20:52:00",2999,12.52,"NAN","NAN",0,0,0,993.0981,0,0,288.2,286.4,-6.131,-6.367,-6.55,-6.314
"2026-03-19 20:53:00",3000,12.52,"NAN","NAN",0,0,0,993.0267,0,0,288.3,286.4,-6.124,-6.357,-6.547,-6.304
"2026-03-19 20:54:00",3001,12.52,"NAN","NAN",0,0,0,993.0244,0,0,288.3,286.4,-6.116,-6.348,-6.558,-6.294
"2026-03-19 20:55:00",3002,12.52,"NAN","NAN",0,0,0,993.0225,0,0,288.4,286.4,-6.097,-6.339,-6.554,-6.285
"2026-03-19 20:56:00",3003,12.52,"NAN","NAN",0,0,0,993.0198,0,0,288.3,286.4,-6.114,-6.33,-6.568,-6.277
"2026-03-19 20:57:00",3004,12.52,"NAN","NAN",0,0,0,992.9503,0,0,288.2,286.4,-6.139,-6.323,-6.548,-6.269
"2026-03-19 20:58:00",3005,12.53,"NAN","NAN",0,0,0,993.0247,0,0,288.2,286.4,-6.129,-6.316,-6.561,-6.262
"2026-03-19 20:59:00",3006,12.53,"NAN","NAN",0,0,0,992.9611,0,0,288.2,286.4,-6.139,-6.308,-6.547,-6.255
"2026-03-19 21:00:00",3007,12.52,"NAN","NAN",0,0,0,992.9581,0,0,288.3,286.6,-6.106,-6.301,-6.519,-6.248
"2026-03-19 21:01:00",3008,12.52,"NAN","NAN",0,0,0,992.9625,0,0,288.4,286.5,-6.089,-6.293,-6.539,-6.24
"2026-03-19 21:02:00",3009,12.52,"NAN","NAN",0,0,0,992.9689,0,0,288.6,286.6,-6.059,-6.285,-6.515,-6.232
"2026-03-19 21:03:00",3010,12.52,"NAN","NAN",0,0,0,992.9644,0,0,288.6,286.5,-6.036,-6.277,-6.533,-6.224
"2026-03-19 21:04:00",3011,12.52,"NAN","NAN",0,0,0,992.9608,0,0,288.6,286.5,-6.044,-6.269,-6.523,-6.216
"2026-03-19 21:05:00",3012,12.52,"NAN","NAN",0,0,0,993.0331,0,0,288.6,286.5,-6.049,-6.26,-6.542,-6.208
"2026-03-19 21:06:00",3013,12.52,"NAN","NAN",0,0,0,993.098,0,0,288.6,286.6,-6.058,-6.252,-6.512,-6.2
"2026-03-19 21:07:00",3014,12.52,"NAN","NAN",0,0,0,993.0266,0,0,288.6,286.6,-6.048,-6.244,-6.522,-6.191
"2026-03-19 21:08:00",3015,12.52,"NAN","NAN",0,0,0,993.0242,0,0,288.7,286.8,-6.03,-6.235,-6.467,-6.183
"2026-03-19 21:09:00",3016,12.52,"NAN","NAN",0,0,0,992.9524,0,0,288.7,286.8,-6.02,-6.226,-6.463,-6.174
"2026-03-19 21:10:00",3017,12.52,"NAN","NAN",0,0,0,992.9512,0,0,288.8,286.8,-6.004,-6.217,-6.456,-6.165
"2026-03-19 21:11:00",3018,12.52,"NAN","NAN",0,0,0,992.9502,0,0,288.9,286.8,-5.981,-6.207,-6.466,-6.156
"2026-03-19 21:12:00",3019,12.52,"NAN","NAN",0,0,0,993.0247,0,0,288.9,286.9,-5.98,-6.198,-6.435,-6.147
"2026-03-19 21:13:00",3020,12.52,"NAN","NAN",0,0,0,993.0227,0,0,288.8,287,-6.009,-6.188,-6.417,-6.137
"2026-03-19 21:14:00",3021,12.52,"NAN","NAN",0,0,0,993.0211,0,0,288.9,287.1,-5.975,-6.177,-6.404,-6.127
"2026-03-19 21:15:00",3022,12.52,"NAN","NAN",0,0,0,992.9504,0,0,288.9,287.2,-5.984,-6.166,-6.375,-6.116
"2026-03-19 21:16:00",3023,12.52,"NAN","NAN",0,0,0,992.9564,0,0,289,287.2,-5.96,-6.155,-6.371,-6.105
"2026-03-19 21:17:00",3024,12.52,"NAN","NAN",0,0,0,992.9543,0,0,289,287.3,-5.944,-6.143,-6.356,-6.094
"2026-03-19 21:18:00",3025,12.52,"NAN","NAN",0,0,0,992.9528,0,0,289,287.3,-5.959,-6.131,-6.344,-6.082
"2026-03-19 21:19:00",3026,12.52,"NAN","NAN",0,0,0,992.9515,0,0,288.9,287.5,-5.978,-6.118,-6.302,-6.07
"2026-03-19 21:20:00",3027,12.52,"NAN","NAN",0,0,0,992.8135,0,0,289.2,287.6,-5.915,-6.105,-6.27,-6.057
"2026-03-19 21:21:00",3028,12.52,"NAN","NAN",0,0,0,992.8812,0,0,289.1,287.6,-5.936,-6.092,-6.276,-6.045
"2026-03-19 21:22:00",3029,12.52,"NAN","NAN",0,0,0,992.8115,0,0,289.1,287.6,-5.941,-6.079,-6.273,-6.032
"2026-03-19 21:23:00",3030,12.52,"NAN","NAN",0,0,0,992.9481,0,0,289.1,287.7,-5.94,-6.066,-6.265,-6.019
"2026-03-19 21:24:00",3031,12.52,"NAN","NAN",0,0,0,992.9478,0,0,289.1,287.8,-5.934,-6.053,-6.242,-6.006
"2026-03-19 21:25:00",3032,12.52,"NAN","NAN",0,0,0,992.9475,0,0,289.2,287.7,-5.914,-6.04,-6.259,-5.994
"2026-03-19 21:26:00",3033,12.52,"NAN","NAN",0,0,0,992.8788,0,0,289.2,287.7,-5.914,-6.027,-6.256,-5.982
"2026-03-19 21:27:00",3034,12.52,"NAN","NAN",0,0,0,992.9471,0,0,289.3,287.7,-5.887,-6.015,-6.253,-5.97
"2026-03-19 21:28:00",3035,12.52,"NAN","NAN",0,0,0,992.8099,0,0,289.2,287.8,-5.912,-6.002,-6.231,-5.958
"2026-03-19 21:29:00",3036,12.52,"NAN","NAN",0,0,0,992.8098,0,0,289.2,287.8,-5.912,-5.99,-6.243,-5.946
"2026-03-19 21:30:00",3037,12.52,"NAN","NAN",0,0,0,992.8782,0,0,289.2,287.7,-5.904,-5.979,-6.257,-5.935
"2026-03-19 21:31:00",3038,12.52,"NAN","NAN",0,0,0,992.8097,0,0,289.2,287.6,-5.902,-5.968,-6.283,-5.924
"2026-03-19 21:32:00",3039,12.52,"NAN","NAN",0,0,0,992.8096,0,0,289.3,287.7,-5.896,-5.957,-6.266,-5.913
"2026-03-19 21:33:00",3040,12.52,"NAN","NAN",0,0,0,992.8096,0,0,289.3,287.6,-5.888,-5.947,-6.287,-5.903
"2026-03-19 21:34:00",3041,12.52,"NAN","NAN",0,0,0,992.8096,0,0,289.3,287.4,-5.885,-5.937,-6.315,-5.893
"2026-03-19 21:35:00",3042,12.52,"NAN","NAN",0,0,0,992.8096,0,0,289.2,287.4,-5.899,-5.927,-6.326,-5.884
"2026-03-19 21:36:00",3043,12.52,"NAN","NAN",0,0,0,992.8096,0,0,289,287.3,-5.949,-5.919,-6.34,-5.876
"2026-03-19 21:37:00",3044,12.52,"NAN","NAN",0,0,0,992.8096,0,0,288.8,287.2,-5.99,-5.912,-6.376,-5.869
"2026-03-19 21:38:00",3045,12.52,"NAN","NAN",0,0,0,992.8096,0,0,288.9,286.9,-5.982,-5.906,-6.434,-5.864
"2026-03-19 21:39:00",3046,12.52,"NAN","NAN",0,0,0,992.8096,0,0,288.8,286.9,-6.011,-5.901,-6.431,-5.861
"2026-03-19 21:40:00",3047,12.52,"NAN","NAN",0,0,0,992.8096,0,0,288.8,286.8,-5.992,-5.898,-6.46,-5.858
"2026-03-19 21:41:00",3048,12.52,"NAN","NAN",0,0,0,992.8096,0,0,288.8,286.8,-5.992,-5.896,-6.456,-5.855
"2026-03-19 21:42:00",3049,12.52,"NAN","NAN",0,0,0,992.8096,0,0,288.9,286.9,-5.986,-5.893,-6.443,-5.853
"2026-03-19 21:43:00",3050,12.52,"NAN","NAN",0,0,0,992.8096,0,0,288.8,286.9,-5.994,-5.893,-6.451,-5.854
"2026-03-19 21:44:00",3051,12.52,"NAN","NAN",0,0,0,992.8096,0,0,288.7,286.7,-6.028,-5.894,-6.486,-5.856
"2026-03-19 21:45:00",3052,12.52,"NAN","NAN",0,0,0,992.8096,0,0,288.7,286.7,-6.029,-5.896,-6.488,-5.858
"2026-03-19 21:46:00",3053,12.52,"NAN","NAN",0,0,0,992.8096,0,0,288.7,286.6,-6.025,-5.897,-6.515,-5.86
"2026-03-19 21:47:00",3054,12.52,"NAN","NAN",0,0,0,992.8096,0,0,288.7,286.5,-6.031,-5.899,-6.524,-5.862
"2026-03-19 21:48:00",3055,12.52,"NAN","NAN",0,0,0,992.8096,0,0,288.8,286.4,-5.999,-5.901,-6.569,-5.865
"2026-03-19 21:49:00",3056,12.52,"NAN","NAN",0,0,0,992.8096,0,0,288.8,286.5,-6.009,-5.902,-6.535,-5.868
"2026-03-19 21:50:00",3057,12.52,"NAN","NAN",0,0,0,992.8096,0,0,288.8,286.4,-6.012,-5.904,-6.548,-5.874
"2026-03-19 21:51:00",3058,12.52,"NAN","NAN",0,0,0,992.8096,0,0,288.6,286.5,-6.053,-5.907,-6.541,-5.881
"2026-03-19 21:52:00",3059,12.52,"NAN","NAN",0,0,0,992.8096,0,0,288.6,286.5,-6.055,-5.913,-6.539,-5.891
"2026-03-19 21:53:00",3060,12.52,"NAN","NAN",0,0,0,992.7411,0,0,288.5,286.1,-6.071,-5.921,-6.625,-5.905
"2026-03-19 21:54:00",3061,12.52,"NAN","NAN",0,0,0,992.8096,0,0,288.3,286.2,-6.109,-5.932,-6.615,-5.924
"2026-03-19 21:55:00",3062,12.52,"NAN","NAN",0,0,0,992.7411,0,0,288.3,286,-6.111,-5.945,-6.644,-5.945
"2026-03-19 21:56:00",3063,12.52,"NAN","NAN",0,0,0,992.6726,0,0,288.4,286,-6.105,-5.956,-6.655,-5.959
"2026-03-19 21:57:00",3064,12.52,"NAN","NAN",0,0,0,992.6726,0,0,288.3,286,-6.12,-5.965,-6.656,-5.969
"2026-03-19 21:58:00",3065,12.52,"NAN","NAN",0,0,0,992.6726,0,0,288.2,285.7,-6.131,-5.975,-6.718,-5.981
"2026-03-19 21:59:00",3066,12.52,"NAN","NAN",0,0,0,992.6726,0,0,288.2,285.8,-6.144,-5.985,-6.706,-5.993
"2026-03-19 22:00:00",3067,12.52,"NAN","NAN",0,0,0,992.6726,0,0,288.1,285.7,-6.158,-5.995,-6.727,-6.004
"2026-03-19 22:01:00",3068,12.52,"NAN","NAN",0,0,0,992.6726,0,0,288.2,285.6,-6.144,-6.003,-6.738,-6.014
"2026-03-19 22:02:00",3069,12.52,"NAN","NAN",0,0,0,992.6726,0,0,288.2,285.7,-6.142,-6.011,-6.72,-6.023
"2026-03-19 22:03:00",3070,12.52,"NAN","NAN",0,0,0,992.6726,0,0,288.3,285.6,-6.117,-6.02,-6.749,-6.033
"2026-03-19 22:04:00",3071,12.52,"NAN","NAN",0,0,0,992.6726,0,0,288.2,285.6,-6.146,-6.028,-6.739,-6.042
"2026-03-19 22:05:00",3072,12.52,"NAN","NAN",0,0,0,992.6726,0,0,288.2,285.7,-6.138,-6.036,-6.732,-6.051
"2026-03-19 22:06:00",3073,12.52,"NAN","NAN",0,0,0,992.6726,0,0,288.3,285.7,-6.109,-6.042,-6.715,-6.058
"2026-03-19 22:07:00",3074,12.52,"NAN","NAN",0,0,0,992.6726,0,0,288.4,285.7,-6.094,-6.049,-6.716,-6.066
"2026-03-19 22:08:00",3075,12.52,"NAN","NAN",0,0,0,992.6726,0,0,288.4,285.6,-6.087,-6.055,-6.739,-6.074
"2026-03-19 22:09:00",3076,12.52,"NAN","NAN",0,0,0,992.6041,0,0,288.4,285.7,-6.101,-6.063,-6.731,-6.081
"2026-03-19 22:10:00",3077,12.52,"NAN","NAN",0,0,0,992.5356,0,0,288.4,285.6,-6.094,-6.071,-6.736,-6.088
"2026-03-19 22:11:00",3078,12.52,"NAN","NAN",0,0,0,992.5356,0,0,288.6,285.7,-6.051,-6.077,-6.715,-6.093
"2026-03-19 22:12:00",3079,12.52,"NAN","NAN",0,0,0,992.5356,0,0,288.6,285.8,-6.055,-6.081,-6.693,-6.095
"2026-03-19 22:13:00",3080,12.52,"NAN","NAN",0,0,0,992.5356,0,0,288.5,285.7,-6.067,-6.084,-6.712,-6.095
"2026-03-19 22:14:00",3081,12.52,"NAN","NAN",0,0,0,992.5356,0,0,288.5,285.7,-6.062,-6.087,-6.72,-6.093
"2026-03-19 22:15:00",3082,12.52,"NAN","NAN",0,0,0,992.5356,0,0,288.3,285.7,-6.121,-6.088,-6.73,-6.092
"2026-03-19 22:16:00",3083,12.52,"NAN","NAN",0,0,0,992.5356,0,0,288.2,285.5,-6.133,-6.09,-6.775,-6.091
"2026-03-19 22:17:00",3084,12.52,"NAN","NAN",0,0,0,992.5356,0,0,288.2,285.5,-6.143,-6.091,-6.779,-6.09
"2026-03-19 22:18:00",3085,12.52,"NAN","NAN",0,0,0,992.5356,0,0,288.1,285.3,-6.156,-6.092,-6.824,-6.089
"2026-03-19 22:19:00",3086,12.52,"NAN","NAN",0,0,0,992.5356,0,0,288.1,285.1,-6.16,-6.094,-6.868,-6.089
"2026-03-19 22:20:00",3087,12.52,"NAN","NAN",0,0,0,992.5356,0,0,288,285,-6.18,-6.096,-6.877,-6.09
"2026-03-19 22:21:00",3088,12.52,"NAN","NAN",0,0,0,992.5356,0,0,287.7,284.9,-6.254,-6.101,-6.902,-6.093
"2026-03-19 22:22:00",3089,12.52,"NAN","NAN",0,0,0,992.5356,0,0,287.7,284.8,-6.256,-6.106,-6.925,-6.096
"2026-03-19 22:23:00",3090,12.52,"NAN","NAN",0,0,0,992.5356,0,0,287.7,284.7,-6.26,-6.111,-6.951,-6.1
"2026-03-19 22:24:00",3091,12.52,"NAN","NAN",0,0,0,992.3987,0,0,287.7,284.6,-6.264,-6.116,-6.972,-6.102
"2026-03-19 22:25:00",3092,12.52,"NAN","NAN",0,0,0,992.3987,0,0,287.7,284.6,-6.266,-6.122,-6.982,-6.106
"2026-03-19 22:26:00",3093,12.52,"NAN","NAN",0,0,0,992.3987,0,0,287.7,284.5,-6.266,-6.13,-7.007,-6.111
"2026-03-19 22:27:00",3094,12.52,"NAN","NAN",0,0,0,992.3987,0,0,287.4,284.4,-6.332,-6.138,-7.036,-6.118
"2026-03-19 22:28:00",3095,12.52,"NAN","NAN",0,0,0,992.3987,0,0,287.3,284.2,-6.356,-6.154,-7.08,-6.131
"2026-03-19 22:29:00",3096,12.52,"NAN","NAN",0,0,0,992.3987,0,0,287.5,284.1,-6.31,-6.167,-7.105,-6.14
"2026-03-19 22:30:00",3097,12.52,"NAN","NAN",0,0,0,992.3987,0,0,287.4,284.2,-6.323,-6.177,-7.07,-6.148
"2026-03-19 22:31:00",3098,12.52,"NAN","NAN",0,0,0,992.3987,0,0,287.5,284.3,-6.293,-6.189,-7.042,-6.156
"2026-03-19 22:32:00",3099,12.52,"NAN","NAN",0,0,0,992.3987,0,0,287.6,284.4,-6.287,-6.198,-7.033,-6.164
"2026-03-19 22:33:00",3100,12.52,"NAN","NAN",0,0,0,992.3987,0,0,287.6,284.4,-6.273,-6.207,-7.034,-6.171
"2026-03-19 22:34:00",3101,12.52,"NAN","NAN",0,0,0,992.3987,0,0,287.6,284.4,-6.272,-6.216,-7.023,-6.178
"2026-03-19 22:35:00",3102,12.52,"NAN","NAN",0,0,0,992.5356,0,0,287.6,284.5,-6.273,-6.225,-6.993,-6.187
"2026-03-19 22:36:00",3103,12.52,"NAN","NAN",0,0,0,992.5356,0,0,287.5,284.5,-6.301,-6.238,-6.993,-6.198
"2026-03-19 22:37:00",3104,12.52,"NAN","NAN",0,0,0,992.4672,0,0,287.5,284.5,-6.301,-6.253,-6.998,-6.214
"2026-03-19 22:38:00",3105,12.52,"NAN","NAN",0,0,0,992.5356,0,0,287.6,284.6,-6.288,-6.271,-6.979,-6.235
"2026-03-19 22:39:00",3106,12.52,"NAN","NAN",0,0,0,992.3987,0,0,287.5,284.6,-6.297,-6.292,-6.973,-6.257
"2026-03-19 22:40:00",3107,12.52,"NAN","NAN",0,0,0,992.3987,0,0,287.5,284.7,-6.31,-6.311,-6.96,-6.276
"2026-03-19 22:41:00",3108,12.52,"NAN","NAN",0,0,0,992.3987,0,0,287.3,284.9,-6.338,-6.329,-6.911,-6.291
"2026-03-19 22:42:00",3109,12.52,"NAN","NAN",0,0,0,992.3987,0,0,287.5,284.9,-6.312,-6.342,-6.904,-6.301
"2026-03-19 22:43:00",3110,12.52,"NAN","NAN",0,0,0,992.3987,0,0,287.5,285,-6.31,-6.355,-6.886,-6.311
"2026-03-19 22:44:00",3111,12.52,"NAN","NAN",0,0,0,992.3987,0,0,287.4,285,-6.321,-6.366,-6.889,-6.318
"2026-03-19 22:45:00",3112,12.52,"NAN","NAN",0,0,0,992.3987,0,0,287.3,285.1,-6.337,-6.375,-6.869,-6.324
"2026-03-19 22:46:00",3113,12.52,"NAN","NAN",0,0,0,992.3987,0,0,287.4,285.1,-6.317,-6.383,-6.858,-6.328
"2026-03-19 22:47:00",3114,12.52,"NAN","NAN",0,0,0,992.3987,0,0,287.4,285.1,-6.326,-6.389,-6.869,-6.333
"2026-03-19 22:48:00",3115,12.52,"NAN","NAN",0,0,0,992.3302,0,0,287.5,285,-6.3,-6.395,-6.878,-6.339
"2026-03-19 22:49:00",3116,12.52,"NAN","NAN",0,0,0,992.2617,0,0,287.6,285.2,-6.277,-6.4,-6.836,-6.343
"2026-03-19 22:50:00",3117,12.52,"NAN","NAN",0,0,0,992.2617,0,0,287.6,285.3,-6.273,-6.401,-6.823,-6.343
"2026-03-19 22:51:00",3118,12.52,"NAN","NAN",0,0,0,992.2617,0,0,287.5,285.1,-6.303,-6.401,-6.865,-6.343
"2026-03-19 22:52:00",3119,12.52,"NAN","NAN",0,0,0,992.2617,0,0,287.4,285.1,-6.314,-6.405,-6.871,-6.347
"2026-03-19 22:53:00",3120,12.52,"NAN","NAN",0,0,0,992.2617,0,0,287.4,285.2,-6.316,-6.409,-6.846,-6.351
"2026-03-19 22:54:00",3121,12.52,"NAN","NAN",0,0,0,992.2617,0,0,287.4,284.9,-6.331,-6.413,-6.916,-6.354
"2026-03-19 22:55:00",3122,12.52,"NAN","NAN",0,0,0,992.2617,0,0,287.4,284.9,-6.324,-6.42,-6.905,-6.361
"2026-03-19 22:56:00",3123,12.52,"NAN","NAN",0,0,0,992.2617,0,0,287.4,284.9,-6.329,-6.424,-6.907,-6.363
"2026-03-19 22:57:00",3124,12.52,"NAN","NAN",0,0,0,992.2617,0,0,287.2,284.8,-6.368,-6.429,-6.921,-6.366
"2026-03-19 22:58:00",3125,12.52,"NAN","NAN",0,0,0,992.3302,0,0,287.3,284.7,-6.356,-6.436,-6.955,-6.373
"2026-03-19 22:59:00",3126,12.52,"NAN","NAN",0,0,0,992.2617,0,0,287.2,284.6,-6.365,-6.444,-6.975,-6.384
"2026-03-19 23:00:00",3127,12.52,"NAN","NAN",0,0,0,992.3302,0,0,287.3,284.6,-6.358,-6.452,-6.988,-6.394
"2026-03-19 23:01:00",3128,12.52,"NAN","NAN",0,0,0,992.2617,0,0,287.1,284.5,-6.392,-6.459,-6.995,-6.401
"2026-03-19 23:02:00",3129,12.52,"NAN","NAN",0,0,0,992.2617,0,0,287.1,284.5,-6.397,-6.465,-7.003,-6.404
"2026-03-19 23:03:00",3130,12.52,"NAN","NAN",0,0,0,992.2617,0,0,287,284.3,-6.412,-6.471,-7.051,-6.409
"2026-03-19 23:04:00",3131,12.52,"NAN","NAN",0,0,0,992.2617,0,0,287,284.2,-6.407,-6.479,-7.07,-6.42
"2026-03-19 23:05:00",3132,12.52,"NAN","NAN",0,0,0,992.2617,0,0,287,284.1,-6.414,-6.487,-7.091,-6.428
"2026-03-19 23:06:00",3133,12.52,"NAN","NAN",0,0,0,992.3302,0,0,287,284.2,-6.409,-6.495,-7.073,-6.435
"2026-03-19 23:07:00",3134,12.52,"NAN","NAN",0,0,0,992.2617,0,0,287.2,284.2,-6.371,-6.5,-7.07,-6.441
"2026-03-19 23:08:00",3135,12.52,"NAN","NAN",0,0,0,992.3302,0,0,287.3,284.3,-6.345,-6.504,-7.055,-6.446
"2026-03-19 23:09:00",3136,12.52,"NAN","NAN",0,0,0,992.2617,0,0,287.4,284.3,-6.323,-6.506,-7.046,-6.449
"2026-03-19 23:10:00",3137,12.52,"NAN","NAN",0,0,0,992.3302,0,0,287.5,284.4,-6.294,-6.506,-7.032,-6.45
"2026-03-19 23:11:00",3138,12.52,"NAN","NAN",0,0,0,992.2617,0,0,287.5,284.4,-6.304,-6.504,-7.035,-6.45
"2026-03-19 23:12:00",3139,12.52,"NAN","NAN",0,0,0,992.3302,0,0,287.6,284.4,-6.281,-6.502,-7.031,-6.449
"2026-03-19 23:13:00",3140,12.52,"NAN","NAN",0,0,0,992.2617,0,0,287.7,284.4,-6.257,-6.499,-7.013,-6.447
"2026-03-19 23:14:00",3141,12.52,"NAN","NAN",0,0,0,992.2617,0,0,287.9,284.5,-6.221,-6.495,-6.997,-6.443
"2026-03-19 23:15:00",3142,12.52,"NAN","NAN",0,0,0,992.2617,0,0,287.8,284.6,-6.234,-6.489,-6.984,-6.438
"2026-03-19 23:16:00",3143,12.52,"NAN","NAN",0,0,0,992.2617,0,0,287.7,284.5,-6.252,-6.484,-7.003,-6.432
"2026-03-19 23:17:00",3144,12.52,"NAN","NAN",0,0,0,992.2617,0,0,287.8,284.6,-6.232,-6.478,-6.98,-6.427
"2026-03-19 23:18:00",3145,12.52,"NAN","NAN",0,0,0,992.2617,0,0,287.9,284.6,-6.209,-6.472,-6.982,-6.422
"2026-03-19 23:19:00",3146,12.52,"NAN","NAN",0,0,0,992.2617,0,0,287.8,284.6,-6.228,-6.465,-6.972,-6.416
"2026-03-19 23:20:00",3147,12.52,"NAN","NAN",0,0,0,992.2617,0,0,287.9,284.6,-6.213,-6.459,-6.975,-6.409
"2026-03-19 23:21:00",3148,12.52,"NAN","NAN",0,0,0,992.2617,0,0,288,284.6,-6.193,-6.453,-6.969,-6.403
"2026-03-19 23:22:00",3149,12.52,"NAN","NAN",0,0,0,992.2617,0,0,288,284.5,-6.185,-6.446,-6.996,-6.396
"2026-03-19 23:23:00",3150,12.52,"NAN","NAN",0,0,0,992.2617,0,0,287.8,284.6,-6.228,-6.44,-6.979,-6.39
"2026-03-19 23:24:00",3151,12.52,"NAN","NAN",0,0,0,992.2617,0,0,287.9,284.7,-6.21,-6.434,-6.963,-6.384
"2026-03-19 23:25:00",3152,12.52,"NAN","NAN",0,0,0,992.2617,0,0,287.9,284.7,-6.209,-6.429,-6.962,-6.379
"2026-03-19 23:26:00",3153,12.52,"NAN","NAN",0,0,0,992.2617,0,0,288,284.7,-6.195,-6.423,-6.944,-6.373
"2026-03-19 23:27:00",3154,12.52,"NAN","NAN",0,0,0,992.2617,0,0,288.1,284.9,-6.168,-6.417,-6.904,-6.368
"2026-03-19 23:28:00",3155,12.52,"NAN","NAN",0,0,0,992.2617,0,0,288.1,285,-6.162,-6.412,-6.884,-6.363
"2026-03-19 23:29:00",3156,12.52,"NAN","NAN",0,0,0,992.1932,0,0,288.2,285,-6.135,-6.406,-6.888,-6.357
"2026-03-19 23:30:00",3157,12.52,"NAN","NAN",0,0,0,992.1932,0,0,288.1,285.1,-6.165,-6.4,-6.87,-6.352
"2026-03-19 23:31:00",3158,12.52,"NAN","NAN",0,0,0,992.1932,0,0,288.2,285.2,-6.138,-6.394,-6.839,-6.345
"2026-03-19 23:32:00",3159,12.52,"NAN","NAN",0,0,0,992.1985,0,0,288.2,285.2,-6.13,-6.388,-6.83,-6.339
"2026-03-19 23:33:00",3160,12.52,"NAN","NAN",0,0,0,992.1974,0,0,288.2,285.4,-6.138,-6.381,-6.78,-6.332
"2026-03-19 23:34:00",3161,12.52,"NAN","NAN",0,0,0,992.1281,0,0,288.3,285.5,-6.117,-6.375,-6.767,-6.325
"2026-03-19 23:35:00",3162,12.52,"NAN","NAN",0,0,0,992.1959,0,0,288.3,285.7,-6.124,-6.368,-6.728,-6.318
"2026-03-19 23:36:00",3163,12.52,"NAN","NAN",0,0,0,992.1269,0,0,288.4,285.8,-6.09,-6.361,-6.706,-6.311
"2026-03-19 23:37:00",3164,12.52,"NAN","NAN",0,0,0,992.1265,0,0,288.3,285.7,-6.112,-6.354,-6.716,-6.304
"2026-03-19 23:38:00",3165,12.52,"NAN","NAN",0,0,0,992.1258,0,0,288.3,285.8,-6.115,-6.348,-6.694,-6.297
"2026-03-19 23:39:00",3166,12.52,"NAN","NAN",0,0,0,992.1256,0,0,288.3,285.8,-6.11,-6.341,-6.688,-6.291
"2026-03-19 23:40:00",3167,12.52,"NAN","NAN",0,0,0,992.1254,0,0,288.3,285.9,-6.119,-6.335,-6.673,-6.284
"2026-03-19 23:41:00",3168,12.52,"NAN","NAN",0,0,0,992.1252,0,0,288.4,285.9,-6.104,-6.328,-6.666,-6.278
"2026-03-19 23:42:00",3169,12.52,"NAN","NAN",0,0,0,992.1251,0,0,288.4,286,-6.09,-6.322,-6.642,-6.271
"2026-03-19 23:43:00",3170,12.52,"NAN","NAN",0,0,0,992.125,0,0,288.3,285.9,-6.107,-6.316,-6.671,-6.265
"2026-03-19 23:44:00",3171,12.52,"NAN","NAN",0,0,0,992.1249,0,0,288.4,286,-6.094,-6.31,-6.654,-6.26
"2026-03-19 23:45:00",3172,12.52,"NAN","NAN",0,0,0,992.1249,0,0,288.5,286.1,-6.079,-6.305,-6.624,-6.255
"2026-03-19 23:46:00",3173,12.52,"NAN","NAN",0,0,0,992.1248,0,0,288.4,286.1,-6.088,-6.3,-6.623,-6.25
"2026-03-19 23:47:00",3174,12.52,"NAN","NAN",0,0,0,992.0563,0,0,288.3,286.1,-6.106,-6.295,-6.632,-6.245
"2026-03-19 23:48:00",3175,12.52,"NAN","NAN",0,0,0,992.0563,0,0,288.3,286.1,-6.125,-6.291,-6.636,-6.241
"2026-03-19 23:49:00",3176,12.52,"NAN","NAN",0,0,0,992.0563,0,0,288.3,286.1,-6.114,-6.286,-6.626,-6.237
"2026-03-19 23:50:00",3177,12.52,"NAN","NAN",0,0,0,991.9878,0,0,288.3,286.1,-6.112,-6.282,-6.624,-6.233
"2026-03-19 23:51:00",3178,12.52,"NAN","NAN",0,0,0,991.993,0,0,288.4,286.2,-6.1,-6.278,-6.61,-6.229
"2026-03-19 23:52:00",3179,12.52,"NAN","NAN",0,0,0,991.992,0,0,288.5,286.3,-6.072,-6.273,-6.58,-6.224
"2026-03-19 23:53:00",3180,12.52,"NAN","NAN",0,0,0,991.9911,0,0,288.5,286.3,-6.066,-6.267,-6.576,-6.219
"2026-03-19 23:54:00",3181,12.52,"NAN","NAN",0,0,0,991.9905,0,0,288.6,286.4,-6.051,-6.26,-6.565,-6.212
"2026-03-19 23:55:00",3182,12.52,"NAN","NAN",0,0,0,991.9899,0,0,288.6,286.5,-6.048,-6.253,-6.536,-6.205
"2026-03-19 23:56:00",3183,12.52,"NAN","NAN",0,0,0,991.9895,0,0,288.6,286.6,-6.036,-6.245,-6.512,-6.198
"2026-03-19 23:57:00",3184,12.52,"NAN","NAN",0,0,0,991.9891,0,0,288.7,286.6,-6.032,-6.238,-6.509,-6.191
"2026-03-19 23:58:00",3185,12.52,"NAN","NAN",0,0,0,991.9886,0,0,288.7,286.7,-6.015,-6.231,-6.496,-6.184
"2026-03-19 23:59:00",3186,12.52,"NAN","NAN",0,0,0,991.9199,0,0,288.7,286.6,-6.018,-6.223,-6.506,-6.177
"2026-03-20 00:00:00",3187,12.52,"NAN","NAN",0,0,0,991.8513,0,0,288.7,286.7,-6.019,-6.216,-6.496,-6.17
"2026-03-20 00:01:00",3188,12.52,"NAN","NAN",0,0,0,991.8512,0,0,288.7,286.7,-6.022,-6.209,-6.479,-6.163
"2026-03-20 00:02:00",3189,12.52,"NAN","NAN",0,0,0,991.8511,0,0,288.7,286.8,-6.018,-6.202,-6.467,-6.157
"2026-03-20 00:03:00",3190,12.52,"NAN","NAN",0,0,0,991.851,0,0,288.6,286.7,-6.036,-6.196,-6.495,-6.151
"2026-03-20 00:04:00",3191,12.52,"NAN","NAN",0,0,0,991.851,0,0,288.7,286.8,-6.016,-6.191,-6.465,-6.145
"2026-03-20 00:05:00",3192,12.52,"NAN","NAN",0,0,0,991.8508,0,0,288.7,286.7,-6.018,-6.186,-6.478,-6.14
"2026-03-20 00:06:00",3193,12.52,"NAN","NAN",0,0,0,991.7139,0,0,288.7,286.6,-6.025,-6.181,-6.504,-6.136
"2026-03-20 00:07:00",3194,12.52,"NAN","NAN",0,0,0,991.7139,0,0,288.7,286.7,-6.03,-6.177,-6.487,-6.132
"2026-03-20 00:08:00",3195,12.52,"NAN","NAN",0,0,0,991.7139,0,0,288.6,286.6,-6.049,-6.173,-6.501,-6.128
"2026-03-20 00:09:00",3196,12.52,"NAN","NAN",0,0,0,991.7139,0,0,288.6,286.7,-6.057,-6.17,-6.498,-6.125
"2026-03-20 00:10:00",3197,12.52,"NAN","NAN",0,0,0,991.7139,0,0,288.6,286.6,-6.057,-6.166,-6.503,-6.122
"2026-03-20 00:11:00",3198,12.52,"NAN","NAN",0,0,0,991.7139,0,0,288.6,286.6,-6.046,-6.163,-6.504,-6.119
"2026-03-20 00:12:00",3199,12.52,"NAN","NAN",0,0,0,991.7139,0,0,288.6,286.6,-6.049,-6.159,-6.51,-6.115
"2026-03-20 00:13:00",3200,12.52,"NAN","NAN",0,0,0,991.7139,0,0,288.6,286.7,-6.038,-6.156,-6.485,-6.112
"2026-03-20 00:14:00",3201,12.52,"NAN","NAN",0,0,0,991.7139,0,0,288.7,286.7,-6.029,-6.151,-6.479,-6.108
"2026-03-20 00:15:00",3202,12.52,"NAN","NAN",0,0,0,991.7139,0,0,288.6,286.7,-6.041,-6.147,-6.478,-6.103
"2026-03-20 00:16:00",3203,12.52,"NAN","NAN",0,0,0,991.7139,0,0,288.7,286.7,-6.022,-6.142,-6.488,-6.099
"2026-03-20 00:17:00",3204,12.52,"NAN","NAN",0,0,0,991.7139,0,0,288.7,286.7,-6.021,-6.137,-6.478,-6.094
"2026-03-20 00:18:00",3205,12.52,"NAN","NAN",0,0,0,991.7139,0,0,288.7,286.8,-6.023,-6.132,-6.467,-6.088
"2026-03-20 00:19:00",3206,12.52,"NAN","NAN",0,0,0,991.7139,0,0,288.8,286.8,-6.003,-6.126,-6.463,-6.082
"2026-03-20 00:20:00",3207,12.52,"NAN","NAN",0,0,0,991.7139,0,0,288.7,286.9,-6.015,-6.12,-6.44,-6.076
"2026-03-20 00:21:00",3208,12.52,"NAN","NAN",0,0,0,991.7139,0,0,288.9,286.9,-5.981,-6.114,-6.436,-6.07
"2026-03-20 00:22:00",3209,12.52,"NAN","NAN",0,0,0,991.7139,0,0,288.8,287,-6.004,-6.107,-6.41,-6.062
"2026-03-20 00:23:00",3210,12.52,"NAN","NAN",0,0,0,991.7139,0,0,289,287.1,-5.962,-6.099,-6.405,-6.054
"2026-03-20 00:24:00",3211,12.52,"NAN","NAN",0,0,0,991.7139,0,0,289,287.1,-5.963,-6.09,-6.387,-6.044
"2026-03-20 00:25:00",3212,12.52,"NAN","NAN",0,0,0,991.7139,0,0,289,287,-5.95,-6.081,-6.418,-6.033
"2026-03-20 00:26:00",3213,12.52,"NAN","NAN",0,0,0,991.7139,0,0,289.1,286.8,-5.942,-6.072,-6.456,-6.023
"2026-03-20 00:27:00",3214,12.52,"NAN","NAN",0,0,0,991.5769,0,0,289,286.8,-5.957,-6.062,-6.455,-6.012
"2026-03-20 00:28:00",3215,12.52,"NAN","NAN",0,0,0,991.5769,0,0,289.1,286.7,-5.941,-6.052,-6.479,-6.002
"2026-03-20 00:29:00",3216,12.52,"NAN","NAN",0,0,0,991.5769,0,0,289.1,286.6,-5.927,-6.043,-6.5,-5.992
"2026-03-20 00:30:00",3217,12.52,"NAN","NAN",0,0,0,991.5769,0,0,288.9,286.5,-5.967,-6.033,-6.546,-5.983
"2026-03-20 00:31:00",3218,12.52,"NAN","NAN",0,0,0,991.5769,0,0,288.9,286.3,-5.985,-6.025,-6.584,-5.973
"2026-03-20 00:32:00",3219,12.52,"NAN","NAN",0,0,0,991.5769,0,0,288.9,286.2,-5.988,-6.016,-6.603,-5.965
"2026-03-20 00:33:00",3220,12.52,"NAN","NAN",0,0,0,991.5769,0,0,288.8,285.9,-6.012,-6.009,-6.675,-5.957
"2026-03-20 00:34:00",3221,12.52,"NAN","NAN",0,0,0,991.5769,0,0,288.7,285.8,-6.034,-6.002,-6.705,-5.95
"2026-03-20 00:35:00",3222,12.52,"NAN","NAN",0,0,0,991.5769,0,0,288.5,285.7,-6.059,-5.996,-6.729,-5.944
"2026-03-20 00:36:00",3223,12.52,"NAN","NAN",0,0,0,991.5769,0,0,288.4,285.6,-6.082,-5.991,-6.746,-5.939
"2026-03-20 00:37:00",3224,12.52,"NAN","NAN",0,0,0,991.5769,0,0,288.2,285.5,-6.135,-5.988,-6.775,-5.935
"2026-03-20 00:38:00",3225,12.52,"NAN","NAN",0,0,0,991.5769,0,0,288.1,285.3,-6.156,-5.987,-6.814,-5.932
"2026-03-20 00:39:00",3226,12.52,"NAN","NAN",0,0,0,991.5769,0,0,288.1,285.3,-6.153,-5.986,-6.824,-5.93
"2026-03-20 00:40:00",3227,12.52,"NAN","NAN",0,0,0,991.5769,0,0,287.9,285.1,-6.202,-5.987,-6.851,-5.929
"2026-03-20 00:41:00",3228,12.52,"NAN","NAN",0,0,0,991.5769,0,0,287.8,285,-6.236,-5.989,-6.89,-5.93
"2026-03-20 00:42:00",3229,12.52,"NAN","NAN",0,0,0,991.5769,0,0,287.7,284.8,-6.252,-5.991,-6.933,-5.933
"2026-03-20 00:43:00",3230,12.52,"NAN","NAN",0,0,0,991.4399,0,0,287.7,284.7,-6.257,-5.995,-6.963,-5.936
"2026-03-20 00:44:00",3231,12.52,"NAN","NAN",0,0,0,991.4399,0,0,287.7,284.5,-6.25,-5.997,-7.001,-5.939
"2026-03-20 00:45:00",3232,12.52,"NAN","NAN",0,0,0,991.4399,0,0,287.7,284.3,-6.254,-5.998,-7.05,-5.942
"2026-03-20 00:46:00",3233,12.52,"NAN","NAN",0,0,0,991.4399,0,0,287.7,284.1,-6.248,-6,-7.085,-5.946
"2026-03-20 00:47:00",3234,12.52,"NAN","NAN",0,0,0,991.4399,0,0,287.8,283.8,-6.232,-6.003,-7.154,-5.949
"2026-03-20 00:48:00",3235,12.52,"NAN","NAN",0,0,0,991.4399,0,0,287.6,283.7,-6.269,-6.007,-7.186,-5.954
"2026-03-20 00:49:00",3236,12.52,"NAN","NAN",0,0,0,991.4399,0,0,287.6,283.6,-6.27,-6.012,-7.208,-5.958
"2026-03-20 00:50:00",3237,12.52,"NAN","NAN",0,0,0,991.4399,0,0,287.5,283.6,-6.293,-6.017,-7.223,-5.964
"2026-03-20 00:51:00",3238,12.52,"NAN","NAN",0,0,0,991.4399,0,0,287.6,283.7,-6.279,-6.022,-7.196,-5.969
"2026-03-20 00:52:00",3239,12.52,"NAN","NAN",0,0,0,991.4399,0,0,287.7,283.6,-6.263,-6.027,-7.205,-5.975
"2026-03-20 00:53:00",3240,12.52,"NAN","NAN",0,0,0,991.4399,0,0,287.8,283.8,-6.238,-6.032,-7.157,-5.981
"2026-03-20 00:54:00",3241,12.52,"NAN","NAN",0,0,0,991.4399,0,0,287.7,284,-6.258,-6.037,-7.124,-5.985
"2026-03-20 00:55:00",3242,12.52,"NAN","NAN",0,0,0,991.4399,0,0,287.8,284.1,-6.242,-6.042,-7.102,-5.99
"2026-03-20 00:56:00",3243,12.52,"NAN","NAN",0,0,0,991.4399,0,0,287.8,284.1,-6.238,-6.047,-7.087,-5.995
"2026-03-20 00:57:00",3244,12.52,"NAN","NAN",0,0,0,991.4399,0,0,287.8,284,-6.226,-6.052,-7.108,-5.999
"2026-03-20 00:58:00",3245,12.52,"NAN","NAN",0,0,0,991.4399,0,0,287.8,284.2,-6.225,-6.056,-7.07,-6.004
"2026-03-20 00:59:00",3246,12.52,"NAN","NAN",0,0,0,991.4399,0,0,287.9,284.3,-6.217,-6.06,-7.055,-6.008
"2026-03-20 01:00:00",3247,12.52,"NAN","NAN",0,0,0,991.4399,0,0,287.9,284.2,-6.204,-6.064,-7.081,-6.012
"2026-03-20 01:01:00",3248,12.52,"NAN","NAN",0,0,0,991.4399,0,0,287.9,284.3,-6.202,-6.067,-7.041,-6.016
"2026-03-20 01:02:00",3249,12.52,"NAN","NAN",0,0,0,991.3715,0,0,287.9,284.4,-6.201,-6.07,-7.017,-6.019
"2026-03-20 01:03:00",3250,12.52,"NAN","NAN",0,0,0,991.303,0,0,287.9,284.5,-6.211,-6.072,-7.008,-6.022
"2026-03-20 01:04:00",3251,12.52,"NAN","NAN",0,0,0,991.303,0,0,287.9,284.5,-6.209,-6.077,-7.003,-6.026
"2026-03-20 01:05:00",3252,12.52,"NAN","NAN",0,0,0,991.303,0,0,287.8,284.5,-6.241,-6.082,-7.005,-6.03
"2026-03-20 01:06:00",3253,12.52,"NAN","NAN",0,0,0,991.303,0,0,287.7,284.5,-6.259,-6.087,-7.011,-6.036
"2026-03-20 01:07:00",3254,12.52,"NAN","NAN",0,0,0,991.303,0,0,287.8,284.5,-6.225,-6.092,-6.997,-6.041
"2026-03-20 01:08:00",3255,12.52,"NAN","NAN",0,0,0,991.303,0,0,288,284.6,-6.181,-6.096,-6.98,-6.044
"2026-03-20 01:09:00",3256,12.52,"NAN","NAN",0,0,0,991.303,0,0,288,284.7,-6.177,-6.099,-6.965,-6.048
"2026-03-20 01:10:00",3257,12.52,"NAN","NAN",0,0,0,991.303,0,0,287.9,284.6,-6.207,-6.102,-6.972,-6.052
"2026-03-20 01:11:00",3258,12.52,"NAN","NAN",0,0,0,991.303,0,0,287.9,284.7,-6.198,-6.106,-6.966,-6.056
"2026-03-20 01:12:00",3259,12.52,"NAN","NAN",0,0,0,991.303,0,0,287.9,284.7,-6.202,-6.11,-6.965,-6.059
"2026-03-20 01:13:00",3260,12.52,"NAN","NAN",0,0,0,991.303,0,0,288,284.6,-6.195,-6.112,-6.97,-6.063
"2026-03-20 01:14:00",3261,12.52,"NAN","NAN",0,0,0,991.303,0,0,287.9,284.5,-6.2,-6.115,-6.991,-6.067
"2026-03-20 01:15:00",3262,12.52,"NAN","NAN",0,0,0,991.2345,0,0,287.9,284.5,-6.202,-6.119,-7.009,-6.071
"2026-03-20 01:16:00",3263,12.52,"NAN","NAN",0,0,0,991.2345,0,0,287.8,284.5,-6.223,-6.123,-7.003,-6.076
"2026-03-20 01:17:00",3264,12.52,"NAN","NAN",0,0,0,991.2345,0,0,287.7,284.4,-6.259,-6.128,-7.024,-6.081
"2026-03-20 01:18:00",3265,12.52,"NAN","NAN",0,0,0,991.2345,0,0,287.7,284.4,-6.26,-6.135,-7.014,-6.088
"2026-03-20 01:19:00",3266,12.52,"NAN","NAN",0,0,0,991.303,0,0,287.6,284.3,-6.284,-6.143,-7.046,-6.096
"2026-03-20 01:20:00",3267,12.52,"NAN","NAN",0,0,0,991.166,0,0,287.5,284.3,-6.301,-6.151,-7.058,-6.104
"2026-03-20 01:21:00",3268,12.52,"NAN","NAN",0,0,0,991.166,0,0,287.5,284.3,-6.293,-6.159,-7.058,-6.111
"2026-03-20 01:22:00",3269,12.52,"NAN","NAN",0,0,0,991.166,0,0,287.5,284.3,-6.296,-6.167,-7.043,-6.119
"2026-03-20 01:23:00",3270,12.52,"NAN","NAN",0,0,0,991.166,0,0,287.5,284.3,-6.312,-6.175,-7.048,-6.127
"2026-03-20 01:24:00",3271,12.52,"NAN","NAN",0,0,0,991.166,0,0,287.5,284.3,-6.311,-6.183,-7.046,-6.136
"2026-03-20 01:25:00",3272,12.52,"NAN","NAN",0,0,0,991.166,0,0,287.3,284.2,-6.339,-6.192,-7.073,-6.145
"2026-03-20 01:26:00",3273,12.52,"NAN","NAN",0,0,0,991.166,0,0,287.4,284.2,-6.315,-6.202,-7.072,-6.154
"2026-03-20 01:27:00",3274,12.52,"NAN","NAN",0,0,0,991.166,0,0,287.5,284.2,-6.31,-6.211,-7.066,-6.162
"2026-03-20 01:28:00",3275,12.52,"NAN","NAN",0,0,0,991.166,0,0,287.5,284.2,-6.303,-6.218,-7.077,-6.17
"2026-03-20 01:29:00",3276,12.52,"NAN","NAN",0,0,0,991.166,0,0,287.4,284.1,-6.317,-6.224,-7.098,-6.177
"2026-03-20 01:30:00",3277,12.52,"NAN","NAN",0,0,0,991.166,0,0,287.4,284.2,-6.316,-6.231,-7.083,-6.184
"2026-03-20 01:31:00",3278,12.52,"NAN","NAN",0,0,0,991.166,0,0,287.4,284.1,-6.319,-6.237,-7.105,-6.19
"2026-03-20 01:32:00",3279,12.52,"NAN","NAN",0,0,0,991.0291,0,0,287.4,283.9,-6.315,-6.242,-7.145,-6.196
"2026-03-20 01:33:00",3280,12.52,"NAN","NAN",0,0,0,991.0291,0,0,287.4,283.7,-6.322,-6.249,-7.183,-6.203
"2026-03-20 01:34:00",3281,12.52,"NAN","NAN",0,0,0,991.0291,0,0,287.4,283.7,-6.326,-6.255,-7.187,-6.209
"2026-03-20 01:35:00",3282,12.52,"NAN","NAN",0,0,0,991.0291,0,0,287.5,283.6,-6.311,-6.26,-7.203,-6.215
"2026-03-20 01:36:00",3283,12.52,"NAN","NAN",0,0,0,991.0291,0,0,287.4,283.6,-6.331,-6.265,-7.21,-6.222
"2026-03-20 01:37:00",3284,12.52,"NAN","NAN",0,0,0,991.0291,0,0,287.4,283.6,-6.319,-6.271,-7.221,-6.229
"2026-03-20 01:38:00",3285,12.52,"NAN","NAN",0,0,0,991.0291,0,0,287.5,283.5,-6.305,-6.277,-7.237,-6.237
"2026-03-20 01:39:00",3286,12.52,"NAN","NAN",0,0,0,991.0291,0,0,287.4,283.5,-6.33,-6.285,-7.228,-6.248
"2026-03-20 01:40:00",3287,12.52,"NAN","NAN",0,0,0,991.0291,0,0,287.4,283.6,-6.314,-6.292,-7.217,-6.26
"2026-03-20 01:41:00",3288,12.52,"NAN","NAN",0,0,0,991.0291,0,0,287.5,283.6,-6.309,-6.301,-7.219,-6.274
"2026-03-20 01:42:00",3289,12.52,"NAN","NAN",0,0,0,991.0343,0,0,287.5,283.7,-6.31,-6.31,-7.193,-6.288
"2026-03-20 01:43:00",3290,12.52,"NAN","NAN",0,0,0,991.0333,0,0,287.5,283.7,-6.314,-6.321,-7.192,-6.304
"2026-03-20 01:44:00",3291,12.52,"NAN","NAN",0,0,0,991.0324,0,0,287.5,283.7,-6.308,-6.331,-7.194,-6.318
"2026-03-20 01:45:00",3292,12.52,"NAN","NAN",0,0,0,991.0317,0,0,287.6,283.9,-6.288,-6.342,-7.139,-6.33
"2026-03-20 01:46:00",3293,12.52,"NAN","NAN",0,0,0,990.9627,0,0,287.6,284.1,-6.269,-6.349,-7.095,-6.338
"2026-03-20 01:47:00",3294,12.52,"NAN","NAN",0,0,0,991.0307,0,0,287.8,284.1,-6.235,-6.354,-7.095,-6.342
"2026-03-20 01:48:00",3295,12.52,"NAN","NAN",0,0,0,990.8931,0,0,287.5,284.3,-6.313,-6.358,-7.055,-6.345
"2026-03-20 01:49:00",3296,12.52,"NAN","NAN",0,0,0,990.8929,0,0,287.5,284.3,-6.3,-6.364,-7.039,-6.349
"2026-03-20 01:50:00",3297,12.52,"NAN","NAN",0,0,0,990.8927,0,0,287.6,284.4,-6.279,-6.369,-7.025,-6.353
"2026-03-20 01:51:00",3298,12.52,"NAN","NAN",0,0,0,990.8926,0,0,287.6,284.4,-6.268,-6.373,-7.013,-6.357
"2026-03-20 01:52:00",3299,12.52,"NAN","NAN",0,0,0,990.8925,0,0,287.7,284.5,-6.263,-6.376,-6.999,-6.36
"2026-03-20 01:53:00",3300,12.52,"NAN","NAN",0,0,0,990.8923,0,0,287.8,284.5,-6.224,-6.378,-7.006,-6.364
"2026-03-20 01:54:00",3301,12.52,"NAN","NAN",0,0,0,990.8923,0,0,287.8,284.6,-6.228,-6.381,-6.977,-6.367
"2026-03-20 01:55:00",3302,12.52,"NAN","NAN",0,0,0,990.8922,0,0,287.7,284.7,-6.251,-6.384,-6.965,-6.367
"2026-03-20 01:56:00",3303,12.52,"NAN","NAN",0,0,0,990.8921,0,0,287.7,284.7,-6.264,-6.385,-6.96,-6.367
"2026-03-20 01:57:00",3304,12.52,"NAN","NAN",0,0,0,990.8921,0,0,287.5,284.6,-6.292,-6.387,-6.989,-6.367
"2026-03-20 01:58:00",3305,12.52,"NAN","NAN",0,0,0,990.8988,0,0,287.6,284.6,-6.29,-6.389,-6.984,-6.368
"2026-03-20 01:59:00",3306,12.52,"NAN","NAN",0,0,0,990.8974,0,0,287.6,284.5,-6.289,-6.391,-6.999,-6.369
"2026-03-20 02:00:00",3307,12.52,"NAN","NAN",0,0,0,990.8963,0,0,287.8,284.6,-6.23,-6.393,-6.974,-6.369
"2026-03-20 02:01:00",3308,12.52,"NAN","NAN",0,0,0,990.9001,0,0,287.8,284.7,-6.228,-6.394,-6.951,-6.369
"2026-03-20 02:02:00",3309,12.52,"NAN","NAN",0,0,0,990.8984,0,0,288,284.7,-6.184,-6.395,-6.954,-6.369
"2026-03-20 02:03:00",3310,12.52,"NAN","NAN",0,0,0,990.9039,0,0,288,284.7,-6.196,-6.396,-6.943,-6.368
"2026-03-20 02:04:00",3311,12.52,"NAN","NAN",0,0,0,990.833,0,0,287.9,284.8,-6.206,-6.397,-6.935,-6.368
"2026-03-20 02:05:00",3312,12.52,"NAN","NAN",0,0,0,990.8311,0,0,287.9,284.8,-6.221,-6.398,-6.931,-6.368
"2026-03-20 02:06:00",3313,12.52,"NAN","NAN",0,0,0,990.7611,0,0,288,285,-6.193,-6.398,-6.888,-6.368
"2026-03-20 02:07:00",3314,12.52,"NAN","NAN",0,0,0,990.7599,0,0,288,285.2,-6.192,-6.398,-6.83,-6.367
"2026-03-20 02:08:00",3315,12.52,"NAN","NAN",0,0,0,990.7581,0,0,288,285.4,-6.186,-6.397,-6.801,-6.366
"2026-03-20 02:09:00",3316,12.52,"NAN","NAN",0,0,0,990.689,0,0,288,285.6,-6.18,-6.396,-6.741,-6.365
"2026-03-20 02:10:00",3317,12.52,"NAN","NAN",0,0,0,990.6885,0,0,288.1,286.1,-6.162,-6.395,-6.635,-6.365
"2026-03-20 02:11:00",3318,12.52,"NAN","NAN",0,0,0,990.6881,0,0,288.2,286.3,-6.136,-6.393,-6.589,-6.362
"2026-03-20 02:12:00",3319,12.52,"NAN","NAN",0,0,0,990.6193,0,0,288.4,286.5,-6.102,-6.39,-6.535,-6.36
"2026-03-20 02:13:00",3320,12.52,"NAN","NAN",0,0,0,990.6875,0,0,288.4,286.8,-6.09,-6.387,-6.464,-6.357
"2026-03-20 02:14:00",3321,12.52,"NAN","NAN",0,0,0,990.6871,0,0,288.3,287.1,-6.125,-6.383,-6.385,-6.352
"2026-03-20 02:15:00",3322,12.52,"NAN","NAN",0,0,0,990.6185,0,0,288.2,287.1,-6.142,-6.379,-6.384,-6.346
"2026-03-20 02:16:00",3323,12.52,"NAN","NAN",0,0,0,990.6185,0,0,288.1,287.3,-6.172,-6.374,-6.358,-6.339
"2026-03-20 02:17:00",3324,12.52,"NAN","NAN",0,0,0,990.6184,0,0,288.1,287.2,-6.17,-6.37,-6.362,-6.334
"2026-03-20 02:18:00",3325,12.52,"NAN","NAN",0,0,0,990.625,0,0,288.2,287.2,-6.131,-6.365,-6.382,-6.327
"2026-03-20 02:19:00",3326,12.52,"NAN","NAN",0,0,0,990.6303,0,0,288.1,287.1,-6.155,-6.361,-6.403,-6.324
"2026-03-20 02:20:00",3327,12.52,"NAN","NAN",0,0,0,990.5593,0,0,288.1,287,-6.168,-6.359,-6.41,-6.323
"2026-03-20 02:21:00",3328,12.52,"NAN","NAN",0,0,0,990.5558,0,0,287.9,286.9,-6.2,-6.357,-6.436,-6.322
"2026-03-20 02:22:00",3329,12.52,"NAN","NAN",0,0,0,990.5613,0,0,287.9,286.7,-6.213,-6.356,-6.484,-6.323
"2026-03-20 02:23:00",3330,12.52,"NAN","NAN",0,0,0,990.4905,0,0,287.7,286.6,-6.249,-6.357,-6.515,-6.325
"2026-03-20 02:24:00",3331,12.52,"NAN","NAN",0,0,0,990.4886,0,0,287.7,286.3,-6.267,-6.357,-6.583,-6.326
"2026-03-20 02:25:00",3332,12.52,"NAN","NAN",0,0,0,990.4871,0,0,287.6,286,-6.285,-6.36,-6.661,-6.33
"2026-03-20 02:26:00",3333,12.52,"NAN","NAN",0,0,0,990.486,0,0,287.7,285.5,-6.258,-6.366,-6.766,-6.336
"2026-03-20 02:27:00",3334,12.52,"NAN","NAN",0,0,0,990.4841,0,0,287.6,285.2,-6.29,-6.372,-6.84,-6.345
"2026-03-20 02:28:00",3335,12.52,"NAN","NAN",0,0,0,990.4835,0,0,287.5,284.9,-6.311,-6.378,-6.917,-6.352
"2026-03-20 02:29:00",3336,12.52,"NAN","NAN",0,0,0,990.483,0,0,287.5,284.5,-6.299,-6.385,-7.012,-6.361
"2026-03-20 02:30:00",3337,12.52,"NAN","NAN",0,0,0,990.4827,0,0,287.5,284.2,-6.307,-6.392,-7.062,-6.371
"2026-03-20 02:31:00",3338,12.52,"NAN","NAN",0,0,0,990.4824,0,0,287.6,284,-6.289,-6.4,-7.128,-6.381
"2026-03-20 02:32:00",3339,12.52,"NAN","NAN",0,0,0,990.4821,0,0,287.5,283.8,-6.293,-6.407,-7.16,-6.39
"2026-03-20 02:33:00",3340,12.52,"NAN","NAN",0,0,0,990.4819,0,0,287.6,283.6,-6.281,-6.413,-7.212,-6.398
"2026-03-20 02:34:00",3341,12.52,"NAN","NAN",0,0,0,990.4816,0,0,287.5,283.6,-6.296,-6.419,-7.223,-6.405
"2026-03-20 02:35:00",3342,12.52,"NAN","NAN",0,0,0,990.4815,0,0,287.6,283.6,-6.283,-6.424,-7.222,-6.411
"2026-03-20 02:36:00",3343,12.52,"NAN","NAN",0,0,0,990.4814,0,0,287.7,283.5,-6.246,-6.429,-7.229,-6.413
"2026-03-20 02:37:00",3344,12.52,"NAN","NAN",0,0,0,990.4813,0,0,287.6,283.5,-6.28,-6.432,-7.227,-6.413
"2026-03-20 02:38:00",3345,12.52,"NAN","NAN",0,0,0,990.4813,0,0,287.6,283.6,-6.273,-6.435,-7.203,-6.414
"2026-03-20 02:39:00",3346,12.52,"NAN","NAN",0,0,0,990.3442,0,0,287.7,283.6,-6.265,-6.438,-7.202,-6.417
"2026-03-20 02:40:00",3347,12.52,"NAN","NAN",0,0,0,990.3442,0,0,287.8,283.7,-6.235,-6.442,-7.199,-6.422
"2026-03-20 02:41:00",3348,12.52,"NAN","NAN",0,0,0,990.3442,0,0,287.8,283.7,-6.241,-6.447,-7.195,-6.427
"2026-03-20 02:42:00",3349,12.52,"NAN","NAN",0,0,0,990.3442,0,0,287.7,283.9,-6.261,-6.453,-7.152,-6.432
"2026-03-20 02:43:00",3350,12.52,"NAN","NAN",0,0,0,990.3442,0,0,287.7,284,-6.257,-6.458,-7.125,-6.438
"2026-03-20 02:44:00",3351,12.52,"NAN","NAN",0,0,0,990.3442,0,0,287.7,284,-6.252,-6.465,-7.117,-6.444
"2026-03-20 02:45:00",3352,12.52,"NAN","NAN",0,0,0,990.3442,0,0,287.7,284.2,-6.25,-6.47,-7.082,-6.45
"2026-03-20 02:46:00",3353,12.52,"NAN","NAN",0,0,0,990.3442,0,0,287.8,284.1,-6.229,-6.475,-7.086,-6.454
"2026-03-20 02:47:00",3354,12.52,"NAN","NAN",0,0,0,990.3442,0,0,287.7,284.3,-6.25,-6.479,-7.045,-6.458
"2026-03-20 02:48:00",3355,12.52,"NAN","NAN",0,0,0,990.3442,0,0,287.9,284.4,-6.202,-6.481,-7.02,-6.461
"2026-03-20 02:49:00",3356,12.52,"NAN","NAN",0,0,0,990.3442,0,0,287.8,284.5,-6.224,-6.483,-6.996,-6.463
"2026-03-20 02:50:00",3357,12.52,"NAN","NAN",0,0,0,990.3442,0,0,287.9,284.6,-6.214,-6.482,-6.977,-6.462
"2026-03-20 02:51:00",3358,12.52,"NAN","NAN",0,0,0,990.3442,0,0,288,284.7,-6.193,-6.48,-6.95,-6.459
"2026-03-20 02:52:00",3359,12.52,"NAN","NAN",0,0,0,990.3442,0,0,288,284.8,-6.195,-6.478,-6.92,-6.456
"2026-03-20 02:53:00",3360,12.52,"NAN","NAN",0,0,0,990.3442,0,0,288,284.8,-6.192,-6.475,-6.926,-6.451
"2026-03-20 02:54:00",3361,12.52,"NAN","NAN",0,0,0,990.2758,0,0,288,285,-6.181,-6.471,-6.894,-6.447
"2026-03-20 02:55:00",3362,12.52,"NAN","NAN",0,0,0,990.3442,0,0,288,284.9,-6.181,-6.468,-6.906,-6.443
"2026-03-20 02:56:00",3363,12.52,"NAN","NAN",0,0,0,990.3442,0,0,288.1,284.9,-6.172,-6.465,-6.91,-6.438
"2026-03-20 02:57:00",3364,12.52,"NAN","NAN",0,0,0,990.2073,0,0,288,285,-6.175,-6.461,-6.888,-6.434
"2026-03-20 02:58:00",3365,12.52,"NAN","NAN",0,0,0,990.2073,0,0,288,285,-6.184,-6.457,-6.888,-6.43
"2026-03-20 02:59:00",3366,12.52,"NAN","NAN",0,0,0,990.2073,0,0,288.1,285,-6.172,-6.454,-6.881,-6.425
"2026-03-20 03:00:00",3367,12.52,"NAN","NAN",0,0,0,990.2073,0,0,288.1,285.1,-6.164,-6.45,-6.865,-6.421
"2026-03-20 03:01:00",3368,12.52,"NAN","NAN",0,0,0,990.2073,0,0,288,285,-6.18,-6.445,-6.891,-6.416
"2026-03-20 03:02:00",3369,12.52,"NAN","NAN",0,0,0,990.2073,0,0,288.1,285.1,-6.161,-6.44,-6.865,-6.411
"2026-03-20 03:03:00",3370,12.52,"NAN","NAN",0,0,0,990.2073,0,0,288.2,285.1,-6.149,-6.436,-6.863,-6.406
"2026-03-20 03:04:00",3371,12.52,"NAN","NAN",0,0,0,990.2073,0,0,288.2,285,-6.14,-6.431,-6.874,-6.401
"2026-03-20 03:05:00",3372,12.52,"NAN","NAN",0,0,0,990.1388,0,0,288.1,285.2,-6.153,-6.427,-6.844,-6.396
"2026-03-20 03:06:00",3373,12.52,"NAN","NAN",0,0,0,990.0756,0,0,288.1,285.2,-6.156,-6.422,-6.834,-6.391
"2026-03-20 03:07:00",3374,12.52,"NAN","NAN",0,0,0,990.143,0,0,288.2,285.4,-6.138,-6.418,-6.797,-6.387
"2026-03-20 03:08:00",3375,12.52,"NAN","NAN",0,0,0,990.0737,0,0,288.1,285.4,-6.159,-6.413,-6.781,-6.382
"2026-03-20 03:09:00",3376,12.52,"NAN","NAN",0,0,0,990.073,0,0,288.1,285.6,-6.159,-6.409,-6.754,-6.378
"2026-03-20 03:10:00",3377,12.52,"NAN","NAN",0,0,0,990.0791,0,0,288.1,285.4,-6.159,-6.405,-6.785,-6.373
"2026-03-20 03:11:00",3378,12.52,"NAN","NAN",0,0,0,990.0773,0,0,288.2,285.4,-6.148,-6.401,-6.788,-6.369
"2026-03-20 03:12:00",3379,12.52,"NAN","NAN",0,0,0,990.0759,0,0,288.1,285.5,-6.153,-6.397,-6.762,-6.365
"2026-03-20 03:13:00",3380,12.52,"NAN","NAN",0,0,0,990.0054,0,0,288.1,285.5,-6.168,-6.393,-6.773,-6.361
"2026-03-20 03:14:00",3381,12.52,"NAN","NAN",0,0,0,990.0046,0,0,288.1,285.6,-6.168,-6.389,-6.752,-6.357
"2026-03-20 03:15:00",3382,12.52,"NAN","NAN",0,0,0,989.9355,0,0,288.2,285.4,-6.14,-6.385,-6.787,-6.353
"2026-03-20 03:16:00",3383,12.52,"NAN","NAN",0,0,0,989.9351,0,0,288.1,285.4,-6.153,-6.381,-6.789,-6.349
"2026-03-20 03:17:00",3384,12.52,"NAN","NAN",0,0,0,989.9414,0,0,288.2,285.5,-6.144,-6.377,-6.772,-6.345
"2026-03-20 03:18:00",3385,12.52,"NAN","NAN",0,0,0,989.9398,0,0,288.3,285.3,-6.106,-6.374,-6.804,-6.341
"2026-03-20 03:19:00",3386,12.52,"NAN","NAN",0,0,0,989.9441,0,0,288.1,285.4,-6.157,-6.37,-6.797,-6.337
"2026-03-20 03:20:00",3387,12.52,"NAN","NAN",0,0,0,989.9419,0,0,288.1,285.3,-6.169,-6.367,-6.803,-6.333
"2026-03-20 03:21:00",3388,12.52,"NAN","NAN",0,0,0,989.9402,0,0,288.2,285.3,-6.145,-6.363,-6.826,-6.329
"2026-03-20 03:22:00",3389,12.52,"NAN","NAN",0,0,0,989.9388,0,0,288.2,285.3,-6.14,-6.36,-6.806,-6.326
"2026-03-20 03:23:00",3390,12.52,"NAN","NAN",0,0,0,989.9377,0,0,288.3,285.4,-6.121,-6.357,-6.792,-6.322
"2026-03-20 03:24:00",3391,12.52,"NAN","NAN",0,0,0,989.9368,0,0,288.3,285.2,-6.127,-6.353,-6.84,-6.319
"2026-03-20 03:25:00",3392,12.52,"NAN","NAN",0,0,0,989.8676,0,0,288.3,285.3,-6.118,-6.349,-6.82,-6.315
"2026-03-20 03:26:00",3393,12.52,"NAN","NAN",0,0,0,989.7981,0,0,288.4,285.3,-6.102,-6.346,-6.811,-6.312
"2026-03-20 03:27:00",3394,12.52,"NAN","NAN",0,0,0,989.7977,0,0,288.3,285.2,-6.126,-6.342,-6.829,-6.309
"2026-03-20 03:28:00",3395,12.52,"NAN","NAN",0,0,0,989.7974,0,0,288.3,285.3,-6.123,-6.339,-6.824,-6.307
"2026-03-20 03:29:00",3396,12.52,"NAN","NAN",0,0,0,989.7972,0,0,288.4,285.3,-6.086,-6.336,-6.814,-6.304
"2026-03-20 03:30:00",3397,12.52,"NAN","NAN",0,0,0,989.797,0.014,0,288.4,285.3,-6.09,-6.333,-6.813,-6.301
"2026-03-20 03:31:00",3398,12.52,"NAN","NAN",0,0,0,989.7969,0,0,288.4,285.3,-6.092,-6.329,-6.822,-6.296
"2026-03-20 03:32:00",3399,12.52,"NAN","NAN",0,0,0,989.802,0.043,0.057,288.3,285.2,-6.108,-6.325,-6.832,-6.292
"2026-03-20 03:33:00",3400,12.52,"NAN","NAN",0,0,0,989.7324,0.072,0.029,288.4,285.3,-6.099,-6.322,-6.825,-6.287
"2026-03-20 03:34:00",3401,12.52,"NAN","NAN",0,0,0,989.663,0.1,0.072,288.4,285.4,-6.093,-6.318,-6.799,-6.283
"2026-03-20 03:35:00",3402,12.52,"NAN","NAN",0,0,0,989.6622,0.115,0.143,288.4,285.4,-6.095,-6.315,-6.788,-6.279
"2026-03-20 03:36:00",3403,12.52,"NAN","NAN",0,0,0,989.6616,0.172,0.157,288.4,285.4,-6.098,-6.311,-6.785,-6.276
"2026-03-20 03:37:00",3404,12.52,"NAN","NAN",0,0,0,989.5242,0.172,0.172,288.4,285.5,-6.102,-6.307,-6.762,-6.272
"2026-03-20 03:38:00",3405,12.52,"NAN","NAN",0,0,0,989.5238,0.172,0.172,288.3,285.5,-6.107,-6.304,-6.763,-6.268
"2026-03-20 03:39:00",3406,12.52,"NAN","NAN",0,0,0,989.5233,0.172,0.172,288.4,285.6,-6.087,-6.301,-6.756,-6.265
"2026-03-20 03:40:00",3407,12.52,"NAN","NAN",0,0,0,989.5231,0.172,0.172,288.3,285.7,-6.114,-6.298,-6.725,-6.262
"2026-03-20 03:41:00",3408,12.52,"NAN","NAN",0,0,0,989.5229,0.172,0.243,288.4,285.7,-6.098,-6.295,-6.719,-6.259
"2026-03-20 03:42:00",3409,12.52,"NAN","NAN",0,0,0,989.5228,0.172,0.243,288.4,285.8,-6.091,-6.292,-6.699,-6.256
"2026-03-20 03:43:00",3410,12.52,"NAN","NAN",0,0,0,989.4542,0.172,0.344,288.4,285.7,-6.101,-6.289,-6.711,-6.252
"2026-03-20 03:44:00",3411,12.52,"NAN","NAN",0,0,0,989.4542,0.172,0.344,288.4,285.7,-6.097,-6.286,-6.722,-6.249
"2026-03-20 03:45:00",3412,12.52,"NAN","NAN",0,0,0,989.3856,0.172,0.344,288.4,285.7,-6.085,-6.282,-6.731,-6.246
"2026-03-20 03:46:00",3413,12.52,"NAN","NAN",0,0,0,989.3855,0.2,0.344,288.5,285.7,-6.081,-6.279,-6.719,-6.242
"2026-03-20 03:47:00",3414,12.52,"NAN","NAN",0,0,0,989.3855,0.258,0.344,288.4,285.7,-6.082,-6.276,-6.726,-6.239
"2026-03-20 03:48:00",3415,12.52,"NAN","NAN",0,0,0,989.3855,0.329,0.344,288.5,285.7,-6.077,-6.272,-6.719,-6.236
"2026-03-20 03:49:00",3416,12.52,"NAN","NAN",0,0,0,989.3855,0.344,0.344,288.4,285.7,-6.083,-6.269,-6.732,-6.232
"2026-03-20 03:50:00",3417,12.52,"NAN","NAN",0,0,0,989.3855,0.344,0.344,288.6,285.7,-6.058,-6.265,-6.71,-6.228
"2026-03-20 03:51:00",3418,12.52,"NAN","NAN",0,0,0,989.3855,0.344,0.344,288.5,285.8,-6.067,-6.262,-6.706,-6.225
"2026-03-20 03:52:00",3419,12.52,"NAN","NAN",0,0,0,989.2485,0.344,0.344,288.6,285.7,-6.056,-6.258,-6.727,-6.221
"2026-03-20 03:53:00",3420,12.52,"NAN","NAN",0,0,0,989.2551,0.344,0.344,288.6,285.7,-6.052,-6.254,-6.71,-6.218
"2026-03-20 03:54:00",3421,12.52,"NAN","NAN",0,0,0,989.2538,0.344,0.344,288.5,285.7,-6.068,-6.251,-6.723,-6.216
"2026-03-20 03:55:00",3422,12.52,"NAN","NAN",0,0,0,989.2527,0.344,0.344,288.5,285.8,-6.064,-6.248,-6.7,-6.213
"2026-03-20 03:56:00",3423,12.52,"NAN","NAN",0,0,0,989.2585,0.344,0.344,288.5,285.7,-6.077,-6.244,-6.712,-6.207
"2026-03-20 03:57:00",3424,12.52,"NAN","NAN",0,0,0,989.2565,0.344,0.415,288.2,285.7,-6.141,-6.241,-6.732,-6.204
"2026-03-20 03:58:00",3425,12.52,"NAN","NAN",0,0,0,989.2535,0.344,0.515,288,285.7,-6.194,-6.242,-6.725,-6.203
"2026-03-20 03:59:00",3426,12.52,"NAN","NAN",0,0,0,989.1841,0.386,0.515,287.9,285.7,-6.207,-6.245,-6.732,-6.204
"2026-03-20 04:00:00",3427,12.52,"NAN","NAN",0,0,0,989.1832,0.487,0.573,287.7,285.6,-6.246,-6.25,-6.747,-6.207
"2026-03-20 04:01:00",3428,12.52,"NAN","NAN",0,0,0,989.1141,0.515,0.687,287.9,285.6,-6.206,-6.254,-6.743,-6.207
"2026-03-20 04:02:00",3429,12.52,"NAN","NAN",0,0,0,989.1135,0.515,0.687,287.9,285.5,-6.201,-6.259,-6.76,-6.207
"2026-03-20 04:03:00",3430,12.52,"NAN","NAN",0,0,0,989.1132,0.515,0.687,287.8,285.5,-6.232,-6.264,-6.779,-6.209
"2026-03-20 04:04:00",3431,12.52,"NAN","NAN",0,0,0,989.1128,0.515,0.687,287.8,285.4,-6.242,-6.269,-6.797,-6.213
"2026-03-20 04:05:00",3432,12.52,"NAN","NAN",0,0,0,989.1123,0.587,0.687,287.8,285.4,-6.226,-6.275,-6.788,-6.217
"2026-03-20 04:06:00",3433,12.52,"NAN","NAN",0,0,0,988.9752,0.687,0.687,287.9,285.5,-6.211,-6.278,-6.776,-6.22
"2026-03-20 04:07:00",3434,12.52,"NAN","NAN",0,0,0,988.9751,0.687,0.687,288,285.5,-6.181,-6.28,-6.757,-6.221
"2026-03-20 04:08:00",3435,12.52,"NAN","NAN",0,0,0,988.975,0.687,0.687,288,285.6,-6.193,-6.281,-6.754,-6.22
"2026-03-20 04:09:00",3436,12.52,"NAN","NAN",0,0,0,989.0433,0.687,0.744,287.9,285.5,-6.201,-6.28,-6.772,-6.22
"2026-03-20 04:10:00",3437,12.52,"NAN","NAN",0,0,0,988.9748,0.687,0.859,288,285.4,-6.179,-6.281,-6.787,-6.221
"2026-03-20 04:11:00",3438,12.52,"NAN","NAN",0,0,0,989.1117,0.687,0.916,288.1,285.4,-6.16,-6.281,-6.792,-6.221
"2026-03-20 04:12:00",3439,12.52,"NAN","NAN",0,0,0,989.0431,0.773,1.031,287.9,285.5,-6.199,-6.282,-6.777,-6.221
"2026-03-20 04:13:00",3440,12.52,"NAN","NAN",0,0,0,988.9746,0.859,1.031,288.1,285.4,-6.155,-6.282,-6.794,-6.22
"2026-03-20 04:14:00",3441,12.52,"NAN","NAN",0,0,0,988.9746,0.916,1.031,288.3,285.3,-6.127,-6.281,-6.816,-6.22
"2026-03-20 04:15:00",3442,12.52,"NAN","NAN",0,0,0,988.9746,1.031,1.088,288.3,285.4,-6.112,-6.28,-6.799,-6.22
"2026-03-20 04:16:00",3443,12.52,"NAN","NAN",0,0,0,988.9746,1.031,1.317,288.3,285.3,-6.11,-6.278,-6.812,-6.218
"2026-03-20 04:17:00",3444,12.52,"NAN","NAN",0,0,0,988.9746,1.145,1.374,288.4,285.4,-6.102,-6.275,-6.785,-6.218
"2026-03-20 04:18:00",3445,12.52,"NAN","NAN",0,0,0,988.9746,1.288,1.489,288.3,285.4,-6.107,-6.274,-6.799,-6.219
"2026-03-20 04:19:00",3446,12.52,"NAN","NAN",0,0,0,988.9746,1.388,1.718,288.4,285.3,-6.094,-6.273,-6.808,-6.219
"2026-03-20 04:20:00",3447,12.52,"NAN","NAN",0,0,0,988.9746,1.589,1.818,288.4,285.4,-6.102,-6.271,-6.786,-6.218
"2026-03-20 04:21:00",3448,12.52,"NAN","NAN",0,0,0,988.9746,1.718,1.889,288.4,285.5,-6.1,-6.268,-6.775,-6.217
"2026-03-20 04:22:00",3449,12.52,"NAN","NAN",0,0,0,988.9746,1.889,2.104,288.3,285.5,-6.111,-6.265,-6.764,-6.214
"2026-03-20 04:23:00",3450,12.52,"NAN","NAN",0,0,0,988.9061,2.061,2.276,288.4,285.5,-6.086,-6.262,-6.77,-6.211
"2026-03-20 04:24:00",3451,12.52,"NAN","NAN",0,0,0,988.9061,2.247,2.534,288.3,285.6,-6.117,-6.259,-6.755,-6.207
"2026-03-20 04:25:00",3452,12.52,"NAN","NAN",0,0,0,988.9061,2.405,2.691,288.3,285.6,-6.106,-6.256,-6.753,-6.204
"2026-03-20 04:26:00",3453,12.52,"NAN","NAN",0,0,0,988.8376,2.419,2.92,288.3,285.6,-6.123,-6.253,-6.737,-6.2
"2026-03-20 04:27:00",3454,12.52,"NAN","NAN",0,0,0,988.8376,2.576,3.106,288.3,285.5,-6.109,-6.251,-6.761,-6.198
"2026-03-20 04:28:00",3455,12.52,"NAN","NAN",0,0,0,988.8376,2.677,3.264,288.5,285.6,-6.079,-6.248,-6.733,-6.194
"2026-03-20 04:29:00",3456,12.52,"NAN","NAN",0,0,0,988.7692,2.877,3.45,288.4,285.5,-6.105,-6.244,-6.768,-6.191
"2026-03-20 04:30:00",3457,12.52,"NAN","NAN",0,0,0,988.7007,2.92,3.607,288.5,285.7,-6.063,-6.241,-6.711,-6.188
"2026-03-20 04:31:00",3458,12.52,"NAN","NAN",0,0,0,988.7007,2.934,3.607,288.5,285.9,-6.074,-6.237,-6.665,-6.186
"2026-03-20 04:32:00",3459,12.52,"NAN","NAN",0,0,0,988.7007,3.063,3.636,288.5,285.9,-6.065,-6.233,-6.665,-6.183
"2026-03-20 04:33:00",3460,12.52,"NAN","NAN",0,0,0,988.7007,3.092,3.765,288.6,286.1,-6.05,-6.228,-6.625,-6.177
"2026-03-20 04:34:00",3461,12.52,"NAN","NAN",0,0,0,988.7007,3.092,3.779,288.7,286.1,-6.033,-6.221,-6.625,-6.171
"2026-03-20 04:35:00",3462,12.52,"NAN","NAN",0,0,0,988.7007,3.092,3.779,288.6,286,-6.041,-6.215,-6.647,-6.164
"2026-03-20 04:36:00",3463,12.52,"NAN","NAN",0,0,0,988.7007,3.106,3.779,288.6,286.2,-6.038,-6.21,-6.609,-6.158
"2026-03-20 04:37:00",3464,12.52,"NAN","NAN",0,0,0,988.7059,3.092,3.722,288.6,286.1,-6.04,-6.204,-6.621,-6.151
"2026-03-20 04:38:00",3465,12.52,"NAN","NAN",0,0,0,988.7048,3.092,3.607,288.6,286.1,-6.054,-6.198,-6.626,-6.146
"2026-03-20 04:39:00",3466,12.52,"NAN","NAN",0,0,0,988.704,3.092,3.607,288.5,286.1,-6.07,-6.194,-6.616,-6.141
"2026-03-20 04:40:00",3467,12.52,"NAN","NAN",0,0,0,988.7034,3.035,3.607,288.5,286.1,-6.078,-6.189,-6.636,-6.136
"2026-03-20 04:41:00",3468,12.52,"NAN","NAN",0,0,0,988.7028,3.006,3.607,288.5,286,-6.061,-6.184,-6.659,-6.131
"2026-03-20 04:42:00",3469,12.52,"NAN","NAN",0,0,0,988.7023,3.006,3.607,288.5,286,-6.075,-6.18,-6.656,-6.126
"2026-03-20 04:43:00",3470,12.52,"NAN","NAN",0,0,0,988.702,3.02,3.607,288.6,286,-6.056,-6.174,-6.654,-6.12
"2026-03-20 04:44:00",3471,12.52,"NAN","NAN",0,0,0,988.5645,2.934,3.607,288.7,285.9,-6.035,-6.169,-6.669,-6.115
"2026-03-20 04:45:00",3472,12.52,"NAN","NAN",0,0,0,988.5643,2.92,3.607,288.6,286.1,-6.039,-6.164,-6.632,-6.11
"2026-03-20 04:46:00",3473,12.52,"NAN","NAN",0,0,0,988.5642,2.92,3.607,288.6,286.2,-6.038,-6.159,-6.605,-6.106
"2026-03-20 04:47:00",3474,12.52,"NAN","NAN",0,0,0,988.4271,2.92,3.536,288.6,286.2,-6.037,-6.155,-6.604,-6.101
"2026-03-20 04:48:00",3475,12.52,"NAN","NAN",0,0,0,988.427,2.92,3.435,288.7,286.3,-6.025,-6.15,-6.586,-6.097
"2026-03-20 04:49:00",3476,12.52,"NAN","NAN",0,0,0,988.4269,2.92,3.435,288.5,286.2,-6.061,-6.147,-6.614,-6.094
"2026-03-20 04:50:00",3477,12.52,"NAN","NAN",0,0,0,988.4269,2.92,3.335,288.6,286.2,-6.055,-6.144,-6.596,-6.091
"2026-03-20 04:51:00",3478,12.52,"NAN","NAN",0,0,0,988.4268,2.92,3.278,288.5,286.2,-6.071,-6.142,-6.596,-6.089
"2026-03-20 04:52:00",3479,12.52,"NAN","NAN",0,0,0,988.3583,2.92,3.264,288.5,286.2,-6.068,-6.139,-6.594,-6.086
"2026-03-20 04:53:00",3480,12.52,"NAN","NAN",0,0,0,988.2898,2.92,3.264,288.6,286.2,-6.051,-6.135,-6.593,-6.082
"2026-03-20 04:54:00",3481,12.52,"NAN","NAN",0,0,0,988.2898,2.92,3.264,288.6,286.2,-6.057,-6.131,-6.616,-6.078
"2026-03-20 04:55:00",3482,12.52,"NAN","NAN",0,0,0,988.2898,2.92,3.278,288.6,286.1,-6.053,-6.128,-6.626,-6.075
"2026-03-20 04:56:00",3483,12.52,"NAN","NAN",0,0,0,988.2898,2.92,3.364,288.6,286.2,-6.054,-6.125,-6.601,-6.073
"2026-03-20 04:57:00",3484,12.52,"NAN","NAN",0,0,0,988.2898,2.92,3.435,288.5,286.2,-6.06,-6.122,-6.612,-6.07
"2026-03-20 04:58:00",3485,12.52,"NAN","NAN",0,0,0,988.1528,2.92,3.435,288.6,286.2,-6.052,-6.12,-6.598,-6.068
"2026-03-20 04:59:00",3486,12.52,"NAN","NAN",0,0,0,988.1528,2.92,3.521,288.5,286.2,-6.066,-6.119,-6.61,-6.066
"2026-03-20 05:00:00",3487,12.52,"NAN","NAN",0,0,0,988.1528,3.063,3.607,288.5,286.1,-6.062,-6.118,-6.618,-6.065
"2026-03-20 05:01:00",3488,12.52,"NAN","NAN",0,0,0,988.1528,3.135,3.607,288.5,286.2,-6.074,-6.116,-6.603,-6.064
"2026-03-20 05:02:00",3489,12.52,"NAN","NAN",0,0,0,988.1528,3.264,3.679,288.6,286.2,-6.048,-6.115,-6.612,-6.062
"2026-03-20 05:03:00",3490,12.52,"NAN","NAN",0,0,0,988.1528,3.264,3.851,288.5,286.1,-6.07,-6.113,-6.638,-6.061
"2026-03-20 05:04:00",3491,12.52,"NAN","NAN",0,0,0,988.2213,3.335,3.951,288.5,286.1,-6.077,-6.113,-6.621,-6.061
"2026-03-20 05:05:00",3492,12.52,"NAN","NAN",0,0,0,988.2213,3.493,3.979,288.6,286,-6.053,-6.112,-6.646,-6.06
"2026-03-20 05:06:00",3493,12.52,"NAN","NAN",0,0,0,988.1528,3.607,4.194,288.5,286.1,-6.067,-6.111,-6.621,-6.059
"2026-03-20 05:07:00",3494,12.52,"NAN","NAN",0,0,0,988.1528,3.65,4.294,288.5,286.1,-6.066,-6.11,-6.631,-6.058
"2026-03-20 05:08:00",3495,12.52,"NAN","NAN",0,0,0,988.1528,3.793,4.437,288.4,285.9,-6.082,-6.109,-6.664,-6.057
"2026-03-20 05:09:00",3496,12.52,"NAN","NAN",0,0,0,988.1528,3.936,4.495,288.5,286.1,-6.079,-6.109,-6.631,-6.058
"2026-03-20 05:10:00",3497,12.52,"NAN","NAN",0,0,0,988.0844,3.951,4.638,288.4,286.1,-6.091,-6.109,-6.621,-6.058
"2026-03-20 05:11:00",3498,12.52,"NAN","NAN",0,0,0,988.0844,3.951,4.638,288.4,286.1,-6.083,-6.109,-6.635,-6.058
"2026-03-20 05:12:00",3499,12.52,"NAN","NAN",0,0,0,988.0159,3.951,4.638,288.4,286,-6.085,-6.108,-6.643,-6.057
"2026-03-20 05:13:00",3500,12.52,"NAN","NAN",0,0,0,988.0159,3.979,4.638,288.4,286.1,-6.084,-6.108,-6.63,-6.057
"2026-03-20 05:14:00",3501,12.52,"NAN","NAN",0,0,0,988.0159,4.151,4.752,288.4,286.1,-6.091,-6.108,-6.638,-6.059
"2026-03-20 05:15:00",3502,12.52,"NAN","NAN",0,0,0,987.8789,4.294,4.981,288.4,286,-6.097,-6.11,-6.653,-6.061
"2026-03-20 05:16:00",3503,12.52,"NAN","NAN",0,0,0,987.8789,4.509,5.225,288.3,286.1,-6.113,-6.113,-6.635,-6.065
"2026-03-20 05:17:00",3504,12.52,"NAN","NAN",0,0,0,987.8789,4.681,5.468,288.3,286.2,-6.121,-6.115,-6.616,-6.068
"2026-03-20 05:18:00",3505,12.52,"NAN","NAN",0,0,0,987.8789,4.953,5.726,288.4,286,-6.103,-6.117,-6.644,-6.071
"2026-03-20 05:19:00",3506,12.52,"NAN","NAN",0,0,0,987.8789,5.182,6.012,288.4,286.1,-6.093,-6.118,-6.635,-6.073
"2026-03-20 05:20:00",3507,12.52,"NAN","NAN",0,0,0,987.8104,5.396,6.313,288.3,286.2,-6.112,-6.119,-6.616,-6.074
"2026-03-20 05:21:00",3508,12.52,"NAN","NAN",0,0,0,987.8104,5.668,6.628,288.4,286.1,-6.095,-6.118,-6.635,-6.074
"2026-03-20 05:22:00",3509,12.52,"NAN","NAN",0,0,0,987.7419,5.826,6.799,288.4,286,-6.097,-6.118,-6.65,-6.074
"2026-03-20 05:23:00",3510,12.52,"NAN","NAN",0,0,0,987.7419,6.012,7.014,288.4,286,-6.102,-6.119,-6.661,-6.074
"2026-03-20 05:24:00",3511,12.52,"NAN","NAN",0,0,0,987.7419,6.083,7.1,288.4,286,-6.092,-6.119,-6.659,-6.075
"2026-03-20 05:25:00",3512,12.52,"NAN","NAN",0,0,0,987.7419,6.341,7.314,288.3,285.9,-6.107,-6.12,-6.667,-6.074
"2026-03-20 05:26:00",3513,12.52,"NAN","NAN",0,0,0,987.7419,6.355,7.386,288.3,285.8,-6.12,-6.12,-6.691,-6.074
"2026-03-20 05:27:00",3514,12.52,"NAN","NAN",0,0,0,987.7419,6.356,7.386,288.3,285.8,-6.12,-6.121,-6.688,-6.076
"2026-03-20 05:28:00",3515,12.52,"NAN","NAN",0,0,0,987.6735,6.413,7.544,288.2,285.8,-6.138,-6.122,-6.689,-6.078
"2026-03-20 05:29:00",3516,12.52,"NAN","NAN",0,0,0,987.605,6.527,7.558,288.3,285.9,-6.11,-6.123,-6.683,-6.079
"2026-03-20 05:30:00",3517,12.52,"NAN","NAN",0,0,0,987.605,6.413,7.486,288.2,285.8,-6.14,-6.123,-6.699,-6.08
"2026-03-20 05:31:00",3518,12.52,"NAN","NAN",0,0,0,987.605,6.356,7.343,288.2,285.8,-6.14,-6.124,-6.709,-6.082
"2026-03-20 05:32:00",3519,12.52,"NAN","NAN",0,0,0,987.605,6.098,7.071,288.2,285.8,-6.141,-6.126,-6.687,-6.084
"2026-03-20 05:33:00",3520,12.52,"NAN","NAN",0,0,0,987.5365,6.012,6.942,288.2,285.9,-6.143,-6.128,-6.68,-6.085
"2026-03-20 05:34:00",3521,12.52,"NAN","NAN",0,0,0,987.468,5.955,6.771,288.1,285.7,-6.152,-6.131,-6.718,-6.088
"2026-03-20 05:35:00",3522,12.52,"NAN","NAN",0,0,0,987.468,5.74,6.699,288.1,285.7,-6.166,-6.134,-6.712,-6.093
"2026-03-20 05:36:00",3523,12.52,"NAN","NAN",0,0,0,987.468,5.668,6.527,288,285.8,-6.186,-6.14,-6.698,-6.1
"2026-03-20 05:37:00",3524,12.52,"NAN","NAN",0,0,0,987.468,5.668,6.384,287.9,285.7,-6.199,-6.147,-6.714,-6.108
"2026-03-20 05:38:00",3525,12.52,"NAN","NAN",0,0,0,987.468,5.668,6.355,288,285.7,-6.179,-6.152,-6.709,-6.114
"2026-03-20 05:39:00",3526,12.52,"NAN","NAN",0,0,0,987.3995,5.64,6.355,288,285.7,-6.177,-6.157,-6.728,-6.121
"2026-03-20 05:40:00",3527,12.52,"NAN","NAN",0,0,0,987.3995,5.668,6.355,288,285.8,-6.186,-6.162,-6.704,-6.127
"2026-03-20 05:41:00",3528,12.52,"NAN","NAN",0,0,0,987.3311,5.668,6.355,288.1,285.7,-6.171,-6.166,-6.718,-6.133
"2026-03-20 05:42:00",3529,12.52,"NAN","NAN",0,0,0,987.3311,5.668,6.484,288,285.8,-6.196,-6.171,-6.709,-6.139
"2026-03-20 05:43:00",3530,12.52,"NAN","NAN",0,0,0,987.1941,5.854,6.685,287.9,285.7,-6.198,-6.177,-6.715,-6.146
"2026-03-20 05:44:00",3531,12.52,"NAN","NAN",0,0,0,987.1941,6.012,6.713,287.9,285.7,-6.219,-6.182,-6.714,-6.153
"2026-03-20 05:45:00",3532,12.52,"NAN","NAN",0,0,0,987.1941,6.04,6.914,288,285.8,-6.183,-6.187,-6.708,-6.16
"2026-03-20 05:46:00",3533,12.52,"NAN","NAN",0,0,0,987.1941,6.298,7.043,288,285.7,-6.194,-6.19,-6.718,-6.164
"2026-03-20 05:47:00",3534,12.52,"NAN","NAN",0,0,0,987.1256,6.37,7.257,288,285.8,-6.186,-6.192,-6.704,-6.168
"2026-03-20 05:48:00",3535,12.52,"NAN","NAN",0,0,0,987.1256,6.642,7.458,288,285.8,-6.178,-6.193,-6.697,-6.169
"2026-03-20 05:49:00",3536,12.52,"NAN","NAN",0,0,0,987.0571,6.756,7.701,288.1,285.8,-6.165,-6.194,-6.705,-6.17
"2026-03-20 05:50:00",3537,12.52,"NAN","NAN",0,0,0,987.0571,7.043,8,288,285.9,-6.179,-6.194,-6.68,-6.17
"2026-03-20 05:51:00",3538,12.52,"NAN","NAN",0,0,0,987.0571,7.286,8.27,288.1,285.8,-6.166,-6.194,-6.691,-6.17
"2026-03-20 05:52:00",3539,12.52,"NAN","NAN",0,0,0,987.0571,7.543,8.57,288.1,285.7,-6.162,-6.194,-6.714,-6.17
"2026-03-20 05:53:00",3540,12.52,"NAN","NAN",0,0,0,987.0571,7.801,8.9,288,285.8,-6.182,-6.194,-6.697,-6.17
"2026-03-20 05:54:00",3541,12.52,"NAN","NAN",0,0,0,986.9886,8.1,9.23,288,285.7,-6.194,-6.194,-6.722,-6.171
"2026-03-20 05:55:00",3542,12.52,"NAN","NAN",0,0,0,986.9202,8.42,9.56,288.1,285.7,-6.157,-6.194,-6.72,-6.172
"2026-03-20 05:56:00",3543,12.52,"NAN","NAN",0,0,0,986.9202,8.69,9.89,288.1,285.8,-6.155,-6.192,-6.705,-6.172
"2026-03-20 05:57:00",3544,12.52,"NAN","NAN",0,0,0,986.9202,8.96,10.22,288.2,285.7,-6.15,-6.19,-6.712,-6.172
"2026-03-20 05:58:00",3545,12.52,"NAN","NAN",0,0,0,986.9202,9.23,10.54,288.1,285.7,-6.157,-6.188,-6.721,-6.171
"2026-03-20 05:59:00",3546,12.52,"NAN","NAN",0,0,0,986.9202,9.52,10.88,288,285.7,-6.186,-6.187,-6.727,-6.173
"2026-03-20 06:00:00",3547,12.52,"NAN","NAN",0,0,0,986.9202,9.81,11.22,288.1,285.7,-6.165,-6.186,-6.724,-6.176
"2026-03-20 06:01:00",3548,12.52,"NAN","NAN",0,0,0,986.9202,10.11,11.57,288.2,285.8,-6.146,-6.184,-6.708,-6.178
"2026-03-20 06:02:00",3549,12.52,"NAN","NAN",0,0,0,986.9202,10.41,11.88,288.1,285.7,-6.163,-6.183,-6.718,-6.181
"2026-03-20 06:03:00",3550,12.52,"NAN","NAN",0,0,0,986.7832,10.56,12.17,288.1,285.7,-6.155,-6.182,-6.719,-6.183
"2026-03-20 06:04:00",3551,12.52,"NAN","NAN",0,0,0,986.7832,10.82,12.37,288,285.7,-6.178,-6.18,-6.724,-6.184
"2026-03-20 06:05:00",3552,12.52,"NAN","NAN",0,0,0,986.7832,10.92,12.54,288.1,285.6,-6.162,-6.18,-6.743,-6.187
"2026-03-20 06:06:00",3553,12.52,"NAN","NAN",0,0,0,986.7832,11.16,12.78,288,285.7,-6.18,-6.178,-6.731,-6.186
"2026-03-20 06:07:00",3554,12.52,"NAN","NAN",0,0,0,986.6462,11.16,12.88,288.1,285.8,-6.17,-6.177,-6.708,-6.185
"2026-03-20 06:08:00",3555,12.52,"NAN","NAN",0,0,0,986.6462,11.42,13.03,288.1,285.9,-6.155,-6.176,-6.685,-6.182
"2026-03-20 06:09:00",3556,12.52,"NAN","NAN",0,0,0,986.6462,11.51,13.21,288.1,285.7,-6.159,-6.173,-6.724,-6.178
"2026-03-20 06:10:00",3557,12.52,"NAN","NAN",0,0,0,986.5778,11.74,13.37,288,285.8,-6.179,-6.169,-6.703,-6.173
"2026-03-20 06:11:00",3558,12.52,"NAN","NAN",0,0,0,986.5093,11.88,13.61,288.1,285.8,-6.165,-6.164,-6.693,-6.166
"2026-03-20 06:12:00",3559,12.52,"NAN","NAN",0,0,0,986.5093,12.17,13.88,288.2,285.9,-6.131,-6.157,-6.669,-6.158
"2026-03-20 06:13:00",3560,12.52,"NAN","NAN",0,0,0,986.5093,12.4,14.19,288.3,285.9,-6.122,-6.15,-6.675,-6.148
"2026-03-20 06:14:00",3561,12.52,"NAN","NAN",0,0,0,986.5093,12.63,14.47,288.2,285.8,-6.132,-6.142,-6.69,-6.138
"2026-03-20 06:15:00",3562,12.52,"NAN","NAN",0,0,0,986.5093,12.88,14.74,288.4,285.9,-6.095,-6.134,-6.674,-6.127
"2026-03-20 06:16:00",3563,12.52,"NAN","NAN",0,0,0,986.5093,13.18,15.02,288.4,285.9,-6.102,-6.125,-6.675,-6.115
"2026-03-20 06:17:00",3564,12.52,"NAN","NAN",0,0,0,986.5093,13.28,15.27,288.5,285.8,-6.078,-6.116,-6.703,-6.105
"2026-03-20 06:18:00",3565,12.52,"NAN","NAN",0,0,0,986.4408,13.53,15.42,288.2,285.6,-6.135,-6.112,-6.733,-6.104
"2026-03-20 06:19:00",3566,12.52,"NAN","NAN",0,0,0,986.3723,13.57,15.57,288.1,285.6,-6.171,-6.115,-6.744,-6.111
"2026-03-20 06:20:00",3567,12.52,"NAN","NAN",0,0,0,986.3723,13.81,15.79,288.3,285.7,-6.114,-6.119,-6.723,-6.119
"2026-03-20 06:21:00",3568,12.52,"NAN","NAN",0,0,0,986.3723,14.04,16.07,288.2,285.7,-6.132,-6.122,-6.709,-6.124
"2026-03-20 06:22:00",3569,12.52,"NAN","NAN",0,0,0,986.4408,14.31,16.43,288.2,285.7,-6.145,-6.124,-6.732,-6.128
"2026-03-20 06:23:00",3570,12.52,"NAN","NAN",0,0,0,986.3723,14.61,16.76,288.2,285.8,-6.15,-6.131,-6.697,-6.135
"2026-03-20 06:24:00",3571,12.52,"NAN","NAN",0,0,0,986.3723,14.96,17.16,288.3,285.8,-6.107,-6.133,-6.708,-6.137
"2026-03-20 06:25:00",3572,12.51,"NAN","NAN",0,0,0,986.3723,15.39,17.62,288.4,285.9,-6.083,-6.133,-6.673,-6.136
"2026-03-20 06:26:00",3573,12.52,"NAN","NAN",0,0,0,986.3723,15.82,18.16,288.5,286,-6.079,-6.131,-6.646,-6.131
"2026-03-20 06:27:00",3574,12.52,"NAN","NAN",0,0,0,986.3723,16.33,18.74,288.3,286.2,-6.111,-6.129,-6.614,-6.121
"2026-03-20 06:28:00",3575,12.52,"NAN","NAN",0,0,0,986.3038,16.86,19.35,288.3,286.3,-6.119,-6.127,-6.582,-6.11
"2026-03-20 06:29:00",3576,12.52,"NAN","NAN",0,0,0,986.2354,17.48,20.08,288.3,286.4,-6.121,-6.124,-6.557,-6.099
"2026-03-20 06:30:00",3577,12.52,"NAN","NAN",0,0,0,986.2354,18.12,20.84,288.2,286.4,-6.139,-6.12,-6.558,-6.088
"2026-03-20 06:31:00",3578,12.51,"NAN","NAN",0,0,0,986.2354,18.79,21.67,288,286.5,-6.183,-6.12,-6.543,-6.08
"2026-03-20 06:32:00",3579,12.52,"NAN","NAN",0,0,0,986.2354,19.5,22.5,288,286.4,-6.182,-6.123,-6.559,-6.074
"2026-03-20 06:33:00",3580,12.52,"NAN","NAN",0,0,0,986.2354,20.04,23.12,288,286.4,-6.189,-6.123,-6.561,-6.07
"2026-03-20 06:34:00",3581,12.52,"NAN","NAN",0,0,0,986.2354,20.55,23.66,288,286.3,-6.19,-6.125,-6.586,-6.065
"2026-03-20 06:35:00",3582,12.52,"NAN","NAN",0,0,0,986.1669,21,24.16,287.8,286.2,-6.226,-6.131,-6.605,-6.064
"2026-03-20 06:36:00",3583,12.52,"NAN","NAN",0,0,0,986.0984,21.41,24.68,287.9,286.3,-6.21,-6.137,-6.576,-6.063
"2026-03-20 06:37:00",3584,12.52,"NAN","NAN",0,0,0,986.1669,21.77,25.04,288,286.4,-6.178,-6.14,-6.551,-6.059
"2026-03-20 06:38:00",3585,12.52,"NAN","NAN",0,0,0,986.2354,22.13,25.42,288,286.4,-6.185,-6.141,-6.559,-6.053
"2026-03-20 06:39:00",3586,12.52,"NAN","NAN",0,0,0,986.1669,22.5,25.87,288.1,286.5,-6.159,-6.139,-6.539,-6.046
"2026-03-20 06:40:00",3587,12.52,"NAN","NAN",0,0,0,986.2354,22.9,26.42,288.2,286.5,-6.131,-6.13,-6.525,-6.036
"2026-03-20 06:41:00",3588,12.52,"NAN","NAN",0,0,0,986.1669,23.19,26.7,288.3,286.6,-6.112,-6.119,-6.516,-6.022
"2026-03-20 06:42:00",3589,12.52,"NAN","NAN",0,0,0,986.0984,23.32,26.88,288.3,286.6,-6.124,-6.106,-6.505,-6.006
"2026-03-20 06:43:00",3590,12.52,"NAN","NAN",0,0,0,986.0984,23.53,27.07,288.3,286.6,-6.124,-6.095,-6.507,-5.991
"2026-03-20 06:44:00",3591,12.52,"NAN","NAN",0,0,0,986.0299,23.53,27.11,288.3,286.6,-6.113,-6.082,-6.512,-5.976
"2026-03-20 06:45:00",3592,12.52,"NAN","NAN",0,0,0,985.9614,23.53,27.04,288.2,286.6,-6.141,-6.072,-6.504,-5.962
"2026-03-20 06:46:00",3593,12.52,"NAN","NAN",0,0,0,985.9614,23.59,27.14,288.1,286.5,-6.173,-6.068,-6.529,-5.953
"2026-03-20 06:47:00",3594,12.52,"NAN","NAN",0,0,0,985.9614,23.88,27.28,288,286.6,-6.182,-6.067,-6.511,-5.946
"2026-03-20 06:48:00",3595,12.52,"NAN","NAN",0,0,0,985.9614,24.06,27.58,288.3,286.6,-6.126,-6.064,-6.522,-5.937
"2026-03-20 06:49:00",3596,12.52,"NAN","NAN",0,0,0,985.9614,24.42,27.98,288.2,286.6,-6.134,-6.061,-6.522,-5.928
"2026-03-20 06:50:00",3597,12.52,"NAN","NAN",0,0,0,985.9614,24.79,28.46,288.4,286.6,-6.099,-6.056,-6.5,-5.917
"2026-03-20 06:51:00",3598,12.52,"NAN","NAN",0,0,0,985.9614,25.12,28.79,288.6,286.7,-6.054,-6.046,-6.48,-5.902
"2026-03-20 06:52:00",3599,12.52,"NAN","NAN",0,0,0,985.9614,25.41,29.12,288.6,286.7,-6.042,-6.031,-6.478,-5.884
"2026-03-20 06:53:00",3600,12.52,"NAN","NAN",0,0,0,985.9614,25.59,29.37,288.9,286.8,-5.984,-6.014,-6.462,-5.862
"2026-03-20 06:54:00",3601,12.52,"NAN","NAN",0,0,0,985.8929,25.61,29.5,289,286.8,-5.952,-5.994,-6.459,-5.838
"2026-03-20 06:55:00",3602,12.52,"NAN","NAN",0,0,0,985.8929,25.88,29.62,289.2,286.8,-5.91,-5.971,-6.456,-5.812
"2026-03-20 06:56:00",3603,12.52,"NAN","NAN",0,0,0,985.8245,26.07,29.89,289.3,287,-5.886,-5.948,-6.429,-5.786
"2026-03-20 06:57:00",3604,12.52,"NAN","NAN",0,0,0,985.8929,26.34,30.22,289.3,287,-5.884,-5.922,-6.429,-5.757
"2026-03-20 06:58:00",3605,12.52,"NAN","NAN",0,0,0,985.8245,26.62,30.54,289.3,287,-5.885,-5.896,-6.429,-5.727
"2026-03-20 06:59:00",3606,12.52,"NAN","NAN",0,0,0,985.8245,26.89,30.87,289.1,287,-5.921,-5.869,-6.421,-5.697
"2026-03-20 07:00:00",3607,12.52,"NAN","NAN",0,0,0,985.8245,27.21,31.23,289,286.8,-5.944,-5.843,-6.455,-5.672
"2026-03-20 07:01:00",3608,12.52,"NAN","NAN",0,0,0,985.8245,27.38,31.56,289,286.9,-5.961,-5.818,-6.451,-5.651
"2026-03-20 07:02:00",3609,12.52,"NAN","NAN",0,0,0,985.6875,27.65,31.77,289.1,286.9,-5.943,-5.795,-6.452,-5.633
"2026-03-20 07:03:00",3610,12.52,"NAN","NAN",0,0,0,985.5505,27.57,31.69,289.1,287,-5.925,-5.773,-6.423,-5.613
"2026-03-20 07:04:00",3611,12.52,"NAN","NAN",0,0,0,985.619,27.31,31.42,289.2,287,-5.902,-5.75,-6.422,-5.591
"2026-03-20 07:05:00",3612,12.52,"NAN","NAN",0,0,0,985.5505,27.02,31.09,289.4,287.2,-5.857,-5.727,-6.368,-5.567
"2026-03-20 07:06:00",3613,12.52,"NAN","NAN",0,0,0,985.5505,26.71,30.69,289.4,287.2,-5.87,-5.704,-6.378,-5.542
"2026-03-20 07:07:00",3614,12.52,"NAN","NAN",0,0,0,985.5505,26.38,30.23,289.3,287.1,-5.887,-5.679,-6.39,-5.517
"2026-03-20 07:08:00",3615,12.52,"NAN","NAN",0,0,0,985.5505,26.07,29.84,289.3,287.1,-5.89,-5.655,-6.406,-5.494
"2026-03-20 07:09:00",3616,12.52,"NAN","NAN",0,0,0,985.4821,25.88,29.53,289.4,287.1,-5.868,-5.632,-6.395,-5.471
"2026-03-20 07:10:00",3617,12.52,"NAN","NAN",0,0,0,985.4136,25.61,29.36,289.5,287.1,-5.842,-5.609,-6.394,-5.45
"2026-03-20 07:11:00",3618,12.52,"NAN","NAN",0,0,0,985.4136,25.59,29.2,289.5,287.1,-5.835,-5.586,-6.388,-5.431
"2026-03-20 07:12:00",3619,12.52,"NAN","NAN",0,0,0,985.4136,25.63,29.33,289.5,287.2,-5.833,-5.564,-6.369,-5.412
"2026-03-20 07:13:00",3620,12.52,"NAN","NAN",0,0,0,985.4136,25.91,29.51,289.6,287.2,-5.818,-5.542,-6.363,-5.393
"2026-03-20 07:14:00",3621,12.52,"NAN","NAN",0,0,0,985.4136,26.12,29.86,289.7,287.4,-5.802,-5.52,-6.316,-5.372
"2026-03-20 07:15:00",3622,12.52,"NAN","NAN",0,0,0,985.4136,26.44,30.21,289.8,287.6,-5.781,-5.498,-6.283,-5.348
"2026-03-20 07:16:00",3623,12.52,"NAN","NAN",0,0,0,985.4136,26.81,30.64,289.7,287.6,-5.796,-5.475,-6.277,-5.323
"2026-03-20 07:17:00",3624,12.52,"NAN","NAN",0,0,0,985.3451,27.28,31.19,289.7,287.5,-5.782,-5.452,-6.307,-5.298
"2026-03-20 07:18:00",3625,12.52,"NAN","NAN",0,0,0,985.2766,27.81,31.83,289.8,287.7,-5.772,-5.428,-6.266,-5.271
"2026-03-20 07:19:00",3626,12.52,"NAN","NAN",0,0,0,985.2081,28.27,32.4,289.9,287.8,-5.751,-5.404,-6.235,-5.244
"2026-03-20 07:20:00",3627,12.52,"NAN","NAN",0,0,0,985.1396,28.78,32.98,289.8,287.8,-5.775,-5.379,-6.226,-5.216
"2026-03-20 07:21:00",3628,12.52,"NAN","NAN",0,0,0,985.1396,29.2,33.45,289.7,287.8,-5.785,-5.356,-6.229,-5.188
"2026-03-20 07:22:00",3629,12.52,"NAN","NAN",0,0,0,985.1396,29.58,33.88,289.9,287.8,-5.747,-5.332,-6.24,-5.159
"2026-03-20 07:23:00",3630,12.52,"NAN","NAN",0,0,0,985.1396,29.96,34.31,289.9,287.9,-5.757,-5.308,-6.199,-5.131
"2026-03-20 07:24:00",3631,12.52,"NAN","NAN",0,0,0,985.1396,30.31,34.72,289.8,287.9,-5.768,-5.285,-6.214,-5.102
"2026-03-20 07:25:00",3632,12.52,"NAN","NAN",0,0,0,985.0712,30.61,35.02,289.8,287.9,-5.779,-5.264,-6.215,-5.075
"2026-03-20 07:26:00",3633,12.52,"NAN","NAN",0,0,0,985.0027,30.81,35.29,289.8,288,-5.777,-5.243,-6.18,-5.048
"2026-03-20 07:27:00",3634,12.52,"NAN","NAN",0,0,0,985.0027,31.06,35.55,289.7,288,-5.788,-5.221,-6.179,-5.021
"2026-03-20 07:28:00",3635,12.52,"NAN","NAN",0,0,0,985.0027,31.16,35.71,289.7,288,-5.798,-5.202,-6.177,-4.995
"2026-03-20 07:29:00",3636,12.52,"NAN","NAN",0,0,0,985.0027,31.4,35.9,289.8,288,-5.766,-5.183,-6.177,-4.972
"2026-03-20 07:30:00",3637,12.52,"NAN","NAN",0,0,0,984.9342,31.43,36.01,289.9,288.2,-5.747,-5.165,-6.14,-4.95
"2026-03-20 07:31:00",3638,12.52,"NAN","NAN",0,0,0,984.8657,31.46,36.07,289.9,288.3,-5.737,-5.146,-6.118,-4.927
"2026-03-20 07:32:00",3639,12.52,"NAN","NAN",0,0,0,984.8657,31.63,36.14,290.1,288.5,-5.711,-5.125,-6.07,-4.902
"2026-03-20 07:33:00",3640,12.52,"NAN","NAN",0,0,0,984.8657,31.77,36.27,290.2,288.5,-5.681,-5.103,-6.07,-4.876
"2026-03-20 07:34:00",3641,12.52,"NAN","NAN",0,0,0,984.8657,31.97,36.5,290.2,288.5,-5.683,-5.081,-6.065,-4.85
"2026-03-20 07:35:00",3642,12.52,"NAN","NAN",0,0,0,984.8657,32.33,36.91,290.3,288.7,-5.643,-5.058,-6.015,-4.823
"2026-03-20 07:36:00",3643,12.52,"NAN","NAN",0,0,0,984.7972,32.83,37.47,290.3,288.8,-5.647,-5.035,-6.007,-4.795
"2026-03-20 07:37:00",3644,12.52,"NAN","NAN",0,0,0,984.7972,33.3,38.01,290.3,288.8,-5.662,-5.014,-6.009,-4.769
"2026-03-20 07:38:00",3645,12.52,"NAN","NAN",0,0,0,984.7288,33.8,38.54,290.3,288.7,-5.644,-4.992,-6.013,-4.744
"2026-03-20 07:39:00",3646,12.52,"NAN","NAN",0,0,0,984.7288,34.46,39.22,290.3,288.8,-5.657,-4.969,-6.007,-4.721
"2026-03-20 07:40:00",3647,12.52,"NAN","NAN",0,0,0,984.7288,35.29,40.13,290.2,288.9,-5.671,-4.948,-5.977,-4.699
"2026-03-20 07:41:00",3648,12.52,"NAN","NAN",0,0,0,984.7288,36.41,41.39,290.2,288.8,-5.672,-4.929,-5.997,-4.678
"2026-03-20 07:42:00",3649,12.52,"NAN","NAN",0,0,0,984.7288,37.57,42.85,290.2,288.8,-5.667,-4.911,-5.991,-4.659
"2026-03-20 07:43:00",3650,12.52,"NAN","NAN",0,0,0,984.6603,38.71,44.25,290.3,288.9,-5.663,-4.892,-5.989,-4.642
"2026-03-20 07:44:00",3651,12.52,"NAN","NAN",0,0,0,984.5918,39.96,45.73,290.2,288.7,-5.668,-4.872,-6.02,-4.625
"2026-03-20 07:45:00",3652,12.52,"NAN","NAN",0,0,0,984.5918,41.07,47.19,290.3,288.7,-5.663,-4.852,-6.015,-4.612
"2026-03-20 07:46:00",3653,12.52,"NAN","NAN",0,0,0,984.5918,41.85,48.13,290.4,288.9,-5.635,-4.833,-5.979,-4.593
"2026-03-20 07:47:00",3654,12.52,"NAN","NAN",0,0,0,984.5918,42.28,48.46,290.3,288.9,-5.644,-4.814,-5.975,-4.57
"2026-03-20 07:48:00",3655,12.52,"NAN","NAN",0,0,0,984.5918,42.46,48.55,290.3,289,-5.662,-4.797,-5.951,-4.547
"2026-03-20 07:49:00",3656,12.52,"NAN","NAN",0,0,0,984.5233,42.46,48.22,290.1,288.8,-5.702,-4.777,-5.992,-4.523
"2026-03-20 07:50:00",3657,12.52,"NAN","NAN",0,0,0,984.4548,41.92,47.33,290.1,288.7,-5.699,-4.759,-6.024,-4.497
"2026-03-20 07:51:00",3658,12.52,"NAN","NAN",0,0,0,984.4548,41.49,46.48,290,288.5,-5.726,-4.739,-6.063,-4.472
"2026-03-20 07:52:00",3659,12.52,"NAN","NAN",0,0,0,984.4548,41.09,45.91,289.9,288.1,-5.755,-4.722,-6.167,-4.458
"2026-03-20 07:53:00",3660,12.52,"NAN","NAN",0,0,0,984.3179,41.19,45.83,289.8,287.8,-5.768,-4.706,-6.223,-4.452
"2026-03-20 07:54:00",3661,12.52,"NAN","NAN",0,0,0,984.3179,41.08,45.5,289.6,287.5,-5.808,-4.694,-6.304,-4.456
"2026-03-20 07:55:00",3662,12.52,"NAN","NAN",0,0,0,984.3179,41.1,45.31,289.6,287.5,-5.813,-4.686,-6.303,-4.46
"2026-03-20 07:56:00",3663,12.52,"NAN","NAN",0,0,0,984.3179,41.39,45.51,289.6,287.2,-5.81,-4.677,-6.373,-4.461
"2026-03-20 07:57:00",3664,12.52,"NAN","NAN",0,0,0,984.3179,41.46,45.51,289.5,287.1,-5.836,-4.669,-6.396,-4.453
"2026-03-20 07:58:00",3665,12.52,"NAN","NAN",0,0,0,984.3179,41.89,45.94,289.1,286.8,-5.92,-4.664,-6.466,-4.444
"2026-03-20 07:59:00",3666,12.52,"NAN","NAN",0,0,0,984.3179,42.61,46.83,289.1,286.4,-5.922,-4.658,-6.554,-4.442
"2026-03-20 08:00:00",3667,12.52,"NAN","NAN",0,0,0,984.3179,43.68,48.11,289,286.4,-5.956,-4.651,-6.562,-4.442
"2026-03-20 08:01:00",3668,12.52,"NAN","NAN",0,0,0,984.3179,44.67,49.35,289.2,286.4,-5.912,-4.647,-6.561,-4.44
"2026-03-20 08:02:00",3669,12.52,"NAN","NAN",0,0,0,984.3179,45.85,50.78,289.4,286.2,-5.866,-4.642,-6.613,-4.435
"2026-03-20 08:03:00",3670,12.52,"NAN","NAN",0,0,0,984.1809,47.18,52.49,289.2,285.8,-5.914,-4.636,-6.689,-4.437
"2026-03-20 08:04:00",3671,12.52,"NAN","NAN",0,0,0,984.1809,48.7,54.35,289,285.5,-5.966,-4.638,-6.764,-4.459
"2026-03-20 08:05:00",3672,12.52,"NAN","NAN",0,0,0,984.1809,50.56,56.7,288.6,285.1,-6.041,-4.651,-6.872,-4.508
"2026-03-20 08:06:00",3673,12.52,"NAN","NAN",0,0,0,984.1809,52.52,59.28,288.5,285,-6.074,-4.675,-6.875,-4.573
"2026-03-20 08:07:00",3674,12.52,"NAN","NAN",0,0,0,984.1809,54.34,61.71,288.7,285.2,-6.036,-4.7,-6.849,-4.629
"2026-03-20 08:08:00",3675,12.52,"NAN","NAN",0,0,0,984.1809,55.81,63.8,288.9,285.6,-5.98,-4.716,-6.746,-4.654
"2026-03-20 08:09:00",3676,12.52,"NAN","NAN",0,0,0,984.1809,57.13,65.75,288.9,285.7,-5.974,-4.723,-6.716,-4.652
"2026-03-20 08:10:00",3677,12.52,"NAN","NAN",0,0,0,984.1809,57.98,67.21,288.6,285.5,-6.048,-4.723,-6.775,-4.646
"2026-03-20 08:11:00",3678,12.52,"NAN","NAN",0,0,0,984.1809,58.45,67.92,288.3,285.2,-6.114,-4.722,-6.827,-4.651
"2026-03-20 08:12:00",3679,12.52,"NAN","NAN",0,0,0,984.1809,58.46,67.94,287.8,285.3,-6.241,-4.73,-6.81,-4.653
"2026-03-20 08:13:00",3680,12.52,"NAN","NAN",0,0,0,984.1809,57.62,67.01,287.8,285.1,-6.244,-4.75,-6.852,-4.65
"2026-03-20 08:14:00",3681,12.52,"NAN","NAN",0,0,0,984.1809,55.09,64.52,287.2,284.8,-6.364,-4.766,-6.941,-4.652
"2026-03-20 08:15:00",3682,12.52,"NAN","NAN",0,0,0,984.1809,52.44,61.58,286.1,284.2,-6.622,-4.8,-7.075,-4.677
"2026-03-20 08:16:00",3683,12.52,"NAN","NAN",0,0,0,984.1809,50.91,59.03,286,284.3,-6.64,-4.866,-7.053,-4.719
"2026-03-20 08:17:00",3684,12.52,"NAN","NAN",0,0,0,984.1809,46.03,53.78,286.4,284.6,-6.564,-4.93,-6.987,-4.75
"2026-03-20 08:18:00",3685,12.52,"NAN","NAN",0,0,0,984.1124,44.29,48.32,286.9,286.9,-6.44,-4.972,-6.448,-4.779
"2026-03-20 08:19:00",3686,12.52,"NAN","NAN",0,0,0,984.1809,42.56,45.61,287.1,289.2,-6.392,-4.997,-5.905,-4.803
"2026-03-20 08:20:00",3687,12.52,"NAN","NAN",0,0,0,984.1124,43.32,47.03,286.8,289.1,-6.467,-5.02,-5.938,-4.824
"2026-03-20 08:21:00",3688,12.52,"NAN","NAN",0,0,0,984.0439,45.79,54.34,286.4,288.9,-6.56,-5.055,-5.967,-4.858
"2026-03-20 08:22:00",3689,12.52,"NAN","NAN",0,0,0,984.0439,43.98,51.32,286.3,288.1,-6.571,-5.09,-6.159,-4.889
"2026-03-20 08:23:00",3690,12.52,"NAN","NAN",0,0,0,984.0439,43.13,50.06,286.2,287.2,-6.613,-5.127,-6.366,-4.917
"2026-03-20 08:24:00",3691,12.52,"NAN","NAN",0,0,0,984.0439,42.59,49.39,286.2,286.4,-6.595,-5.164,-6.551,-4.951
"2026-03-20 08:25:00",3692,12.52,"NAN","NAN",0,0,0,983.907,41.36,47.5,286.2,285.6,-6.599,-5.205,-6.752,-4.984
"2026-03-20 08:26:00",3693,12.52,"NAN","NAN",0,0,0,983.907,38.74,44.08,286,284.8,-6.653,-5.235,-6.934,-5.016
"2026-03-20 08:27:00",3694,12.52,"NAN","NAN",0,0,0,983.907,37.97,42.32,285.8,285.8,-6.706,-5.267,-6.696,-5.046
"2026-03-20 08:28:00",3695,12.52,"NAN","NAN",0,0,0,983.907,38.91,43.74,285.7,286,-6.721,-5.294,-6.642,-5.074
"2026-03-20 08:29:00",3696,12.52,"NAN","NAN",0,0,0,983.907,39.99,44.94,285.6,285.8,-6.736,-5.322,-6.686,-5.098
"2026-03-20 08:30:00",3697,12.52,"NAN","NAN",0,0,0,983.8385,41.19,46.58,285.4,285.8,-6.791,-5.347,-6.702,-5.125
"2026-03-20 08:31:00",3698,12.52,"NAN","NAN",0,0,0,983.77,42.13,47.66,285.6,285.8,-6.745,-5.373,-6.701,-5.162
"2026-03-20 08:32:00",3699,12.52,"NAN","NAN",0,0,0,983.77,44.02,50.22,286.2,286.1,-6.612,-5.394,-6.616,-5.189
"2026-03-20 08:33:00",3700,12.52,"NAN","NAN",0,0,0,983.77,44.85,50.63,286.5,286,-6.532,-5.42,-6.64,-5.224
"2026-03-20 08:34:00",3701,12.52,"NAN","NAN",0,0,0,983.77,47.07,54.48,287.1,286.1,-6.386,-5.439,-6.629,-5.246
"2026-03-20 08:35:00",3702,12.52,"NAN","NAN",0,0,0,983.7015,49.8,57.69,287.4,285.7,-6.329,-5.448,-6.716,-5.249
"2026-03-20 08:36:00",3703,12.52,"NAN","NAN",0,0,0,983.7015,53.81,61.18,287.6,285.5,-6.286,-5.451,-6.758,-5.245
"2026-03-20 08:37:00",3704,12.52,"NAN","NAN",0,0,0,983.6331,57.03,66.29,287,285,-6.428,-5.448,-6.877,-5.237
"2026-03-20 08:38:00",3705,12.52,"NAN","NAN",0,0,0,983.6331,58.87,68.75,286.9,284.7,-6.451,-5.442,-6.945,-5.226
"2026-03-20 08:39:00",3706,12.52,"NAN","NAN",0,0,0,983.6331,61.25,69.99,287.2,284.8,-6.365,-5.444,-6.935,-5.234
"2026-03-20 08:40:00",3707,12.52,"NAN","NAN",0,0,0,983.6331,65.46,78.31,287.8,285.4,-6.231,-5.441,-6.794,-5.227
"2026-03-20 08:41:00",3708,12.52,"NAN","NAN",0,0,0,983.6331,69.52,83.7,287.5,284.9,-6.302,-5.436,-6.905,-5.207
"2026-03-20 08:42:00",3709,12.52,"NAN","NAN",0,0,0,983.6331,73.4,88.8,287.5,284.7,-6.302,-5.433,-6.952,-5.189
"2026-03-20 08:43:00",3710,12.52,"NAN","NAN",0,0,0,983.6331,77.63,94.2,287.8,284.6,-6.238,-5.422,-6.975,-5.173
"2026-03-20 08:44:00",3711,12.52,"NAN","NAN",0,0,0,983.6331,82.3,100.3,287.8,284.8,-6.226,-5.405,-6.926,-5.148
"2026-03-20 08:45:00",3712,12.52,"NAN","NAN",0,0,0,983.6331,85.4,104.3,288.1,285,-6.164,-5.384,-6.885,-5.113
"2026-03-20 08:46:00",3713,12.52,"NAN","NAN",0,0,0,983.6331,87.6,107.1,288,285.2,-6.185,-5.359,-6.847,-5.071
"2026-03-20 08:47:00",3714,12.52,"NAN","NAN",0,0,0,983.5646,89.6,109.7,287.8,284.9,-6.236,-5.338,-6.906,-5.032
"2026-03-20 08:48:00",3715,12.52,"NAN","NAN",0,0,0,983.4961,91,111.2,287.5,284.8,-6.312,-5.334,-6.919,-5.006
"2026-03-20 08:49:00",3716,12.52,"NAN","NAN",0,0,0,983.4961,92.4,112.7,288.1,285.1,-6.171,-5.327,-6.851,-4.986
"2026-03-20 08:50:00",3717,12.52,"NAN","NAN",0,0,0,983.3591,92.6,112.7,288.5,285.3,-6.074,-5.297,-6.825,-4.96
"2026-03-20 08:51:00",3718,12.52,"NAN","NAN",0,0,0,983.3591,91.7,111.1,288.6,285.4,-6.043,-5.263,-6.789,-4.938
"2026-03-20 08:52:00",3719,12.52,"NAN","NAN",0,0,0,983.3591,90.9,109.8,288.8,285.7,-5.992,-5.226,-6.715,-4.912
"2026-03-20 08:53:00",3720,12.52,"NAN","NAN",0,0,0,983.2906,90,108.2,288.8,285.8,-5.991,-5.183,-6.697,-4.876
"2026-03-20 08:54:00",3721,12.52,"NAN","NAN",0,0,0,983.2156,88.7,106.3,288.6,285.7,-6.057,-5.145,-6.723,-4.842
"2026-03-20 08:55:00",3722,12.52,"NAN","NAN",0,0,0,983.2103,88.9,106.6,288.2,285.4,-6.132,-5.116,-6.801,-4.809
"2026-03-20 08:56:00",3723,12.52,"NAN","NAN",0,0,0,983.2126,90.5,109.1,288,285.2,-6.188,-5.09,-6.843,-4.778
"2026-03-20 08:57:00",3724,12.52,"NAN","NAN",0,0,0,983.216,96.4,118.5,288,285,-6.181,-5.071,-6.888,-4.748
"2026-03-20 08:58:00",3725,12.52,"NAN","NAN",0,0,0,983.2172,103.4,129.8,288.3,284.7,-6.126,-5.042,-6.95,-4.72
"2026-03-20 08:59:00",3726,12.52,"NAN","NAN",0,0,0,983.0812,103.5,129.9,288.2,284.4,-6.13,-5.017,-7.035,-4.714
"2026-03-20 09:00:00",3727,12.52,"NAN","NAN",0,0,0,983.082,102.7,128.6,288,284,-6.176,-5.008,-7.116,-4.733
"2026-03-20 09:01:00",3728,12.52,"NAN","NAN",0,0,0,983.1445,99.1,122.7,288.4,284.2,-6.105,-4.999,-7.068,-4.742
"2026-03-20 09:02:00",3729,12.52,"NAN","NAN",0,0,0,983.1464,94.9,115.8,288.6,284.4,-6.045,-4.975,-7.035,-4.728
"2026-03-20 09:03:00",3730,12.52,"NAN","NAN",0,0,0,983.0662,91.8,110.8,288,284.3,-6.19,-4.955,-7.056,-4.704
"2026-03-20 09:04:00",3731,12.52,"NAN","NAN",0,0,0,983.0599,90.9,109.2,287.4,284,-6.33,-4.965,-7.112,-4.69
"2026-03-20 09:05:00",3732,12.52,"NAN","NAN",0,0,0,983.0518,93.8,113.9,287.5,283.8,-6.302,-4.981,-7.154,-4.686
"2026-03-20 09:06:00",3733,12.52,"NAN","NAN",0,0,0,983.0519,93,112.6,288.2,284.3,-6.137,-4.987,-7.037,-4.679
"2026-03-20 09:07:00",3734,12.52,"NAN","NAN",0,0,0,982.9216,93.5,113.2,288.9,284.7,-5.98,-4.965,-6.961,-4.65
"2026-03-20 09:08:00",3735,12.52,"NAN","NAN",0,0,0,982.9204,92.2,110.7,289,284.6,-5.95,-4.927,-6.974,-4.606
"2026-03-20 09:09:00",3736,12.52,"NAN","NAN",0,0,0,982.9128,92.7,111,288.8,284.5,-6.005,-4.885,-6.999,-4.56
"2026-03-20 09:10:00",3737,12.52,"NAN","NAN",0,0,0,982.9072,92.4,109.8,287.7,284,-6.266,-4.866,-7.115,-4.526
"2026-03-20 09:11:00",3738,12.52,"NAN","NAN",0,0,0,982.9023,85.3,97.5,287.6,283.9,-6.282,-4.871,-7.131,-4.508
"2026-03-20 09:12:00",3739,12.52,"NAN","NAN",0,0,0,982.9049,85.4,97.3,287.4,283.8,-6.329,-4.867,-7.156,-4.485
"2026-03-20 09:13:00",3740,12.52,"NAN","NAN",0,0,0,982.9005,87.3,100.3,287.3,283,-6.338,-4.863,-7.364,-4.472
"2026-03-20 09:14:00",3741,12.52,"NAN","NAN",0,0,0,982.8903,89.2,102.8,287.9,283.3,-6.207,-4.859,-7.279,-4.467
"2026-03-20 09:15:00",3742,12.52,"NAN","NAN",0,0,0,982.8822,91.4,105.9,288.5,283.6,-6.077,-4.849,-7.222,-4.434
"2026-03-20 09:16:00",3743,12.52,"NAN","NAN",0,0,0,982.8757,103.7,125.4,288.6,283.7,-6.057,-4.827,-7.196,-4.394
"2026-03-20 09:17:00",3744,12.52,"NAN","NAN",0,0,0,982.7861,104.8,126.4,288.6,283.7,-6.05,-4.8,-7.199,-4.35
"2026-03-20 09:18:00",3745,12.52,"NAN","NAN",0,0,0,982.7102,98.4,115.3,288.5,283.7,-6.062,-4.773,-7.178,-4.304
"2026-03-20 09:19:00",3746,12.52,"NAN","NAN",0,0,0,982.7042,100.5,117.7,288.2,283.7,-6.148,-4.75,-7.2,-4.257
"2026-03-20 09:20:00",3747,12.52,"NAN","NAN",0,0,0,982.6994,103.3,120.6,288.1,283.8,-6.16,-4.724,-7.159,-4.212
"2026-03-20 09:21:00",3748,12.52,"NAN","NAN",0,0,0,982.6956,104.1,121.1,288.3,283.9,-6.111,-4.694,-7.139,-4.162
"2026-03-20 09:22:00",3749,12.52,"NAN","NAN",0,0,0,982.6925,103.5,119.4,288.8,284,-6.005,-4.661,-7.108,-4.111
"2026-03-20 09:23:00",3750,12.52,"NAN","NAN",0,0,0,982.6196,106.2,122,289.1,284.3,-5.94,-4.627,-7.05,-4.059
"2026-03-20 09:24:00",3751,12.52,"NAN","NAN",0,0,0,982.5496,109.6,125.9,289.3,284.4,-5.886,-4.598,-7.015,-4.002
"2026-03-20 09:25:00",3752,12.52,"NAN","NAN",0,0,0,982.5483,111.3,128.3,289.4,284.2,-5.868,-4.556,-7.066,-3.95
"2026-03-20 09:26:00",3753,12.52,"NAN","NAN",0,0,0,982.5474,110,128.3,289.2,284,-5.903,-4.514,-7.12,-3.922
"2026-03-20 09:27:00",3754,12.52,"NAN","NAN",0,0,0,982.4097,110.7,132.3,289.3,284.2,-5.884,-4.483,-7.075,-3.919
"2026-03-20 09:28:00",3755,12.52,"NAN","NAN",0,0,0,982.4089,108.8,130.2,289.1,284.1,-5.943,-4.456,-7.092,-3.927
"2026-03-20 09:29:00",3756,12.52,"NAN","NAN",0,0,0,982.4084,99,114.1,288.5,284.2,-6.075,-4.45,-7.074,-3.951
"2026-03-20 09:30:00",3757,12.52,"NAN","NAN",0,0,0,982.4077,98.2,111.9,288.6,284.3,-6.038,-4.441,-7.049,-3.967
"2026-03-20 09:31:00",3758,12.52,"NAN","NAN",0,0,0,982.4075,98.8,112.3,288.4,284.4,-6.086,-4.424,-7.035,-3.97
"2026-03-20 09:32:00",3759,12.52,"NAN","NAN",0,0,0,982.4072,96.1,108.2,286.7,283.7,-6.493,-4.432,-7.197,-3.983
"2026-03-20 09:33:00",3760,12.52,"NAN","NAN",0,0,0,982.2701,90.5,100.8,286.8,283.6,-6.459,-4.456,-7.211,-4.018
"2026-03-20 09:34:00",3761,12.52,"NAN","NAN",0,0,0,982.27,88.1,97.2,287.5,283.5,-6.292,-4.462,-7.241,-4.026
"2026-03-20 09:35:00",3762,12.52,"NAN","NAN",0,0,0,982.2699,86.1,94.2,287.9,283.2,-6.208,-4.467,-7.313,-4.048
"2026-03-20 09:36:00",3763,12.52,"NAN","NAN",0,0,0,982.2698,84.5,92.4,287.7,283.2,-6.253,-4.474,-7.306,-4.067
"2026-03-20 09:37:00",3764,12.52,"NAN","NAN",0,0,0,982.2697,83.8,92.3,287.4,283,-6.315,-4.495,-7.345,-4.079
"2026-03-20 09:38:00",3765,12.52,"NAN","NAN",0,0,0,982.2697,84.8,93.8,287.5,282.6,-6.304,-4.51,-7.436,-4.097
"2026-03-20 09:39:00",3766,12.52,"NAN","NAN",0,0,0,982.2697,83.5,92.8,287.4,282.6,-6.325,-4.517,-7.439,-4.112
"2026-03-20 09:40:00",3767,12.52,"NAN","NAN",0,0,0,982.1327,80.5,89.9,288,282.5,-6.198,-4.519,-7.467,-4.117
"2026-03-20 09:41:00",3768,12.52,"NAN","NAN",0,0,0,982.1326,77.01,86.3,287.5,281.9,-6.31,-4.529,-7.612,-4.153
"2026-03-20 09:42:00",3769,12.52,"NAN","NAN",0,0,0,982.1326,75.71,85,287.1,281.5,-6.403,-4.56,-7.695,-4.232
"2026-03-20 09:43:00",3770,12.52,"NAN","NAN",0,0,0,982.1326,75.73,85.3,287.3,282,-6.345,-4.602,-7.581,-4.319
"2026-03-20 09:44:00",3771,12.52,"NAN","NAN",0,0,0,982.1326,74.65,84.6,288.2,283,-6.134,-4.625,-7.36,-4.367
"2026-03-20 09:45:00",3772,12.52,"NAN","NAN",0,0,0,982.1326,71.82,81.5,287.5,283,-6.291,-4.635,-7.353,-4.383
"2026-03-20 09:46:00",3773,12.52,"NAN","NAN",0,0,0,982.1326,68.33,77.39,286.7,282.7,-6.488,-4.657,-7.428,-4.434
"2026-03-20 09:47:00",3774,12.53,"NAN","NAN",0,0,0,982.0642,64.52,72.85,287.5,283.4,-6.311,-4.679,-7.269,-4.49
"2026-03-20 09:48:00",3775,12.53,"NAN","NAN",0,0,0,981.9957,61.13,69.32,287.2,283.5,-6.365,-4.698,-7.247,-4.532
"2026-03-20 09:49:00",3776,12.52,"NAN","NAN",0,0,0,981.9957,58.91,67.11,286.9,283.6,-6.442,-4.73,-7.211,-4.572
"2026-03-20 09:50:00",3777,12.53,"NAN","NAN",0,0,0,981.9272,56.79,64.49,287,283.7,-6.42,-4.764,-7.186,-4.605
"2026-03-20 09:51:00",3778,12.53,"NAN","NAN",0,0,0,981.8588,54.38,61.37,287,283,-6.419,-4.813,-7.35,-4.664
"2026-03-20 09:52:00",3779,12.53,"NAN","NAN",0,0,0,981.9957,53.98,60.87,287.7,283.9,-6.263,-4.861,-7.151,-4.727
"2026-03-20 09:53:00",3780,12.53,"NAN","NAN",0,0,0,981.9957,55.51,62.83,286.9,283.7,-6.449,-4.9,-7.195,-4.759
"2026-03-20 09:54:00",3781,12.53,"NAN","NAN",0,0,0,981.8588,57.4,65.22,287.1,283.9,-6.387,-4.957,-7.137,-4.793
"2026-03-20 09:55:00",3782,12.53,"NAN","NAN",0,0,0,981.8588,57.24,65.16,287.4,283.8,-6.332,-4.979,-7.167,-4.808
"2026-03-20 09:56:00",3783,12.53,"NAN","NAN",0,0,0,981.7903,54.79,62.17,286.9,283.6,-6.434,-4.996,-7.217,-4.841
"2026-03-20 09:57:00",3784,12.53,"NAN","NAN",0,0,0,981.7219,52.54,59.54,287.1,283.9,-6.39,-5.014,-7.134,-4.885
"2026-03-20 09:58:00",3785,12.53,"NAN","NAN",0,0,0,981.7219,51.14,58.11,287.6,284.2,-6.268,-5.031,-7.063,-4.908
"2026-03-20 09:59:00",3786,12.52,"NAN","NAN",0,0,0,981.7219,51.31,58.57,287.9,284.5,-6.202,-5.039,-7.009,-4.913
"2026-03-20 10:00:00",3787,12.53,"NAN","NAN",0,0,0,981.7219,52.3,59.97,288.1,284.4,-6.158,-5.043,-7.029,-4.916
"2026-03-20 10:01:00",3788,12.53,"NAN","NAN",0,0,0,981.8588,52.93,60.57,287.6,284.3,-6.29,-5.053,-7.056,-4.931
"2026-03-20 10:02:00",3789,12.53,"NAN","NAN",0,0,0,981.7219,53.32,60.97,287.4,283.8,-6.324,-5.078,-7.173,-4.969
"2026-03-20 10:03:00",3790,12.53,"NAN","NAN",0,0,0,981.7219,54.08,62.35,287.6,284,-6.282,-5.111,-7.111,-5.031
"2026-03-20 10:04:00",3791,12.53,"NAN","NAN",0,0,0,981.7219,54.16,62.85,288.1,284.7,-6.162,-5.129,-6.951,-5.049
"2026-03-20 10:05:00",3792,12.53,"NAN","NAN",0,0,0,981.7219,53.8,62.68,288.4,284.6,-6.102,-5.136,-6.973,-5.053
"2026-03-20 10:06:00",3793,12.53,"NAN","NAN",0,0,0,981.6534,53.75,62.73,288,284.7,-6.193,-5.155,-6.955,-5.084
"2026-03-20 10:07:00",3794,12.53,"NAN","NAN",0,0,0,981.5165,53.85,62.93,288.2,284.8,-6.146,-5.172,-6.921,-5.105
"2026-03-20 10:08:00",3795,12.53,"NAN","NAN",0,0,0,981.4481,54.46,63.61,287.5,284.5,-6.313,-5.2,-6.999,-5.153
"2026-03-20 10:09:00",3796,12.53,"NAN","NAN",0,0,0,981.585,54.89,64.24,287.3,285.1,-6.349,-5.248,-6.862,-5.19
"2026-03-20 10:10:00",3797,12.53,"NAN","NAN",0,0,0,981.4481,55.26,64.65,286.3,284.6,-6.575,-5.281,-6.975,-5.227
"2026-03-20 10:11:00",3798,12.53,"NAN","NAN",0,0,0,981.4481,55.46,64.79,286.4,284.7,-6.563,-5.328,-6.965,-5.274
"2026-03-20 10:12:00",3799,12.53,"NAN","NAN",0,0,0,981.4481,55.28,64.42,286.8,285,-6.473,-5.366,-6.883,-5.305
"2026-03-20 10:13:00",3800,12.53,"NAN","NAN",0,0,0,981.4481,54.3,63.35,287.6,285.3,-6.283,-5.383,-6.816,-5.311
"2026-03-20 10:14:00",3801,12.53,"NAN","NAN",0,0,0,981.4481,53.63,62.68,288,285.1,-6.187,-5.389,-6.865,-5.309
"2026-03-20 10:15:00",3802,12.53,"NAN","NAN",0,0,0,981.3112,53.55,62.99,287.7,284.7,-6.245,-5.399,-6.966,-5.329
"2026-03-20 10:16:00",3803,12.53,"NAN","NAN",0,0,0,981.3796,53.4,62.96,287.7,284.7,-6.259,-5.427,-6.949,-5.375
"2026-03-20 10:17:00",3804,12.53,"NAN","NAN",0,0,0,981.3796,53.07,62.65,288,285,-6.197,-5.449,-6.875,-5.399
"2026-03-20 10:18:00",3805,12.53,"NAN","NAN",0,0,0,981.3112,52.56,61.98,287.9,284.9,-6.205,-5.469,-6.918,-5.421
"2026-03-20 10:19:00",3806,12.53,"NAN","NAN",0,0,0,981.3112,52.53,61.95,287.8,285.4,-6.233,-5.495,-6.78,-5.431
"2026-03-20 10:20:00",3807,12.53,"NAN","NAN",0,0,0,981.3112,53.15,62.69,287.9,285.6,-6.216,-5.508,-6.746,-5.422
"2026-03-20 10:21:00",3808,12.53,"NAN","NAN",0,0,0,981.3112,53.75,63.35,287.4,285.4,-6.332,-5.513,-6.79,-5.417
"2026-03-20 10:22:00",3809,12.53,"NAN","NAN",0,0,0,981.2427,53.75,63.29,287.4,285.4,-6.333,-5.519,-6.788,-5.413
"2026-03-20 10:23:00",3810,12.52,"NAN","NAN",0,0,0,981.1742,53.2,62.46,287.2,285.3,-6.364,-5.525,-6.809,-5.405
"2026-03-20 10:24:00",3811,12.53,"NAN","NAN",0,0,0,981.1742,52.92,62.13,286.8,284.9,-6.476,-5.55,-6.903,-5.412
"2026-03-20 10:25:00",3812,12.52,"NAN","NAN",0,0,0,981.1742,52.96,62.16,286.7,284.3,-6.497,-5.592,-7.057,-5.45
"2026-03-20 10:26:00",3813,12.53,"NAN","NAN",0,0,0,981.1058,52.49,61.46,286.7,284.7,-6.484,-5.645,-6.95,-5.504
"2026-03-20 10:27:00",3814,12.53,"NAN","NAN",0,0,0,981.0373,52.3,61.19,286.7,284.7,-6.478,-5.688,-6.956,-5.528
"2026-03-20 10:28:00",3815,12.53,"NAN","NAN",0,0,0,981.0373,52.37,61.17,286.4,284.2,-6.552,-5.74,-7.065,-5.577
"2026-03-20 10:29:00",3816,12.53,"NAN","NAN",0,0,0,981.0438,52.77,61.63,286.5,284.7,-6.529,-5.803,-6.959,-5.633
"2026-03-20 10:30:00",3817,12.52,"NAN","NAN",0,0,0,981.0425,53.57,62.85,287.1,285,-6.4,-5.838,-6.88,-5.644
"2026-03-20 10:31:00",3818,12.52,"NAN","NAN",0,0,0,980.973,54.32,63.91,287.4,285.3,-6.332,-5.853,-6.816,-5.645
"2026-03-20 10:32:00",3819,12.52,"NAN","NAN",0,0,0,980.9037,54.35,63.91,287.4,285.3,-6.321,-5.859,-6.819,-5.647
"2026-03-20 10:33:00",3820,12.52,"NAN","NAN",0,0,0,980.903,54.46,64.03,287.5,285.5,-6.308,-5.86,-6.771,-5.644
"2026-03-20 10:34:00",3821,12.52,"NAN","NAN",0,0,0,980.9089,55.03,64.69,287.3,285.2,-6.35,-5.866,-6.826,-5.64
"2026-03-20 10:35:00",3822,12.52,"NAN","NAN",0,0,0,980.9124,55.76,65.65,287.3,285.3,-6.352,-5.885,-6.803,-5.661
"2026-03-20 10:36:00",3823,12.52,"NAN","NAN",0,0,0,980.9164,55.76,66.75,287.4,285.3,-6.317,-5.905,-6.81,-5.682
"2026-03-20 10:37:00",3824,12.52,"NAN","NAN",0,0,0,980.8513,56.45,68.08,287.6,285.5,-6.288,-5.927,-6.769,-5.713
"2026-03-20 10:38:00",3825,12.52,"NAN","NAN",0,0,0,980.7919,57.59,69.67,287.6,285.8,-6.271,-5.95,-6.687,-5.742
"2026-03-20 10:39:00",3826,12.52,"NAN","NAN",0,0,0,980.7993,59.11,71.43,287.8,286.3,-6.241,-5.966,-6.584,-5.76
"2026-03-20 10:40:00",3827,12.52,"NAN","NAN",0,0,0,980.7986,60.51,72.96,288,286.7,-6.191,-5.973,-6.479,-5.764
"2026-03-20 10:41:00",3828,12.52,"NAN","NAN",0,0,0,980.7291,62.73,74.4,288.3,287.1,-6.108,-5.968,-6.394,-5.753
"2026-03-20 10:42:00",3829,12.52,"NAN","NAN",0,0,0,980.6669,63.97,75.84,288.5,287.4,-6.062,-5.955,-6.315,-5.732
"2026-03-20 10:43:00",3830,12.52,"NAN","NAN",0,0,0,980.6718,65.27,77.43,288.6,287.5,-6.042,-5.94,-6.302,-5.709
"2026-03-20 10:44:00",3831,12.52,"NAN","NAN",0,0,0,980.6692,66.5,78.95,288.2,287.4,-6.14,-5.92,-6.325,-5.692
"2026-03-20 10:45:00",3832,12.52,"NAN","NAN",0,0,0,980.6737,67.63,80.3,288.3,287.7,-6.116,-5.903,-6.249,-5.681
"2026-03-20 10:46:00",3833,12.52,"NAN","NAN",0,0,0,980.6838,68.53,81.4,288.6,288.1,-6.041,-5.881,-6.167,-5.66
"2026-03-20 10:47:00",3834,12.52,"NAN","NAN",0,0,0,980.6919,69.67,82.9,289.1,288.3,-5.934,-5.853,-6.112,-5.63
"2026-03-20 10:48:00",3835,12.52,"NAN","NAN",0,0,0,980.5601,72.05,86,289.2,288.5,-5.901,-5.824,-6.067,-5.594
"2026-03-20 10:49:00",3836,12.52,"NAN","NAN",0,0,0,980.5655,74.91,89.8,289.1,288.6,-5.94,-5.798,-6.05,-5.562
"2026-03-20 10:50:00",3837,12.52,"NAN","NAN",0,0,0,980.5698,77.82,93.6,289.2,288.8,-5.912,-5.783,-6.006,-5.554
"2026-03-20 10:51:00",3838,12.52,"NAN","NAN",0,0,0,980.4299,80.4,96.9,289.5,289.1,-5.844,-5.766,-5.932,-5.533
"2026-03-20 10:52:00",3839,12.52,"NAN","NAN",0,0,0,980.434,82.7,99.9,289.8,289.4,-5.774,-5.745,-5.854,-5.513
"2026-03-20 10:53:00",3840,12.52,"NAN","NAN",0,0,0,980.4242,85.1,102.9,290,289.9,-5.718,-5.719,-5.743,-5.487
"2026-03-20 10:54:00",3841,12.52,"NAN","NAN",0,0,0,980.4271,87.2,105.6,290.3,290,-5.663,-5.69,-5.722,-5.463
"2026-03-20 10:55:00",3842,12.52,"NAN","NAN",0,0,0,980.4252,89.2,108.3,290.2,290.1,-5.675,-5.668,-5.707,-5.458
"2026-03-20 10:56:00",3843,12.52,"NAN","NAN",0,0,0,980.4302,91.2,110.8,290.3,290.6,-5.649,-5.647,-5.595,-5.445
"2026-03-20 10:57:00",3844,12.52,"NAN","NAN",0,0,0,980.3593,92.4,112.3,290.7,291.2,-5.556,-5.617,-5.451,-5.41
"2026-03-20 10:58:00",3845,12.52,"NAN","NAN",0,0,0,980.2953,92.8,112.6,291,291.7,-5.49,-5.577,-5.339,-5.362
"2026-03-20 10:59:00",3846,12.52,"NAN","NAN",0,0,0,980.2989,92.4,112.2,291.1,292,-5.476,-5.533,-5.274,-5.309
"2026-03-20 11:00:00",3847,12.52,"NAN","NAN",0,0,0,980.2953,91.3,110.5,290.9,291.4,-5.524,-5.497,-5.406,-5.276
"2026-03-20 11:01:00",3848,12.52,"NAN","NAN",0,0,0,980.29,89.9,108.4,290.7,291,-5.557,-5.474,-5.493,-5.274
"2026-03-20 11:02:00",3849,12.52,"NAN","NAN",0,0,0,980.2882,88.4,106.4,290.4,290.9,-5.628,-5.469,-5.517,-5.288
"2026-03-20 11:03:00",3850,12.52,"NAN","NAN",0,0,0,980.1498,87.5,105,290.6,291.1,-5.584,-5.467,-5.473,-5.302
"2026-03-20 11:04:00",3851,12.52,"NAN","NAN",0,0,0,980.1486,87.2,104.5,291,291.4,-5.501,-5.457,-5.404,-5.305
"2026-03-20 11:05:00",3852,12.52,"NAN","NAN",0,0,0,980.1476,87.6,104.9,291.3,291.8,-5.435,-5.438,-5.309,-5.292
"2026-03-20 11:06:00",3853,12.52,"NAN","NAN",0,0,0,980.1469,87.9,105.4,291.7,292.2,-5.342,-5.408,-5.219,-5.266
"2026-03-20 11:07:00",3854,12.52,"NAN","NAN",0,0,0,980.1393,88.3,106.1,291.8,292.4,-5.299,-5.369,-5.162,-5.234
"2026-03-20 11:08:00",3855,12.52,"NAN","NAN",0,0,0,980.1337,88.6,106.6,292.2,292.7,-5.224,-5.326,-5.095,-5.2
"2026-03-20 11:09:00",3856,12.52,"NAN","NAN",0,0,0,979.9988,89.1,107.6,292.1,292.8,-5.251,-5.284,-5.082,-5.169
"2026-03-20 11:10:00",3857,12.52,"NAN","NAN",0,0,0,980.0004,89.8,108.6,292.1,293.1,-5.241,-5.243,-5.004,-5.135
"2026-03-20 11:11:00",3858,12.52,"NAN","NAN",0,0,0,980.0017,91.5,111.3,292.2,293.4,-5.214,-5.2,-4.946,-5.091
"2026-03-20 11:12:00",3859,12.52,"NAN","NAN",0,0,0,979.9962,92.8,113.2,292.4,293.7,-5.174,-5.153,-4.869,-5.037
"2026-03-20 11:13:00",3860,12.52,"NAN","NAN",0,0,0,979.9984,93,113.6,292.6,293.9,-5.135,-5.102,-4.827,-4.979
"2026-03-20 11:14:00",3861,12.52,"NAN","NAN",0,0,0,979.9845,92.8,113.5,292.7,294.1,-5.106,-5.05,-4.784,-4.919
"2026-03-20 11:15:00",3862,12.52,"NAN","NAN",0,0,0,979.976,90.8,111.2,292.6,294,-5.125,-5.001,-4.798,-4.865
"2026-03-20 11:16:00",3863,12.52,"NAN","NAN",0,0,0,979.9008,88.2,107.7,292.6,294.4,-5.119,-4.958,-4.717,-4.81
"2026-03-20 11:17:00",3864,12.52,"NAN","NAN",0,0,0,979.8333,85.6,104.2,292.6,294.4,-5.122,-4.917,-4.715,-4.752
"2026-03-20 11:18:00",3865,12.52,"NAN","NAN",0,0,0,979.8276,82.7,100.3,292.8,294.6,-5.078,-4.875,-4.68,-4.696
"2026-03-20 11:19:00",3866,12.52,"NAN","NAN",0,0,0,979.8231,79.53,96,292.9,294.8,-5.057,-4.828,-4.635,-4.637
"2026-03-20 11:20:00",3867,12.52,"NAN","NAN",0,0,0,979.8165,76.61,92.2,293,294.9,-5.046,-4.779,-4.598,-4.578
"2026-03-20 11:21:00",3868,12.52,"NAN","NAN",0,0,0,979.8142,74.21,89.2,293.1,295.1,-5.022,-4.733,-4.548,-4.523
"2026-03-20 11:22:00",3869,12.52,"NAN","NAN",0,0,0,979.8124,72.31,86.9,293.2,295.3,-4.983,-4.687,-4.507,-4.468
"2026-03-20 11:23:00",3870,12.52,"NAN","NAN",0,0,0,979.8109,70.39,84.6,293.2,295.4,-4.99,-4.643,-4.484,-4.414
"2026-03-20 11:24:00",3871,12.52,"NAN","NAN",0,0,0,979.8097,68.21,82,293.2,295.6,-4.98,-4.598,-4.438,-4.36
"2026-03-20 11:25:00",3872,12.52,"NAN","NAN",0,0,0,979.8087,66.24,79.59,293.3,295.7,-4.968,-4.555,-4.415,-4.311
"2026-03-20 11:26:00",3873,12.52,"NAN","NAN",0,0,0,979.7395,64.48,77.33,293.3,295.7,-4.956,-4.515,-4.43,-4.263
"2026-03-20 11:27:00",3874,12.52,"NAN","NAN",0,0,0,979.6699,62.68,74.98,293.2,295.6,-4.989,-4.478,-4.451,-4.224
"2026-03-20 11:28:00",3875,12.52,"NAN","NAN",0,0,0,979.6696,61.33,73.25,293.2,295.7,-4.995,-4.448,-4.422,-4.19
"2026-03-20 11:29:00",3876,12.52,"NAN","NAN",0,0,0,979.6693,60.17,71.83,293.3,295.7,-4.967,-4.419,-4.413,-4.152
"2026-03-20 11:30:00",3877,12.52,"NAN","NAN",0,0,0,979.6691,58.94,70.29,293.3,295.9,-4.973,-4.388,-4.383,-4.115
"2026-03-20 11:31:00",3878,12.52,"NAN","NAN",0,0,0,979.6688,57.83,68.89,293.5,296,-4.926,-4.36,-4.347,-4.083
"2026-03-20 11:32:00",3879,12.52,"NAN","NAN",0,0,0,979.6002,56.87,67.81,293.5,296,-4.914,-4.333,-4.355,-4.053
"2026-03-20 11:33:00",3880,12.52,"NAN","NAN",0,0,0,979.5316,56.04,66.78,293.8,296.2,-4.862,-4.304,-4.296,-4.022
"2026-03-20 11:34:00",3881,12.52,"NAN","NAN",0,0,0,979.5315,55.39,65.98,293.8,296.5,-4.852,-4.269,-4.247,-3.985
"2026-03-20 11:35:00",3882,12.53,"NAN","NAN",0,0,0,979.5314,54.63,65.12,293.9,296.6,-4.833,-4.235,-4.216,-3.949
"2026-03-20 11:36:00",3883,12.52,"NAN","NAN",0,0,0,979.4629,53.89,64.22,293.9,296.7,-4.822,-4.196,-4.189,-3.91
"2026-03-20 11:37:00",3884,12.53,"NAN","NAN",0,0,0,979.3944,53.17,63.36,294,296.8,-4.813,-4.157,-4.17,-3.878
"2026-03-20 11:38:00",3885,12.52,"NAN","NAN",0,0,0,979.3943,52.27,62.29,293.8,296.7,-4.852,-4.123,-4.197,-3.857
"2026-03-20 11:39:00",3886,12.53,"NAN","NAN",0,0,0,979.3943,50.79,60.5,293.7,296.3,-4.881,-4.103,-4.279,-3.857
"2026-03-20 11:40:00",3887,12.52,"NAN","NAN",0,0,0,979.3943,49.04,58.3,293.6,296.1,-4.905,-4.094,-4.338,-3.872
"2026-03-20 11:41:00",3888,12.53,"NAN","NAN",0,0,0,979.3943,47.64,56.57,293.6,296.2,-4.903,-4.093,-4.307,-3.893
"2026-03-20 11:42:00",3889,12.52,"NAN","NAN",0,0,0,979.3943,46.91,55.65,293.7,296.3,-4.885,-4.088,-4.286,-3.903
"2026-03-20 11:43:00",3890,12.53,"NAN","NAN",0,0,0,979.3943,46.58,55.38,293.7,296.6,-4.872,-4.079,-4.218,-3.902
"2026-03-20 11:44:00",3891,12.53,"NAN","NAN",0,0,0,979.2574,47.08,55.99,293.6,296.6,-4.89,-4.068,-4.217,-3.886
"2026-03-20 11:45:00",3892,12.53,"NAN","NAN",0,0,0,979.2574,47.95,57.21,293.7,296.6,-4.871,-4.056,-4.211,-3.864
"2026-03-20 11:46:00",3893,12.53,"NAN","NAN",0,0,0,979.2574,49.05,58.65,293.5,296.4,-4.92,-4.047,-4.252,-3.848
"2026-03-20 11:47:00",3894,12.53,"NAN","NAN",0,0,0,979.2574,50.23,60.1,293.3,295.9,-4.957,-4.047,-4.379,-3.848
"2026-03-20 11:48:00",3895,12.53,"NAN","NAN",0,0,0,979.2574,51.34,61.49,293.2,295.8,-4.988,-4.057,-4.401,-3.868
"2026-03-20 11:49:00",3896,12.53,"NAN","NAN",0,0,0,979.2574,52.7,63.23,293.3,295.6,-4.962,-4.07,-4.453,-3.894
"2026-03-20 11:50:00",3897,12.53,"NAN","NAN",0,0,0,979.2574,54.02,64.98,293.4,296,-4.942,-4.082,-4.352,-3.919
"2026-03-20 11:51:00",3898,12.53,"NAN","NAN",0,0,0,979.2574,55.29,66.68,293.5,296.1,-4.912,-4.084,-4.321,-3.915
"2026-03-20 11:52:00",3899,12.53,"NAN","NAN",0,0,0,979.2574,56.77,68.6,293.7,296.2,-4.886,-4.083,-4.316,-3.913
"2026-03-20 11:53:00",3900,12.53,"NAN","NAN",0,0,0,979.189,58.02,70.32,293.6,296.1,-4.89,-4.08,-4.319,-3.907
"2026-03-20 11:54:00",3901,12.53,"NAN","NAN",0,0,0,979.1205,58.96,71.59,293.6,296.2,-4.907,-4.077,-4.295,-3.893
"2026-03-20 11:55:00",3902,12.53,"NAN","NAN",0,0,0,979.1205,59.63,72.49,293.5,295.9,-4.92,-4.075,-4.363,-3.884
"2026-03-20 11:56:00",3903,12.53,"NAN","NAN",0,0,0,979.052,59.93,72.85,293.4,295.6,-4.933,-4.083,-4.433,-3.897
"2026-03-20 11:57:00",3904,12.53,"NAN","NAN",0,0,0,979.1205,59.54,72.42,293.7,296.2,-4.882,-4.09,-4.306,-3.912
"2026-03-20 11:58:00",3905,12.53,"NAN","NAN",0,0,0,979.1205,58.77,71.39,293.7,296,-4.875,-4.086,-4.345,-3.913
"2026-03-20 11:59:00",3906,12.53,"NAN","NAN",0,0,0,979.052,58.41,70.83,293.7,296,-4.87,-4.086,-4.352,-3.928
"2026-03-20 12:00:00",3907,12.53,"NAN","NAN",0,0,0,978.9835,57.92,70.13,293.8,296.1,-4.841,-4.087,-4.318,-3.944
"2026-03-20 12:01:00",3908,12.53,"NAN","NAN",0,0,0,979.052,57.48,69.46,293.9,296.1,-4.835,-4.085,-4.329,-3.956
"2026-03-20 12:02:00",3909,12.53,"NAN","NAN",0,0,0,978.9835,57.05,68.93,294.1,296.4,-4.79,-4.083,-4.266,-3.965
"2026-03-20 12:03:00",3910,12.53,"NAN","NAN",0,0,0,978.9835,56.48,68.16,294.1,296.4,-4.787,-4.079,-4.255,-3.969
"2026-03-20 12:04:00",3911,12.53,"NAN","NAN",0,0,0,978.8467,55.99,67.47,293.9,296.3,-4.832,-4.077,-4.28,-3.977
"2026-03-20 12:05:00",3912,12.53,"NAN","NAN",0,0,0,978.8467,55.96,67.38,294.1,296.7,-4.786,-4.079,-4.198,-3.986
"2026-03-20 12:06:00",3913,12.53,"NAN","NAN",0,0,0,978.8467,56.59,68.18,294.3,297.2,-4.727,-4.067,-4.08,-3.971
"2026-03-20 12:07:00",3914,12.53,"NAN","NAN",0,0,0,978.7097,57.44,69.27,295.4,298.5,-4.484,-4.036,-3.783,-3.931
"2026-03-20 12:08:00",3915,12.53,"NAN","NAN",0,0,0,978.7097,58.02,70.04,296,299.2,-4.35,-3.944,-3.618,-3.824
"2026-03-20 12:09:00",3916,12.53,"NAN","NAN",0,0,0,978.7782,58.21,70.17,294.3,297.6,-4.748,-3.905,-3.992,-3.801
"2026-03-20 12:10:00",3917,12.53,"NAN","NAN",0,0,0,978.7097,58.05,69.94,294.3,298,-4.746,-3.901,-3.893,-3.804
"2026-03-20 12:11:00",3918,12.53,"NAN","NAN",0,0,0,978.7097,57.74,69.5,294,297.4,-4.816,-3.894,-4.03,-3.792
"2026-03-20 12:12:00",3919,12.53,"NAN","NAN",0,0,0,978.7097,57.52,69.2,293.8,296.9,-4.846,-3.906,-4.151,-3.805
"2026-03-20 12:13:00",3920,12.53,"NAN","NAN",0,0,0,978.7097,57.52,69.2,293.7,296.8,-4.873,-3.924,-4.163,-3.825
"2026-03-20 12:14:00",3921,12.53,"NAN","NAN",0,0,0,978.7097,57.72,69.36,293.8,296.7,-4.846,-3.943,-4.201,-3.847
"2026-03-20 12:15:00",3922,12.53,"NAN","NAN",0,0,0,978.7097,58.31,70.09,293.8,296.7,-4.846,-3.96,-4.201,-3.868
"2026-03-20 12:16:00",3923,12.53,"NAN","NAN",0,0,0,978.7097,58.6,70.53,294,296.9,-4.814,-3.973,-4.137,-3.878
"2026-03-20 12:17:00",3924,12.53,"NAN","NAN",0,0,0,978.7097,58.88,70.83,294.1,296.7,-4.793,-3.978,-4.182,-3.875
"2026-03-20 12:18:00",3925,12.53,"NAN","NAN",0,0,0,978.7097,59.41,71.59,294.3,296.8,-4.748,-3.982,-4.166,-3.88
"2026-03-20 12:19:00",3926,12.53,"NAN","NAN",0,0,0,978.7097,60.14,72.58,294.5,297.3,-4.702,-3.979,-4.06,-3.873
"2026-03-20 12:20:00",3927,12.53,"NAN","NAN",0,0,0,978.6412,60.09,72.82,294.6,297.2,-4.672,-3.968,-4.082,-3.85
"2026-03-20 12:21:00",3928,12.53,"NAN","NAN",0,0,0,978.5728,60.12,72.75,294.4,297,-4.709,-3.959,-4.118,-3.84
"2026-03-20 12:22:00",3929,12.53,"NAN","NAN",0,0,0,978.5044,60.42,73.01,294.7,297.5,-4.649,-3.95,-4.013,-3.834
"2026-03-20 12:23:00",3930,12.53,"NAN","NAN",0,0,0,978.5044,61.17,73.95,295.3,298.3,-4.512,-3.923,-3.822,-3.806
"2026-03-20 12:24:00",3931,12.53,"NAN","NAN",0,0,0,978.4359,61.62,74.71,295.3,298.5,-4.507,-3.883,-3.78,-3.769
