TIMESTAMP,RECORD,BattV [V],T [degC],RH [%RH],Speed_wind [m/s],Speed_gust [m/s],Dir_wind [deg],p_air [hPa],SW_up [W/m^2],SW_down [W/m^2],LW_up [W/m^2],LW_down [W/m^2],T_surface_brightness [degC],T_irup_body [degC],T_sky_brightness [degC],T_irdown_body [degC]
2026-03-17 18:45:00,28,12.71,,,0.0,0.0,0.0,1012.948,0.019,0.0,258.0,284.2,-13.43,-6.028,-7.061,-6.157
2026-03-17 18:46:00,29,12.7,,,0.0,0.0,0.0,1012.948,0.172,0.0,260.4,284.0,-12.83,-6.025,-7.119,-6.139
2026-03-17 18:47:00,30,12.68,,,0.0,0.0,0.0,1012.948,0.043,0.0,258.6,284.0,-13.27,-6.028,-7.109,-6.126
2026-03-17 18:48:00,31,12.66,,,0.0,0.0,0.0,1012.948,16.96,37.65,263.2,295.6,-12.15,-6.026,-4.484,-6.116
2026-03-17 18:49:00,32,12.66,,,0.0,0.0,0.0,1013.153,0.0,0.0,270.4,289.1,-10.37,-6.021,-5.941,-6.097
2026-03-17 18:50:00,33,12.67,,,0.0,0.0,0.0,1013.084,0.0,0.0,267.0,282.0,-11.18,-6.027,-7.586,-6.095
2026-03-17 18:51:00,34,12.67,,,0.0,0.0,0.0,1013.084,0.0,0.014,268.1,281.5,-10.93,-6.039,-7.696,-6.114
2026-03-17 18:52:00,35,12.67,,,0.0,0.0,0.0,1013.084,0.014,0.0,271.4,281.7,-10.12,-6.058,-7.656,-6.146
2026-03-17 18:53:00,36,12.66,,,0.0,0.0,0.0,1013.084,0.0,0.0,272.6,281.7,-9.83,-6.08,-7.666,-6.183
2026-03-17 18:54:00,37,12.66,,,0.0,0.0,0.0,1013.084,0.0,0.0,273.1,281.8,-9.71,-6.102,-7.628,-6.224
2026-03-17 18:55:00,38,12.66,,,0.0,0.0,0.0,1013.084,0.0,0.0,273.4,281.8,-9.64,-6.124,-7.627,-6.266
2026-03-17 18:56:00,39,12.65,,,0.0,0.0,0.0,1013.084,0.0,0.0,274.1,282.0,-9.47,-6.154,-7.576,-6.317
2026-03-17 18:57:00,40,12.65,,,0.0,0.0,0.0,1013.084,0.0,0.0,274.6,282.4,-9.34,-6.169,-7.483,-6.338
2026-03-17 18:58:00,41,12.65,,,0.0,0.0,0.0,1013.084,0.0,0.0,274.4,282.7,-9.38,-6.193,-7.426,-6.368
2026-03-17 18:59:00,42,12.65,,,0.0,0.0,0.0,1013.084,0.0,0.0,273.6,282.8,-9.59,-6.215,-7.396,-6.393
2026-03-17 19:00:00,43,12.65,,,0.0,0.0,0.0,1013.084,0.0,0.0,273.1,282.9,-9.71,-6.235,-7.38,-6.415
2026-03-17 19:01:00,44,12.65,,,0.0,0.0,0.0,1013.084,0.0,0.0,273.4,283.2,-9.64,-6.253,-7.302,-6.433
2026-03-17 19:02:00,45,12.65,,,0.0,0.0,0.0,1013.084,0.0,0.0,273.8,283.3,-9.54,-6.269,-7.275,-6.449
2026-03-17 19:03:00,46,12.65,,,0.0,0.0,0.0,1013.084,0.0,0.0,273.8,283.4,-9.53,-6.285,-7.269,-6.464
2026-03-17 19:04:00,47,12.65,,,0.0,0.0,0.0,1013.084,0.0,0.0,274.6,283.2,-9.35,-6.304,-7.302,-6.482
2026-03-17 19:05:00,48,12.65,,,0.0,0.0,0.0,1013.084,0.0,0.0,274.9,283.4,-9.28,-6.322,-7.264,-6.501
2026-03-17 19:06:00,49,12.65,,,0.0,0.0,0.0,1013.084,0.0,0.0,275.8,283.5,-9.06,-6.337,-7.235,-6.517
2026-03-17 19:07:00,50,12.65,,,0.0,0.0,0.0,1013.016,0.0,0.0,276.1,283.6,-9.0,-6.353,-7.217,-6.533
2026-03-17 19:08:00,51,12.64,,,0.0,0.0,0.0,1013.077,0.0,0.0,276.0,283.6,-9.01,-6.368,-7.214,-6.548
2026-03-17 19:09:00,52,12.64,,,0.0,0.0,0.0,1013.079,0.0,0.0,275.9,283.8,-9.04,-6.38,-7.174,-6.56
2026-03-17 19:10:00,53,12.64,,,0.0,0.0,0.0,1013.08,0.0,0.0,276.1,283.8,-8.99,-6.391,-7.157,-6.568
2026-03-17 19:11:00,54,12.64,,,0.0,0.0,0.0,1013.081,0.0,0.0,276.7,283.9,-8.86,-6.399,-7.14,-6.574
2026-03-17 19:12:00,55,12.64,,,0.0,0.0,0.0,1013.082,0.0,0.0,275.9,283.9,-9.04,-6.406,-7.132,-6.578
2026-03-17 19:13:00,56,12.64,,,0.0,0.0,0.0,1013.083,0.0,0.0,275.6,284.0,-9.1,-6.411,-7.123,-6.58
2026-03-17 19:14:00,57,12.63,,,0.0,0.0,0.0,1013.083,0.0,0.0,276.0,284.1,-9.01,-6.416,-7.101,-6.584
2026-03-17 19:15:00,58,12.63,,,0.0,0.0,0.0,1013.083,0.0,0.0,276.2,284.1,-8.96,-6.42,-7.085,-6.585
2026-03-17 19:16:00,59,12.63,,,0.0,0.0,0.0,1013.083,0.0,0.0,276.7,284.2,-8.84,-6.423,-7.07,-6.587
2026-03-17 19:17:00,60,12.63,,,0.0,0.0,0.0,1013.077,0.0,0.0,277.1,284.3,-8.75,-6.425,-7.043,-6.59
2026-03-17 19:18:00,61,12.63,,,0.0,0.0,0.0,1013.01,0.0,0.0,277.5,284.4,-8.66,-6.426,-7.014,-6.588
2026-03-17 19:19:00,62,12.63,,,0.0,0.0,0.0,1013.011,0.0,0.0,277.4,284.7,-8.68,-6.425,-6.944,-6.583
2026-03-17 19:20:00,63,12.63,,,0.0,0.0,0.0,1013.068,0.0,0.0,277.0,284.7,-8.77,-6.423,-6.944,-6.576
2026-03-17 19:21:00,64,12.63,,,0.0,0.0,0.0,1013.072,0.0,0.0,276.9,284.8,-8.8,-6.419,-6.936,-6.568
2026-03-17 19:22:00,65,12.63,,,0.0,0.0,0.0,1013.067,0.0,0.0,276.8,284.8,-8.82,-6.415,-6.935,-6.561
2026-03-17 19:23:00,66,12.63,,,0.0,0.0,0.0,1013.064,0.0,0.0,276.8,284.9,-8.82,-6.411,-6.904,-6.556
2026-03-17 19:24:00,67,12.63,,,0.0,0.0,0.0,1013.068,0.0,0.0,277.5,285.0,-8.65,-6.406,-6.892,-6.548
2026-03-17 19:25:00,68,12.63,,,0.0,0.0,0.0,1013.057,0.0,0.0,277.8,285.3,-8.57,-6.4,-6.814,-6.535
2026-03-17 19:26:00,69,12.63,,,0.0,0.0,0.0,1013.047,0.0,0.0,278.3,285.5,-8.46,-6.392,-6.758,-6.512
2026-03-17 19:27:00,70,12.63,,,0.0,0.0,0.0,1013.055,0.0,0.0,278.1,285.5,-8.51,-6.38,-6.774,-6.488
2026-03-17 19:28:00,71,12.63,,,0.0,0.0,0.0,1013.053,0.0,0.0,277.8,285.7,-8.59,-6.368,-6.725,-6.467
2026-03-17 19:29:00,72,12.63,,,0.0,0.0,0.0,1013.053,0.0,0.0,277.9,285.7,-8.56,-6.355,-6.727,-6.448
2026-03-17 19:30:00,73,12.62,,,0.0,0.0,0.0,1013.059,0.0,0.0,278.2,285.8,-8.49,-6.34,-6.686,-6.428
2026-03-17 19:31:00,74,12.62,,,0.0,0.0,0.0,1013.05,0.0,0.0,278.4,285.9,-8.44,-6.325,-6.675,-6.407
2026-03-17 19:32:00,75,12.62,,,0.0,0.0,0.0,1013.057,0.0,0.0,278.8,285.9,-8.35,-6.31,-6.67,-6.388
2026-03-17 19:33:00,76,12.62,,,0.0,0.0,0.0,1013.034,0.0,0.0,278.8,285.9,-8.33,-6.295,-6.666,-6.371
2026-03-17 19:34:00,77,12.62,,,0.0,0.0,0.0,1013.016,0.0,0.0,278.8,285.9,-8.34,-6.281,-6.679,-6.355
2026-03-17 19:35:00,78,12.62,,,0.0,0.0,0.0,1013.016,0.0,0.0,278.8,285.9,-8.34,-6.268,-6.677,-6.341
2026-03-17 19:36:00,79,12.62,,,0.0,0.0,0.0,1013.022,0.0,0.0,278.8,285.9,-8.35,-6.255,-6.686,-6.328
2026-03-17 19:37:00,80,12.62,,,0.0,0.0,0.0,1013.014,0.0,0.0,278.7,286.0,-8.36,-6.245,-6.654,-6.317
2026-03-17 19:38:00,81,12.62,,,0.0,0.0,0.0,1013.006,0.0,0.0,278.8,285.5,-8.34,-6.237,-6.757,-6.312
2026-03-17 19:39:00,82,12.62,,,0.0,0.0,0.0,1013.001,0.0,0.0,278.7,285.2,-8.36,-6.234,-6.834,-6.316
2026-03-17 19:40:00,83,12.62,,,0.0,0.0,0.0,1012.989,0.0,0.0,278.7,285.0,-8.36,-6.237,-6.889,-6.328
2026-03-17 19:41:00,84,12.62,,,0.0,0.0,0.0,1012.994,0.0,0.0,278.7,285.0,-8.36,-6.244,-6.888,-6.345
2026-03-17 19:42:00,85,12.62,,,0.0,0.0,0.0,1012.991,0.0,0.0,278.6,285.0,-8.4,-6.251,-6.885,-6.359
2026-03-17 19:43:00,86,12.62,,,0.0,0.0,0.0,1012.988,0.0,0.0,278.3,285.0,-8.46,-6.257,-6.877,-6.371
2026-03-17 19:44:00,87,12.62,,,0.0,0.0,0.0,1012.993,0.0,0.0,278.3,285.1,-8.47,-6.264,-6.871,-6.384
2026-03-17 19:45:00,88,12.62,,,0.0,0.0,0.0,1013.005,0.0,0.0,278.3,285.0,-8.46,-6.27,-6.879,-6.396
2026-03-17 19:46:00,89,12.62,,,0.0,0.0,0.0,1012.995,0.0,0.0,278.3,285.2,-8.46,-6.275,-6.849,-6.405
2026-03-17 19:47:00,90,12.62,,,0.0,0.0,0.0,1012.985,0.0,0.0,278.0,285.2,-8.54,-6.28,-6.839,-6.411
2026-03-17 19:48:00,91,12.62,,,0.0,0.0,0.0,1012.983,0.0,0.0,277.6,285.0,-8.63,-6.286,-6.881,-6.418
2026-03-17 19:49:00,92,12.62,,,0.0,0.0,0.0,1012.982,0.0,0.0,277.3,285.0,-8.69,-6.292,-6.877,-6.425
2026-03-17 19:50:00,93,12.61,,,0.0,0.0,0.0,1012.982,0.0,0.0,277.5,285.2,-8.64,-6.295,-6.834,-6.428
2026-03-17 19:51:00,94,12.61,,,0.0,0.0,0.0,1012.974,0.0,0.0,277.6,285.2,-8.63,-6.297,-6.831,-6.43
2026-03-17 19:52:00,95,12.61,,,0.0,0.0,0.0,1012.988,0.0,0.0,277.4,285.3,-8.68,-6.299,-6.823,-6.432
2026-03-17 19:53:00,96,12.61,,,0.0,0.0,0.0,1012.986,0.0,0.0,278.1,285.3,-8.51,-6.304,-6.82,-6.436
2026-03-17 19:54:00,97,12.61,,,0.0,0.0,0.0,1012.985,0.0,0.0,277.9,285.1,-8.55,-6.309,-6.851,-6.441
2026-03-17 19:55:00,98,12.61,,,0.0,0.0,0.0,1012.976,0.0,0.0,277.8,285.2,-8.58,-6.314,-6.84,-6.448
2026-03-17 19:56:00,99,12.61,,,0.0,0.0,0.0,1013.045,0.0,0.0,277.1,285.2,-8.74,-6.32,-6.836,-6.456
2026-03-17 19:57:00,100,12.61,,,0.0,0.0,0.0,1012.977,0.0,0.0,277.4,285.3,-8.69,-6.326,-6.816,-6.462
2026-03-17 19:58:00,101,12.61,,,0.0,0.0,0.0,1013.039,0.0,0.0,277.6,285.4,-8.63,-6.328,-6.792,-6.462
2026-03-17 19:59:00,102,12.61,,,0.0,0.0,0.0,1012.968,0.0,0.0,277.2,285.4,-8.73,-6.329,-6.793,-6.458
2026-03-17 20:00:00,103,12.61,,,0.0,0.0,0.0,1012.963,0.0,0.0,276.8,285.4,-8.82,-6.326,-6.785,-6.451
2026-03-17 20:01:00,104,12.61,,,0.0,0.0,0.0,1012.959,0.0,0.0,277.2,285.4,-8.73,-6.323,-6.786,-6.445
2026-03-17 20:02:00,105,12.61,,,0.0,0.0,0.0,1012.956,0.0,0.0,276.9,285.5,-8.8,-6.319,-6.777,-6.438
2026-03-17 20:03:00,106,12.61,,,0.0,0.0,0.0,1012.96,0.0,0.0,275.2,285.5,-9.22,-6.316,-6.769,-6.432
2026-03-17 20:04:00,107,12.61,,,0.0,0.0,0.0,1012.895,0.0,0.0,268.0,285.4,-10.95,-6.314,-6.798,-6.426
2026-03-17 20:05:00,108,12.61,,,0.0,0.0,0.0,1012.839,0.0,0.0,267.5,285.3,-11.06,-6.315,-6.817,-6.422
2026-03-17 20:06:00,109,12.61,,,0.0,0.0,0.0,1012.833,0.0,0.0,270.9,285.1,-10.25,-6.318,-6.85,-6.42
2026-03-17 20:07:00,110,12.61,,,0.0,0.0,0.0,1012.903,0.0,0.0,269.2,285.1,-10.65,-6.322,-6.863,-6.42
2026-03-17 20:08:00,111,12.61,,,0.0,0.0,0.0,1012.829,0.0,0.0,272.2,285.0,-9.92,-6.326,-6.875,-6.424
2026-03-17 20:09:00,112,12.6,,,0.0,0.0,0.0,1012.831,0.0,0.0,275.1,285.1,-9.22,-6.331,-6.872,-6.43
2026-03-17 20:10:00,113,12.6,,,0.0,0.0,0.0,1012.826,0.0,0.0,275.9,285.1,-9.03,-6.335,-6.864,-6.435
2026-03-17 20:11:00,114,12.6,,,0.0,0.0,0.0,1012.829,0.0,0.0,275.6,285.2,-9.11,-6.337,-6.847,-6.436
2026-03-17 20:12:00,115,12.6,,,0.0,0.0,0.0,1012.821,0.0,0.0,275.8,285.1,-9.07,-6.337,-6.862,-6.434
2026-03-17 20:13:00,116,12.6,,,0.0,0.0,0.0,1012.818,0.0,0.0,275.7,285.2,-9.08,-6.336,-6.843,-6.43
2026-03-17 20:14:00,117,12.6,,,0.0,0.0,0.0,1012.816,0.0,0.0,276.1,285.2,-8.98,-6.335,-6.826,-6.426
2026-03-17 20:15:00,118,12.6,,,0.0,0.0,0.0,1012.814,0.0,0.0,276.1,285.2,-8.98,-6.334,-6.83,-6.422
2026-03-17 20:16:00,119,12.6,,,0.0,0.0,0.0,1012.812,0.0,0.0,276.2,285.3,-8.97,-6.333,-6.806,-6.42
2026-03-17 20:17:00,120,12.6,,,0.0,0.0,0.0,1012.811,0.0,0.0,276.3,285.3,-8.94,-6.331,-6.819,-6.417
2026-03-17 20:18:00,121,12.6,,,0.0,0.0,0.0,1012.809,0.0,0.0,276.1,285.2,-8.98,-6.329,-6.838,-6.413
2026-03-17 20:19:00,122,12.6,,,0.0,0.0,0.0,1012.816,0.0,0.0,275.7,285.2,-9.08,-6.327,-6.842,-6.41
2026-03-17 20:20:00,123,12.6,,,0.0,0.0,0.0,1012.814,0.0,0.0,275.8,285.1,-9.05,-6.326,-6.857,-6.407
2026-03-17 20:21:00,124,12.6,,,0.0,0.0,0.0,1012.812,0.0,0.0,276.2,285.1,-8.95,-6.325,-6.852,-6.404
2026-03-17 20:22:00,125,12.6,,,0.0,0.0,0.0,1012.811,0.0,0.0,276.0,285.1,-9.02,-6.326,-6.863,-6.402
2026-03-17 20:23:00,126,12.6,,,0.0,0.0,0.0,1012.81,0.0,0.0,275.5,285.1,-9.12,-6.327,-6.859,-6.4
2026-03-17 20:24:00,127,12.6,,,0.0,0.0,0.0,1012.809,0.0,0.0,274.9,285.1,-9.27,-6.328,-6.851,-6.398
2026-03-17 20:25:00,128,12.6,,,0.0,0.0,0.0,1012.808,0.0,0.0,274.0,285.2,-9.5,-6.329,-6.849,-6.399
2026-03-17 20:26:00,129,12.6,,,0.0,0.0,0.0,1012.808,0.0,0.0,273.8,285.0,-9.54,-6.331,-6.875,-6.404
2026-03-17 20:27:00,130,12.6,,,0.0,0.0,0.0,1012.807,0.0,0.0,275.2,285.1,-9.19,-6.335,-6.87,-6.41
2026-03-17 20:28:00,131,12.6,,,0.0,0.0,0.0,1012.807,0.0,0.0,275.9,285.0,-9.03,-6.339,-6.88,-6.415
2026-03-17 20:29:00,132,12.6,,,0.0,0.0,0.0,1012.807,0.0,0.0,276.0,285.1,-9.01,-6.344,-6.872,-6.418
2026-03-17 20:30:00,133,12.6,,,0.0,0.0,0.0,1012.738,0.0,0.0,276.2,285.3,-8.95,-6.35,-6.811,-6.421
2026-03-17 20:31:00,134,12.6,,,0.0,0.0,0.0,1012.813,0.0,0.0,276.4,285.3,-8.92,-6.358,-6.82,-6.425
2026-03-17 20:32:00,135,12.6,,,0.0,0.0,0.0,1012.812,0.0,0.0,276.3,285.2,-8.93,-6.366,-6.831,-6.428
2026-03-17 20:33:00,136,12.6,,,0.0,0.0,0.0,1012.742,0.0,0.0,276.2,285.2,-8.97,-6.372,-6.848,-6.433
2026-03-17 20:34:00,137,12.6,,,0.0,0.0,0.0,1012.81,0.0,0.0,276.0,285.2,-9.01,-6.377,-6.841,-6.436
2026-03-17 20:35:00,138,12.6,,,0.0,0.0,0.0,1012.809,0.0,0.0,276.2,285.2,-8.97,-6.382,-6.841,-6.44
2026-03-17 20:36:00,139,12.6,,,0.0,0.0,0.0,1012.808,0.0,0.0,276.2,285.2,-8.97,-6.385,-6.828,-6.445
2026-03-17 20:37:00,140,12.6,,,0.0,0.0,0.0,1012.808,0.0,0.0,276.4,285.2,-8.92,-6.387,-6.846,-6.449
2026-03-17 20:38:00,141,12.6,,,0.0,0.0,0.0,1012.807,0.0,0.0,276.4,285.2,-8.91,-6.39,-6.843,-6.453
2026-03-17 20:39:00,142,12.6,,,0.0,0.0,0.0,1012.739,0.0,0.0,276.4,285.2,-8.91,-6.393,-6.838,-6.456
2026-03-17 20:40:00,143,12.6,,,0.0,0.0,0.0,1012.67,0.0,0.0,277.0,285.3,-8.78,-6.397,-6.814,-6.458
2026-03-17 20:41:00,144,12.6,,,0.0,0.0,0.0,1012.67,0.0,0.0,276.9,285.5,-8.79,-6.402,-6.756,-6.458
2026-03-17 20:42:00,145,12.6,,,0.0,0.0,0.0,1012.67,0.0,0.0,276.9,285.5,-8.79,-6.407,-6.769,-6.458
2026-03-17 20:43:00,146,12.6,,,0.0,0.0,0.0,1012.669,0.0,0.0,277.0,285.6,-8.77,-6.412,-6.754,-6.457
2026-03-17 20:44:00,147,12.6,,,0.0,0.0,0.0,1012.669,0.0,0.0,277.3,285.7,-8.7,-6.414,-6.724,-6.456
2026-03-17 20:45:00,148,12.6,,,0.0,0.0,0.0,1012.669,0.0,0.0,277.1,285.6,-8.75,-6.413,-6.752,-6.455
2026-03-17 20:46:00,149,12.6,,,0.0,0.0,0.0,1012.669,0.0,0.0,277.2,285.6,-8.73,-6.413,-6.754,-6.456
2026-03-17 20:47:00,150,12.6,,,0.0,0.0,0.0,1012.669,0.0,0.0,277.2,285.6,-8.72,-6.413,-6.744,-6.457
2026-03-17 20:48:00,151,12.6,,,0.0,0.0,0.0,1012.669,0.0,0.0,277.3,285.6,-8.7,-6.413,-6.753,-6.457
2026-03-17 20:49:00,152,12.6,,,0.0,0.0,0.0,1012.669,0.0,0.0,277.4,285.7,-8.68,-6.412,-6.731,-6.456
2026-03-17 20:50:00,153,12.6,,,0.0,0.0,0.0,1012.669,0.0,0.0,277.7,285.7,-8.61,-6.41,-6.723,-6.454
2026-03-17 20:51:00,154,12.6,,,0.0,0.0,0.0,1012.669,0.0,0.0,277.7,285.8,-8.62,-6.408,-6.688,-6.452
2026-03-17 20:52:00,155,12.6,,,0.0,0.0,0.0,1012.669,0.0,0.0,277.7,285.9,-8.62,-6.406,-6.685,-6.45
2026-03-17 20:53:00,156,12.59,,,0.0,0.0,0.0,1012.676,0.0,0.0,277.3,285.9,-8.71,-6.404,-6.68,-6.448
2026-03-17 20:54:00,157,12.59,,,0.0,0.0,0.0,1012.606,0.0,0.0,277.2,285.6,-8.73,-6.403,-6.735,-6.447
2026-03-17 20:55:00,158,12.59,,,0.0,0.0,0.0,1012.537,0.0,0.0,277.1,285.7,-8.75,-6.406,-6.713,-6.448
2026-03-17 20:56:00,159,12.59,,,0.0,0.0,0.0,1012.536,0.0,0.0,276.8,285.7,-8.81,-6.414,-6.729,-6.45
2026-03-17 20:57:00,160,12.59,,,0.0,0.0,0.0,1012.603,0.0,0.0,277.3,285.6,-8.71,-6.424,-6.736,-6.452
2026-03-17 20:58:00,161,12.59,,,0.0,0.0,0.0,1012.671,0.0,0.0,276.9,285.7,-8.79,-6.43,-6.709,-6.453
2026-03-17 20:59:00,162,12.59,,,0.0,0.0,0.0,1012.602,0.0,0.0,276.2,285.8,-8.97,-6.432,-6.705,-6.452
2026-03-17 21:00:00,163,12.59,,,0.0,0.0,0.0,1012.533,0.0,0.0,276.5,285.9,-8.9,-6.437,-6.675,-6.451
2026-03-17 21:01:00,164,12.59,,,0.0,0.0,0.0,1012.533,0.0,0.0,276.8,285.9,-8.82,-6.446,-6.677,-6.451
2026-03-17 21:02:00,165,12.59,,,0.0,0.0,0.0,1012.533,0.0,0.0,277.2,286.0,-8.73,-6.456,-6.66,-6.452
2026-03-17 21:03:00,166,12.59,,,0.0,0.0,0.0,1012.533,0.0,0.0,276.7,286.0,-8.84,-6.459,-6.645,-6.452
2026-03-17 21:04:00,167,12.59,,,0.0,0.0,0.0,1012.532,0.0,0.0,274.0,286.0,-9.49,-6.457,-6.641,-6.45
2026-03-17 21:05:00,168,12.59,,,0.0,0.0,0.0,1012.532,0.0,0.0,273.4,286.1,-9.64,-6.454,-6.622,-6.448
2026-03-17 21:06:00,169,12.59,,,0.0,0.0,0.0,1012.601,0.0,0.0,275.4,286.1,-9.15,-6.451,-6.627,-6.446
2026-03-17 21:07:00,170,12.59,,,0.0,0.0,0.0,1012.532,0.0,0.0,274.8,286.1,-9.31,-6.448,-6.624,-6.446
2026-03-17 21:08:00,171,12.59,,,0.0,0.0,0.0,1012.532,0.0,0.0,273.6,286.1,-9.58,-6.446,-6.619,-6.445
2026-03-17 21:09:00,172,12.59,,,0.0,0.0,0.0,1012.532,0.0,0.0,276.5,286.1,-8.9,-6.443,-6.624,-6.443
2026-03-17 21:10:00,173,12.59,,,0.0,0.0,0.0,1012.532,0.0,0.0,277.6,286.1,-8.63,-6.441,-6.63,-6.441
2026-03-17 21:11:00,174,12.59,,,0.0,0.0,0.0,1012.532,0.0,0.0,277.8,286.2,-8.59,-6.439,-6.613,-6.439
2026-03-17 21:12:00,175,12.59,,,0.0,0.0,0.0,1012.532,0.0,0.0,277.4,286.0,-8.68,-6.436,-6.645,-6.436
2026-03-17 21:13:00,176,12.59,,,0.0,0.0,0.0,1012.532,0.0,0.0,274.8,286.1,-9.3,-6.435,-6.622,-6.433
2026-03-17 21:14:00,177,12.59,,,0.0,0.0,0.0,1012.539,0.0,0.0,275.9,286.2,-9.05,-6.432,-6.605,-6.43
2026-03-17 21:15:00,178,12.59,,,0.0,0.0,0.0,1012.538,0.0,0.0,276.2,286.2,-8.97,-6.425,-6.598,-6.426
2026-03-17 21:16:00,179,12.59,,,0.0,0.0,0.0,1012.537,0.0,0.0,276.3,286.2,-8.95,-6.417,-6.593,-6.421
2026-03-17 21:17:00,180,12.59,,,0.0,0.0,0.0,1012.535,0.0,0.0,275.9,286.2,-9.03,-6.409,-6.608,-6.416
2026-03-17 21:18:00,181,12.59,,,0.0,0.0,0.0,1012.542,0.0,0.0,274.8,286.3,-9.29,-6.4,-6.586,-6.409
2026-03-17 21:19:00,182,12.59,,,0.0,0.0,0.0,1012.54,0.0,0.0,275.4,286.0,-9.15,-6.39,-6.645,-6.404
2026-03-17 21:20:00,183,12.59,,,0.0,0.0,0.0,1012.538,0.0,0.0,276.6,286.0,-8.87,-6.381,-6.641,-6.4
2026-03-17 21:21:00,184,12.59,,,0.0,0.0,0.0,1012.537,0.0,0.0,277.0,286.3,-8.76,-6.371,-6.592,-6.39
2026-03-17 21:22:00,185,12.59,,,0.0,0.0,0.0,1012.536,0.0,0.0,276.8,286.2,-8.81,-6.361,-6.612,-6.379
2026-03-17 21:23:00,186,12.59,,,0.0,0.0,0.0,1012.535,0.0,0.0,275.9,286.1,-9.05,-6.35,-6.624,-6.367
2026-03-17 21:24:00,187,12.59,,,0.0,0.0,0.0,1012.541,0.0,0.0,274.9,286.2,-9.28,-6.339,-6.598,-6.355
2026-03-17 21:25:00,188,12.59,,,0.0,0.0,0.0,1012.539,0.0,0.0,273.5,286.3,-9.6,-6.327,-6.589,-6.343
2026-03-17 21:26:00,189,12.59,,,0.0,0.0,0.0,1012.538,0.0,0.0,274.3,286.3,-9.43,-6.307,-6.576,-6.331
2026-03-17 21:27:00,190,12.59,,,0.0,0.0,0.0,1012.4,0.0,0.0,274.4,286.4,-9.39,-6.28,-6.559,-6.317
2026-03-17 21:28:00,191,12.59,,,0.0,0.0,0.0,1012.467,0.0,0.0,273.4,286.4,-9.63,-6.257,-6.548,-6.302
2026-03-17 21:29:00,192,12.59,,,0.0,0.0,0.0,1012.398,0.0,0.0,273.4,286.4,-9.62,-6.244,-6.568,-6.29
2026-03-17 21:30:00,193,12.59,,,0.0,0.0,0.0,1012.397,0.0,0.0,275.4,286.4,-9.16,-6.232,-6.548,-6.279
2026-03-17 21:31:00,194,12.59,,,0.0,0.0,0.0,1012.397,0.0,0.0,276.5,286.4,-8.89,-6.222,-6.553,-6.268
2026-03-17 21:32:00,195,12.59,,,0.0,0.0,0.0,1012.396,0.0,0.0,276.5,286.4,-8.89,-6.213,-6.557,-6.258
2026-03-17 21:33:00,196,12.59,,,0.0,0.0,0.0,1012.396,0.0,0.0,277.0,286.5,-8.77,-6.203,-6.543,-6.249
2026-03-17 21:34:00,197,12.59,,,0.0,0.0,0.0,1012.396,0.0,0.0,277.2,286.4,-8.73,-6.194,-6.547,-6.242
2026-03-17 21:35:00,198,12.59,,,0.0,0.0,0.0,1012.464,0.0,0.0,276.7,286.3,-8.84,-6.186,-6.587,-6.241
2026-03-17 21:36:00,199,12.59,,,0.0,0.0,0.0,1012.396,0.0,0.0,275.9,286.2,-9.04,-6.181,-6.604,-6.246
2026-03-17 21:37:00,200,12.59,,,0.0,0.0,0.0,1012.395,0.0,0.0,275.5,286.3,-9.12,-6.177,-6.592,-6.25
2026-03-17 21:38:00,201,12.59,,,0.0,0.0,0.0,1012.395,0.0,0.0,274.7,286.3,-9.31,-6.173,-6.58,-6.25
2026-03-17 21:39:00,202,12.59,,,0.0,0.0,0.0,1012.395,0.0,0.0,275.6,286.3,-9.1,-6.169,-6.573,-6.246
2026-03-17 21:40:00,203,12.59,,,0.0,0.0,0.0,1012.395,0.0,0.0,277.1,286.4,-8.75,-6.166,-6.554,-6.242
2026-03-17 21:41:00,204,12.59,,,0.0,0.0,0.0,1012.395,0.0,0.0,276.8,286.5,-8.81,-6.163,-6.54,-6.238
2026-03-17 21:42:00,205,12.59,,,0.0,0.0,0.0,1012.395,0.0,0.0,277.4,286.4,-8.68,-6.16,-6.56,-6.236
2026-03-17 21:43:00,206,12.59,,,0.0,0.0,0.0,1012.395,0.0,0.0,277.3,286.3,-8.7,-6.157,-6.586,-6.239
2026-03-17 21:44:00,207,12.59,,,0.0,0.0,0.0,1012.395,0.0,0.0,277.3,286.3,-8.7,-6.156,-6.592,-6.241
2026-03-17 21:45:00,208,12.59,,,0.0,0.0,0.0,1012.258,0.0,0.0,276.6,286.4,-8.86,-6.155,-6.549,-6.243
2026-03-17 21:46:00,209,12.59,,,0.0,0.0,0.0,1012.258,0.0,0.0,276.1,286.5,-8.99,-6.153,-6.539,-6.241
2026-03-17 21:47:00,210,12.59,,,0.0,0.0,0.0,1012.258,0.0,0.0,274.8,286.5,-9.29,-6.15,-6.529,-6.237
2026-03-17 21:48:00,211,12.59,,,0.0,0.0,0.0,1012.258,0.0,0.0,274.4,286.6,-9.39,-6.148,-6.516,-6.234
2026-03-17 21:49:00,212,12.59,,,0.0,0.0,0.0,1012.258,0.0,0.0,276.0,286.5,-9.01,-6.147,-6.538,-6.231
2026-03-17 21:50:00,213,12.59,,,0.0,0.0,0.0,1012.258,0.0,0.0,276.1,286.5,-8.98,-6.146,-6.535,-6.228
2026-03-17 21:51:00,214,12.59,,,0.0,0.0,0.0,1012.258,0.0,0.0,275.1,286.4,-9.22,-6.143,-6.549,-6.225
2026-03-17 21:52:00,215,12.59,,,0.0,0.0,0.0,1012.258,0.0,0.0,275.2,286.5,-9.22,-6.14,-6.543,-6.222
2026-03-17 21:53:00,216,12.59,,,0.0,0.0,0.0,1012.258,0.0,0.0,273.7,286.4,-9.57,-6.136,-6.551,-6.218
2026-03-17 21:54:00,217,12.59,,,0.0,0.0,0.0,1012.258,0.0,0.0,270.5,286.6,-10.35,-6.131,-6.503,-6.214
2026-03-17 21:55:00,218,12.59,,,0.0,0.0,0.0,1012.258,0.0,0.0,273.1,286.7,-9.72,-6.125,-6.498,-6.203
2026-03-17 21:56:00,219,12.59,,,0.0,0.0,0.0,1012.258,0.0,0.0,274.6,286.6,-9.35,-6.118,-6.514,-6.192
2026-03-17 21:57:00,220,12.59,,,0.0,0.0,0.0,1012.258,0.0,0.0,276.6,286.7,-8.88,-6.11,-6.498,-6.181
2026-03-17 21:58:00,221,12.59,,,0.0,0.0,0.0,1012.258,0.0,0.0,276.1,286.8,-8.98,-6.101,-6.469,-6.169
2026-03-17 21:59:00,222,12.59,,,0.0,0.0,0.0,1012.258,0.0,0.0,274.5,286.9,-9.38,-6.091,-6.449,-6.157
2026-03-17 22:00:00,223,12.59,,,0.0,0.0,0.0,1012.258,0.0,0.0,273.6,286.8,-9.58,-6.082,-6.473,-6.146
2026-03-17 22:01:00,224,12.59,,,0.0,0.0,0.0,1012.258,0.0,0.0,269.5,286.7,-10.57,-6.074,-6.494,-6.137
2026-03-17 22:02:00,225,12.59,,,0.0,0.0,0.0,1012.258,0.0,0.0,270.7,286.7,-10.3,-6.066,-6.488,-6.127
2026-03-17 22:03:00,226,12.59,,,0.0,0.0,0.0,1012.121,0.0,0.0,272.8,286.6,-9.79,-6.059,-6.506,-6.118
2026-03-17 22:04:00,227,12.59,,,0.0,0.0,0.0,1012.121,0.0,0.0,271.4,286.6,-10.11,-6.052,-6.514,-6.11
2026-03-17 22:05:00,228,12.59,,,0.0,0.0,0.0,1012.19,0.0,0.0,268.1,286.5,-10.91,-6.049,-6.542,-6.104
2026-03-17 22:06:00,229,12.59,,,0.0,0.0,0.0,1012.121,0.0,0.0,258.9,286.5,-13.21,-6.046,-6.54,-6.099
2026-03-17 22:07:00,230,12.59,,,0.0,0.0,0.0,1012.121,0.0,0.0,268.4,286.2,-10.85,-6.044,-6.595,-6.095
2026-03-17 22:08:00,231,12.59,,,0.0,0.0,0.0,1012.121,0.0,0.0,273.5,286.2,-9.61,-6.044,-6.601,-6.091
2026-03-17 22:09:00,232,12.59,,,0.0,0.0,0.0,1012.121,0.0,0.0,275.6,286.2,-9.1,-6.044,-6.6,-6.088
2026-03-17 22:10:00,233,12.59,,,0.0,0.0,0.0,1012.258,0.0,0.0,275.6,286.3,-9.1,-6.043,-6.58,-6.087
2026-03-17 22:11:00,234,12.59,,,0.0,0.0,0.0,1012.258,0.0,0.0,275.9,286.3,-9.04,-6.042,-6.583,-6.087
2026-03-17 22:12:00,235,12.59,,,0.0,0.0,0.0,1012.121,0.0,0.0,276.1,286.2,-8.98,-6.044,-6.594,-6.089
2026-03-17 22:13:00,236,12.59,,,0.0,0.0,0.0,1012.121,0.0,0.0,275.8,286.2,-9.06,-6.05,-6.613,-6.094
2026-03-17 22:14:00,237,12.59,,,0.0,0.0,0.0,1012.121,0.0,0.0,275.2,286.4,-9.2,-6.053,-6.565,-6.099
2026-03-17 22:15:00,238,12.59,,,0.0,0.0,0.0,1012.121,0.0,0.0,274.0,286.4,-9.48,-6.052,-6.563,-6.098
2026-03-17 22:16:00,239,12.59,,,0.0,0.0,0.0,1012.121,0.0,0.0,274.5,286.3,-9.38,-6.051,-6.57,-6.096
2026-03-17 22:17:00,240,12.59,,,0.0,0.0,0.0,1012.121,0.0,0.0,275.7,286.3,-9.08,-6.052,-6.576,-6.094
2026-03-17 22:18:00,241,12.59,,,0.0,0.0,0.0,1012.121,0.0,0.0,277.0,286.5,-8.78,-6.051,-6.533,-6.092
2026-03-17 22:19:00,242,12.59,,,0.0,0.0,0.0,1012.121,0.0,0.0,276.6,286.4,-8.86,-6.049,-6.559,-6.09
2026-03-17 22:20:00,243,12.59,,,0.0,0.0,0.0,1012.053,0.0,0.0,276.3,286.1,-8.93,-6.049,-6.617,-6.089
2026-03-17 22:21:00,244,12.59,,,0.0,0.0,0.0,1012.053,0.0,0.0,275.1,286.0,-9.22,-6.05,-6.644,-6.091
2026-03-17 22:22:00,245,12.59,,,0.0,0.0,0.0,1011.984,0.0,0.0,273.0,285.9,-9.73,-6.052,-6.677,-6.094
2026-03-17 22:23:00,246,12.59,,,0.0,0.0,0.0,1011.984,0.0,0.0,271.0,285.8,-10.22,-6.059,-6.688,-6.097
2026-03-17 22:24:00,247,12.59,,,0.0,0.0,0.0,1011.984,0.0,0.0,269.4,285.9,-10.6,-6.067,-6.676,-6.1
2026-03-17 22:25:00,248,12.59,,,0.0,0.0,0.0,1011.984,0.0,0.0,267.9,285.9,-10.97,-6.074,-6.667,-6.106
2026-03-17 22:26:00,249,12.59,,,0.0,0.0,0.0,1011.916,0.0,0.0,271.3,285.9,-10.15,-6.084,-6.674,-6.111
2026-03-17 22:27:00,250,12.59,,,0.0,0.0,0.0,1011.847,0.0,0.0,271.1,286.0,-10.19,-6.099,-6.655,-6.119
2026-03-17 22:28:00,251,12.59,,,0.0,0.0,0.0,1011.984,0.0,0.0,271.3,286.1,-10.15,-6.111,-6.626,-6.125
2026-03-17 22:29:00,252,12.59,,,0.0,0.0,0.0,1011.984,0.0,0.0,273.0,286.1,-9.72,-6.115,-6.632,-6.13
2026-03-17 22:30:00,253,12.59,,,0.0,0.0,0.0,1011.916,0.0,0.0,273.2,286.1,-9.69,-6.118,-6.632,-6.136
2026-03-17 22:31:00,254,12.59,,,0.0,0.0,0.0,1011.847,0.0,0.0,272.5,286.0,-9.85,-6.12,-6.651,-6.148
2026-03-17 22:32:00,255,12.59,,,0.0,0.0,0.0,1011.847,0.0,0.0,272.5,286.1,-9.86,-6.123,-6.628,-6.162
2026-03-17 22:33:00,256,12.59,,,0.0,0.0,0.0,1011.847,0.0,0.0,271.6,286.1,-10.08,-6.125,-6.619,-6.173
2026-03-17 22:34:00,257,12.59,,,0.0,0.0,0.0,1011.847,0.0,0.0,264.3,286.0,-11.86,-6.129,-6.647,-6.179
2026-03-17 22:35:00,258,12.59,,,0.0,0.0,0.0,1011.847,0.0,0.0,268.2,286.0,-10.9,-6.133,-6.657,-6.185
2026-03-17 22:36:00,259,12.59,,,0.0,0.0,0.0,1011.847,0.0,0.0,270.9,285.9,-10.23,-6.14,-6.673,-6.189
2026-03-17 22:37:00,260,12.59,,,0.0,0.0,0.0,1011.847,0.0,0.0,273.0,286.0,-9.74,-6.152,-6.651,-6.194
2026-03-17 22:38:00,261,12.59,,,0.0,0.0,0.0,1011.779,0.0,0.0,273.0,286.0,-9.74,-6.161,-6.646,-6.198
2026-03-17 22:39:00,262,12.59,,,0.0,0.0,0.0,1011.847,0.0,0.0,270.8,286.1,-10.26,-6.168,-6.618,-6.202
2026-03-17 22:40:00,263,12.59,,,0.0,0.0,0.0,1011.847,0.0,0.0,271.8,286.0,-10.01,-6.173,-6.656,-6.207
2026-03-17 22:41:00,264,12.59,,,0.0,0.0,0.0,1011.847,0.0,0.0,271.8,285.8,-10.01,-6.177,-6.703,-6.221
2026-03-17 22:42:00,265,12.59,,,0.0,0.0,0.0,1011.779,0.0,0.0,270.7,285.8,-10.28,-6.184,-6.695,-6.238
2026-03-17 22:43:00,266,12.59,,,0.0,0.0,0.0,1011.779,0.0,0.0,271.9,285.9,-10.0,-6.189,-6.681,-6.249
2026-03-17 22:44:00,267,12.59,,,0.0,0.0,0.0,1011.71,0.0,0.0,269.0,285.7,-10.71,-6.196,-6.71,-6.264
2026-03-17 22:45:00,268,12.59,,,0.0,0.0,0.0,1011.71,0.0,0.0,271.5,285.8,-10.1,-6.204,-6.708,-6.278
2026-03-17 22:46:00,269,12.59,,,0.0,0.0,0.0,1011.71,0.0,0.0,272.8,285.9,-9.79,-6.211,-6.685,-6.286
2026-03-17 22:47:00,270,12.59,,,0.0,0.0,0.0,1011.71,0.0,0.0,270.9,285.9,-10.24,-6.219,-6.684,-6.29
2026-03-17 22:48:00,271,12.59,,,0.0,0.0,0.0,1011.71,0.0,0.0,267.3,286.0,-11.12,-6.235,-6.659,-6.293
2026-03-17 22:49:00,272,12.59,,,0.0,0.0,0.0,1011.71,0.0,0.0,268.5,286.0,-10.84,-6.252,-6.649,-6.297
2026-03-17 22:50:00,273,12.59,,,0.0,0.0,0.0,1011.71,0.0,0.0,270.4,286.0,-10.37,-6.263,-6.649,-6.3
2026-03-17 22:51:00,274,12.59,,,0.0,0.0,0.0,1011.71,0.0,0.0,271.5,286.0,-10.11,-6.268,-6.643,-6.301
2026-03-17 22:52:00,275,12.59,,,0.0,0.0,0.0,1011.71,0.0,0.0,272.5,286.0,-9.86,-6.269,-6.642,-6.301
2026-03-17 22:53:00,276,12.59,,,0.0,0.0,0.0,1011.71,0.0,0.0,272.9,286.1,-9.76,-6.269,-6.627,-6.3
2026-03-17 22:54:00,277,12.59,,,0.0,0.0,0.0,1011.71,0.0,0.0,272.5,286.1,-9.85,-6.268,-6.638,-6.299
2026-03-17 22:55:00,278,12.59,,,0.0,0.0,0.0,1011.71,0.0,0.0,271.7,286.1,-10.04,-6.267,-6.617,-6.298
2026-03-17 22:56:00,279,12.59,,,0.0,0.0,0.0,1011.71,0.0,0.0,271.7,286.1,-10.03,-6.267,-6.635,-6.298
2026-03-17 22:57:00,280,12.59,,,0.0,0.0,0.0,1011.71,0.0,0.0,272.8,286.2,-9.78,-6.268,-6.597,-6.299
2026-03-17 22:58:00,281,12.59,,,0.0,0.0,0.0,1011.71,0.0,0.0,272.9,286.2,-9.75,-6.268,-6.611,-6.3
2026-03-17 22:59:00,282,12.59,,,0.0,0.0,0.0,1011.71,0.0,0.0,273.3,286.3,-9.66,-6.267,-6.585,-6.3
2026-03-17 23:00:00,283,12.59,,,0.0,0.0,0.0,1011.71,0.0,0.0,273.0,286.3,-9.72,-6.266,-6.59,-6.299
2026-03-17 23:01:00,284,12.59,,,0.0,0.0,0.0,1011.71,0.0,0.0,272.4,286.1,-9.87,-6.265,-6.617,-6.3
2026-03-17 23:02:00,285,12.59,,,0.0,0.0,0.0,1011.71,0.0,0.0,272.6,286.2,-9.82,-6.264,-6.615,-6.303
2026-03-17 23:03:00,286,12.59,,,0.0,0.0,0.0,1011.71,0.0,0.0,274.5,286.2,-9.38,-6.265,-6.604,-6.303
2026-03-17 23:04:00,287,12.59,,,0.0,0.0,0.0,1011.71,0.0,0.0,274.0,286.3,-9.48,-6.269,-6.579,-6.302
2026-03-17 23:05:00,288,12.59,,,0.0,0.0,0.0,1011.71,0.0,0.0,273.7,286.3,-9.56,-6.27,-6.57,-6.302
2026-03-17 23:06:00,289,12.59,,,0.0,0.0,0.0,1011.642,0.0,0.0,274.3,286.3,-9.41,-6.27,-6.578,-6.301
2026-03-17 23:07:00,290,12.59,,,0.0,0.0,0.0,1011.642,0.0,0.0,274.1,286.3,-9.47,-6.272,-6.571,-6.304
2026-03-17 23:08:00,291,12.59,,,0.0,0.0,0.0,1011.573,0.0,0.0,273.7,286.3,-9.57,-6.276,-6.592,-6.309
2026-03-17 23:09:00,292,12.59,,,0.0,0.0,0.0,1011.573,0.0,0.0,272.6,286.3,-9.83,-6.28,-6.581,-6.315
2026-03-17 23:10:00,293,12.59,,,0.0,0.0,0.0,1011.505,0.0,0.0,273.0,286.4,-9.73,-6.284,-6.554,-6.32
2026-03-17 23:11:00,294,12.59,,,0.0,0.0,0.0,1011.505,0.0,0.0,273.1,286.5,-9.72,-6.285,-6.539,-6.323
2026-03-17 23:12:00,295,12.59,,,0.0,0.0,0.0,1011.505,0.0,0.0,273.4,286.5,-9.64,-6.285,-6.533,-6.324
2026-03-17 23:13:00,296,12.59,,,0.0,0.0,0.0,1011.437,0.0,0.0,273.6,286.6,-9.59,-6.283,-6.513,-6.323
2026-03-17 23:14:00,297,12.59,,,0.0,0.0,0.0,1011.437,0.0,0.0,273.8,286.6,-9.54,-6.28,-6.515,-6.32
2026-03-17 23:15:00,298,12.59,,,0.0,0.0,0.0,1011.437,0.0,0.0,273.2,286.5,-9.69,-6.275,-6.539,-6.317
2026-03-17 23:16:00,299,12.59,,,0.0,0.0,0.0,1011.437,0.0,0.0,272.6,286.4,-9.82,-6.27,-6.546,-6.313
2026-03-17 23:17:00,300,12.59,,,0.0,0.0,0.0,1011.437,0.0,0.0,271.9,286.4,-10.01,-6.266,-6.554,-6.311
2026-03-17 23:18:00,301,12.59,,,0.0,0.0,0.0,1011.437,0.0,0.0,272.3,286.3,-9.9,-6.262,-6.57,-6.31
2026-03-17 23:19:00,302,12.59,,,0.0,0.0,0.0,1011.437,0.0,0.0,271.7,286.4,-10.05,-6.257,-6.564,-6.306
2026-03-17 23:20:00,303,12.59,,,0.0,0.0,0.0,1011.437,0.0,0.0,271.8,286.4,-10.03,-6.254,-6.569,-6.302
2026-03-17 23:21:00,304,12.59,,,0.0,0.0,0.0,1011.437,0.0,0.0,270.8,286.5,-10.26,-6.251,-6.539,-6.298
2026-03-17 23:22:00,305,12.59,,,0.0,0.0,0.0,1011.437,0.0,0.0,268.4,286.5,-10.85,-6.247,-6.544,-6.294
2026-03-17 23:23:00,306,12.59,,,0.0,0.0,0.0,1011.437,0.0,0.0,268.3,286.5,-10.87,-6.242,-6.544,-6.289
2026-03-17 23:24:00,307,12.59,,,0.0,0.0,0.0,1011.368,0.0,0.0,268.7,286.4,-10.77,-6.237,-6.555,-6.284
2026-03-17 23:25:00,308,12.59,,,0.0,0.0,0.0,1011.3,0.0,0.0,269.3,286.4,-10.63,-6.231,-6.568,-6.278
2026-03-17 23:26:00,309,12.59,,,0.0,0.0,0.0,1011.368,0.0,0.0,270.8,286.4,-10.25,-6.225,-6.561,-6.273
2026-03-17 23:27:00,310,12.59,,,0.0,0.0,0.0,1011.437,0.0,0.0,270.3,286.4,-10.38,-6.219,-6.552,-6.267
2026-03-17 23:28:00,311,12.59,,,0.0,0.0,0.0,1011.437,0.0,0.0,269.8,286.5,-10.51,-6.214,-6.546,-6.262
2026-03-17 23:29:00,312,12.59,,,0.0,0.0,0.0,1011.437,0.0,0.0,270.2,286.5,-10.4,-6.207,-6.531,-6.256
2026-03-17 23:30:00,313,12.59,,,0.0,0.0,0.0,1011.437,0.0,0.0,270.6,286.5,-10.32,-6.201,-6.528,-6.25
2026-03-17 23:31:00,314,12.59,,,0.0,0.0,0.0,1011.437,0.0,0.0,270.8,286.4,-10.27,-6.196,-6.547,-6.246
2026-03-17 23:32:00,315,12.59,,,0.0,0.0,0.0,1011.437,0.0,0.0,271.3,286.5,-10.16,-6.194,-6.524,-6.244
2026-03-17 23:33:00,316,12.59,,,0.0,0.0,0.0,1011.437,0.0,0.0,271.0,286.7,-10.22,-6.19,-6.5,-6.242
2026-03-17 23:34:00,317,12.59,,,0.0,0.0,0.0,1011.368,0.0,0.0,271.3,286.8,-10.15,-6.186,-6.472,-6.239
2026-03-17 23:35:00,318,12.59,,,0.0,0.0,0.0,1011.437,0.0,0.0,271.1,286.9,-10.19,-6.182,-6.432,-6.234
2026-03-17 23:36:00,319,12.59,,,0.0,0.0,0.0,1011.437,0.0,0.0,270.0,286.9,-10.47,-6.176,-6.435,-6.227
2026-03-17 23:37:00,320,12.59,,,0.0,0.0,0.0,1011.437,0.0,0.0,269.9,287.1,-10.49,-6.167,-6.395,-6.219
2026-03-17 23:38:00,321,12.59,,,0.0,0.0,0.0,1011.437,0.0,0.0,270.9,287.2,-10.24,-6.157,-6.381,-6.21
2026-03-17 23:39:00,322,12.59,,,0.0,0.0,0.0,1011.437,0.0,0.0,272.0,287.1,-9.97,-6.145,-6.404,-6.2
2026-03-17 23:40:00,323,12.59,,,0.0,0.0,0.0,1011.368,0.0,0.0,271.6,287.1,-10.08,-6.134,-6.391,-6.19
2026-03-17 23:41:00,324,12.59,,,0.0,0.0,0.0,1011.437,0.0,0.0,271.4,287.2,-10.13,-6.124,-6.377,-6.18
2026-03-17 23:42:00,325,12.59,,,0.0,0.0,0.0,1011.437,0.0,0.0,271.0,287.2,-10.21,-6.115,-6.369,-6.172
2026-03-17 23:43:00,326,12.59,,,0.0,0.0,0.0,1011.437,0.0,0.0,270.7,287.3,-10.28,-6.107,-6.357,-6.165
2026-03-17 23:44:00,327,12.59,,,0.0,0.0,0.0,1011.368,0.0,0.0,270.2,287.3,-10.4,-6.099,-6.343,-6.158
2026-03-17 23:45:00,328,12.59,,,0.0,0.0,0.0,1011.3,0.0,0.0,269.8,287.4,-10.52,-6.09,-6.327,-6.149
2026-03-17 23:46:00,329,12.59,,,0.0,0.0,0.0,1011.3,0.0,0.0,270.6,287.4,-10.32,-6.075,-6.314,-6.138
2026-03-17 23:47:00,330,12.59,,,0.0,0.0,0.0,1011.3,0.0,0.0,270.1,287.6,-10.44,-6.054,-6.284,-6.124
2026-03-17 23:48:00,331,12.59,,,0.0,0.0,0.0,1011.163,0.0,0.0,268.5,287.6,-10.83,-6.037,-6.276,-6.11
2026-03-17 23:49:00,332,12.59,,,0.0,0.0,0.0,1011.231,0.0,0.0,269.2,287.8,-10.67,-6.022,-6.242,-6.097
2026-03-17 23:50:00,333,12.59,,,0.0,0.0,0.0,1011.3,0.0,0.0,270.0,287.7,-10.46,-6.007,-6.263,-6.083
2026-03-17 23:51:00,334,12.59,,,0.0,0.0,0.0,1011.3,0.0,0.0,269.2,287.7,-10.66,-5.992,-6.245,-6.069
2026-03-17 23:52:00,335,12.59,,,0.0,0.0,0.0,1011.368,0.0,0.0,270.0,287.6,-10.47,-5.983,-6.269,-6.057
2026-03-17 23:53:00,336,12.59,,,0.0,0.0,0.0,1011.437,0.0,0.0,270.7,287.6,-10.29,-5.981,-6.283,-6.047
2026-03-17 23:54:00,337,12.59,,,0.0,0.0,0.0,1011.437,0.0,0.0,270.6,287.5,-10.31,-5.982,-6.306,-6.039
2026-03-17 23:55:00,338,12.59,,,0.0,0.0,0.0,1011.437,0.0,0.0,270.9,287.2,-10.24,-5.986,-6.373,-6.033
2026-03-17 23:56:00,339,12.59,,,0.0,0.0,0.0,1011.437,0.0,0.0,270.5,287.3,-10.34,-5.992,-6.347,-6.029
2026-03-17 23:57:00,340,12.59,,,0.0,0.0,0.0,1011.3,0.0,0.0,270.5,287.4,-10.33,-5.997,-6.333,-6.026
2026-03-17 23:58:00,341,12.59,,,0.0,0.0,0.0,1011.368,0.0,0.0,270.2,287.3,-10.4,-6.001,-6.342,-6.023
2026-03-17 23:59:00,342,12.59,,,0.0,0.0,0.0,1011.3,0.0,0.0,270.6,287.3,-10.32,-6.004,-6.358,-6.02
2026-03-18 00:00:00,343,12.59,,,0.0,0.0,0.0,1011.3,0.0,0.0,270.7,287.4,-10.29,-6.007,-6.331,-6.017
2026-03-18 00:01:00,344,12.59,,,0.0,0.0,0.0,1011.231,0.0,0.0,270.8,287.5,-10.25,-6.006,-6.291,-6.014
2026-03-18 00:02:00,345,12.59,,,0.0,0.0,0.0,1011.231,0.0,0.0,270.5,287.6,-10.33,-5.995,-6.285,-6.009
2026-03-18 00:03:00,346,12.59,,,0.0,0.0,0.0,1011.3,0.0,0.0,269.9,287.7,-10.48,-5.975,-6.255,-6.0
2026-03-18 00:04:00,347,12.59,,,0.0,0.0,0.0,1011.231,0.0,0.0,270.3,287.7,-10.4,-5.96,-6.248,-5.991
2026-03-18 00:05:00,348,12.59,,,0.0,0.0,0.0,1011.231,0.0,0.0,270.5,287.5,-10.34,-5.952,-6.292,-5.983
2026-03-18 00:06:00,349,12.59,,,0.0,0.0,0.0,1011.3,0.0,0.0,270.8,287.4,-10.26,-5.948,-6.333,-5.977
2026-03-18 00:07:00,350,12.59,,,0.0,0.0,0.0,1011.163,0.0,0.0,271.0,287.5,-10.22,-5.945,-6.305,-5.972
2026-03-18 00:08:00,351,12.59,,,0.0,0.0,0.0,1011.163,0.0,0.0,271.1,287.5,-10.18,-5.939,-6.306,-5.965
2026-03-18 00:09:00,352,12.59,,,0.0,0.0,0.0,1011.163,0.0,0.0,271.1,287.5,-10.2,-5.932,-6.292,-5.959
2026-03-18 00:10:00,353,12.59,,,0.0,0.0,0.0,1011.163,0.0,0.0,270.5,287.5,-10.34,-5.927,-6.313,-5.953
2026-03-18 00:11:00,354,12.59,,,0.0,0.0,0.0,1011.163,0.0,0.0,269.5,287.5,-10.58,-5.927,-6.296,-5.948
2026-03-18 00:12:00,355,12.59,,,0.0,0.0,0.0,1011.163,0.0,0.0,268.3,287.4,-10.87,-5.93,-6.322,-5.945
2026-03-18 00:13:00,356,12.59,,,0.0,0.0,0.0,1011.163,0.0,0.0,266.4,287.4,-11.35,-5.932,-6.317,-5.941
2026-03-18 00:14:00,357,12.59,,,0.0,0.0,0.0,1011.163,0.0,0.0,265.5,287.4,-11.57,-5.933,-6.322,-5.938
2026-03-18 00:15:00,358,12.59,,,0.0,0.0,0.0,1011.163,0.0,0.0,266.9,287.4,-11.23,-5.931,-6.335,-5.934
2026-03-18 00:16:00,359,12.59,,,0.0,0.0,0.0,1011.163,0.0,0.0,267.6,287.3,-11.03,-5.93,-6.356,-5.931
2026-03-18 00:17:00,360,12.59,,,0.0,0.0,0.0,1011.163,0.0,0.0,266.9,287.3,-11.21,-5.932,-6.359,-5.932
2026-03-18 00:18:00,361,12.59,,,0.0,0.0,0.0,1011.094,0.0,0.0,267.3,287.2,-11.12,-5.938,-6.379,-5.934
2026-03-18 00:19:00,362,12.59,,,0.0,0.0,0.0,1011.094,0.0,0.0,268.0,287.1,-10.96,-5.95,-6.385,-5.936
2026-03-18 00:20:00,363,12.59,,,0.0,0.0,0.0,1011.094,0.0,0.0,268.5,287.2,-10.83,-5.957,-6.372,-5.938
2026-03-18 00:21:00,364,12.59,,,0.0,0.0,0.0,1011.094,0.0,0.0,268.7,287.2,-10.76,-5.959,-6.361,-5.938
2026-03-18 00:22:00,365,12.59,,,0.0,0.0,0.0,1011.026,0.0,0.0,269.7,287.5,-10.52,-5.95,-6.304,-5.935
2026-03-18 00:23:00,366,12.59,,,0.0,0.0,0.0,1011.026,0.0,0.0,270.3,287.7,-10.39,-5.926,-6.259,-5.928
2026-03-18 00:24:00,367,12.59,,,0.0,0.0,0.0,1011.026,0.0,0.0,269.4,287.5,-10.62,-5.908,-6.291,-5.919
2026-03-18 00:25:00,368,12.59,,,0.0,0.0,0.0,1011.026,0.0,0.0,270.3,287.6,-10.39,-5.896,-6.27,-5.911
2026-03-18 00:26:00,369,12.59,,,0.0,0.0,0.0,1011.026,0.0,0.0,270.2,287.7,-10.42,-5.878,-6.246,-5.902
2026-03-18 00:27:00,370,12.59,,,0.0,0.0,0.0,1011.026,0.0,0.0,269.7,287.6,-10.53,-5.866,-6.275,-5.893
2026-03-18 00:28:00,371,12.59,,,0.0,0.0,0.0,1011.026,0.0,0.0,269.7,287.6,-10.53,-5.857,-6.281,-5.885
2026-03-18 00:29:00,372,12.59,,,0.0,0.0,0.0,1011.026,0.0,0.0,269.9,287.7,-10.48,-5.846,-6.266,-5.876
2026-03-18 00:30:00,373,12.59,,,0.0,0.0,0.0,1011.026,0.0,0.0,270.1,287.7,-10.43,-5.831,-6.262,-5.867
2026-03-18 00:31:00,374,12.59,,,0.0,0.0,0.0,1011.094,0.0,0.0,269.9,287.7,-10.49,-5.817,-6.266,-5.857
2026-03-18 00:32:00,375,12.59,,,0.0,0.0,0.0,1011.026,0.0,0.0,269.1,287.6,-10.68,-5.806,-6.273,-5.848
2026-03-18 00:33:00,376,12.59,,,0.0,0.0,0.0,1011.094,0.0,0.0,268.9,287.6,-10.72,-5.791,-6.274,-5.839
2026-03-18 00:34:00,377,12.59,,,0.0,0.0,0.0,1011.026,0.0,0.0,269.4,287.7,-10.6,-5.773,-6.256,-5.829
2026-03-18 00:35:00,378,12.59,,,0.0,0.0,0.0,1011.026,0.0,0.0,269.3,287.7,-10.62,-5.756,-6.256,-5.819
2026-03-18 00:36:00,379,12.59,,,0.0,0.0,0.0,1011.026,0.0,0.0,269.6,287.7,-10.56,-5.738,-6.248,-5.807
2026-03-18 00:37:00,380,12.59,,,0.0,0.0,0.0,1011.026,0.0,0.0,269.0,287.6,-10.69,-5.723,-6.281,-5.796
2026-03-18 00:38:00,381,12.59,,,0.0,0.0,0.0,1011.026,0.0,0.0,269.9,287.5,-10.49,-5.713,-6.309,-5.787
2026-03-18 00:39:00,382,12.59,,,0.0,0.0,0.0,1011.026,0.0,0.0,269.5,287.6,-10.58,-5.706,-6.275,-5.778
2026-03-18 00:40:00,383,12.59,,,0.0,0.0,0.0,1011.026,0.0,0.0,269.7,287.6,-10.54,-5.697,-6.289,-5.771
2026-03-18 00:41:00,384,12.59,,,0.0,0.0,0.0,1011.026,0.0,0.0,270.0,287.5,-10.46,-5.692,-6.298,-5.764
2026-03-18 00:42:00,385,12.59,,,0.0,0.0,0.0,1011.026,0.0,0.0,268.9,287.4,-10.74,-5.688,-6.328,-5.759
2026-03-18 00:43:00,386,12.59,,,0.0,0.0,0.0,1011.026,0.0,0.0,267.3,287.3,-11.12,-5.685,-6.353,-5.754
2026-03-18 00:44:00,387,12.59,,,0.0,0.0,0.0,1011.026,0.0,0.0,266.8,287.2,-11.24,-5.682,-6.383,-5.75
2026-03-18 00:45:00,388,12.59,,,0.0,0.0,0.0,1011.026,0.0,0.0,268.0,287.1,-10.95,-5.68,-6.389,-5.748
2026-03-18 00:46:00,389,12.59,,,0.0,0.0,0.0,1011.026,0.0,0.0,268.8,287.2,-10.75,-5.678,-6.37,-5.745
2026-03-18 00:47:00,390,12.59,,,0.0,0.0,0.0,1010.957,0.0,0.0,268.5,287.2,-10.83,-5.676,-6.374,-5.742
2026-03-18 00:48:00,391,12.59,,,0.0,0.0,0.0,1010.957,0.0,0.0,268.7,287.2,-10.78,-5.673,-6.369,-5.74
2026-03-18 00:49:00,392,12.59,,,0.0,0.0,0.0,1010.889,0.0,0.0,266.7,287.1,-11.26,-5.675,-6.396,-5.738
2026-03-18 00:50:00,393,12.59,,,0.0,0.0,0.0,1010.889,0.0,0.0,264.8,287.2,-11.72,-5.683,-6.363,-5.739
2026-03-18 00:51:00,394,12.59,,,0.0,0.0,0.0,1010.889,0.0,0.0,267.1,287.3,-11.17,-5.691,-6.355,-5.739
2026-03-18 00:52:00,395,12.59,,,0.0,0.0,0.0,1010.82,0.0,0.0,267.5,287.3,-11.08,-5.708,-6.359,-5.743
2026-03-18 00:53:00,396,12.59,,,0.0,0.0,0.0,1010.82,0.0,0.0,267.5,287.3,-11.07,-5.72,-6.338,-5.746
2026-03-18 00:54:00,397,12.59,,,0.0,0.0,0.0,1010.82,0.0,0.0,267.6,287.4,-11.04,-5.726,-6.332,-5.75
2026-03-18 00:55:00,398,12.59,,,0.0,0.0,0.0,1010.889,0.0,0.0,267.7,287.4,-11.02,-5.728,-6.327,-5.752
2026-03-18 00:56:00,399,12.59,,,0.0,0.0,0.0,1010.889,0.0,0.0,267.5,287.4,-11.06,-5.73,-6.329,-5.755
2026-03-18 00:57:00,400,12.59,,,0.0,0.0,0.0,1010.82,0.0,0.0,265.4,287.5,-11.59,-5.73,-6.291,-5.757
2026-03-18 00:58:00,401,12.59,,,0.0,0.0,0.0,1010.752,0.0,0.0,265.5,287.7,-11.57,-5.726,-6.25,-5.756
2026-03-18 00:59:00,402,12.59,,,0.0,0.0,0.0,1010.752,0.0,0.0,267.4,287.6,-11.1,-5.719,-6.278,-5.754
2026-03-18 01:00:00,403,12.59,,,0.0,0.0,0.0,1010.752,0.0,0.0,267.5,287.5,-11.06,-5.711,-6.299,-5.75
2026-03-18 01:01:00,404,12.59,,,0.0,0.0,0.0,1010.752,0.0,0.0,266.9,287.3,-11.21,-5.706,-6.339,-5.747
2026-03-18 01:02:00,405,12.59,,,0.0,0.0,0.0,1010.752,0.0,0.0,266.8,287.3,-11.25,-5.699,-6.359,-5.743
2026-03-18 01:03:00,406,12.59,,,0.0,0.0,0.0,1010.752,0.0,0.0,266.8,287.3,-11.25,-5.692,-6.358,-5.739
2026-03-18 01:04:00,407,12.59,,,0.0,0.0,0.0,1010.752,0.0,0.0,267.3,287.0,-11.12,-5.686,-6.416,-5.736
2026-03-18 01:05:00,408,12.59,,,0.0,0.0,0.0,1010.752,0.0,0.0,264.2,286.7,-11.88,-5.683,-6.492,-5.735
2026-03-18 01:06:00,409,12.59,,,0.0,0.0,0.0,1010.683,0.0,0.0,252.0,286.4,-14.97,-5.683,-6.556,-5.735
2026-03-18 01:07:00,410,12.59,,,0.0,0.0,0.0,1010.683,0.0,0.0,238.2,286.2,-18.57,-5.686,-6.603,-5.74
2026-03-18 01:08:00,411,12.59,,,0.0,0.0,0.0,1010.615,0.0,0.0,239.3,286.2,-18.28,-5.695,-6.61,-5.746
2026-03-18 01:09:00,412,12.59,,,0.0,0.0,0.0,1010.615,0.0,0.0,244.8,286.3,-16.81,-5.703,-6.579,-5.754
2026-03-18 01:10:00,413,12.59,,,0.0,0.0,0.0,1010.683,0.0,0.0,234.2,286.1,-19.65,-5.713,-6.629,-5.76
2026-03-18 01:11:00,414,12.59,,,0.0,0.0,0.0,1010.615,0.0,0.0,227.3,286.3,-21.52,-5.713,-6.579,-5.764
2026-03-18 01:12:00,415,12.59,,,0.0,0.0,0.0,1010.615,0.0,0.0,248.4,286.2,-15.91,-5.707,-6.6,-5.766
2026-03-18 01:13:00,416,12.59,,,0.0,0.0,0.0,1010.615,0.0,0.0,252.7,286.0,-14.77,-5.708,-6.647,-5.768
2026-03-18 01:14:00,417,12.59,,,0.0,0.0,0.0,1010.615,0.0,0.0,250.6,285.8,-15.32,-5.713,-6.706,-5.771
2026-03-18 01:15:00,418,12.59,,,0.0,0.0,0.0,1010.615,0.0,0.0,249.5,285.3,-15.59,-5.721,-6.805,-5.775
2026-03-18 01:16:00,419,12.59,,,0.0,0.0,0.0,1010.615,0.0,0.0,237.8,284.6,-18.71,-5.73,-6.969,-5.781
2026-03-18 01:17:00,420,12.59,,,0.0,0.0,0.0,1010.615,0.0,0.0,205.6,283.8,-27.79,-5.741,-7.16,-5.79
2026-03-18 01:18:00,421,12.59,,,0.0,0.0,0.0,1010.615,0.0,0.0,202.7,283.2,-28.62,-5.754,-7.315,-5.801
2026-03-18 01:19:00,422,12.59,,,0.0,0.0,0.0,1010.615,0.0,0.0,206.3,282.7,-27.56,-5.769,-7.417,-5.814
2026-03-18 01:20:00,423,12.59,,,0.0,0.0,0.0,1010.615,0.0,0.0,198.5,282.6,-29.93,-5.785,-7.455,-5.83
2026-03-18 01:21:00,424,12.59,,,0.0,0.0,0.0,1010.615,0.0,0.0,201.3,282.1,-29.06,-5.801,-7.557,-5.847
2026-03-18 01:22:00,425,12.59,,,0.0,0.0,0.0,1010.615,0.0,0.0,201.8,281.4,-28.91,-5.816,-7.733,-5.863
2026-03-18 01:23:00,426,12.59,,,0.0,0.0,0.0,1010.615,0.0,0.0,200.2,280.9,-29.37,-5.833,-7.844,-5.88
2026-03-18 01:24:00,427,12.59,,,0.0,0.0,0.0,1010.615,0.0,0.0,199.2,280.7,-29.7,-5.851,-7.899,-5.9
2026-03-18 01:25:00,428,12.59,,,0.0,0.0,0.0,1010.615,0.0,0.0,215.1,280.4,-25.03,-5.873,-7.968,-5.922
2026-03-18 01:26:00,429,12.59,,,0.0,0.0,0.0,1010.615,0.0,0.0,222.8,280.1,-22.8,-5.91,-8.05,-5.948
2026-03-18 01:27:00,430,12.59,,,0.0,0.0,0.0,1010.615,0.0,0.0,206.9,280.1,-27.38,-5.945,-8.04,-5.977
2026-03-18 01:28:00,431,12.59,,,0.0,0.0,0.0,1010.546,0.0,0.0,196.1,279.9,-30.64,-5.998,-8.07,-6.01
2026-03-18 01:29:00,432,12.59,,,0.0,0.0,0.0,1010.615,0.0,0.0,204.7,280.4,-28.02,-6.016,-7.968,-6.036
2026-03-18 01:30:00,433,12.59,,,0.0,0.0,0.0,1010.546,0.0,0.0,213.4,279.5,-25.48,-6.044,-8.18,-6.061
2026-03-18 01:31:00,434,12.59,,,0.0,0.0,0.0,1010.546,0.0,0.0,221.1,278.8,-23.27,-6.084,-8.33,-6.088
2026-03-18 01:32:00,435,12.59,,,0.0,0.0,0.0,1010.478,0.0,0.0,223.2,278.4,-22.68,-6.129,-8.45,-6.118
2026-03-18 01:33:00,436,12.59,,,0.0,0.0,0.0,1010.478,0.0,0.0,224.9,278.1,-22.2,-6.185,-8.52,-6.152
2026-03-18 01:34:00,437,12.59,,,0.0,0.0,0.0,1010.478,0.0,0.0,231.8,277.9,-20.29,-6.25,-8.57,-6.189
2026-03-18 01:35:00,438,12.59,,,0.0,0.0,0.0,1010.478,0.0,0.0,230.2,277.7,-20.72,-6.313,-8.61,-6.231
2026-03-18 01:36:00,439,12.59,,,0.0,0.0,0.0,1010.478,0.0,0.0,206.0,277.8,-27.71,-6.374,-8.59,-6.275
2026-03-18 01:37:00,440,12.59,,,0.0,0.0,0.0,1010.409,0.0,0.0,200.3,277.3,-29.42,-6.439,-8.7,-6.324
2026-03-18 01:38:00,441,12.59,,,0.0,0.0,0.0,1010.341,0.0,0.0,232.8,278.3,-20.02,-6.505,-8.47,-6.375
2026-03-18 01:39:00,442,12.59,,,0.0,0.0,0.0,1010.341,0.0,0.0,233.9,278.6,-19.71,-6.53,-8.39,-6.414
2026-03-18 01:40:00,443,12.59,,,0.0,0.0,0.0,1010.409,0.0,0.0,231.1,278.7,-20.48,-6.575,-8.38,-6.454
2026-03-18 01:41:00,444,12.59,,,0.0,0.0,0.0,1010.341,0.0,0.0,236.7,278.3,-18.98,-6.644,-8.45,-6.497
2026-03-18 01:42:00,445,12.59,,,0.0,0.0,0.0,1010.341,0.0,0.0,231.0,278.0,-20.53,-6.699,-8.54,-6.537
2026-03-18 01:43:00,446,12.59,,,0.0,0.0,0.0,1010.409,0.0,0.0,205.0,277.5,-28.0,-6.735,-8.66,-6.573
2026-03-18 01:44:00,447,12.59,,,0.0,0.0,0.0,1010.341,0.0,0.0,178.6,276.7,-36.24,-6.77,-8.85,-6.61
2026-03-18 01:45:00,448,12.59,,,0.0,0.0,0.0,1010.341,0.0,0.0,169.8,275.7,-39.21,-6.816,-9.08,-6.651
2026-03-18 01:46:00,449,12.59,,,0.0,0.0,0.0,1010.341,0.0,0.0,164.9,274.9,-40.92,-6.874,-9.27,-6.696
2026-03-18 01:47:00,450,12.59,,,0.0,0.0,0.0,1010.341,0.0,0.0,171.1,274.9,-38.79,-6.936,-9.28,-6.746
2026-03-18 01:48:00,451,12.59,,,0.0,0.0,0.0,1010.341,0.0,0.0,200.0,275.1,-29.48,-6.986,-9.24,-6.793
2026-03-18 01:49:00,452,12.59,,,0.0,0.0,0.0,1010.341,0.0,0.0,214.2,275.3,-25.25,-7.024,-9.18,-6.836
2026-03-18 01:50:00,453,12.59,,,0.0,0.0,0.0,1010.341,0.0,0.0,236.9,275.5,-18.93,-7.072,-9.13,-6.879
2026-03-18 01:51:00,454,12.59,,,0.0,0.0,0.0,1010.341,0.0,0.0,245.9,276.6,-16.52,-7.132,-8.88,-6.924
2026-03-18 01:52:00,455,12.59,,,0.0,0.0,0.0,1010.341,0.0,0.0,242.4,277.3,-17.44,-7.172,-8.69,-6.966
2026-03-18 01:53:00,456,12.59,,,0.0,0.0,0.0,1010.341,0.0,0.0,241.5,277.8,-17.69,-7.211,-8.58,-7.005
2026-03-18 01:54:00,457,12.59,,,0.0,0.0,0.0,1010.272,0.0,0.0,253.0,278.1,-14.71,-7.249,-8.5,-7.042
2026-03-18 01:55:00,458,12.59,,,0.0,0.0,0.0,1010.272,0.0,0.0,245.4,278.3,-16.68,-7.281,-8.47,-7.076
2026-03-18 01:56:00,459,12.59,,,0.0,0.0,0.0,1010.204,0.0,0.0,208.4,278.4,-26.97,-7.321,-8.44,-7.116
2026-03-18 01:57:00,460,12.59,,,0.0,0.0,0.0,1010.204,0.0,0.0,211.8,278.9,-25.95,-7.358,-8.33,-7.151
2026-03-18 01:58:00,461,12.59,,,0.0,0.0,0.0,1010.204,0.0,0.0,233.0,279.6,-19.99,-7.375,-8.16,-7.18
2026-03-18 01:59:00,462,12.59,,,0.0,0.0,0.0,1010.204,0.0,0.0,251.1,280.0,-15.19,-7.39,-8.06,-7.205
2026-03-18 02:00:00,463,12.59,,,0.0,0.0,0.0,1010.204,0.0,0.0,248.9,280.4,-15.76,-7.405,-7.955,-7.23
2026-03-18 02:01:00,464,12.59,,,0.0,0.0,0.0,1010.211,0.0,0.0,244.3,281.0,-16.95,-7.414,-7.83,-7.251
2026-03-18 02:02:00,465,12.58,,,0.0,0.0,0.0,1010.209,0.0,0.0,242.2,281.2,-17.5,-7.414,-7.785,-7.266
2026-03-18 02:03:00,466,12.58,,,0.0,0.0,0.0,1010.207,0.0,0.0,222.9,281.2,-22.78,-7.409,-7.78,-7.277
2026-03-18 02:04:00,467,12.58,,,0.0,0.0,0.0,1010.214,0.0,0.0,194.1,281.0,-31.27,-7.399,-7.827,-7.282
2026-03-18 02:05:00,468,12.58,,,0.0,0.0,0.0,1010.212,0.0,0.0,210.3,280.5,-26.4,-7.384,-7.944,-7.283
2026-03-18 02:06:00,469,12.58,,,0.0,0.0,0.0,1010.21,0.0,0.0,215.0,280.1,-24.99,-7.371,-8.04,-7.283
2026-03-18 02:07:00,470,12.58,,,0.0,0.0,0.0,1010.223,0.0,0.0,230.2,280.2,-20.74,-7.362,-8.02,-7.284
2026-03-18 02:08:00,471,12.58,,,0.0,0.0,0.0,1010.226,0.0,0.0,241.9,280.7,-17.59,-7.353,-7.888,-7.286
2026-03-18 02:09:00,472,12.58,,,0.0,0.0,0.0,1010.25,0.0,0.0,244.4,281.1,-16.93,-7.344,-7.807,-7.288
2026-03-18 02:10:00,473,12.58,,,0.0,0.0,0.0,1010.255,0.0,0.0,233.3,281.3,-19.88,-7.338,-7.757,-7.29
2026-03-18 02:11:00,474,12.58,,,0.0,0.0,0.0,1010.266,0.0,0.0,249.9,281.6,-15.49,-7.333,-7.686,-7.29
2026-03-18 02:12:00,475,12.58,,,0.0,0.0,0.0,1010.26,0.0,0.0,257.6,281.7,-13.53,-7.331,-7.656,-7.29
2026-03-18 02:13:00,476,12.58,,,0.0,0.0,0.0,1010.263,0.0,0.0,252.3,281.9,-14.87,-7.321,-7.619,-7.288
2026-03-18 02:14:00,477,12.58,,,0.0,0.0,0.0,1010.265,0.0,0.0,253.5,282.1,-14.56,-7.311,-7.56,-7.283
2026-03-18 02:15:00,478,12.58,,,0.0,0.0,0.0,1010.274,0.0,0.0,259.1,282.3,-13.15,-7.299,-7.519,-7.277
2026-03-18 02:16:00,479,12.58,,,0.0,0.0,0.0,1010.206,0.0,0.0,261.0,282.6,-12.67,-7.288,-7.446,-7.271
2026-03-18 02:17:00,480,12.58,,,0.0,0.0,0.0,1010.151,0.0,0.0,264.5,282.9,-11.81,-7.268,-7.387,-7.262
2026-03-18 02:18:00,481,12.58,,,0.0,0.0,0.0,1010.141,0.0,0.0,262.5,283.0,-12.3,-7.243,-7.342,-7.251
2026-03-18 02:19:00,482,12.58,,,0.0,0.0,0.0,1010.148,0.0,0.0,258.2,283.3,-13.37,-7.218,-7.292,-7.238
2026-03-18 02:20:00,483,12.58,,,0.0,0.0,0.0,1010.159,0.0,0.0,256.9,283.5,-13.71,-7.192,-7.242,-7.223
2026-03-18 02:21:00,484,12.58,,,0.0,0.0,0.0,1010.162,0.0,0.0,261.9,283.8,-12.46,-7.162,-7.157,-7.207
2026-03-18 02:22:00,485,12.58,,,0.0,0.0,0.0,1010.153,0.0,0.0,265.5,284.3,-11.57,-7.116,-7.039,-7.185
2026-03-18 02:23:00,486,12.58,,,0.0,0.0,0.0,1010.157,0.0,0.0,265.4,284.4,-11.58,-7.064,-7.013,-7.16
2026-03-18 02:24:00,487,12.58,,,0.0,0.0,0.0,1010.167,0.0,0.0,266.7,284.4,-11.27,-7.03,-7.014,-7.136
2026-03-18 02:25:00,488,12.58,,,0.0,0.0,0.0,1010.092,0.0,0.0,267.8,284.6,-11.01,-6.995,-6.973,-7.111
2026-03-18 02:26:00,489,12.58,,,0.0,0.0,0.0,1010.102,0.0,0.0,268.0,284.7,-10.94,-6.959,-6.953,-7.086
2026-03-18 02:27:00,490,12.58,,,0.0,0.0,0.0,1010.178,0.0,0.0,268.9,285.0,-10.73,-6.926,-6.894,-7.061
2026-03-18 02:28:00,491,12.58,,,0.0,0.0,0.0,1010.115,0.0,0.0,268.8,285.1,-10.75,-6.895,-6.862,-7.036
2026-03-18 02:29:00,492,12.58,,,0.0,0.0,0.0,1010.174,0.0,0.0,269.5,285.3,-10.58,-6.862,-6.812,-7.009
2026-03-18 02:30:00,493,12.58,,,0.0,0.0,0.0,1010.105,0.0,0.0,269.7,285.4,-10.53,-6.828,-6.782,-6.982
2026-03-18 02:31:00,494,12.58,,,0.0,0.0,0.0,1010.112,0.0,0.0,269.5,285.8,-10.59,-6.788,-6.694,-6.951
2026-03-18 02:32:00,495,12.58,,,0.0,0.0,0.0,1010.049,0.0,0.0,269.1,286.0,-10.69,-6.748,-6.662,-6.917
2026-03-18 02:33:00,496,12.58,,,0.0,0.0,0.0,1010.053,0.0,0.0,268.7,286.0,-10.78,-6.706,-6.642,-6.882
2026-03-18 02:34:00,497,12.58,,,0.0,0.0,0.0,1010.049,0.0,0.0,269.0,286.2,-10.71,-6.664,-6.609,-6.847
2026-03-18 02:35:00,498,12.58,,,0.0,0.0,0.0,1010.037,0.0,0.0,269.3,286.7,-10.62,-6.612,-6.487,-6.807
2026-03-18 02:36:00,499,12.58,,,0.0,0.0,0.0,1010.037,0.0,0.0,269.4,286.8,-10.61,-6.55,-6.456,-6.764
2026-03-18 02:37:00,500,12.58,,,0.0,0.0,0.0,1010.044,0.0,0.0,269.8,287.1,-10.51,-6.481,-6.385,-6.718
2026-03-18 02:38:00,501,12.58,,,0.0,0.0,0.0,1010.035,0.0,0.0,268.5,287.3,-10.82,-6.404,-6.357,-6.668
2026-03-18 02:39:00,502,12.58,,,0.0,0.0,0.0,1009.959,0.0,0.0,269.1,287.3,-10.68,-6.339,-6.36,-6.618
2026-03-18 02:40:00,503,12.58,,,0.0,0.0,0.0,1009.892,0.0,0.0,269.9,287.1,-10.47,-6.284,-6.387,-6.571
2026-03-18 02:41:00,504,12.58,,,0.0,0.0,0.0,1009.901,0.0,0.0,270.2,287.1,-10.4,-6.237,-6.39,-6.527
2026-03-18 02:42:00,505,12.58,,,0.0,0.0,0.0,1009.967,0.0,0.0,270.1,287.0,-10.43,-6.204,-6.429,-6.489
2026-03-18 02:43:00,506,12.58,,,0.0,0.0,0.0,1009.898,0.0,0.0,269.5,286.9,-10.57,-6.178,-6.439,-6.456
2026-03-18 02:44:00,507,12.58,,,0.0,0.0,0.0,1009.898,0.0,0.0,269.3,286.9,-10.64,-6.156,-6.44,-6.426
2026-03-18 02:45:00,508,12.58,,,0.0,0.0,0.0,1009.891,0.0,0.0,268.9,286.7,-10.72,-6.137,-6.484,-6.399
2026-03-18 02:46:00,509,12.58,,,0.0,0.0,0.0,1009.886,0.0,0.0,268.4,286.5,-10.84,-6.12,-6.535,-6.374
2026-03-18 02:47:00,510,12.58,,,0.0,0.0,0.0,1009.943,0.0,0.0,268.7,286.4,-10.77,-6.107,-6.548,-6.353
2026-03-18 02:48:00,511,12.58,,,0.0,0.0,0.0,1009.932,0.0,0.0,270.5,286.6,-10.34,-6.087,-6.508,-6.33
2026-03-18 02:49:00,512,12.58,,,0.0,0.0,0.0,1009.849,0.0,0.0,270.5,286.8,-10.35,-6.057,-6.454,-6.305
2026-03-18 02:50:00,513,12.58,,,0.0,0.0,0.0,1009.852,0.0,0.0,269.8,287.1,-10.51,-6.022,-6.393,-6.28
2026-03-18 02:51:00,514,12.58,,,0.0,0.0,0.0,1009.84,0.0,0.0,267.2,287.2,-11.14,-5.983,-6.364,-6.252
2026-03-18 02:52:00,515,12.58,,,0.0,0.0,0.0,1009.838,0.0,0.0,263.4,287.3,-12.08,-5.941,-6.356,-6.223
2026-03-18 02:53:00,516,12.58,,,0.0,0.0,0.0,1009.843,0.0,0.0,261.0,287.3,-12.66,-5.898,-6.352,-6.192
2026-03-18 02:54:00,517,12.58,,,0.0,0.0,0.0,1009.833,0.0,0.0,263.1,287.3,-12.16,-5.86,-6.347,-6.16
2026-03-18 02:55:00,518,12.58,,,0.0,0.0,0.0,1009.831,0.0,0.0,264.9,287.5,-11.71,-5.822,-6.311,-6.128
2026-03-18 02:56:00,519,12.58,,,0.0,0.0,0.0,1009.823,0.0,0.0,262.7,287.3,-12.26,-5.791,-6.339,-6.097
2026-03-18 02:57:00,520,12.58,,,0.0,0.0,0.0,1009.817,0.0,0.0,260.3,287.3,-12.85,-5.771,-6.353,-6.069
2026-03-18 02:58:00,521,12.58,,,0.0,0.0,0.0,1009.812,0.0,0.0,261.0,287.3,-12.67,-5.757,-6.352,-6.044
2026-03-18 02:59:00,522,12.58,,,0.0,0.0,0.0,1009.74,0.0,0.0,259.0,287.3,-13.18,-5.751,-6.359,-6.022
2026-03-18 03:00:00,523,12.58,,,0.0,0.0,0.0,1009.668,0.0,0.0,258.8,287.5,-13.23,-5.749,-6.307,-6.002
2026-03-18 03:01:00,524,12.58,,,0.0,0.0,0.0,1009.664,0.0,0.0,254.4,287.6,-14.33,-5.738,-6.271,-5.981
2026-03-18 03:02:00,525,12.58,,,0.0,0.0,0.0,1009.594,0.0,0.0,247.2,287.6,-16.19,-5.724,-6.271,-5.959
2026-03-18 03:03:00,526,12.58,,,0.0,0.0,0.0,1009.593,0.0,0.0,239.3,287.7,-18.27,-5.704,-6.254,-5.935
2026-03-18 03:04:00,527,12.58,,,0.0,0.0,0.0,1009.66,0.0,0.0,233.6,287.6,-19.8,-5.679,-6.274,-5.91
2026-03-18 03:05:00,528,12.58,,,0.0,0.0,0.0,1009.591,0.0,0.0,240.3,287.3,-18.01,-5.66,-6.338,-5.887
2026-03-18 03:06:00,529,12.58,,,0.0,0.0,0.0,1009.522,0.0,0.0,235.6,286.8,-19.26,-5.646,-6.463,-5.867
2026-03-18 03:07:00,530,12.58,,,0.0,0.0,0.0,1009.521,0.0,0.0,238.6,286.6,-18.44,-5.638,-6.505,-5.851
2026-03-18 03:08:00,531,12.58,,,0.0,0.0,0.0,1009.52,0.0,0.0,241.2,286.5,-17.75,-5.632,-6.532,-5.837
2026-03-18 03:09:00,532,12.58,,,0.0,0.0,0.0,1009.52,0.0,0.0,247.4,286.5,-16.15,-5.63,-6.528,-5.827
2026-03-18 03:10:00,533,12.58,,,0.0,0.0,0.0,1009.52,0.0,0.0,254.0,286.5,-14.43,-5.63,-6.541,-5.819
2026-03-18 03:11:00,534,12.58,,,0.0,0.0,0.0,1009.52,0.0,0.0,245.7,286.3,-16.57,-5.632,-6.575,-5.812
2026-03-18 03:12:00,535,12.58,,,0.0,0.0,0.0,1009.519,0.0,0.0,248.0,286.5,-15.99,-5.632,-6.529,-5.805
2026-03-18 03:13:00,536,12.58,,,0.0,0.0,0.0,1009.519,0.0,0.0,260.7,286.9,-12.76,-5.627,-6.452,-5.797
2026-03-18 03:14:00,537,12.58,,,0.0,0.0,0.0,1009.519,0.0,0.0,256.8,287.3,-13.73,-5.61,-6.345,-5.783
2026-03-18 03:15:00,538,12.58,,,0.0,0.0,0.0,1009.519,0.0,0.0,252.2,287.4,-14.91,-5.586,-6.316,-5.766
2026-03-18 03:16:00,539,12.58,,,0.0,0.0,0.0,1009.519,0.0,0.0,250.0,287.3,-15.47,-5.572,-6.345,-5.752
2026-03-18 03:17:00,540,12.58,,,0.0,0.0,0.0,1009.519,0.0,0.0,241.9,287.5,-17.58,-5.563,-6.291,-5.737
2026-03-18 03:18:00,541,12.58,,,0.0,0.0,0.0,1009.519,0.0,0.0,234.3,287.3,-19.62,-5.555,-6.359,-5.723
2026-03-18 03:19:00,542,12.58,,,0.0,0.0,0.0,1009.451,0.0,0.0,234.0,286.8,-19.7,-5.55,-6.469,-5.712
2026-03-18 03:20:00,543,12.58,,,0.0,0.0,0.0,1009.519,0.0,0.0,243.1,286.3,-17.27,-5.543,-6.58,-5.702
2026-03-18 03:21:00,544,12.58,,,0.0,0.0,0.0,1009.382,0.0,0.0,256.7,286.0,-13.75,-5.535,-6.654,-5.693
2026-03-18 03:22:00,545,12.58,,,0.0,0.0,0.0,1009.382,0.0,0.0,247.1,285.6,-16.24,-5.537,-6.745,-5.687
2026-03-18 03:23:00,546,12.58,,,0.0,0.0,0.0,1009.382,0.0,0.0,234.2,285.5,-19.63,-5.547,-6.765,-5.685
2026-03-18 03:24:00,547,12.58,,,0.0,0.0,0.0,1009.382,0.0,0.0,228.1,285.5,-21.3,-5.558,-6.757,-5.686
2026-03-18 03:25:00,548,12.58,,,0.0,0.0,0.0,1009.382,0.0,0.0,234.0,285.2,-19.69,-5.575,-6.828,-5.69
2026-03-18 03:26:00,549,12.58,,,0.0,0.0,0.0,1009.382,0.0,0.0,237.0,284.8,-18.89,-5.597,-6.94,-5.699
2026-03-18 03:27:00,550,12.58,,,0.0,0.0,0.0,1009.382,0.0,0.0,231.3,284.3,-20.44,-5.619,-7.043,-5.709
2026-03-18 03:28:00,551,12.58,,,0.0,0.0,0.0,1009.451,0.0,0.0,225.2,283.9,-22.14,-5.641,-7.146,-5.722
2026-03-18 03:29:00,552,12.58,,,0.0,0.0,0.0,1009.451,0.0,0.0,207.3,283.3,-27.26,-5.663,-7.29,-5.738
2026-03-18 03:30:00,553,12.58,,,0.0,0.0,0.0,1009.451,0.0,0.0,236.3,282.5,-19.1,-5.689,-7.472,-5.773
2026-03-18 03:31:00,554,12.58,,,0.0,0.0,0.0,1009.382,0.0,0.0,237.9,282.6,-18.64,-5.726,-7.445,-5.831
2026-03-18 03:32:00,555,12.58,,,0.0,0.0,0.0,1009.382,0.0,0.0,232.7,282.3,-20.05,-5.761,-7.527,-5.872
2026-03-18 03:33:00,556,12.58,,,0.0,0.0,0.0,1009.382,0.0,0.0,245.9,282.2,-16.52,-5.797,-7.546,-5.909
2026-03-18 03:34:00,557,12.58,,,0.0,0.0,0.0,1009.382,0.0,0.0,246.8,282.2,-16.3,-5.827,-7.533,-5.938
2026-03-18 03:35:00,558,12.58,,,0.0,0.0,0.0,1009.382,0.0,0.0,246.0,282.3,-16.51,-5.853,-7.516,-5.96
2026-03-18 03:36:00,559,12.58,,,0.0,0.0,0.0,1009.382,0.0,0.0,236.4,282.3,-19.05,-5.879,-7.523,-5.98
2026-03-18 03:37:00,560,12.58,,,0.0,0.0,0.0,1009.382,0.0,0.0,238.4,282.2,-18.5,-5.92,-7.532,-6.003
2026-03-18 03:38:00,561,12.58,,,0.0,0.0,0.0,1009.382,0.0,0.0,233.0,282.2,-19.95,-5.958,-7.536,-6.029
2026-03-18 03:39:00,562,12.58,,,0.0,0.0,0.0,1009.314,0.0,0.0,226.7,282.1,-21.73,-5.996,-7.56,-6.058
2026-03-18 03:40:00,563,12.58,,,0.0,0.0,0.0,1009.245,0.0,0.0,197.6,282.3,-30.19,-6.027,-7.52,-6.082
2026-03-18 03:41:00,564,12.58,,,0.0,0.0,0.0,1009.245,0.0,0.0,194.7,282.7,-31.07,-6.046,-7.426,-6.1
2026-03-18 03:42:00,565,12.58,,,0.0,0.0,0.0,1009.314,0.0,0.0,224.4,283.4,-22.36,-6.052,-7.26,-6.112
2026-03-18 03:43:00,566,12.58,,,0.0,0.0,0.0,1009.245,0.0,0.0,239.7,283.6,-18.17,-6.047,-7.21,-6.118
2026-03-18 03:44:00,567,12.58,,,0.0,0.0,0.0,1009.245,0.0,0.0,249.0,283.8,-15.72,-6.041,-7.163,-6.121
2026-03-18 03:45:00,568,12.58,,,0.0,0.0,0.0,1009.245,0.0,0.0,243.4,283.6,-17.18,-6.037,-7.2,-6.122
2026-03-18 03:46:00,569,12.58,,,0.0,0.0,0.0,1009.245,0.0,0.0,239.4,283.5,-18.24,-6.034,-7.241,-6.123
2026-03-18 03:47:00,570,12.58,,,0.0,0.0,0.0,1009.245,0.0,0.0,232.9,283.4,-20.01,-6.033,-7.254,-6.124
2026-03-18 03:48:00,571,12.58,,,0.0,0.0,0.0,1009.177,0.0,0.0,220.6,283.4,-23.4,-6.031,-7.267,-6.126
2026-03-18 03:49:00,572,12.58,,,0.0,0.0,0.0,1009.108,0.0,0.0,236.6,283.4,-19.02,-6.033,-7.247,-6.129
2026-03-18 03:50:00,573,12.58,,,0.0,0.0,0.0,1009.108,0.0,0.0,256.2,283.5,-13.89,-6.04,-7.235,-6.133
2026-03-18 03:51:00,574,12.58,,,0.0,0.0,0.0,1009.108,0.0,0.0,266.6,283.5,-11.29,-6.053,-7.226,-6.141
2026-03-18 03:52:00,575,12.58,,,0.0,0.0,0.0,1009.108,0.0,0.0,262.4,283.8,-12.34,-6.068,-7.172,-6.149
2026-03-18 03:53:00,576,12.58,,,0.0,0.0,0.0,1008.971,0.0,0.0,250.4,283.6,-15.36,-6.08,-7.203,-6.157
2026-03-18 03:54:00,577,12.58,,,0.0,0.0,0.0,1008.971,0.0,0.0,256.6,283.6,-13.78,-6.094,-7.223,-6.165
2026-03-18 03:55:00,578,12.58,,,0.0,0.0,0.0,1008.971,0.0,0.029,255.3,283.3,-14.1,-6.111,-7.277,-6.173
2026-03-18 03:56:00,579,12.58,,,0.0,0.0,0.0,1008.971,0.029,0.029,239.0,283.4,-18.37,-6.128,-7.257,-6.183
2026-03-18 03:57:00,580,12.58,,,0.0,0.0,0.0,1008.971,0.014,0.157,237.2,283.5,-18.83,-6.142,-7.23,-6.193
2026-03-18 03:58:00,581,12.58,,,0.0,0.0,0.0,1008.971,0.086,0.258,242.3,283.5,-17.48,-6.155,-7.243,-6.204
2026-03-18 03:59:00,582,12.58,,,0.0,0.0,0.0,1008.971,0.143,0.344,245.8,283.5,-16.56,-6.168,-7.244,-6.218
2026-03-18 04:00:00,583,12.58,,,0.0,0.0,0.0,1008.971,0.172,0.344,258.9,283.6,-13.21,-6.18,-7.207,-6.232
2026-03-18 04:01:00,584,12.58,,,0.0,0.0,0.0,1008.971,0.172,0.344,262.1,283.7,-12.4,-6.192,-7.185,-6.245
2026-03-18 04:02:00,585,12.58,,,0.0,0.0,0.0,1008.971,0.172,0.344,235.6,284.1,-19.28,-6.205,-7.087,-6.257
2026-03-18 04:03:00,586,12.58,,,0.0,0.0,0.0,1008.971,0.172,0.344,224.2,284.4,-22.38,-6.214,-7.034,-6.264
2026-03-18 04:04:00,587,12.58,,,0.0,0.0,0.0,1008.971,0.2,0.344,222.0,283.9,-23.0,-6.222,-7.136,-6.271
2026-03-18 04:05:00,588,12.58,,,0.0,0.0,0.0,1008.971,0.229,0.344,221.7,283.4,-23.09,-6.233,-7.25,-6.283
2026-03-18 04:06:00,589,12.58,,,0.0,0.0,0.0,1008.971,0.329,0.344,222.5,283.8,-22.87,-6.243,-7.169,-6.291
2026-03-18 04:07:00,590,12.58,,,0.0,0.0,0.0,1008.834,0.344,0.344,228.3,283.7,-21.26,-6.247,-7.188,-6.289
2026-03-18 04:08:00,591,12.58,,,0.0,0.0,0.0,1008.834,0.344,0.344,212.8,283.8,-25.65,-6.25,-7.175,-6.287
2026-03-18 04:09:00,592,12.58,,,0.0,0.0,0.0,1008.834,0.344,0.344,232.7,283.7,-20.11,-6.248,-7.185,-6.284
2026-03-18 04:10:00,593,12.58,,,0.0,0.0,0.0,1008.834,0.344,0.344,245.2,283.1,-16.71,-6.246,-7.328,-6.281
2026-03-18 04:11:00,594,12.58,,,0.0,0.0,0.0,1008.834,0.344,0.344,213.4,282.5,-25.5,-6.248,-7.472,-6.283
2026-03-18 04:12:00,595,12.58,,,0.0,0.0,0.0,1008.834,0.344,0.344,200.3,281.8,-29.37,-6.255,-7.641,-6.293
2026-03-18 04:13:00,596,12.58,,,0.0,0.0,0.0,1008.834,0.344,0.344,182.2,281.3,-35.07,-6.266,-7.761,-6.308
2026-03-18 04:14:00,597,12.58,,,0.0,0.0,0.0,1008.766,0.344,0.344,190.7,281.1,-32.34,-6.278,-7.799,-6.32
2026-03-18 04:15:00,598,12.58,,,0.0,0.0,0.0,1008.766,0.344,0.386,228.3,281.1,-21.31,-6.291,-7.795,-6.334
2026-03-18 04:16:00,599,12.58,,,0.0,0.0,0.0,1008.834,0.344,0.687,249.0,281.6,-15.71,-6.303,-7.672,-6.347
2026-03-18 04:17:00,600,12.58,,,0.0,0.0,0.0,1008.834,0.344,0.687,244.5,281.6,-16.9,-6.315,-7.672,-6.361
2026-03-18 04:18:00,601,12.58,,,0.0,0.0,0.0,1008.834,0.415,0.687,220.3,281.4,-23.51,-6.33,-7.723,-6.378
2026-03-18 04:19:00,602,12.58,,,0.0,0.0,0.0,1008.766,0.501,0.687,199.9,281.2,-29.51,-6.347,-7.779,-6.397
2026-03-18 04:20:00,603,12.58,,,0.0,0.0,0.0,1008.766,0.515,0.687,188.9,281.0,-32.91,-6.366,-7.819,-6.417
2026-03-18 04:21:00,604,12.58,,,0.0,0.0,0.0,1008.697,0.515,0.687,167.3,280.7,-40.11,-6.384,-7.904,-6.434
2026-03-18 04:22:00,605,12.58,,,0.0,0.0,0.0,1008.766,0.544,0.687,189.5,280.5,-32.81,-6.402,-7.948,-6.451
2026-03-18 04:23:00,606,12.58,,,0.0,0.0,0.0,1008.697,0.573,0.687,213.2,280.5,-25.52,-6.416,-7.934,-6.468
2026-03-18 04:24:00,607,12.58,,,0.0,0.0,0.0,1008.697,0.658,0.687,189.5,280.8,-32.74,-6.421,-7.863,-6.481
2026-03-18 04:25:00,608,12.58,,,0.0,0.0,0.0,1008.697,0.687,0.687,211.9,281.3,-26.0,-6.424,-7.752,-6.491
2026-03-18 04:26:00,609,12.58,,,0.0,0.0,0.0,1008.697,0.687,0.787,248.8,281.6,-15.79,-6.429,-7.681,-6.499
2026-03-18 04:27:00,610,12.58,,,0.0,0.0,0.0,1008.697,0.687,1.031,255.9,282.1,-13.97,-6.43,-7.56,-6.505
2026-03-18 04:28:00,611,12.58,,,0.0,0.0,0.0,1008.629,0.687,1.031,256.5,282.4,-13.82,-6.431,-7.499,-6.51
2026-03-18 04:29:00,612,12.58,,,0.0,0.0,0.0,1008.629,0.716,1.031,250.6,282.5,-15.3,-6.433,-7.469,-6.515
2026-03-18 04:30:00,613,12.58,,,0.0,0.0,0.0,1008.629,0.802,1.031,248.3,282.6,-15.91,-6.44,-7.456,-6.522
2026-03-18 04:31:00,614,12.58,,,0.0,0.0,0.0,1008.697,0.859,1.031,245.1,282.1,-16.73,-6.451,-7.566,-6.538
2026-03-18 04:32:00,615,12.58,,,0.0,0.0,0.0,1008.629,0.887,1.031,245.0,281.7,-16.76,-6.468,-7.653,-6.579
2026-03-18 04:33:00,616,12.58,,,0.0,0.0,0.0,1008.629,1.016,1.131,246.0,282.8,-16.49,-6.482,-7.402,-6.597
2026-03-18 04:34:00,617,12.58,,,0.0,0.0,0.0,1008.56,1.031,1.374,244.8,283.1,-16.81,-6.487,-7.324,-6.584
2026-03-18 04:35:00,618,12.58,,,0.0,0.0,0.0,1008.56,1.031,1.374,248.7,283.1,-15.8,-6.488,-7.323,-6.569
2026-03-18 04:36:00,619,12.58,,,0.0,0.0,0.0,1008.697,1.031,1.374,254.9,283.2,-14.22,-6.485,-7.301,-6.561
2026-03-18 04:37:00,620,12.58,,,0.0,0.0,0.0,1008.697,1.031,1.374,259.4,283.3,-13.09,-6.476,-7.291,-6.552
2026-03-18 04:38:00,621,12.58,,,0.0,0.0,0.0,1008.629,1.031,1.374,257.2,283.3,-13.62,-6.472,-7.287,-6.546
2026-03-18 04:39:00,622,12.58,,,0.0,0.0,0.0,1008.56,1.131,1.374,251.1,283.3,-15.19,-6.471,-7.271,-6.542
2026-03-18 04:40:00,623,12.58,,,0.0,0.0,0.0,1008.56,1.202,1.446,239.4,283.5,-18.25,-6.472,-7.239,-6.543
2026-03-18 04:41:00,624,12.58,,,0.0,0.0,0.0,1008.56,1.274,1.703,216.3,283.5,-24.65,-6.482,-7.245,-6.545
2026-03-18 04:42:00,625,12.58,,,0.0,0.0,0.0,1008.56,1.374,1.718,219.9,283.6,-23.63,-6.49,-7.216,-6.545
2026-03-18 04:43:00,626,12.58,,,0.0,0.0,0.0,1008.56,1.374,1.718,258.6,283.7,-13.3,-6.495,-7.181,-6.545
2026-03-18 04:44:00,627,12.58,,,0.0,0.0,0.0,1008.56,1.374,1.732,262.2,284.0,-12.39,-6.506,-7.125,-6.547
2026-03-18 04:45:00,628,12.58,,,0.0,0.0,0.0,1008.56,1.517,1.889,255.5,284.0,-14.06,-6.519,-7.118,-6.55
2026-03-18 04:46:00,629,12.58,,,0.0,0.0,0.0,1008.56,1.703,1.889,243.2,283.9,-17.26,-6.532,-7.15,-6.554
2026-03-18 04:47:00,630,12.58,,,0.0,0.0,0.0,1008.56,1.718,1.99,227.7,283.8,-21.41,-6.549,-7.176,-6.562
2026-03-18 04:48:00,631,12.58,,,0.0,0.0,0.0,1008.423,1.718,2.176,248.6,283.7,-15.85,-6.571,-7.181,-6.573
2026-03-18 04:49:00,632,12.58,,,0.0,0.0,0.0,1008.56,1.718,2.233,249.3,283.8,-15.65,-6.591,-7.167,-6.583
2026-03-18 04:50:00,633,12.58,,,0.0,0.0,0.0,1008.56,1.889,2.233,260.4,283.9,-12.82,-6.603,-7.152,-6.59
2026-03-18 04:51:00,634,12.58,,,0.0,0.0,0.0,1008.56,2.061,2.476,250.5,283.7,-15.34,-6.612,-7.194,-6.595
2026-03-18 04:52:00,635,12.58,,,0.0,0.0,0.0,1008.423,2.061,2.577,248.1,283.6,-15.96,-6.62,-7.21,-6.601
2026-03-18 04:53:00,636,12.58,,,0.0,0.0,0.0,1008.423,2.061,2.577,249.5,283.4,-15.59,-6.629,-7.27,-6.608
2026-03-18 04:54:00,637,12.58,,,0.0,0.0,0.0,1008.423,2.061,2.577,234.6,283.2,-19.55,-6.643,-7.302,-6.617
2026-03-18 04:55:00,638,12.58,,,0.0,0.0,0.0,1008.423,2.061,2.577,211.7,282.9,-25.97,-6.654,-7.37,-6.625
2026-03-18 04:56:00,639,12.58,,,0.0,0.0,0.0,1008.492,2.061,2.577,223.4,282.8,-22.63,-6.663,-7.406,-6.631
2026-03-18 04:57:00,640,12.58,,,0.0,0.0,0.0,1008.492,2.176,2.577,247.3,283.0,-16.18,-6.669,-7.342,-6.641
2026-03-18 04:58:00,641,12.58,,,0.0,0.0,0.0,1008.492,2.305,2.648,260.3,283.5,-12.86,-6.678,-7.234,-6.652
2026-03-18 04:59:00,642,12.58,,,0.0,0.0,0.0,1008.423,2.405,2.92,261.5,284.1,-12.54,-6.688,-7.099,-6.66
2026-03-18 05:00:00,643,12.58,,,0.0,0.0,0.0,1008.43,2.405,2.92,251.4,284.5,-15.12,-6.691,-6.999,-6.665
2026-03-18 05:01:00,644,12.58,,,0.0,0.0,0.0,1008.429,2.405,2.949,264.9,284.6,-11.72,-6.689,-6.975,-6.667
2026-03-18 05:02:00,645,12.58,,,0.0,0.0,0.0,1008.428,2.505,3.249,260.3,284.7,-12.85,-6.683,-6.954,-6.664
2026-03-18 05:03:00,646,12.58,,,0.0,0.0,0.0,1008.427,2.577,3.264,259.5,284.7,-13.06,-6.668,-6.965,-6.658
2026-03-18 05:04:00,647,12.58,,,0.0,0.0,0.0,1008.495,2.577,3.264,258.3,284.4,-13.35,-6.651,-7.026,-6.649
2026-03-18 05:05:00,648,12.58,,,0.0,0.0,0.0,1008.494,2.577,3.278,248.0,284.2,-16.0,-6.637,-7.06,-6.64
2026-03-18 05:06:00,649,12.58,,,0.0,0.0,0.0,1008.432,2.648,3.593,253.7,283.9,-14.53,-6.627,-7.152,-6.637
2026-03-18 05:07:00,650,12.58,,,0.0,0.0,0.0,1008.505,2.906,3.607,259.5,283.8,-13.04,-6.623,-7.158,-6.64
2026-03-18 05:08:00,651,12.58,,,0.0,0.0,0.0,1008.434,2.92,3.779,263.9,284.5,-11.96,-6.609,-6.993,-6.635
2026-03-18 05:09:00,652,12.58,,,0.0,0.0,0.0,1008.432,2.92,3.951,264.3,284.6,-11.87,-6.573,-6.974,-6.621
2026-03-18 05:10:00,653,12.58,,,0.0,0.0,0.0,1008.43,2.92,3.951,257.5,284.6,-13.55,-6.548,-6.968,-6.606
2026-03-18 05:11:00,654,12.58,,,0.0,0.0,0.0,1008.433,2.963,3.951,266.5,284.9,-11.33,-6.532,-6.915,-6.593
2026-03-18 05:12:00,655,12.58,,,0.0,0.0,0.0,1008.438,3.221,4.022,269.9,285.1,-10.48,-6.519,-6.853,-6.58
2026-03-18 05:13:00,656,12.58,,,0.0,0.0,0.0,1008.442,3.264,4.294,270.7,285.3,-10.28,-6.506,-6.82,-6.568
2026-03-18 05:14:00,657,12.58,,,0.0,0.0,0.0,1008.438,3.349,4.294,269.2,285.1,-10.65,-6.495,-6.86,-6.557
2026-03-18 05:15:00,658,12.58,,,0.0,0.0,0.0,1008.435,3.536,4.538,266.3,284.8,-11.37,-6.487,-6.926,-6.549
2026-03-18 05:16:00,659,12.58,,,0.0,0.0,0.0,1008.433,3.607,4.638,265.0,284.8,-11.67,-6.48,-6.925,-6.543
2026-03-18 05:17:00,660,12.58,,,0.0,0.0,0.0,1008.431,3.607,4.695,266.1,284.8,-11.41,-6.475,-6.921,-6.535
2026-03-18 05:18:00,661,12.58,,,0.0,0.0,0.0,1008.428,3.793,4.981,267.2,284.8,-11.14,-6.47,-6.924,-6.528
2026-03-18 05:19:00,662,12.58,,,0.0,0.0,0.0,1008.434,3.951,4.981,270.2,285.3,-10.42,-6.463,-6.822,-6.519
2026-03-18 05:20:00,663,12.58,,,0.0,0.0,0.0,1008.439,4.022,5.268,267.6,285.7,-11.05,-6.446,-6.721,-6.491
2026-03-18 05:21:00,664,12.58,,,0.0,0.0,0.0,1008.436,4.28,5.425,267.0,285.6,-11.19,-6.41,-6.749,-6.464
2026-03-18 05:22:00,665,12.58,,,0.0,0.0,0.0,1008.44,4.294,5.668,266.8,285.5,-11.24,-6.375,-6.766,-6.436
2026-03-18 05:23:00,666,12.58,,,0.0,0.0,0.0,1008.368,4.366,5.668,265.0,285.5,-11.69,-6.341,-6.777,-6.403
2026-03-18 05:24:00,667,12.58,,,0.0,0.0,0.0,1008.363,4.566,5.811,265.1,285.3,-11.65,-6.308,-6.809,-6.371
2026-03-18 05:25:00,668,12.58,,,0.0,0.0,0.0,1008.43,4.638,6.012,266.4,285.2,-11.35,-6.278,-6.843,-6.343
2026-03-18 05:26:00,669,12.58,,,0.0,0.0,0.0,1008.429,4.824,6.241,266.8,285.1,-11.25,-6.256,-6.858,-6.323
2026-03-18 05:27:00,670,12.58,,,0.0,0.0,0.0,1008.359,4.981,6.355,263.0,285.2,-12.17,-6.237,-6.844,-6.306
2026-03-18 05:28:00,671,12.58,,,0.0,0.0,0.0,1008.304,4.981,6.441,259.1,285.3,-13.15,-6.221,-6.817,-6.29
2026-03-18 05:29:00,672,12.58,,,0.0,0.0,0.0,1008.437,5.11,6.699,259.8,285.4,-12.97,-6.21,-6.796,-6.278
2026-03-18 05:30:00,673,12.58,,,0.0,0.0,0.0,1008.434,5.311,6.699,261.3,285.4,-12.59,-6.203,-6.794,-6.268
2026-03-18 05:31:00,674,12.58,,,0.0,0.0,0.0,1008.43,5.325,6.899,262.4,285.3,-12.32,-6.195,-6.824,-6.26
2026-03-18 05:32:00,675,12.58,,,0.0,0.0,0.0,1008.429,5.425,7.042,259.9,285.4,-12.94,-6.185,-6.784,-6.248
2026-03-18 05:33:00,676,12.58,,,0.0,0.0,0.0,1008.291,5.654,7.114,258.4,285.6,-13.33,-6.174,-6.751,-6.235
2026-03-18 05:34:00,677,12.58,,,0.0,0.0,0.0,1008.29,5.697,7.386,258.1,285.6,-13.4,-6.162,-6.733,-6.222
2026-03-18 05:35:00,678,12.58,,,0.0,0.0,0.0,1008.289,5.998,7.601,255.7,285.6,-14.0,-6.149,-6.739,-6.209
2026-03-18 05:36:00,679,12.58,,,0.0,0.0,0.0,1008.289,6.126,7.858,255.5,285.5,-14.06,-6.141,-6.764,-6.199
2026-03-18 05:37:00,680,12.58,,,0.0,0.0,0.0,1008.288,6.355,8.13,252.8,285.2,-14.74,-6.132,-6.839,-6.189
2026-03-18 05:38:00,681,12.58,,,0.0,0.0,0.0,1008.287,6.656,8.42,241.8,285.1,-17.61,-6.123,-6.852,-6.18
2026-03-18 05:39:00,682,12.58,,,0.0,0.0,0.0,1008.287,6.699,8.42,230.9,284.6,-20.55,-6.115,-6.973,-6.17
2026-03-18 05:40:00,683,12.58,,,0.0,0.0,0.0,1008.219,6.699,8.43,241.3,284.2,-17.74,-6.111,-7.073,-6.172
2026-03-18 05:41:00,684,12.58,,,0.0,0.0,0.0,1008.15,6.699,8.42,234.3,284.1,-19.61,-6.109,-7.106,-6.173
2026-03-18 05:42:00,685,12.58,,,0.0,0.0,0.0,1008.287,6.699,8.57,238.8,284.1,-18.41,-6.109,-7.089,-6.173
2026-03-18 05:43:00,686,12.58,,,0.0,0.0,0.0,1008.287,6.771,8.73,233.5,284.3,-19.84,-6.111,-7.055,-6.176
2026-03-18 05:44:00,687,12.58,,,0.0,0.0,0.0,1008.286,6.871,8.76,232.6,284.4,-20.1,-6.116,-7.033,-6.18
2026-03-18 05:45:00,688,12.58,,,0.0,0.0,0.0,1008.286,7.042,8.8,255.7,284.5,-14.0,-6.12,-6.997,-6.184
2026-03-18 05:46:00,689,12.58,,,0.0,0.0,0.0,1008.355,7.143,9.1,244.7,284.5,-16.85,-6.124,-7.0,-6.185
2026-03-18 05:47:00,690,12.58,,,0.0,0.0,0.0,1008.286,7.386,9.33,228.0,284.4,-21.33,-6.132,-7.027,-6.189
2026-03-18 05:48:00,691,12.58,,,0.0,0.0,0.0,1008.286,7.543,9.58,235.7,284.2,-19.23,-6.149,-7.077,-6.193
2026-03-18 05:49:00,692,12.58,,,0.0,0.0,0.0,1008.218,7.944,10.13,231.0,284.4,-20.52,-6.171,-7.028,-6.199
2026-03-18 05:50:00,693,12.58,,,0.0,0.0,0.0,1008.149,8.65,11.11,236.7,284.3,-18.98,-6.204,-7.037,-6.209
2026-03-18 05:51:00,694,12.58,,,0.0,0.0,0.0,1008.149,9.23,11.79,244.6,284.2,-16.88,-6.235,-7.073,-6.223
2026-03-18 05:52:00,695,12.58,,,0.0,0.0,0.0,1008.149,9.06,11.42,204.1,283.4,-28.33,-6.252,-7.255,-6.233
2026-03-18 05:53:00,696,12.58,,,0.0,0.0,0.0,1008.149,8.93,11.31,222.0,283.6,-23.13,-6.259,-7.22,-6.239
2026-03-18 05:54:00,697,12.58,,,0.0,0.0,0.0,1008.149,9.23,11.77,247.5,284.0,-16.1,-6.272,-7.122,-6.249
2026-03-18 05:55:00,698,12.58,,,0.0,0.0,0.0,1008.149,9.36,11.84,247.1,284.3,-16.23,-6.281,-7.058,-6.254
2026-03-18 05:56:00,699,12.58,,,0.0,0.0,0.0,1008.081,9.76,12.42,239.2,285.2,-18.3,-6.274,-6.84,-6.253
2026-03-18 05:57:00,700,12.58,,,0.0,0.0,0.0,1008.081,10.41,13.11,257.1,287.2,-13.67,-6.152,-6.371,-6.215
2026-03-18 05:58:00,701,12.58,,,0.0,0.0,0.0,1008.012,10.42,12.97,262.5,287.0,-12.3,-6.039,-6.423,-6.169
2026-03-18 05:59:00,702,12.58,,,0.0,0.0,0.0,1008.012,10.02,12.44,263.8,287.0,-11.98,-5.986,-6.41,-6.132
2026-03-18 06:00:00,703,12.58,,,0.0,0.0,0.0,1008.149,9.88,12.4,263.4,286.6,-12.09,-5.95,-6.514,-6.102
2026-03-18 06:01:00,704,12.58,,,0.0,0.0,0.0,1008.149,10.13,12.87,261.8,286.2,-12.46,-5.933,-6.609,-6.086
2026-03-18 06:02:00,705,12.58,,,0.0,0.0,0.0,1008.012,9.89,12.42,265.5,287.0,-11.55,-5.914,-6.41,-6.068
2026-03-18 06:03:00,706,12.58,,,0.0,0.0,0.0,1007.944,9.79,12.21,266.4,287.0,-11.34,-5.879,-6.422,-6.039
2026-03-18 06:04:00,707,12.58,,,0.0,0.0,0.0,1007.944,9.79,12.5,262.8,287.2,-12.23,-5.847,-6.366,-6.011
2026-03-18 06:05:00,708,12.58,,,0.0,0.0,0.0,1008.012,9.72,12.07,262.9,286.7,-12.21,-5.837,-6.497,-5.993
2026-03-18 06:06:00,709,12.58,,,0.0,0.0,0.0,1008.012,9.45,11.85,266.3,286.4,-11.36,-5.837,-6.56,-5.982
2026-03-18 06:07:00,710,12.58,,,0.0,0.0,0.0,1007.875,9.68,12.05,268.3,285.8,-10.88,-5.84,-6.69,-5.993
2026-03-18 06:08:00,711,12.58,,,0.0,0.0,0.0,1007.875,9.79,12.2,267.4,286.3,-11.1,-5.843,-6.58,-6.005
2026-03-18 06:09:00,712,12.58,,,0.0,0.0,0.0,1007.875,9.68,11.88,268.6,286.4,-10.81,-5.842,-6.549,-6.003
2026-03-18 06:10:00,713,12.58,,,0.0,0.0,0.0,1007.875,9.79,12.14,270.0,287.1,-10.46,-5.831,-6.392,-5.992
2026-03-18 06:11:00,714,12.58,,,0.0,0.0,0.0,1007.875,9.79,12.2,270.3,286.8,-10.38,-5.821,-6.458,-5.98
2026-03-18 06:12:00,715,12.58,,,0.0,0.0,0.0,1007.739,9.88,12.3,270.7,286.8,-10.29,-5.825,-6.471,-5.972
2026-03-18 06:13:00,716,12.58,,,0.0,0.0,0.0,1007.807,9.83,12.2,272.0,286.8,-9.98,-5.836,-6.457,-5.967
2026-03-18 06:14:00,717,12.58,,,0.0,0.0,0.0,1007.739,9.99,12.34,272.0,286.9,-9.97,-5.848,-6.433,-5.964
2026-03-18 06:15:00,718,12.58,,,0.0,0.0,0.0,1007.739,10.13,12.54,272.3,286.8,-9.89,-5.859,-6.464,-5.964
2026-03-18 06:16:00,719,12.58,,,0.0,0.0,0.0,1007.739,10.13,12.54,273.1,286.9,-9.72,-5.868,-6.447,-5.964
2026-03-18 06:17:00,720,12.58,,,0.0,0.0,0.0,1007.739,10.13,12.54,273.6,286.8,-9.6,-5.877,-6.464,-5.966
2026-03-18 06:18:00,721,12.58,,,0.0,0.0,0.0,1007.602,10.13,12.54,273.8,286.9,-9.54,-5.887,-6.433,-5.969
2026-03-18 06:19:00,722,12.58,,,0.0,0.0,0.0,1007.602,10.13,12.54,273.4,287.1,-9.63,-5.898,-6.393,-5.969
2026-03-18 06:20:00,723,12.58,,,0.0,0.0,0.0,1007.602,10.13,12.54,273.3,287.2,-9.67,-5.905,-6.37,-5.967
2026-03-18 06:21:00,724,12.58,,,0.0,0.0,0.0,1007.602,10.25,12.8,273.7,287.5,-9.57,-5.901,-6.294,-5.96
2026-03-18 06:22:00,725,12.58,,,0.0,0.0,0.0,1007.602,10.48,12.94,273.8,287.8,-9.53,-5.889,-6.241,-5.949
2026-03-18 06:23:00,726,12.58,,,0.0,0.0,0.0,1007.602,10.71,13.31,274.0,287.8,-9.49,-5.872,-6.225,-5.934
2026-03-18 06:24:00,727,12.58,,,0.0,0.0,0.0,1007.602,10.96,13.57,274.2,288.0,-9.44,-5.852,-6.183,-5.917
2026-03-18 06:25:00,728,12.58,,,0.0,0.0,0.0,1007.602,10.99,13.57,274.5,288.0,-9.38,-5.832,-6.185,-5.898
2026-03-18 06:26:00,729,12.58,,,0.0,0.0,0.0,1007.602,10.82,13.35,274.5,288.1,-9.36,-5.814,-6.16,-5.879
2026-03-18 06:27:00,730,12.58,,,0.0,0.0,0.0,1007.602,10.74,13.23,273.9,288.2,-9.51,-5.798,-6.15,-5.862
2026-03-18 06:28:00,731,12.58,,,0.0,0.0,0.0,1007.602,10.49,13.17,273.8,288.2,-9.53,-5.778,-6.146,-5.843
2026-03-18 06:29:00,732,12.58,,,0.0,0.0,0.0,1007.602,10.48,12.88,272.4,288.0,-9.87,-5.764,-6.183,-5.825
2026-03-18 06:30:00,733,12.58,,,0.0,0.0,0.0,1007.465,10.48,12.88,274.2,288.3,-9.44,-5.738,-6.106,-5.805
2026-03-18 06:31:00,734,12.58,,,0.0,0.0,0.0,1007.465,10.48,12.88,275.4,288.3,-9.15,-5.72,-6.106,-5.786
2026-03-18 06:32:00,735,12.58,,,0.0,0.0,0.0,1007.465,10.48,13.04,275.5,288.5,-9.12,-5.708,-6.081,-5.768
2026-03-18 06:33:00,736,12.58,,,0.0,0.0,0.0,1007.465,10.64,13.23,275.5,288.7,-9.14,-5.685,-6.017,-5.748
2026-03-18 06:34:00,737,12.58,,,0.0,0.0,0.0,1007.396,10.81,13.25,275.8,288.8,-9.07,-5.658,-6.007,-5.727
2026-03-18 06:35:00,738,12.58,,,0.0,0.0,0.0,1007.328,10.89,13.57,276.0,288.8,-9.01,-5.635,-5.992,-5.705
2026-03-18 06:36:00,739,12.58,,,0.0,0.0,0.0,1007.328,11.18,13.91,276.0,289.0,-9.02,-5.605,-5.963,-5.681
2026-03-18 06:37:00,740,12.58,,,0.0,0.0,0.0,1007.328,11.49,14.39,276.0,289.2,-9.02,-5.572,-5.913,-5.656
2026-03-18 06:38:00,741,12.58,,,0.0,0.0,0.0,1007.328,11.91,14.89,276.0,289.3,-9.02,-5.535,-5.881,-5.628
2026-03-18 06:39:00,742,12.58,,,0.0,0.0,0.0,1007.328,12.6,15.92,276.1,289.4,-8.99,-5.5,-5.861,-5.6
2026-03-18 06:40:00,743,12.58,,,0.0,0.0,0.0,1007.328,13.34,16.86,276.7,289.7,-8.84,-5.461,-5.801,-5.57
2026-03-18 06:41:00,744,12.58,,,0.0,0.0,0.0,1007.191,13.57,17.05,277.1,290.1,-8.74,-5.409,-5.709,-5.534
2026-03-18 06:42:00,745,12.58,,,0.0,0.0,0.0,1007.191,13.86,17.41,277.3,290.9,-8.71,-5.329,-5.508,-5.488
2026-03-18 06:43:00,746,12.58,,,0.0,0.0,0.0,1007.122,14.04,17.69,277.9,291.6,-8.55,-5.216,-5.361,-5.423
2026-03-18 06:44:00,747,12.58,,,0.0,0.0,0.0,1007.054,14.26,17.79,278.1,291.8,-8.52,-5.104,-5.314,-5.349
2026-03-18 06:45:00,748,12.58,,,0.0,0.0,0.0,1007.122,14.51,18.28,278.3,292.2,-8.47,-4.985,-5.218,-5.274
2026-03-18 06:46:00,749,12.58,,,0.0,0.0,0.0,1007.122,14.8,18.71,277.8,292.1,-8.58,-4.86,-5.231,-5.194
2026-03-18 06:47:00,750,12.58,,,0.0,0.0,0.0,1007.054,15.07,19.01,277.5,292.0,-8.66,-4.767,-5.275,-5.124
2026-03-18 06:48:00,751,12.58,,,0.0,0.0,0.0,1007.054,15.74,20.01,279.2,294.3,-8.24,-4.657,-4.745,-5.036
2026-03-18 06:49:00,752,12.58,,,0.0,0.0,0.0,1007.054,16.53,21.01,279.7,295.4,-8.14,-4.414,-4.48,-4.881
2026-03-18 06:50:00,753,12.58,,,0.0,0.0,0.0,1006.985,17.78,22.84,278.7,294.9,-8.38,-4.212,-4.597,-4.742
2026-03-18 06:51:00,754,12.58,,,0.0,0.0,0.0,1006.985,19.07,24.49,276.9,293.8,-8.79,-4.087,-4.856,-4.623
2026-03-18 06:52:00,755,12.58,,,0.0,0.0,0.0,1006.917,19.41,24.89,275.7,293.2,-9.08,-4.045,-5.0,-4.539
2026-03-18 06:53:00,756,12.58,,,0.0,0.0,0.0,1006.78,19.22,24.35,274.6,293.0,-9.36,-4.029,-5.024,-4.474
2026-03-18 06:54:00,757,12.58,,,0.0,0.0,0.0,1006.848,18.76,23.64,275.2,292.6,-9.2,-4.026,-5.132,-4.422
2026-03-18 06:55:00,758,12.58,,,0.0,0.0,0.0,1006.78,18.79,23.69,275.9,292.1,-9.04,-4.054,-5.24,-4.388
2026-03-18 06:56:00,759,12.58,,,0.0,0.0,0.0,1006.78,19.38,24.63,276.2,292.1,-8.96,-4.082,-5.233,-4.363
2026-03-18 06:57:00,760,12.58,,,0.0,0.0,0.0,1006.917,19.95,25.45,275.8,292.2,-9.07,-4.101,-5.213,-4.341
2026-03-18 06:58:00,761,12.58,,,0.0,0.0,0.0,1006.917,20.21,25.78,275.0,291.8,-9.25,-4.113,-5.301,-4.319
2026-03-18 06:59:00,762,12.58,,,0.0,0.0,0.0,1006.78,20.62,26.42,275.3,291.8,-9.19,-4.143,-5.317,-4.307
2026-03-18 07:00:00,763,12.58,,,0.0,0.0,0.0,1006.78,21.21,27.29,274.7,291.3,-9.32,-4.167,-5.421,-4.301
2026-03-18 07:01:00,764,12.58,,,0.0,0.0,0.0,1006.78,21.68,27.94,274.6,291.5,-9.34,-4.211,-5.381,-4.302
2026-03-18 07:02:00,765,12.58,,,0.0,0.0,0.0,1006.848,22.13,28.57,274.9,291.7,-9.28,-4.204,-5.335,-4.289
2026-03-18 07:03:00,766,12.58,,,0.0,0.0,0.0,1006.78,23.04,30.04,274.5,291.2,-9.37,-4.219,-5.44,-4.281
2026-03-18 07:04:00,767,12.58,,,0.0,0.0,0.0,1006.78,24.13,31.67,274.8,291.2,-9.3,-4.257,-5.451,-4.284
2026-03-18 07:05:00,768,12.59,,,0.0,0.0,0.0,1006.78,24.04,31.33,274.8,291.1,-9.3,-4.293,-5.462,-4.288
2026-03-18 07:06:00,769,12.59,,,0.0,0.0,0.0,1006.78,24.34,31.73,274.8,291.1,-9.3,-4.313,-5.471,-4.289
2026-03-18 07:07:00,770,12.59,,,0.0,0.0,0.0,1006.78,24.46,31.61,275.6,292.3,-9.11,-4.286,-5.195,-4.278
2026-03-18 07:08:00,771,12.59,,,0.0,0.0,0.0,1006.78,24.54,31.67,274.9,292.5,-9.28,-4.214,-5.158,-4.248
2026-03-18 07:09:00,772,12.58,,,0.0,0.0,0.0,1006.78,24.03,30.91,273.5,292.5,-9.62,-4.17,-5.153,-4.22
2026-03-18 07:10:00,773,12.59,,,0.0,0.0,0.0,1006.711,24.12,31.03,273.6,292.4,-9.58,-4.128,-5.165,-4.19
2026-03-18 07:11:00,774,12.59,,,0.0,0.0,0.0,1006.78,24.7,31.74,271.9,292.6,-9.99,-4.081,-5.126,-4.157
2026-03-18 07:12:00,775,12.59,,,0.0,0.0,0.0,1006.78,24.9,31.77,269.7,292.7,-10.53,-4.025,-5.11,-4.117
2026-03-18 07:13:00,776,12.59,,,0.0,0.0,0.0,1006.643,25.03,32.1,274.0,292.7,-9.48,-3.959,-5.103,-4.074
2026-03-18 07:14:00,777,12.59,,,0.0,0.0,0.0,1006.643,25.95,33.25,274.9,292.7,-9.28,-3.897,-5.101,-4.029
2026-03-18 07:15:00,778,12.59,,,0.0,0.0,0.0,1006.643,27.71,35.94,275.1,292.7,-9.23,-3.858,-5.102,-3.989
2026-03-18 07:16:00,779,12.59,,,0.0,0.0,0.0,1006.574,30.1,39.4,274.8,292.8,-9.3,-3.836,-5.074,-3.956
2026-03-18 07:17:00,780,12.59,,,0.0,0.0,0.0,1006.506,31.36,40.87,271.9,292.7,-10.01,-3.821,-5.109,-3.927
2026-03-18 07:18:00,781,12.59,,,0.0,0.0,0.0,1006.506,31.19,40.22,268.7,292.4,-10.79,-3.812,-5.18,-3.905
2026-03-18 07:19:00,782,12.59,,,0.0,0.0,0.0,1006.437,31.09,39.89,269.0,293.6,-10.71,-3.765,-4.896,-3.875
2026-03-18 07:20:00,783,12.59,,,0.0,0.0,0.0,1006.369,30.78,39.4,264.3,292.6,-11.86,-3.704,-5.127,-3.834
2026-03-18 07:21:00,784,12.59,,,0.0,0.0,0.0,1006.369,31.24,40.0,265.5,292.8,-11.57,-3.708,-5.089,-3.81
2026-03-18 07:22:00,785,12.59,,,0.0,0.0,0.0,1006.369,31.76,40.75,266.5,292.8,-11.32,-3.694,-5.087,-3.784
2026-03-18 07:23:00,786,12.59,,,0.0,0.0,0.0,1006.3,31.51,40.52,264.5,292.9,-11.81,-3.673,-5.063,-3.756
2026-03-18 07:24:00,787,12.59,,,0.0,0.0,0.0,1006.369,30.9,39.76,260.1,293.2,-12.92,-3.655,-4.998,-3.731
2026-03-18 07:25:00,788,12.59,,,0.0,0.0,0.0,1006.369,30.74,39.4,254.1,292.5,-14.42,-3.637,-5.155,-3.713
2026-03-18 07:26:00,789,12.59,,,0.0,0.0,0.0,1006.3,30.5,39.18,257.5,293.2,-13.55,-3.625,-4.997,-3.698
2026-03-18 07:27:00,790,12.59,,,0.0,0.0,0.0,1006.232,29.68,37.88,261.6,292.9,-12.53,-3.602,-5.056,-3.676
2026-03-18 07:28:00,791,12.59,,,0.0,0.0,0.0,1006.232,29.49,37.52,266.4,292.5,-11.35,-3.599,-5.14,-3.658
2026-03-18 07:29:00,792,12.59,,,0.0,0.0,0.0,1006.232,30.01,38.4,269.7,292.4,-10.53,-3.604,-5.161,-3.644
2026-03-18 07:30:00,793,12.59,,,0.0,0.0,0.0,1006.232,29.64,37.72,260.1,292.2,-12.91,-3.627,-5.213,-3.635
2026-03-18 07:31:00,794,12.59,,,0.0,0.0,0.0,1006.232,30.3,38.81,259.4,292.2,-13.09,-3.648,-5.21,-3.629
2026-03-18 07:32:00,795,12.59,,,0.0,0.0,0.0,1006.232,31.93,41.45,264.1,292.2,-11.92,-3.66,-5.215,-3.623
2026-03-18 07:33:00,796,12.59,,,0.0,0.0,0.0,1006.232,31.71,40.9,253.4,292.1,-14.59,-3.665,-5.24,-3.615
2026-03-18 07:34:00,797,12.59,,,0.0,0.0,0.0,1006.232,31.28,39.99,259.0,292.1,-13.19,-3.676,-5.247,-3.608
2026-03-18 07:35:00,798,12.59,,,0.0,0.0,0.0,1006.156,31.64,40.31,265.6,292.2,-11.53,-3.672,-5.214,-3.6
2026-03-18 07:36:00,799,12.59,,,0.0,0.0,0.0,1006.151,31.47,40.01,265.2,293.3,-11.63,-3.626,-4.977,-3.582
2026-03-18 07:37:00,800,12.59,,,0.0,0.0,0.0,1006.222,31.36,39.93,268.8,293.2,-10.76,-3.564,-4.996,-3.553
2026-03-18 07:38:00,801,12.59,,,0.0,0.0,0.0,1006.224,31.43,39.74,268.2,293.0,-10.9,-3.539,-5.033,-3.532
2026-03-18 07:39:00,802,12.59,,,0.0,0.0,0.0,1006.218,31.78,40.31,269.6,293.0,-10.56,-3.51,-5.029,-3.509
2026-03-18 07:40:00,803,12.59,,,0.0,0.0,0.0,1006.221,31.87,40.7,267.7,292.9,-11.03,-3.477,-5.055,-3.484
2026-03-18 07:41:00,804,12.58,,,0.0,0.0,0.0,1006.218,31.75,40.57,269.5,292.7,-10.58,-3.449,-5.107,-3.46
2026-03-18 07:42:00,805,12.59,,,0.0,0.0,0.0,1006.221,31.94,41.11,268.4,292.7,-10.86,-3.422,-5.094,-3.439
2026-03-18 07:43:00,806,12.59,,,0.0,0.0,0.0,1006.209,32.18,41.5,263.5,292.7,-12.06,-3.395,-5.115,-3.419
2026-03-18 07:44:00,807,12.58,,,0.0,0.0,0.0,1006.207,32.41,41.6,270.3,292.5,-10.4,-3.372,-5.149,-3.405
2026-03-18 07:45:00,808,12.59,,,0.0,0.0,0.0,1006.205,33.39,42.7,272.4,292.6,-9.88,-3.358,-5.125,-3.396
2026-03-18 07:46:00,809,12.59,,,0.0,0.0,0.0,1006.059,35.49,45.92,269.9,292.7,-10.47,-3.348,-5.098,-3.39
2026-03-18 07:47:00,810,12.59,,,0.0,0.0,0.0,1006.047,37.05,48.67,257.7,292.5,-13.5,-3.355,-5.139,-3.381
2026-03-18 07:48:00,811,12.59,,,0.0,0.0,0.0,1006.043,38.19,50.8,261.6,292.5,-12.53,-3.415,-5.144,-3.386
2026-03-18 07:49:00,812,12.59,,,0.0,0.0,0.0,1005.978,39.05,52.02,263.9,292.5,-11.96,-3.474,-5.149,-3.394
2026-03-18 07:50:00,813,12.59,,,0.0,0.0,0.0,1005.967,40.71,54.35,257.7,292.6,-13.52,-3.526,-5.12,-3.403
2026-03-18 07:51:00,814,12.59,,,0.0,0.0,0.0,1005.965,43.49,58.51,269.5,293.2,-10.59,-3.555,-4.983,-3.408
2026-03-18 07:52:00,815,12.59,,,0.0,0.0,0.0,1005.888,46.22,61.92,270.5,293.4,-10.34,-3.552,-4.953,-3.404
2026-03-18 07:53:00,816,12.59,,,0.0,0.0,0.0,1005.888,49.64,66.43,263.6,293.5,-12.04,-3.561,-4.912,-3.399
2026-03-18 07:54:00,817,12.59,,,0.0,0.0,0.0,1005.876,51.79,69.82,240.9,293.8,-17.86,-3.55,-4.856,-3.388
2026-03-18 07:55:00,818,12.59,,,0.0,0.0,0.0,1005.803,51.34,70.02,202.5,293.5,-28.9,-3.515,-4.931,-3.367
2026-03-18 07:56:00,819,12.59,,,0.0,0.0,0.0,1005.799,51.29,70.56,200.7,292.5,-29.3,-3.5,-5.146,-3.348
2026-03-18 07:57:00,820,12.59,,,0.0,0.0,0.0,1005.721,49.4,68.39,210.6,291.3,-26.37,-3.515,-5.421,-3.335
2026-03-18 07:58:00,821,12.59,,,0.0,0.0,0.0,1005.727,45.63,62.63,192.5,290.3,-31.8,-3.543,-5.649,-3.329
2026-03-18 07:59:00,822,12.59,,,0.0,0.0,0.0,1005.588,46.33,64.54,231.0,289.4,-20.54,-3.589,-5.851,-3.335
2026-03-18 08:00:00,823,12.59,,,0.0,0.0,0.0,1005.573,55.16,82.4,227.0,289.7,-21.61,-3.637,-5.789,-3.346
2026-03-18 08:01:00,824,12.59,,,0.0,0.0,0.0,1005.581,62.29,96.6,231.1,289.6,-20.47,-3.675,-5.818,-3.355
2026-03-18 08:02:00,825,12.59,,,0.0,0.0,0.0,1005.581,69.92,112.4,226.0,290.1,-21.89,-3.717,-5.709,-3.362
2026-03-18 08:03:00,826,12.59,,,0.0,0.0,0.0,1005.574,75.71,125.5,197.8,289.6,-30.27,-3.745,-5.814,-3.358
2026-03-18 08:04:00,827,12.59,,,0.0,0.0,0.0,1005.568,79.13,133.7,177.8,289.0,-36.51,-3.779,-5.955,-3.351
2026-03-18 08:05:00,828,12.59,,,0.0,0.0,0.0,1005.427,66.9,107.3,187.4,288.2,-33.39,-3.826,-6.135,-3.343
2026-03-18 08:06:00,829,12.59,,,0.0,0.0,0.0,1005.423,53.53,77.63,186.0,287.4,-33.85,-3.881,-6.319,-3.343
2026-03-18 08:07:00,830,12.59,,,0.0,0.0,0.0,1005.418,62.29,96.2,169.3,286.9,-39.65,-3.935,-6.451,-3.359
2026-03-18 08:08:00,831,12.59,,,0.0,0.0,0.0,1005.286,75.12,127.2,140.9,286.0,-49.89,-3.999,-6.657,-3.386
2026-03-18 08:09:00,832,12.59,,,0.0,0.0,0.0,1005.283,75.95,132.7,134.4,285.3,-52.53,-4.049,-6.823,-3.409
2026-03-18 08:10:00,833,12.59,,,0.0,0.0,0.0,1005.281,72.09,126.4,130.5,284.0,-54.11,-4.126,-7.118,-3.437
2026-03-18 08:11:00,834,12.59,,,0.0,0.0,0.0,1005.21,73.87,131.1,128.2,282.7,-55.11,-4.232,-7.415,-3.475
2026-03-18 08:12:00,835,12.59,,,0.0,0.0,0.0,1005.277,78.95,142.3,125.9,283.5,-56.07,-4.309,-7.237,-3.509
2026-03-18 08:13:00,836,12.59,,,0.0,0.0,0.0,1005.275,80.5,145.4,123.9,282.9,-56.93,-4.346,-7.382,-3.527
2026-03-18 08:14:00,837,12.59,,,0.0,0.0,0.0,1005.274,81.9,147.5,123.9,282.0,-56.96,-4.427,-7.592,-3.551
2026-03-18 08:15:00,838,12.59,,,0.0,0.0,0.0,1005.274,86.1,155.2,124.7,280.4,-56.58,-4.494,-7.975,-3.564
2026-03-18 08:16:00,839,12.59,,,0.0,0.0,0.0,1005.273,87.7,157.5,125.1,280.0,-56.43,-4.541,-8.06,-3.568
2026-03-18 08:17:00,840,12.59,,,0.0,0.0,0.0,1005.273,90.6,164.0,125.5,281.1,-56.25,-4.602,-7.804,-3.575
2026-03-18 08:18:00,841,12.59,,,0.0,0.0,0.0,1005.273,87.0,158.0,126.0,281.2,-56.01,-4.651,-7.783,-3.577
2026-03-18 08:19:00,842,12.59,,,0.0,0.0,0.0,1005.272,86.4,157.4,124.0,280.8,-56.89,-4.674,-7.86,-3.57
2026-03-18 08:20:00,843,12.59,,,0.0,0.0,0.0,1005.203,86.4,157.6,120.7,280.3,-58.37,-4.698,-8.0,-3.557
2026-03-18 08:21:00,844,12.59,,,0.0,0.0,0.0,1005.135,89.5,164.1,119.8,280.9,-58.77,-4.74,-7.853,-3.552
2026-03-18 08:22:00,845,12.59,,,0.0,0.0,0.0,1005.135,93.0,171.0,119.2,280.8,-59.03,-4.776,-7.864,-3.552
2026-03-18 08:23:00,846,12.59,,,0.0,0.0,0.0,1005.135,87.4,171.3,121.5,280.7,-58.0,-4.837,-7.887,-3.57
2026-03-18 08:24:00,847,12.59,,,0.0,0.0,0.0,1005.135,92.2,173.3,120.3,280.7,-58.52,-4.862,-7.895,-3.585
2026-03-18 08:25:00,848,12.59,,,0.0,0.0,0.0,1005.135,91.0,170.7,120.2,280.9,-58.58,-4.88,-7.85,-3.596
2026-03-18 08:26:00,849,12.59,,,0.0,0.0,0.0,1005.135,91.3,171.9,120.2,280.7,-58.58,-4.885,-7.898,-3.606
2026-03-18 08:27:00,850,12.59,,,0.0,0.0,0.0,1005.066,90.7,171.3,120.8,281.5,-58.31,-4.875,-7.702,-3.607
2026-03-18 08:28:00,851,12.59,,,0.0,0.0,0.0,1004.998,78.63,154.6,119.6,280.4,-58.82,-4.843,-7.958,-3.594
2026-03-18 08:29:00,852,12.59,,,0.0,0.0,0.0,1004.998,64.74,122.3,120.1,281.4,-58.61,-4.844,-7.736,-3.597
2026-03-18 08:30:00,853,12.59,,,0.0,0.0,0.0,1004.998,60.38,105.6,119.1,280.9,-59.06,-4.84,-7.847,-3.613
2026-03-18 08:31:00,854,12.59,,,0.0,0.0,0.0,1004.998,53.14,90.2,118.5,280.5,-59.33,-4.878,-7.95,-3.658
2026-03-18 08:32:00,855,12.59,,,0.0,0.0,0.0,1004.929,35.79,51.73,118.8,279.8,-59.18,-4.927,-8.11,-3.725
2026-03-18 08:33:00,856,12.59,,,0.0,0.0,0.0,1004.929,45.23,69.94,120.6,280.6,-58.42,-4.917,-7.926,-3.786
2026-03-18 08:34:00,857,12.59,,,0.0,0.0,0.0,1004.929,43.84,67.15,122.3,279.9,-57.65,-4.852,-8.08,-3.822
2026-03-18 08:35:00,858,12.59,,,0.0,0.0,0.0,1004.861,36.5,51.99,120.2,277.2,-58.56,-4.883,-8.73,-3.873
2026-03-18 08:36:00,859,12.59,,,0.0,0.0,0.0,1004.929,38.38,54.68,120.2,275.3,-58.56,-4.957,-9.17,-3.938
2026-03-18 08:37:00,860,12.59,,,0.0,0.0,0.0,1004.929,46.49,68.59,120.5,274.0,-58.42,-5.019,-9.49,-4.0
2026-03-18 08:38:00,861,12.59,,,0.0,0.0,0.0,1004.861,52.67,82.3,123.1,273.9,-57.33,-5.091,-9.52,-4.068
2026-03-18 08:39:00,862,12.59,,,0.0,0.0,0.0,1004.861,45.0,66.51,130.4,274.0,-54.16,-5.187,-9.5,-4.144
2026-03-18 08:40:00,863,12.59,,,0.0,0.0,0.0,1004.861,45.62,66.21,131.4,273.5,-53.73,-5.26,-9.61,-4.215
2026-03-18 08:41:00,864,12.59,,,0.0,0.0,0.0,1004.724,47.84,69.42,139.6,274.3,-50.44,-5.347,-9.42,-4.297
2026-03-18 08:42:00,865,12.59,,,0.0,0.0,0.0,1004.792,70.89,117.2,182.4,275.8,-35.1,-5.402,-9.06,-4.397
2026-03-18 08:43:00,866,12.59,,,0.0,0.0,0.0,1004.792,83.4,142.5,206.4,277.7,-27.52,-5.428,-8.62,-4.471
2026-03-18 08:44:00,867,12.59,,,0.0,0.0,0.0,1004.861,51.44,73.52,212.0,278.1,-25.88,-5.443,-8.52,-4.53
2026-03-18 08:45:00,868,12.59,,,0.0,0.0,0.0,1004.792,50.89,72.48,208.4,278.2,-26.92,-5.451,-8.49,-4.567
2026-03-18 08:46:00,869,12.59,,,0.0,0.0,0.0,1004.724,50.81,72.32,215.0,278.5,-25.0,-5.46,-8.42,-4.591
2026-03-18 08:47:00,870,12.59,,,0.0,0.0,0.0,1004.724,52.57,74.22,213.5,279.1,-25.44,-5.47,-8.26,-4.619
2026-03-18 08:48:00,871,12.59,,,0.0,0.0,0.0,1004.724,53.05,74.35,211.3,280.0,-26.07,-5.48,-8.05,-4.656
2026-03-18 08:49:00,872,12.59,,,0.0,0.0,0.0,1004.731,54.29,78.3,219.5,280.6,-23.73,-5.48,-7.91,-4.69
2026-03-18 08:50:00,873,12.59,,,0.0,0.0,0.0,1004.729,52.42,74.91,229.9,280.8,-20.82,-5.491,-7.867,-4.73
2026-03-18 08:51:00,874,12.59,,,0.0,0.0,0.0,1004.728,49.4,67.8,233.8,281.5,-19.73,-5.49,-7.707,-4.766
2026-03-18 08:52:00,875,12.59,,,0.0,0.0,0.0,1004.739,46.0,61.97,214.2,282.3,-25.26,-5.478,-7.524,-4.795
2026-03-18 08:53:00,876,12.59,,,0.0,0.0,0.0,1004.743,41.84,56.25,192.7,282.8,-31.72,-5.427,-7.398,-4.808
2026-03-18 08:54:00,877,12.59,,,0.0,0.0,0.0,1004.739,43.9,59.36,188.1,283.4,-33.14,-5.383,-7.26,-4.816
2026-03-18 08:55:00,878,12.59,,,0.0,0.0,0.0,1004.75,45.08,61.32,191.7,283.3,-32.02,-5.325,-7.286,-4.815
2026-03-18 08:56:00,879,12.59,,,0.0,0.0,0.0,1004.758,44.46,59.87,190.8,283.2,-32.29,-5.273,-7.317,-4.807
2026-03-18 08:57:00,880,12.59,,,0.0,0.0,0.0,1004.758,42.77,57.12,167.1,283.3,-40.21,-5.223,-7.286,-4.797
2026-03-18 08:58:00,881,12.59,,,0.0,0.0,0.0,1004.765,41.11,54.52,165.3,284.6,-40.87,-5.13,-6.978,-4.773
2026-03-18 08:59:00,882,12.59,,,0.0,0.0,0.0,1004.775,40.78,54.13,192.5,284.8,-31.76,-5.052,-6.935,-4.752
2026-03-18 09:00:00,883,12.59,,,0.0,0.0,0.0,1004.786,39.21,51.72,184.6,284.4,-34.29,-5.008,-7.015,-4.738
2026-03-18 09:01:00,884,12.59,,,0.0,0.0,0.0,1004.65,37.2,48.44,184.0,283.9,-34.47,-5.001,-7.152,-4.737
2026-03-18 09:02:00,885,12.59,,,0.0,0.0,0.0,1004.651,35.47,45.63,194.1,283.6,-31.28,-5.023,-7.215,-4.746
2026-03-18 09:03:00,886,12.59,,,0.0,0.0,0.0,1004.659,34.56,44.3,203.9,284.2,-28.28,-5.05,-7.066,-4.762
2026-03-18 09:04:00,887,12.59,,,0.0,0.0,0.0,1004.659,35.02,44.68,214.7,285.0,-25.1,-5.05,-6.875,-4.773
2026-03-18 09:05:00,888,12.59,,,0.0,0.0,0.0,1004.665,36.78,47.09,229.0,285.6,-21.05,-5.034,-6.739,-4.777
2026-03-18 09:06:00,889,12.59,,,0.0,0.0,0.0,1004.663,39.02,50.53,241.9,285.7,-17.57,-5.006,-6.717,-4.771
2026-03-18 09:07:00,890,12.59,,,0.0,0.0,0.0,1004.668,40.91,52.93,238.0,285.9,-18.62,-4.976,-6.685,-4.758
2026-03-18 09:08:00,891,12.59,,,0.0,0.0,0.0,1004.666,41.08,52.89,230.0,286.5,-20.77,-4.937,-6.537,-4.739
2026-03-18 09:09:00,892,12.59,,,0.0,0.0,0.0,1004.527,42.0,53.96,236.9,286.7,-18.91,-4.874,-6.479,-4.713
2026-03-18 09:10:00,893,12.59,,,0.0,0.0,0.0,1004.539,42.76,54.81,251.1,287.0,-15.18,-4.857,-6.42,-4.698
2026-03-18 09:11:00,894,12.59,,,0.0,0.0,0.0,1004.535,42.82,54.98,259.6,287.4,-13.02,-4.837,-6.322,-4.68
2026-03-18 09:12:00,895,12.59,,,0.0,0.0,0.0,1004.529,42.54,54.36,263.1,287.8,-12.16,-4.811,-6.231,-4.658
2026-03-18 09:13:00,896,12.59,,,0.0,0.0,0.0,1004.534,42.94,54.72,267.5,288.3,-11.06,-4.783,-6.116,-4.635
2026-03-18 09:14:00,897,12.59,,,0.0,0.0,0.0,1004.531,44.12,56.68,268.0,289.2,-10.94,-4.733,-5.916,-4.606
2026-03-18 09:15:00,898,12.59,,,0.0,0.0,0.0,1004.529,44.89,57.57,265.6,289.7,-11.53,-4.68,-5.788,-4.574
2026-03-18 09:16:00,899,12.59,,,0.0,0.0,0.0,1004.527,43.69,55.78,266.6,290.6,-11.28,-4.614,-5.579,-4.535
2026-03-18 09:17:00,900,12.59,,,0.0,0.0,0.0,1004.532,42.7,54.79,269.4,290.9,-10.61,-4.525,-5.507,-4.487
2026-03-18 09:18:00,901,12.59,,,0.0,0.0,0.0,1004.527,43.54,56.31,268.8,291.2,-10.76,-4.45,-5.438,-4.438
2026-03-18 09:19:00,902,12.59,,,0.0,0.0,0.0,1004.526,43.13,55.61,268.5,291.7,-10.81,-4.355,-5.328,-4.381
2026-03-18 09:20:00,903,12.59,,,0.0,0.0,0.0,1004.463,42.73,55.09,266.6,291.9,-11.29,-4.259,-5.295,-4.319
2026-03-18 09:21:00,904,12.59,,,0.0,0.0,0.0,1004.392,42.04,54.02,266.5,291.8,-11.35,-4.186,-5.303,-4.263
2026-03-18 09:22:00,905,12.59,,,0.0,0.0,0.0,1004.39,41.88,53.68,262.8,291.8,-12.23,-4.145,-5.31,-4.217
2026-03-18 09:23:00,906,12.59,,,0.0,0.0,0.0,1004.395,42.39,54.99,263.0,292.1,-12.18,-4.112,-5.23,-4.176
2026-03-18 09:24:00,907,12.59,,,0.0,0.0,0.0,1004.393,42.74,55.58,258.3,292.2,-13.35,-4.07,-5.211,-4.134
2026-03-18 09:25:00,908,12.59,,,0.0,0.0,0.0,1004.394,42.83,55.58,261.8,292.2,-12.49,-4.038,-5.225,-4.094
2026-03-18 09:26:00,909,12.59,,,0.0,0.0,0.0,1004.392,41.81,54.09,255.7,292.1,-14.01,-4.02,-5.244,-4.06
2026-03-18 09:27:00,910,12.59,,,0.0,0.0,0.0,1004.315,42.56,55.08,249.8,292.3,-15.52,-4.002,-5.187,-4.028
2026-03-18 09:28:00,911,12.59,,,0.0,0.0,0.0,1004.246,42.61,55.11,252.4,292.6,-14.85,-3.967,-5.131,-3.994
2026-03-18 09:29:00,912,12.59,,,0.0,0.0,0.0,1004.307,43.53,56.31,257.3,292.9,-13.61,-3.925,-5.068,-3.958
2026-03-18 09:30:00,913,12.59,,,0.0,0.0,0.0,1004.233,41.98,55.59,266.1,292.8,-11.43,-3.873,-5.076,-3.918
2026-03-18 09:31:00,914,12.59,,,0.0,0.0,0.0,1004.231,46.94,61.13,261.8,292.8,-12.47,-3.849,-5.079,-3.884
2026-03-18 09:32:00,915,12.59,,,0.0,0.0,0.0,1004.233,46.38,60.17,260.4,292.7,-12.82,-3.836,-5.106,-3.853
2026-03-18 09:33:00,916,12.59,,,0.0,0.0,0.0,1004.236,48.17,62.93,267.4,292.5,-11.11,-3.836,-5.151,-3.827
2026-03-18 09:34:00,917,12.59,,,0.0,0.0,0.0,1004.238,51.6,68.19,270.2,292.2,-10.41,-3.851,-5.208,-3.81
2026-03-18 09:35:00,918,12.59,,,0.0,0.0,0.0,1004.232,53.42,70.42,269.6,292.5,-10.56,-3.859,-5.149,-3.796
2026-03-18 09:36:00,919,12.59,,,0.0,0.0,0.0,1004.091,53.93,71.09,268.8,292.5,-10.74,-3.863,-5.155,-3.78
2026-03-18 09:37:00,920,12.59,,,0.0,0.0,0.0,1004.094,54.08,71.36,269.3,292.7,-10.63,-3.865,-5.111,-3.765
2026-03-18 09:38:00,921,12.59,,,0.0,0.0,0.0,1004.074,56.12,74.38,269.3,293.0,-10.64,-3.855,-5.042,-3.746
2026-03-18 09:39:00,922,12.59,,,0.0,0.0,0.0,1004.067,57.81,76.73,269.0,293.2,-10.71,-3.835,-4.99,-3.723
2026-03-18 09:40:00,923,12.59,,,0.0,0.0,0.0,1004.0,57.77,76.08,265.3,293.3,-11.62,-3.8,-4.966,-3.694
2026-03-18 09:41:00,924,12.59,,,0.0,0.0,0.0,1003.994,56.25,73.65,266.1,293.3,-11.41,-3.775,-4.977,-3.666
2026-03-18 09:42:00,925,12.59,,,0.0,0.0,0.0,1003.928,55.06,72.13,267.7,293.3,-11.03,-3.767,-4.975,-3.641
2026-03-18 09:43:00,926,12.59,,,0.0,0.0,0.0,1003.923,53.77,70.73,258.5,293.4,-13.31,-3.763,-4.943,-3.62
2026-03-18 09:44:00,927,12.59,,,0.0,0.0,0.0,1003.915,43.44,57.77,245.2,293.7,-16.7,-3.745,-4.874,-3.6
2026-03-18 09:45:00,928,12.59,,,0.0,0.0,0.0,1003.92,50.56,65.68,253.4,293.6,-14.6,-3.716,-4.887,-3.578
2026-03-18 09:46:00,929,12.59,,,0.0,0.0,0.0,1003.916,49.12,63.63,268.2,293.9,-10.89,-3.678,-4.832,-3.55
2026-03-18 09:47:00,930,12.59,,,0.0,0.0,0.0,1003.913,51.01,66.57,269.4,294.5,-10.61,-3.622,-4.704,-3.516
2026-03-18 09:48:00,931,12.59,,,0.0,0.0,0.0,1003.918,50.91,66.6,267.7,294.8,-11.03,-3.526,-4.614,-3.469
2026-03-18 09:49:00,932,12.59,,,0.0,0.0,0.0,1003.915,48.77,63.56,270.4,295.2,-10.36,-3.432,-4.544,-3.416
2026-03-18 09:50:00,933,12.59,,,0.0,0.0,0.0,1003.912,49.21,64.99,272.1,295.7,-9.95,-3.333,-4.43,-3.356
2026-03-18 09:51:00,934,12.59,,,0.0,0.0,0.0,1003.909,50.5,66.57,272.7,296.0,-9.81,-3.212,-4.343,-3.284
2026-03-18 09:52:00,935,12.59,,,0.0,0.0,0.0,1003.907,50.43,66.57,272.5,295.8,-9.85,-3.123,-4.388,-3.219
2026-03-18 09:53:00,936,12.59,,,0.0,0.0,0.0,1003.769,48.11,63.28,271.8,296.0,-10.01,-3.053,-4.351,-3.161
2026-03-18 09:54:00,937,12.59,,,0.0,0.0,0.0,1003.769,48.08,62.52,270.8,295.9,-10.26,-2.986,-4.363,-3.104
2026-03-18 09:55:00,938,12.59,,,0.0,0.0,0.0,1003.768,46.41,60.17,270.6,295.7,-10.31,-2.918,-4.422,-3.047
2026-03-18 09:56:00,939,12.59,,,0.0,0.0,0.0,1003.699,45.22,58.91,271.2,295.7,-10.18,-2.849,-4.419,-2.991
2026-03-18 09:57:00,940,12.59,,,0.0,0.0,0.0,1003.63,44.86,58.5,269.8,295.6,-10.51,-2.784,-4.442,-2.935
2026-03-18 09:58:00,941,12.59,,,0.0,0.0,0.0,1003.629,43.99,57.17,270.8,295.7,-10.27,-2.72,-4.412,-2.879
2026-03-18 09:59:00,942,12.59,,,0.0,0.0,0.0,1003.629,44.32,57.9,273.5,296.0,-9.61,-2.655,-4.362,-2.821
2026-03-18 10:00:00,943,12.59,,,0.0,0.0,0.0,1003.629,44.92,58.57,271.3,296.2,-10.14,-2.586,-4.309,-2.762
2026-03-18 10:01:00,944,12.59,,,0.0,0.0,0.0,1003.629,45.4,59.41,272.9,296.2,-9.75,-2.518,-4.305,-2.704
2026-03-18 10:02:00,945,12.59,,,0.0,0.0,0.0,1003.629,43.74,57.15,276.3,296.5,-8.93,-2.45,-4.242,-2.645
2026-03-18 10:03:00,946,12.59,,,0.0,0.0,0.0,1003.629,43.32,56.28,273.9,297.2,-9.53,-2.374,-4.078,-2.577
2026-03-18 10:04:00,947,12.59,,,0.0,0.0,0.0,1003.629,44.76,59.04,271.1,297.2,-10.19,-2.285,-4.079,-2.506
2026-03-18 10:05:00,948,12.59,,,0.0,0.0,0.0,1003.629,47.69,63.38,275.1,297.2,-9.22,-2.21,-4.08,-2.441
2026-03-18 10:06:00,949,12.59,,,0.0,0.0,0.0,1003.628,51.08,68.14,272.0,297.3,-9.96,-2.134,-4.065,-2.374
2026-03-18 10:07:00,950,12.59,,,0.0,0.0,0.0,1003.628,53.77,71.26,270.3,296.6,-10.38,-2.065,-4.207,-2.31
2026-03-18 10:08:00,951,12.59,,,0.0,0.0,0.0,1003.628,50.3,66.29,273.5,296.2,-9.62,-2.029,-4.298,-2.268
2026-03-18 10:09:00,952,12.59,,,0.0,0.0,0.0,1003.628,50.63,66.54,268.4,295.6,-10.84,-2.024,-4.44,-2.244
2026-03-18 10:10:00,953,12.59,,,0.0,0.0,0.0,1003.628,53.13,70.3,268.7,295.1,-10.78,-2.043,-4.552,-2.253
2026-03-18 10:11:00,954,12.59,,,0.0,0.0,0.0,1003.628,57.78,77.13,269.3,295.0,-10.64,-2.072,-4.577,-2.28
2026-03-18 10:12:00,955,12.59,,,0.0,0.0,0.0,1003.628,60.81,81.9,271.0,295.0,-10.22,-2.092,-4.588,-2.298
2026-03-18 10:13:00,956,12.59,,,0.0,0.0,0.0,1003.56,62.5,84.4,268.9,295.0,-10.74,-2.122,-4.577,-2.316
2026-03-18 10:14:00,957,12.59,,,0.0,0.0,0.0,1003.56,63.62,85.5,271.6,295.0,-10.08,-2.189,-4.57,-2.329
2026-03-18 10:15:00,958,12.59,,,0.0,0.0,0.0,1003.628,61.04,81.5,271.8,295.1,-10.03,-2.25,-4.555,-2.35
2026-03-18 10:16:00,959,12.59,,,0.0,0.0,0.0,1003.628,61.84,82.3,271.7,295.3,-10.05,-2.29,-4.515,-2.366
2026-03-18 10:17:00,960,12.59,,,0.0,0.0,0.0,1003.628,63.28,84.8,272.8,295.7,-9.77,-2.314,-4.43,-2.384
2026-03-18 10:18:00,961,12.59,,,0.0,0.0,0.0,1003.628,64.03,84.5,274.7,295.8,-9.32,-2.339,-4.387,-2.384
2026-03-18 10:19:00,962,12.59,,,0.0,0.0,0.0,1003.628,63.36,83.4,272.4,295.8,-9.88,-2.365,-4.387,-2.382
2026-03-18 10:20:00,963,12.59,,,0.0,0.0,0.0,1003.492,62.05,81.7,262.1,295.7,-12.41,-2.396,-4.409,-2.375
2026-03-18 10:21:00,964,12.59,,,0.0,0.0,0.0,1003.492,59.01,77.67,264.7,295.8,-11.76,-2.428,-4.402,-2.368
2026-03-18 10:22:00,965,12.59,,,0.0,0.0,0.0,1003.492,58.4,76.77,265.7,295.7,-11.52,-2.449,-4.417,-2.358
2026-03-18 10:23:00,966,12.6,,,0.0,0.0,0.0,1003.492,59.43,78.12,258.1,295.6,-13.41,-2.468,-4.446,-2.347
2026-03-18 10:24:00,967,12.6,,,0.0,0.0,0.0,1003.492,62.76,83.1,270.8,295.3,-10.27,-2.479,-4.517,-2.349
2026-03-18 10:25:00,968,12.6,,,0.0,0.0,0.0,1003.423,65.45,87.6,273.1,295.1,-9.72,-2.474,-4.551,-2.363
2026-03-18 10:26:00,969,12.6,,,0.0,0.0,0.0,1003.355,65.4,88.3,269.2,296.8,-10.66,-2.471,-4.171,-2.384
2026-03-18 10:27:00,970,12.6,,,0.0,0.0,0.0,1003.355,64.94,88.7,257.8,299.4,-13.47,-2.386,-3.583,-2.313
2026-03-18 10:28:00,971,12.6,,,0.0,0.0,0.0,1003.355,63.98,87.7,265.6,297.5,-11.53,-2.291,-4.012,-2.226
2026-03-18 10:29:00,972,12.6,,,0.0,0.0,0.0,1003.355,63.11,86.1,265.4,296.3,-11.59,-2.252,-4.274,-2.204
2026-03-18 10:30:00,973,12.6,,,0.0,0.0,0.0,1003.355,61.35,82.9,252.4,296.2,-14.88,-2.24,-4.31,-2.201
2026-03-18 10:31:00,974,12.6,,,0.0,0.0,0.0,1003.355,58.54,78.89,229.9,295.7,-20.82,-2.24,-4.424,-2.205
2026-03-18 10:32:00,975,12.6,,,0.0,0.0,0.0,1003.286,56.95,78.63,248.8,294.8,-15.8,-2.279,-4.617,-2.223
2026-03-18 10:33:00,976,12.6,,,0.0,0.0,0.0,1003.286,57.87,80.2,266.7,294.5,-11.26,-2.334,-4.693,-2.254
2026-03-18 10:34:00,977,12.6,,,0.0,0.0,0.0,1003.355,56.57,76.93,272.3,294.7,-9.91,-2.403,-4.647,-2.284
2026-03-18 10:35:00,978,12.6,,,0.0,0.0,0.0,1003.355,58.9,80.4,273.0,294.9,-9.74,-2.459,-4.597,-2.302
2026-03-18 10:36:00,979,12.6,,,0.0,0.0,0.0,1003.218,59.51,80.5,272.4,294.9,-9.87,-2.506,-4.61,-2.314
2026-03-18 10:37:00,980,12.6,,,0.0,0.0,0.0,1003.149,57.77,77.14,271.9,294.8,-9.99,-2.571,-4.621,-2.334
2026-03-18 10:38:00,981,12.6,,,0.0,0.0,0.0,1003.218,56.37,75.21,271.6,294.7,-10.07,-2.641,-4.656,-2.367
2026-03-18 10:39:00,982,12.6,,,0.0,0.0,0.0,1003.218,56.21,75.2,270.6,295.0,-10.31,-2.679,-4.583,-2.394
2026-03-18 10:40:00,983,12.6,,,0.0,0.0,0.0,1003.218,57.45,77.1,267.0,295.1,-11.2,-2.696,-4.55,-2.404
2026-03-18 10:41:00,984,12.6,,,0.0,0.0,0.0,1003.081,56.51,75.4,246.7,294.9,-16.33,-2.72,-4.593,-2.41
2026-03-18 10:42:00,985,12.6,,,0.0,0.0,0.0,1003.081,53.65,71.23,254.9,294.6,-14.21,-2.745,-4.676,-2.43
2026-03-18 10:43:00,986,12.6,,,0.0,0.0,0.0,1003.081,50.86,67.73,258.9,294.4,-13.2,-2.787,-4.719,-2.458
2026-03-18 10:44:00,987,12.6,,,0.0,0.0,0.0,1003.081,51.03,68.53,257.3,294.3,-13.6,-2.839,-4.748,-2.492
2026-03-18 10:45:00,988,12.6,,,0.0,0.0,0.0,1002.944,53.02,72.13,261.8,294.3,-12.49,-2.87,-4.741,-2.523
2026-03-18 10:46:00,989,12.6,,,0.0,0.0,0.0,1002.944,54.72,73.85,267.3,293.9,-11.13,-2.919,-4.82,-2.557
2026-03-18 10:47:00,990,12.6,,,0.0,0.0,0.0,1002.875,53.83,72.82,261.2,294.5,-12.62,-2.986,-4.697,-2.603
2026-03-18 10:48:00,991,12.6,,,0.0,0.0,0.0,1003.012,9.04,68.47,259.9,305.5,-12.94,-3.041,-2.214,-2.642
2026-03-18 10:49:00,992,12.6,,,0.0,0.0,0.0,1002.944,7.383,62.73,263.3,305.8,-12.11,-3.062,-2.15,-2.666
2026-03-18 10:50:00,993,12.6,,,0.0,0.0,0.0,1002.944,7.584,60.66,257.3,305.5,-13.6,-3.073,-2.228,-2.689
2026-03-18 10:51:00,994,12.6,,,0.0,0.0,0.0,1002.944,7.126,55.91,253.7,305.7,-14.52,-3.083,-2.185,-2.713
2026-03-18 10:52:00,995,12.6,,,0.0,0.0,0.0,1002.944,6.94,54.32,257.0,305.8,-13.69,-3.068,-2.147,-2.722
2026-03-18 10:53:00,996,12.6,,,0.0,0.0,0.0,1002.807,6.683,52.8,259.0,305.9,-13.17,-3.056,-2.121,-2.73
2026-03-18 10:54:00,997,12.6,,,0.0,0.0,0.0,1002.807,6.697,51.41,260.0,306.2,-12.91,-3.018,-2.066,-2.725
2026-03-18 10:55:00,998,12.6,,,0.0,0.0,0.0,1002.807,6.697,51.27,254.0,306.8,-14.43,-2.939,-1.938,-2.685
2026-03-18 10:56:00,999,12.6,,,0.0,0.0,0.0,1002.807,6.496,50.44,244.9,306.9,-16.8,-2.853,-1.921,-2.628
2026-03-18 10:57:00,1000,12.6,,,0.0,0.0,0.0,1002.807,6.554,50.44,239.6,307.3,-18.19,-2.765,-1.812,-2.546
2026-03-18 10:58:00,1001,12.6,,,0.0,0.0,0.0,1002.807,6.697,52.16,257.9,307.3,-13.45,-2.669,-1.831,-2.453
2026-03-18 10:59:00,1002,12.6,,,0.0,0.0,0.0,1002.807,6.711,53.82,264.4,307.1,-11.83,-2.583,-1.877,-2.378
2026-03-18 11:00:00,1003,12.6,,,0.0,0.0,0.0,1002.67,6.969,55.36,262.7,307.1,-12.25,-2.5,-1.859,-2.315
2026-03-18 11:01:00,1004,12.6,,,0.0,0.0,0.0,1002.67,7.055,56.39,265.7,306.9,-11.52,-2.421,-1.907,-2.257
2026-03-18 11:02:00,1005,12.6,,,0.0,0.0,0.0,1002.533,7.04,56.24,271.2,307.6,-10.16,-2.339,-1.747,-2.196
2026-03-18 11:03:00,1006,12.6,,,0.0,0.0,0.0,1002.602,7.284,57.21,275.3,309.0,-9.19,-2.209,-1.44,-2.061
2026-03-18 11:04:00,1007,12.6,,,0.0,0.0,0.0,1002.602,7.384,58.87,275.4,309.7,-9.16,-2.025,-1.294,-1.836
2026-03-18 11:05:00,1008,12.6,,,0.0,0.0,0.0,1002.533,7.384,58.6,274.7,308.7,-9.33,-1.844,-1.51,-1.625
2026-03-18 11:06:00,1009,12.6,,,0.0,0.0,0.0,1002.533,7.198,56.46,274.3,307.7,-9.43,-1.699,-1.743,-1.483
2026-03-18 11:07:00,1010,12.6,,,0.0,0.0,0.0,1002.533,7.012,54.06,273.2,307.6,-9.69,-1.585,-1.766,-1.398
2026-03-18 11:08:00,1011,12.6,,,0.0,0.0,0.0,1002.533,6.711,52.76,272.1,307.1,-9.95,-1.477,-1.864,-1.315
2026-03-18 11:09:00,1012,12.6,,,0.0,0.0,0.0,1002.533,6.854,53.49,271.3,306.6,-10.15,-1.42,-1.983,-1.274
2026-03-18 11:10:00,1013,12.6,,,0.0,0.0,0.0,1002.533,7.04,55.26,269.5,306.4,-10.59,-1.398,-2.031,-1.258
2026-03-18 11:11:00,1014,12.6,,,0.0,0.0,0.0,1002.465,7.04,56.06,266.3,306.3,-11.37,-1.388,-2.04,-1.252
2026-03-18 11:12:00,1015,12.6,,,0.0,0.0,0.0,1002.396,7.04,56.2,266.6,306.3,-11.28,-1.376,-2.034,-1.25
2026-03-18 11:13:00,1016,12.6,,,0.0,0.0,0.0,1002.396,7.04,56.16,270.0,306.4,-10.45,-1.353,-2.012,-1.243
2026-03-18 11:14:00,1017,12.6,,,0.0,0.0,0.0,1002.328,7.04,56.49,271.3,306.4,-10.13,-1.331,-2.01,-1.235
2026-03-18 11:15:00,1018,12.6,,,0.0,0.0,0.0,1002.396,7.04,56.72,271.0,306.5,-10.22,-1.307,-2.002,-1.225
2026-03-18 11:16:00,1019,12.6,,,0.0,0.0,0.0,1002.396,7.04,56.42,269.4,306.4,-10.6,-1.279,-2.019,-1.214
2026-03-18 11:17:00,1020,12.6,,,0.0,0.0,0.0,1002.396,7.04,55.84,270.7,306.5,-10.28,-1.25,-2.003,-1.205
2026-03-18 11:18:00,1021,12.6,,,0.0,0.0,0.0,1002.328,7.039,55.51,272.2,306.4,-9.93,-1.222,-2.012,-1.196
2026-03-18 11:19:00,1022,12.6,,,0.0,0.0,0.0,1002.259,6.768,54.04,272.0,306.3,-9.98,-1.203,-2.047,-1.196
2026-03-18 11:20:00,1023,12.6,,,0.0,0.0,0.0,1002.259,6.696,53.05,272.1,306.4,-9.94,-1.189,-2.03,-1.2
2026-03-18 11:21:00,1024,12.6,,,0.0,0.0,0.0,1002.259,6.696,53.22,268.3,306.3,-10.87,-1.167,-2.032,-1.196
2026-03-18 11:22:00,1025,12.6,,,0.0,0.0,0.0,1002.259,6.696,53.17,267.2,306.4,-11.14,-1.143,-2.015,-1.188
2026-03-18 11:23:00,1026,12.6,,,0.0,0.0,0.0,1002.259,6.696,51.98,271.9,306.8,-10.0,-1.107,-1.931,-1.166
2026-03-18 11:24:00,1027,12.6,,,0.0,0.0,0.0,1002.259,6.539,51.09,271.7,306.3,-10.05,-1.071,-2.047,-1.141
2026-03-18 11:25:00,1028,12.6,,,0.0,0.0,0.0,1002.259,6.353,50.86,272.5,306.3,-9.86,-1.053,-2.037,-1.15
2026-03-18 11:26:00,1029,12.6,,,0.0,0.0,0.0,1002.259,6.353,50.65,272.6,307.1,-9.83,-1.015,-1.862,-1.123
2026-03-18 11:27:00,1030,12.6,,,0.0,0.0,0.0,1002.252,6.352,50.1,268.5,307.1,-10.83,-0.968,-1.874,-1.073
2026-03-18 11:28:00,1031,12.6,,,0.0,0.0,0.0,1002.118,6.166,47.84,253.7,307.1,-14.54,-0.922,-1.864,-1.016
2026-03-18 11:29:00,1032,12.6,,,0.0,0.0,0.0,1002.105,5.952,45.55,239.7,306.7,-18.18,-0.877,-1.954,-0.954
2026-03-18 11:30:00,1033,12.6,,,0.0,0.0,0.0,1002.095,5.709,44.5,267.4,306.8,-11.09,-0.825,-1.94,-0.911
2026-03-18 11:31:00,1034,12.6,,,0.0,0.0,0.0,1002.086,5.594,42.66,273.2,307.0,-9.68,-0.76,-1.888,-0.865
2026-03-18 11:32:00,1035,12.6,,,0.0,0.0,0.0,1002.087,5.351,41.92,273.0,307.2,-9.73,-0.703,-1.846,-0.807
2026-03-18 11:33:00,1036,12.6,,,0.0,0.0,0.0,1002.087,5.308,40.53,272.9,307.0,-9.76,-0.652,-1.878,-0.75
2026-03-18 11:34:00,1037,12.6,,,0.0,0.0,0.0,1002.087,5.022,39.04,272.5,306.9,-9.86,-0.605,-1.914,-0.702
2026-03-18 11:35:00,1038,12.6,,,0.0,0.0,0.0,1002.068,4.979,37.93,272.1,306.7,-9.95,-0.568,-1.964,-0.669
2026-03-18 11:36:00,1039,12.6,,,0.0,0.0,0.0,1001.928,4.979,36.74,267.9,306.5,-10.96,-0.541,-2.007,-0.65
2026-03-18 11:37:00,1040,12.6,,,0.0,0.0,0.0,1001.782,4.721,35.97,269.3,306.6,-10.62,-0.52,-1.98,-0.636
2026-03-18 11:38:00,1041,12.6,,,0.0,0.0,0.0,1001.631,4.721,36.24,269.9,306.0,-10.47,-0.501,-2.098,-0.618
2026-03-18 11:39:00,1042,12.6,,,0.0,0.0,0.0,1001.626,4.979,37.87,270.1,306.1,-10.43,-0.506,-2.095,-0.632
2026-03-18 11:40:00,1043,12.6,,,0.0,0.0,0.0,1001.616,4.979,38.81,253.8,306.0,-14.58,-0.512,-2.108,-0.642
2026-03-18 11:41:00,1044,12.61,,,0.0,0.0,0.0,1001.601,4.807,36.94,178.9,305.2,-36.28,-0.526,-2.293,-0.652
2026-03-18 11:42:00,1045,12.6,,,0.0,0.0,0.0,1001.595,4.635,36.18,203.1,304.7,-28.8,-0.552,-2.408,-0.674
2026-03-18 11:43:00,1046,12.6,,,0.0,0.0,0.0,1001.591,4.807,37.61,247.6,305.2,-16.08,-0.588,-2.285,-0.712
2026-03-18 11:44:00,1047,12.61,,,0.0,0.0,0.0,1001.588,4.65,36.97,260.2,305.4,-12.88,-0.62,-2.245,-0.746
2026-03-18 11:45:00,1048,12.6,,,0.0,0.0,0.0,1001.654,4.635,35.92,266.6,305.7,-11.29,-0.646,-2.171,-0.768
2026-03-18 11:46:00,1049,12.61,,,0.0,0.0,0.0,1001.72,4.635,36.1,266.1,305.8,-11.42,-0.665,-2.156,-0.782
2026-03-18 11:47:00,1050,12.61,,,0.0,0.0,0.0,1001.718,4.635,35.58,267.5,305.8,-11.06,-0.683,-2.144,-0.794
2026-03-18 11:48:00,1051,12.61,,,0.0,0.0,0.0,1001.715,4.635,35.12,263.9,305.8,-11.97,-0.695,-2.155,-0.802
2026-03-18 11:49:00,1052,12.61,,,0.0,0.0,0.0,1001.721,4.464,34.35,245.0,305.5,-16.78,-0.704,-2.22,-0.809
2026-03-18 11:50:00,1053,12.61,,,0.0,0.0,0.0,1001.719,4.464,34.39,239.8,305.1,-18.14,-0.724,-2.316,-0.836
2026-03-18 11:51:00,1054,12.61,,,0.0,0.0,0.0,1001.581,4.635,35.91,249.4,305.0,-15.66,-0.75,-2.338,-0.874
2026-03-18 11:52:00,1055,12.61,,,0.0,0.0,0.0,1001.579,4.764,37.38,263.3,304.9,-12.11,-0.788,-2.361,-0.928
2026-03-18 11:53:00,1056,12.61,,,0.0,0.0,0.0,1001.578,4.964,37.98,267.5,305.5,-11.08,-0.837,-2.211,-0.99
2026-03-18 11:54:00,1057,12.61,,,0.0,0.0,0.0,1001.577,4.964,38.04,265.8,306.0,-11.49,-0.856,-2.119,-0.998
2026-03-18 11:55:00,1058,12.61,,,0.0,0.0,0.0,1001.713,4.921,38.23,265.4,305.7,-11.58,-0.855,-2.182,-0.98
2026-03-18 11:56:00,1059,12.61,,,0.0,0.0,0.0,1001.576,5.136,40.59,258.8,305.6,-13.22,-0.871,-2.188,-0.999
2026-03-18 11:57:00,1060,12.61,,,0.0,0.0,0.0,1001.575,5.336,42.93,228.5,306.1,-21.26,-0.86,-2.08,-0.981
2026-03-18 11:58:00,1061,12.61,,,0.0,0.0,0.0,1001.575,5.393,43.26,224.5,306.2,-22.35,-0.826,-2.068,-0.922
2026-03-18 11:59:00,1062,12.61,,,0.0,0.0,0.0,1001.575,5.536,43.53,190.3,305.6,-32.57,-0.795,-2.197,-0.878
2026-03-18 12:00:00,1063,12.61,,,0.0,0.0,0.0,1001.575,5.665,44.65,184.2,305.0,-34.43,-0.778,-2.329,-0.86
2026-03-18 12:01:00,1064,12.61,,,0.0,0.0,0.0,1001.506,5.665,44.38,194.2,305.0,-31.28,-0.78,-2.337,-0.867
2026-03-18 12:02:00,1065,12.61,,,0.0,0.0,0.0,1001.574,5.665,43.65,161.1,305.0,-42.35,-0.777,-2.338,-0.857
2026-03-18 12:03:00,1066,12.61,,,0.0,0.0,0.0,1001.438,5.694,44.35,147.2,304.7,-47.45,-0.775,-2.407,-0.846
2026-03-18 12:04:00,1067,12.61,,,0.0,0.0,0.0,1001.438,6.223,48.83,146.4,303.9,-47.74,-0.779,-2.565,-0.844
2026-03-18 12:05:00,1068,12.61,,,0.0,0.0,0.0,1001.506,7.081,57.21,191.1,304.0,-32.68,-0.809,-2.564,-0.895
2026-03-18 12:06:00,1069,12.61,,,0.0,0.0,0.0,1001.437,8.01,66.17,242.8,304.9,-17.33,-0.833,-2.364,-0.931
2026-03-18 12:07:00,1070,12.61,,,0.0,0.0,0.0,1001.437,8.94,75.05,236.3,305.0,-19.22,-0.852,-2.324,-0.97
2026-03-18 12:08:00,1071,12.61,,,0.0,0.0,0.0,1001.3,9.47,80.4,168.1,304.9,-39.88,-0.867,-2.347,-0.997
2026-03-18 12:09:00,1072,12.61,,,0.0,0.0,0.0,1001.3,9.44,79.9,207.8,305.9,-27.27,-0.857,-2.141,-0.982
2026-03-18 12:10:00,1073,12.61,,,0.0,0.0,0.0,1001.3,9.34,78.6,235.6,306.1,-19.36,-0.814,-2.089,-0.913
2026-03-18 12:11:00,1074,12.61,,,0.0,0.0,0.0,1001.3,8.91,74.28,158.9,305.1,-43.2,-0.777,-2.306,-0.86
2026-03-18 12:12:00,1075,12.61,,,0.0,0.0,0.0,1001.3,8.86,73.42,159.7,304.6,-42.85,-0.76,-2.426,-0.838
2026-03-18 12:13:00,1076,12.61,,,0.0,0.0,0.0,1001.164,9.27,77.02,209.6,304.7,-26.67,-0.755,-2.406,-0.841
2026-03-18 12:14:00,1077,12.61,,,0.0,0.0,0.0,1001.3,9.44,78.02,179.0,304.1,-36.24,-0.762,-2.522,-0.857
2026-03-18 12:15:00,1078,12.61,,,0.0,0.0,0.0,1001.164,9.44,77.92,142.9,304.6,-49.11,-0.779,-2.427,-0.887
2026-03-18 12:16:00,1079,12.61,,,0.0,0.0,0.0,1001.3,9.3,76.53,132.8,304.6,-53.18,-0.774,-2.423,-0.866
2026-03-18 12:17:00,1080,12.61,,,0.0,0.0,0.0,1001.3,8.97,73.19,135.5,304.0,-52.09,-0.775,-2.557,-0.865
2026-03-18 12:18:00,1081,12.61,,,0.0,0.0,0.0,1001.164,8.67,70.64,174.2,304.3,-38.0,-0.782,-2.497,-0.871
2026-03-18 12:19:00,1082,12.61,,,0.0,0.0,0.0,1001.095,8.7,70.55,183.3,303.9,-34.73,-0.797,-2.567,-0.886
2026-03-18 12:20:00,1083,12.61,,,0.0,0.0,0.0,1001.164,8.77,71.97,155.7,303.8,-44.26,-0.836,-2.596,-0.93
2026-03-18 12:21:00,1084,12.61,,,0.0,0.0,0.0,1001.095,9.1,75.02,152.6,303.9,-45.41,-0.869,-2.573,-0.966
2026-03-18 12:22:00,1085,12.61,,,0.0,0.0,0.0,1001.164,9.04,74.14,146.4,304.0,-47.75,-0.894,-2.545,-0.995
2026-03-18 12:23:00,1086,12.61,,,0.0,0.0,0.0,1001.027,8.75,71.93,156.9,303.7,-43.83,-0.918,-2.616,-1.028
2026-03-18 12:24:00,1087,12.61,,,0.0,0.0,0.0,1001.027,8.57,70.41,168.9,304.2,-39.54,-0.948,-2.5,-1.07
2026-03-18 12:25:00,1088,12.61,,,0.0,0.0,0.0,1001.027,8.1,65.22,158.0,304.5,-43.53,-0.957,-2.439,-1.066
2026-03-18 12:26:00,1089,12.61,,,0.0,0.0,0.0,1001.027,7.725,61.24,139.9,303.8,-50.27,-0.96,-2.605,-1.053
2026-03-18 12:27:00,1090,12.61,,,0.0,0.0,0.0,1001.027,7.996,62.81,147.1,303.9,-47.48,-0.973,-2.565,-1.066
2026-03-18 12:28:00,1091,12.61,,,0.0,0.0,0.0,1001.027,8.41,65.63,143.2,304.0,-48.98,-0.974,-2.55,-1.062
2026-03-18 12:29:00,1092,12.61,,,0.0,0.0,0.0,1001.027,8.63,69.69,162.0,303.8,-42.19,-0.984,-2.602,-1.079
2026-03-18 12:30:00,1093,12.61,,,0.0,0.0,0.0,1001.027,9.26,76.06,219.2,304.1,-23.85,-1.001,-2.535,-1.112
2026-03-18 12:31:00,1094,12.61,,,0.0,0.0,0.0,1001.027,9.44,78.75,231.4,304.7,-20.39,-1.026,-2.408,-1.155
2026-03-18 12:32:00,1095,12.61,,,0.0,0.0,0.0,1001.027,9.6,80.2,250.5,305.1,-15.37,-1.034,-2.317,-1.171
2026-03-18 12:33:00,1096,12.61,,,0.0,0.0,0.0,1001.027,9.84,83.2,261.9,305.6,-12.45,-1.03,-2.197,-1.172
2026-03-18 12:34:00,1097,12.61,,,0.0,0.0,0.0,1001.027,10.04,83.7,234.6,306.3,-19.71,-1.006,-2.041,-1.129
2026-03-18 12:35:00,1098,12.61,,,0.0,0.0,0.0,1000.89,9.74,80.8,163.6,305.2,-41.48,-0.966,-2.279,-1.072
2026-03-18 12:36:00,1099,12.61,,,0.0,0.0,0.0,1000.89,9.44,76.87,187.8,305.1,-33.49,-0.941,-2.314,-1.056
2026-03-18 12:37:00,1100,12.61,,,0.0,0.0,0.0,1000.89,9.31,76.6,189.9,305.6,-32.81,-0.913,-2.197,-1.026
2026-03-18 12:38:00,1101,12.61,,,0.0,0.0,0.0,1000.821,9.2,75.32,155.4,306.2,-44.35,-0.865,-2.07,-0.942
2026-03-18 12:39:00,1102,12.61,,,0.0,0.0,0.0,1000.753,9.84,81.6,187.0,306.2,-33.63,-0.794,-2.073,-0.805
2026-03-18 12:40:00,1103,12.61,,,0.0,0.0,0.0,1000.753,10.13,85.7,217.4,305.7,-24.31,-0.728,-2.183,-0.718
2026-03-18 12:41:00,1104,12.61,,,0.0,0.0,0.0,1000.753,10.39,88.0,213.0,306.0,-25.59,-0.671,-2.117,-0.663
2026-03-18 12:42:00,1105,12.61,,,0.0,0.0,0.0,1000.753,10.6,90.3,211.7,305.7,-25.98,-0.615,-2.176,-0.604
2026-03-18 12:43:00,1106,12.61,,,0.0,0.0,0.0,1000.753,10.39,86.6,204.5,304.9,-28.23,-0.582,-2.363,-0.582
2026-03-18 12:44:00,1107,12.61,,,0.0,0.0,0.0,1000.753,9.8,80.9,155.5,304.2,-44.34,-0.569,-2.508,-0.588
2026-03-18 12:45:00,1108,12.61,,,0.0,0.0,0.0,1000.753,10.16,84.4,171.7,304.3,-38.64,-0.571,-2.485,-0.612
2026-03-18 12:46:00,1109,12.61,,,0.0,0.0,0.0,1000.753,10.71,90.7,204.8,304.9,-28.03,-0.571,-2.349,-0.628
2026-03-18 12:47:00,1110,12.61,,,0.0,0.0,0.0,1000.616,11.39,96.7,220.2,305.1,-23.53,-0.562,-2.317,-0.633
2026-03-18 12:48:00,1111,12.61,,,0.0,0.0,0.0,1000.616,11.3,96.2,227.2,305.1,-21.56,-0.555,-2.312,-0.643
2026-03-18 12:49:00,1112,12.61,,,0.0,0.0,0.0,1000.616,10.7,90.8,222.3,304.6,-22.95,-0.56,-2.41,-0.664
2026-03-18 12:50:00,1113,12.61,,,0.0,0.0,0.0,1000.616,10.19,85.3,200.7,304.0,-29.26,-0.586,-2.548,-0.719
2026-03-18 12:51:00,1114,12.61,,,0.0,0.0,0.0,1000.616,9.78,82.6,204.9,304.1,-27.98,-0.626,-2.52,-0.793
2026-03-18 12:52:00,1115,12.61,,,0.0,0.0,0.0,1000.616,9.78,82.5,217.4,306.1,-24.35,-0.64,-2.095,-0.817
2026-03-18 12:53:00,1116,12.61,,,0.0,0.0,0.0,1000.616,9.78,82.9,238.3,306.7,-18.54,-0.595,-1.944,-0.726
2026-03-18 12:54:00,1117,12.61,,,0.0,0.0,0.0,1000.685,9.53,80.6,253.4,306.7,-14.63,-0.54,-1.965,-0.632
2026-03-18 12:55:00,1118,12.61,,,0.0,0.0,0.0,1000.685,9.26,77.6,266.5,306.2,-11.33,-0.492,-2.074,-0.58
2026-03-18 12:56:00,1119,12.61,,,0.0,0.0,0.0,1000.753,8.83,72.88,267.2,306.7,-11.15,-0.446,-1.956,-0.536
2026-03-18 12:57:00,1120,12.61,,,0.0,0.0,0.0,1000.753,8.41,69.44,262.9,306.3,-12.2,-0.396,-2.035,-0.479
2026-03-18 12:58:00,1121,12.61,,,0.0,0.0,0.0,1000.616,8.14,67.05,266.8,306.4,-11.25,-0.355,-2.027,-0.437
2026-03-18 12:59:00,1122,12.61,,,0.0,0.0,0.0,1000.616,7.796,63.15,261.5,305.9,-12.56,-0.322,-2.136,-0.407
2026-03-18 13:00:00,1123,12.61,,,0.0,0.0,0.0,1000.685,7.596,61.68,257.5,305.4,-13.57,-0.312,-2.252,-0.42
2026-03-18 13:01:00,1124,12.61,,,0.0,0.0,0.0,1000.753,7.41,61.24,266.2,305.2,-11.4,-0.317,-2.276,-0.445
2026-03-18 13:02:00,1125,12.61,,,0.0,0.0,0.0,1000.753,7.381,60.05,265.5,304.6,-11.55,-0.345,-2.414,-0.506
2026-03-18 13:03:00,1126,12.61,,,0.0,0.0,0.0,1000.685,7.052,56.96,266.6,305.0,-11.3,-0.388,-2.34,-0.588
2026-03-18 13:04:00,1127,12.61,,,0.0,0.0,0.0,1000.616,6.694,53.57,242.6,305.3,-17.42,-0.421,-2.273,-0.634
2026-03-18 13:05:00,1128,12.61,,,0.0,0.0,0.0,1000.616,6.523,52.12,256.6,305.1,-13.79,-0.439,-2.312,-0.66
2026-03-18 13:06:00,1129,12.61,,,0.0,0.0,0.0,1000.616,6.423,52.18,262.7,305.8,-12.25,-0.459,-2.155,-0.697
2026-03-18 13:07:00,1130,12.61,,,0.0,0.0,0.0,1000.548,6.351,50.91,259.9,306.1,-12.95,-0.46,-2.079,-0.68
2026-03-18 13:08:00,1131,12.61,,,0.0,0.0,0.0,1000.479,6.022,48.36,260.6,306.0,-12.78,-0.454,-2.113,-0.665
2026-03-18 13:09:00,1132,12.61,,,0.0,0.0,0.0,1000.479,5.636,44.73,256.2,306.6,-13.89,-0.444,-1.986,-0.641
2026-03-18 13:10:00,1133,12.61,,,0.0,0.0,0.0,1000.479,5.321,41.9,254.2,306.4,-14.42,-0.419,-2.027,-0.585
2026-03-18 13:11:00,1134,12.61,,,0.0,0.0,0.0,1000.479,5.021,39.27,270.6,305.7,-10.31,-0.4,-2.165,-0.553
2026-03-18 13:12:00,1135,12.61,,,0.0,0.0,0.0,1000.479,4.649,35.89,268.7,305.5,-10.78,-0.406,-2.228,-0.569
2026-03-18 13:13:00,1136,12.61,,,0.0,0.0,0.0,1000.479,4.635,35.35,262.2,306.4,-12.39,-0.409,-2.011,-0.574
2026-03-18 13:14:00,1137,12.61,,,0.0,0.0,0.0,1000.479,4.692,37.15,256.7,306.3,-13.76,-0.389,-2.053,-0.524
2026-03-18 13:15:00,1138,12.61,,,0.0,0.0,0.0,1000.479,4.978,39.68,261.4,305.6,-12.57,-0.38,-2.193,-0.509
2026-03-18 13:16:00,1139,12.61,,,0.0,0.0,0.0,1000.479,4.792,38.38,263.7,305.3,-12.0,-0.393,-2.259,-0.53
2026-03-18 13:17:00,1140,12.61,,,0.0,0.0,0.0,1000.479,4.42,35.02,267.8,305.6,-10.99,-0.412,-2.194,-0.555
2026-03-18 13:18:00,1141,12.61,,,0.0,0.0,0.0,1000.479,4.263,32.89,263.5,305.8,-12.05,-0.421,-2.147,-0.556
2026-03-18 13:19:00,1142,12.61,,,0.0,0.0,0.0,1000.479,3.962,31.34,237.4,305.7,-18.85,-0.42,-2.168,-0.546
2026-03-18 13:20:00,1143,12.61,,,0.0,0.0,0.0,1000.479,3.977,31.54,239.9,305.0,-18.15,-0.429,-2.328,-0.563
2026-03-18 13:21:00,1144,12.61,,,0.0,0.0,0.0,1000.479,4.263,33.17,254.0,306.1,-14.44,-0.435,-2.085,-0.572
2026-03-18 13:22:00,1145,12.61,,,0.0,0.0,0.0,1000.479,4.291,33.34,262.5,306.3,-12.31,-0.416,-2.032,-0.525
2026-03-18 13:23:00,1146,12.61,,,0.0,0.0,0.0,1000.479,4.02,32.21,270.2,305.6,-10.41,-0.407,-2.204,-0.508
2026-03-18 13:24:00,1147,12.61,,,0.0,0.0,0.0,1000.479,3.948,30.54,270.3,305.2,-10.38,-0.421,-2.276,-0.533
2026-03-18 13:25:00,1148,12.61,,,0.0,0.0,0.0,1000.479,3.948,29.98,267.0,305.1,-11.19,-0.455,-2.303,-0.585
2026-03-18 13:26:00,1149,12.61,,,0.0,0.0,0.0,1000.479,3.819,29.7,252.7,305.6,-14.79,-0.478,-2.189,-0.611
2026-03-18 13:27:00,1150,12.61,,,0.0,0.0,0.0,1000.479,3.719,29.41,226.6,305.7,-21.71,-0.487,-2.173,-0.615
2026-03-18 13:28:00,1151,12.61,,,0.0,0.0,0.0,1000.479,3.605,28.92,245.5,305.8,-16.65,-0.484,-2.154,-0.598
2026-03-18 13:29:00,1152,12.61,,,0.0,0.0,0.0,1000.479,3.605,28.14,237.8,304.9,-18.68,-0.486,-2.351,-0.597
2026-03-18 13:30:00,1153,12.61,,,0.0,0.0,0.0,1000.342,3.605,28.37,237.2,305.0,-18.83,-0.511,-2.321,-0.636
2026-03-18 13:31:00,1154,12.61,,,0.0,0.0,0.0,1000.411,3.676,29.47,256.5,305.0,-13.82,-0.535,-2.335,-0.668
2026-03-18 13:32:00,1155,12.61,,,0.0,0.0,0.0,1000.342,3.948,30.71,267.2,305.0,-11.13,-0.577,-2.33,-0.724
2026-03-18 13:33:00,1156,12.61,,,0.0,0.0,0.0,1000.342,3.948,31.33,266.8,305.2,-11.25,-0.616,-2.295,-0.769
2026-03-18 13:34:00,1157,12.61,,,0.0,0.0,0.0,1000.342,3.948,31.41,267.5,305.5,-11.06,-0.649,-2.22,-0.803
2026-03-18 13:35:00,1158,12.61,,,0.0,0.0,0.0,1000.342,3.948,31.67,267.6,305.5,-11.06,-0.668,-2.221,-0.819
2026-03-18 13:36:00,1159,12.61,,,0.0,0.0,0.0,1000.205,3.948,32.27,267.8,305.5,-10.99,-0.686,-2.228,-0.839
2026-03-18 13:37:00,1160,12.61,,,0.0,0.0,0.0,1000.205,3.948,32.1,262.3,305.9,-12.34,-0.694,-2.133,-0.841
2026-03-18 13:38:00,1161,12.61,,,0.0,0.0,0.0,1000.205,3.948,32.3,260.3,305.7,-12.85,-0.697,-2.172,-0.84
2026-03-18 13:39:00,1162,12.61,,,0.0,0.0,0.0,1000.205,4.034,33.0,266.1,306.3,-11.4,-0.69,-2.051,-0.822
2026-03-18 13:40:00,1163,12.61,,,0.0,0.0,0.0,1000.205,3.991,32.63,268.7,306.0,-10.79,-0.673,-2.116,-0.785
2026-03-18 13:41:00,1164,12.61,,,0.0,0.0,0.0,1000.342,3.948,31.47,268.6,305.3,-10.8,-0.677,-2.256,-0.789
2026-03-18 13:42:00,1165,12.61,,,0.0,0.0,0.0,1000.205,3.948,31.76,267.5,305.2,-11.06,-0.706,-2.291,-0.823
2026-03-18 13:43:00,1166,12.61,,,0.0,0.0,0.0,1000.205,3.948,32.69,266.8,305.0,-11.25,-0.747,-2.336,-0.863
2026-03-18 13:44:00,1167,12.61,,,0.0,0.0,0.0,1000.205,4.12,33.34,263.9,305.1,-11.95,-0.787,-2.302,-0.905
2026-03-18 13:45:00,1168,12.61,,,0.0,0.0,0.0,1000.205,4.062,33.23,265.3,305.1,-11.61,-0.82,-2.317,-0.946
2026-03-18 13:46:00,1169,12.61,,,0.0,0.0,0.0,1000.205,3.948,32.5,267.3,305.2,-11.12,-0.854,-2.284,-0.979
2026-03-18 13:47:00,1170,12.61,,,0.0,0.0,0.0,1000.205,3.948,32.07,267.0,305.0,-11.2,-0.888,-2.326,-1.011
2026-03-18 13:48:00,1171,12.61,,,0.0,0.0,0.0,1000.205,3.948,31.77,266.9,304.8,-11.2,-0.937,-2.373,-1.068
2026-03-18 13:49:00,1172,12.61,,,0.0,0.0,0.0,1000.205,3.948,31.5,267.8,305.1,-10.99,-0.976,-2.309,-1.111
2026-03-18 13:50:00,1173,12.61,,,0.0,0.0,0.0,1000.205,3.962,32.31,267.8,305.2,-10.99,-1.011,-2.283,-1.151
2026-03-18 13:51:00,1174,12.61,,,0.0,0.0,0.0,1000.205,4.248,33.82,265.6,305.1,-11.53,-1.038,-2.316,-1.179
2026-03-18 13:52:00,1175,12.61,,,0.0,0.0,0.0,1000.205,4.291,35.03,264.4,304.9,-11.84,-1.069,-2.355,-1.22
2026-03-18 13:53:00,1176,12.61,,,0.0,0.0,0.0,1000.205,4.306,35.85,265.3,304.9,-11.6,-1.102,-2.362,-1.266
2026-03-18 13:54:00,1177,12.61,,,0.0,0.0,0.0,1000.069,4.62,37.26,265.1,305.3,-11.65,-1.131,-2.275,-1.303
2026-03-18 13:55:00,1178,12.61,,,0.0,0.0,0.0,1000.069,4.635,38.49,266.2,305.1,-11.39,-1.16,-2.3,-1.334
2026-03-18 13:56:00,1179,12.61,,,0.0,0.0,0.0,1000.069,4.635,38.22,266.6,305.2,-11.28,-1.19,-2.287,-1.362
2026-03-18 13:57:00,1180,12.61,,,0.0,0.0,0.0,1000.0,4.635,37.13,267.4,305.5,-11.1,-1.213,-2.213,-1.381
2026-03-18 13:58:00,1181,12.61,,,0.0,0.0,0.0,1000.0,4.635,37.85,267.7,305.5,-11.01,-1.223,-2.212,-1.387
2026-03-18 13:59:00,1182,12.61,,,0.0,0.0,0.0,999.9318,4.906,39.82,267.1,305.8,-11.17,-1.216,-2.152,-1.38
2026-03-18 14:00:00,1183,12.61,,,0.0,0.0,0.0,999.9318,4.978,41.64,266.1,305.7,-11.41,-1.202,-2.167,-1.366
2026-03-18 14:01:00,1184,12.61,,,0.0,0.0,0.0,999.9318,5.164,42.73,257.7,305.8,-13.51,-1.191,-2.152,-1.353
2026-03-18 14:02:00,1185,12.61,,,0.0,0.0,0.0,999.9318,5.321,44.19,244.4,305.6,-16.93,-1.181,-2.187,-1.339
2026-03-18 14:03:00,1186,12.61,,,0.0,0.0,0.0,999.8633,5.321,44.79,265.2,305.7,-11.64,-1.174,-2.173,-1.329
2026-03-18 14:04:00,1187,12.61,,,0.0,0.0,0.0,999.7949,5.321,44.14,268.7,305.8,-10.76,-1.161,-2.146,-1.31
2026-03-18 14:05:00,1188,12.61,,,0.0,0.0,0.0,999.7949,5.321,43.76,268.0,305.3,-10.94,-1.159,-2.26,-1.309
2026-03-18 14:06:00,1189,12.61,,,0.0,0.0,0.0,999.7949,5.321,44.53,267.5,305.4,-11.07,-1.167,-2.232,-1.322
2026-03-18 14:07:00,1190,12.61,,,0.0,0.0,0.0,999.7949,5.436,45.03,267.1,305.1,-11.17,-1.18,-2.311,-1.34
2026-03-18 14:08:00,1191,12.61,,,0.0,0.0,0.0,999.7949,5.65,45.36,267.0,305.0,-11.18,-1.203,-2.324,-1.377
2026-03-18 14:09:00,1192,12.61,,,0.0,0.0,0.0,999.7264,5.665,45.65,267.1,304.9,-11.16,-1.238,-2.363,-1.427
2026-03-18 14:10:00,1193,12.61,,,0.0,0.0,0.0,999.658,5.522,45.47,267.4,305.5,-11.1,-1.268,-2.225,-1.464
2026-03-18 14:11:00,1194,12.61,,,0.0,0.0,0.0,999.658,5.35,45.9,267.8,305.7,-11.0,-1.272,-2.177,-1.461
2026-03-18 14:12:00,1195,12.61,,,0.0,0.0,0.0,999.5896,5.665,47.84,268.3,305.1,-10.88,-1.281,-2.312,-1.467
2026-03-18 14:13:00,1196,12.61,,,0.0,0.0,0.0,999.5211,5.722,49.71,268.3,305.2,-10.87,-1.305,-2.279,-1.494
2026-03-18 14:14:00,1197,12.61,,,0.0,0.0,0.0,999.5211,6.008,50.64,268.0,305.3,-10.94,-1.319,-2.275,-1.507
2026-03-18 14:15:00,1198,12.61,,,0.0,0.0,0.0,999.3843,5.951,50.61,267.7,305.5,-11.02,-1.336,-2.217,-1.52
2026-03-18 14:16:00,1199,12.61,,,0.0,0.0,0.0,999.4527,5.665,50.14,268.5,305.7,-10.83,-1.339,-2.174,-1.518
2026-03-18 14:17:00,1200,12.61,,,0.0,0.0,0.0,999.3843,5.665,49.74,269.1,305.8,-10.67,-1.328,-2.161,-1.504
2026-03-18 14:18:00,1201,12.61,,,0.0,0.0,0.0,999.3843,5.665,49.38,269.1,305.4,-10.68,-1.325,-2.231,-1.5
2026-03-18 14:19:00,1202,12.59,,,0.0,0.0,0.0,999.2474,5.665,49.46,268.8,305.5,-10.75,-1.334,-2.212,-1.507
2026-03-18 14:20:00,1203,12.59,,,0.0,0.0,0.0,999.2474,5.665,49.48,267.9,305.5,-10.96,-1.344,-2.215,-1.512
2026-03-18 14:21:00,1204,12.58,,,0.0,0.0,0.0,999.2474,5.665,48.71,268.0,305.8,-10.96,-1.347,-2.164,-1.509
2026-03-18 14:22:00,1205,12.58,,,0.0,0.0,0.0,999.1105,5.665,48.61,268.6,305.6,-10.79,-1.342,-2.191,-1.499
2026-03-18 14:23:00,1206,12.58,,,0.0,0.0,0.0,999.1105,5.665,48.92,267.8,305.5,-11.0,-1.34,-2.212,-1.494
2026-03-18 14:24:00,1207,12.57,,,0.0,0.0,0.0,999.1105,5.665,48.79,266.5,305.5,-11.31,-1.341,-2.217,-1.491
2026-03-18 14:25:00,1208,12.57,,,0.0,0.0,0.0,999.0421,5.479,47.59,279.6,305.5,-9.01,-1.35,-2.216,-1.495
2026-03-18 14:26:00,1209,12.57,,,0.0,0.0,0.0,998.9736,5.25,46.85,280.1,305.5,-8.86,-1.334,-2.221,-1.496
2026-03-18 14:27:00,1210,12.57,,,0.002,0.02,0.0,998.8368,5.321,46.83,,,,,,
2026-03-18 14:29:00,1211,12.57,,,0.0,0.0,0.0,998.8367,5.321,45.24,306.3,267.5,-2.044,-1.46,-11.07,-1.298
2026-03-18 14:30:00,1212,12.57,,,0.0,0.0,0.0,998.8367,5.235,44.43,306.2,267.7,-2.074,-1.399,-11.02,-1.252
2026-03-18 14:31:00,1213,12.57,,,0.0,0.0,0.0,998.8367,4.978,43.31,306.0,267.6,-2.118,-1.359,-11.04,-1.219
2026-03-18 14:32:00,1214,12.57,,,0.0,0.0,0.0,998.8367,4.949,41.67,305.7,267.8,-2.166,-1.337,-11.0,-1.202
2026-03-18 14:33:00,1215,12.57,,,0.0,0.0,0.0,998.8367,4.635,39.9,305.7,267.4,-2.177,-1.321,-11.09,-1.191
2026-03-18 14:34:00,1216,12.56,,,0.0,0.0,0.0,998.7682,4.577,38.36,305.7,266.6,-2.172,-1.311,-11.28,-1.186
2026-03-18 14:35:00,1217,12.56,,,0.0,0.0,0.0,998.8367,4.306,36.86,305.4,266.9,-2.239,-1.308,-11.21,-1.19
2026-03-18 14:36:00,1218,12.56,,,0.0,0.0,0.0,998.8367,4.22,35.39,305.6,267.2,-2.191,-1.31,-11.15,-1.2
2026-03-18 14:37:00,1219,12.57,,,0.0,0.0,0.0,998.8367,4.005,34.46,305.6,267.8,-2.207,-1.304,-10.98,-1.198
2026-03-18 14:38:00,1220,12.58,,,0.0,0.0,0.0,998.8367,3.948,33.64,305.5,268.1,-2.209,-1.305,-10.93,-1.203
2026-03-18 14:39:00,1221,12.58,,,0.0,0.0,0.0,998.8367,3.948,32.89,305.3,267.4,-2.254,-1.305,-11.09,-1.208
2026-03-18 14:40:00,1222,12.59,,,0.0,0.0,0.0,998.8367,3.948,32.23,305.0,267.0,-2.33,-1.326,-11.19,-1.238
2026-03-18 14:41:00,1223,12.59,,,0.0,0.0,0.0,998.6998,3.948,31.28,305.0,267.0,-2.338,-1.367,-11.19,-1.297
2026-03-18 14:42:00,1224,12.59,,,0.0,0.0,0.0,998.5629,3.819,30.27,305.1,267.3,-2.307,-1.406,-11.11,-1.351
2026-03-18 14:43:00,1225,12.59,,,0.0,0.0,0.0,998.4945,3.605,29.54,305.2,267.8,-2.287,-1.431,-11.0,-1.384
2026-03-18 14:44:00,1226,12.59,,,0.0,0.0,0.0,998.5629,3.605,28.68,305.6,268.4,-2.199,-1.44,-10.85,-1.388
2026-03-18 14:45:00,1227,12.59,,,0.0,0.0,0.0,998.6313,3.519,27.68,305.8,268.5,-2.151,-1.43,-10.82,-1.366
2026-03-18 14:46:00,1228,12.59,,,0.0,0.0,0.0,998.5629,3.261,26.88,305.6,268.7,-2.187,-1.415,-10.78,-1.341
2026-03-18 14:47:00,1229,12.6,,,0.0,0.0,0.0,998.4945,3.261,26.36,305.3,269.6,-2.261,-1.415,-10.56,-1.339
2026-03-18 14:48:00,1230,12.6,,,0.0,0.0,0.0,998.426,3.261,25.78,305.2,270.0,-2.284,-1.434,-10.46,-1.358
2026-03-18 14:49:00,1231,12.6,,,0.0,0.0,0.0,998.2892,3.261,25.23,305.8,270.0,-2.154,-1.442,-10.45,-1.371
2026-03-18 14:50:00,1232,12.6,,,0.0,0.0,0.0,998.2892,3.19,24.8,305.6,269.1,-2.207,-1.426,-10.68,-1.356
2026-03-18 14:51:00,1233,12.6,,,0.0,0.0,0.0,998.3576,3.004,24.55,305.8,269.7,-2.152,-1.412,-10.52,-1.333
2026-03-18 14:52:00,1234,12.6,,,0.0,0.0,0.0,998.3576,3.09,24.8,305.5,269.0,-2.212,-1.393,-10.7,-1.305
2026-03-18 14:53:00,1235,12.61,,,0.0,0.0,0.0,998.2892,3.147,24.89,305.4,268.9,-2.242,-1.395,-10.73,-1.31
2026-03-18 14:54:00,1236,12.6,,,0.0,0.0,0.0,998.2892,3.047,24.89,305.4,269.5,-2.243,-1.4,-10.57,-1.319
2026-03-18 14:55:00,1237,12.61,,,0.0,0.0,0.0,998.2207,2.961,24.76,305.3,269.4,-2.256,-1.412,-10.59,-1.335
2026-03-18 14:56:00,1238,12.61,,,0.0,0.0,0.0,998.2892,2.947,24.89,305.6,269.2,-2.197,-1.409,-10.65,-1.336
2026-03-18 14:57:00,1239,12.61,,,0.0,0.0,0.0,998.2892,3.018,25.0,305.4,269.4,-2.244,-1.412,-10.62,-1.339
2026-03-18 14:58:00,1240,12.61,,,0.0,0.0,0.0,998.2892,2.918,24.7,305.5,269.3,-2.211,-1.412,-10.62,-1.339
2026-03-18 14:59:00,1241,12.61,,,0.0,0.0,0.0,998.2892,2.918,24.2,305.7,267.8,-2.177,-1.394,-11.01,-1.322
2026-03-18 15:00:00,1242,12.61,,,0.0,0.0,0.0,998.2892,2.918,23.79,305.7,268.4,-2.179,-1.378,-10.85,-1.307
2026-03-18 15:01:00,1243,12.61,,,0.0,0.0,0.0,998.2892,2.918,23.49,305.7,269.2,-2.182,-1.362,-10.64,-1.291
2026-03-18 15:02:00,1244,12.61,,,0.0,0.0,0.0,998.2892,2.918,23.2,305.5,269.3,-2.222,-1.354,-10.63,-1.279
2026-03-18 15:03:00,1245,12.61,,,0.0,0.0,0.0,998.1523,2.918,22.86,305.0,269.7,-2.334,-1.365,-10.54,-1.281
2026-03-18 15:04:00,1246,12.61,,,0.0,0.0,0.0,998.1523,2.847,22.52,305.2,269.6,-2.29,-1.388,-10.55,-1.295
2026-03-18 15:05:00,1247,12.61,,,0.0,0.0,0.0,998.2207,2.804,22.46,305.6,269.8,-2.203,-1.394,-10.51,-1.302
2026-03-18 15:06:00,1248,12.61,,,0.0,0.0,0.0,998.0154,2.661,22.17,305.2,269.7,-2.279,-1.38,-10.52,-1.292
2026-03-18 15:07:00,1249,12.61,,,0.0,0.0,0.0,998.0154,2.603,22.09,305.4,270.2,-2.241,-1.391,-10.4,-1.306
2026-03-18 15:08:00,1250,12.61,,,0.0,0.0,0.0,998.1523,2.575,21.87,305.9,270.4,-2.129,-1.376,-10.37,-1.297
2026-03-18 15:09:00,1251,12.61,,,0.0,0.0,0.0,998.0154,2.575,21.79,306.0,270.3,-2.099,-1.325,-10.39,-1.258
2026-03-18 15:10:00,1252,12.61,,,0.0,0.0,0.0,998.1523,2.575,21.34,305.7,270.4,-2.177,-1.285,-10.35,-1.22
2026-03-18 15:11:00,1253,12.61,,,0.0,0.0,0.0,998.2892,2.575,20.74,304.8,270.2,-2.365,-1.28,-10.41,-1.202
2026-03-18 15:12:00,1254,12.61,,,0.0,0.0,0.0,998.2207,2.575,20.08,304.7,269.1,-2.398,-1.329,-10.67,-1.23
2026-03-18 15:13:00,1255,12.61,,,0.0,0.0,0.0,998.2207,2.446,19.55,305.3,268.7,-2.27,-1.358,-10.79,-1.251
2026-03-18 15:14:00,1256,12.61,,,0.0,0.0,0.0,998.1523,2.403,19.21,306.1,269.8,-2.088,-1.338,-10.51,-1.238
2026-03-18 15:15:00,1257,12.61,,,0.0,0.0,0.0,998.1523,2.403,18.94,305.8,270.5,-2.143,-1.293,-10.33,-1.195
2026-03-18 15:16:00,1258,12.61,,,0.0,0.0,0.0,998.1523,2.403,18.65,305.6,270.5,-2.19,-1.259,-10.34,-1.165
2026-03-18 15:17:00,1259,12.61,,,0.0,0.0,0.0,998.1523,2.403,18.21,305.2,269.9,-2.295,-1.255,-10.47,-1.159
2026-03-18 15:18:00,1260,12.61,,,0.0,0.0,0.0,998.1523,2.403,17.78,305.5,270.4,-2.209,-1.262,-10.37,-1.165
2026-03-18 15:19:00,1261,12.61,,,0.0,0.0,0.0,998.0839,2.403,17.47,305.4,270.6,-2.238,-1.25,-10.32,-1.16
2026-03-18 15:20:00,1262,12.61,,,0.0,0.0,0.0,997.947,2.403,17.34,305.0,269.6,-2.328,-1.266,-10.56,-1.173
2026-03-18 15:21:00,1263,12.61,,,0.0,0.0,0.0,998.0154,2.403,17.34,305.0,270.3,-2.327,-1.288,-10.39,-1.196
2026-03-18 15:22:00,1264,12.61,,,0.0,0.0,0.0,998.0154,2.403,17.34,305.0,269.7,-2.322,-1.314,-10.53,-1.217
2026-03-18 15:23:00,1265,12.61,,,0.0,0.0,0.0,998.0154,2.403,17.48,305.2,267.5,-2.279,-1.321,-11.07,-1.226
2026-03-18 15:24:00,1266,12.61,,,0.0,0.0,0.0,998.0154,2.403,17.77,305.0,268.1,-2.334,-1.337,-10.91,-1.242
2026-03-18 15:25:00,1267,12.61,,,0.0,0.0,0.0,997.947,2.403,18.11,304.8,268.5,-2.37,-1.365,-10.83,-1.275
2026-03-18 15:26:00,1268,12.61,,,0.0,0.0,0.0,998.0154,2.403,18.54,305.0,269.6,-2.329,-1.394,-10.56,-1.304
2026-03-18 15:27:00,1269,12.61,,,0.0,0.0,0.0,997.8785,2.403,18.98,305.2,269.7,-2.297,-1.404,-10.53,-1.314
2026-03-18 15:28:00,1270,12.61,,,0.0,0.0,0.0,997.8785,2.403,19.38,304.9,270.4,-2.346,-1.423,-10.36,-1.327
2026-03-18 15:29:00,1271,12.61,,,0.0,0.0,0.0,997.8785,2.403,19.6,305.0,271.0,-2.339,-1.449,-10.22,-1.344
2026-03-18 15:30:00,1272,12.61,,,0.0,0.0,0.0,997.8785,2.403,19.77,305.2,271.0,-2.287,-1.463,-10.21,-1.359
2026-03-18 15:31:00,1273,12.61,,,0.0,0.0,0.0,997.8785,2.446,20.0,305.2,270.0,-2.286,-1.46,-10.45,-1.361
2026-03-18 15:32:00,1274,12.61,,,0.0,0.0,0.0,997.7417,2.575,20.4,305.2,269.2,-2.284,-1.465,-10.66,-1.369
2026-03-18 15:33:00,1275,12.61,,,0.0,0.0,0.0,997.7417,2.575,21.03,305.0,267.8,-2.325,-1.468,-10.99,-1.374
2026-03-18 15:34:00,1276,12.61,,,0.0,0.0,0.0,997.7417,2.575,21.74,305.0,268.0,-2.327,-1.489,-10.96,-1.402
2026-03-18 15:35:00,1277,12.61,,,0.0,0.0,0.0,997.6733,2.575,22.3,305.4,268.0,-2.24,-1.489,-10.96,-1.408
2026-03-18 15:36:00,1278,12.61,,,0.0,0.0,0.0,997.6049,2.603,22.77,305.2,267.7,-2.29,-1.485,-11.02,-1.407
2026-03-18 15:37:00,1279,12.61,,,0.0,0.0,0.0,997.7417,2.761,23.23,305.5,267.9,-2.218,-1.473,-10.96,-1.402
2026-03-18 15:38:00,1280,12.61,,,0.0,0.0,0.0,997.6049,2.875,23.49,305.6,268.0,-2.2,-1.445,-10.96,-1.378
2026-03-18 15:39:00,1281,12.61,,,0.0,0.0,0.0,997.468,2.875,23.45,305.3,268.7,-2.273,-1.42,-10.78,-1.355
2026-03-18 15:40:00,1282,12.61,,,0.0,0.0,0.0,997.468,2.789,23.17,305.1,268.7,-2.299,-1.423,-10.79,-1.355
2026-03-18 15:41:00,1283,12.61,,,0.0,0.0,0.0,997.6049,2.804,23.19,305.9,268.6,-2.136,-1.395,-10.79,-1.331
2026-03-18 15:42:00,1284,12.61,,,0.0,0.0,0.0,997.6049,2.889,23.6,305.8,269.1,-2.157,-1.34,-10.67,-1.283
2026-03-18 15:43:00,1285,12.61,,,0.0,0.0,0.0,997.468,2.918,23.95,305.3,268.3,-2.255,-1.305,-10.87,-1.249
2026-03-18 15:44:00,1286,12.61,,,0.0,0.0,0.0,997.468,2.918,24.18,305.7,268.4,-2.186,-1.298,-10.84,-1.238
2026-03-18 15:45:00,1287,12.61,,,0.0,0.0,0.0,997.468,2.918,24.0,305.9,268.6,-2.123,-1.24,-10.8,-1.198
2026-03-18 15:46:00,1288,12.61,,,0.0,0.0,0.0,997.468,2.861,23.68,306.0,269.2,-2.112,-1.174,-10.66,-1.149
2026-03-18 15:47:00,1289,12.61,,,0.0,0.0,0.0,997.5364,2.604,23.05,305.8,269.0,-2.157,-1.124,-10.69,-1.106
2026-03-18 15:48:00,1290,12.61,,,0.0,0.0,0.0,997.468,2.575,22.57,305.6,267.4,-2.202,-1.092,-11.1,-1.073
2026-03-18 15:49:00,1291,12.61,,,0.0,0.0,0.0,997.468,2.575,22.47,305.3,266.5,-2.264,-1.079,-11.3,-1.055
2026-03-18 15:50:00,1292,12.61,,,0.0,0.0,0.0,997.468,2.575,22.47,305.0,266.5,-2.339,-1.086,-11.31,-1.054
2026-03-18 15:51:00,1293,12.61,,,0.0,0.0,0.0,997.3311,2.575,22.5,305.1,268.1,-2.318,-1.103,-10.93,-1.06
2026-03-18 15:52:00,1294,12.61,,,0.0,0.0,0.0,997.3311,2.575,22.8,305.6,268.8,-2.189,-1.101,-10.75,-1.054
2026-03-18 15:53:00,1295,12.61,,,0.0,0.0,0.0,997.3311,2.575,22.43,304.8,267.5,-2.384,-1.096,-11.07,-1.042
2026-03-18 15:54:00,1296,12.61,,,0.0,0.0,0.0,997.3311,2.575,21.79,304.5,267.2,-2.445,-1.14,-11.14,-1.069
2026-03-18 15:55:00,1297,12.61,,,0.0,0.0,0.0,997.3311,2.575,21.39,304.5,268.4,-2.446,-1.183,-10.85,-1.097
2026-03-18 15:56:00,1298,12.61,,,0.0,0.0,0.0,997.3311,2.575,21.44,304.3,267.7,-2.496,-1.243,-11.03,-1.138
2026-03-18 15:57:00,1299,12.61,,,0.0,0.0,0.0,997.3311,2.575,21.33,304.9,267.9,-2.352,-1.289,-10.97,-1.176
2026-03-18 15:58:00,1300,12.61,,,0.0,0.0,0.0,997.3311,2.575,21.23,304.8,268.6,-2.369,-1.305,-10.8,-1.195
2026-03-18 15:59:00,1301,12.61,,,0.0,0.0,0.0,997.3311,2.575,21.2,304.7,268.5,-2.402,-1.332,-10.83,-1.218
2026-03-18 16:00:00,1302,12.61,,,0.0,0.0,0.0,997.1942,2.575,21.11,304.7,268.6,-2.392,-1.37,-10.8,-1.252
2026-03-18 16:01:00,1303,12.61,,,0.0,0.0,0.0,997.1942,2.561,21.11,304.7,269.9,-2.405,-1.4,-10.48,-1.288
2026-03-18 16:02:00,1304,12.61,,,0.0,0.0,0.0,997.1942,2.561,21.06,305.0,270.5,-2.329,-1.428,-10.33,-1.324
2026-03-18 16:03:00,1305,12.61,,,0.0,0.0,0.0,997.1258,2.561,21.24,304.9,267.7,-2.361,-1.439,-11.02,-1.338
2026-03-18 16:04:00,1306,12.61,,,0.0,0.0,0.0,997.1942,2.575,21.73,304.7,268.6,-2.39,-1.465,-10.8,-1.365
2026-03-18 16:05:00,1307,12.61,,,0.0,0.0,0.0,997.0574,2.561,21.43,305.0,269.7,-2.333,-1.484,-10.53,-1.386
2026-03-18 16:06:00,1308,12.61,,,0.0,0.0,0.0,997.1258,2.403,20.77,305.2,270.4,-2.285,-1.494,-10.37,-1.397
2026-03-18 16:07:00,1309,12.61,,,0.0,0.0,0.0,997.1258,2.403,20.21,305.7,271.2,-2.183,-1.47,-10.17,-1.38
2026-03-18 16:08:00,1310,12.61,,,0.0,0.0,0.0,997.0574,2.403,19.68,305.0,270.9,-2.333,-1.446,-10.25,-1.359
2026-03-18 16:09:00,1311,12.61,,,0.0,0.0,0.0,997.0574,2.403,19.15,305.3,269.1,-2.261,-1.447,-10.67,-1.359
2026-03-18 16:10:00,1312,12.61,,,0.0,0.0,0.0,997.1942,2.403,18.68,304.9,267.8,-2.355,-1.444,-10.99,-1.356
2026-03-18 16:11:00,1313,12.61,,,0.0,0.0,0.0,997.1258,2.375,18.2,304.8,267.0,-2.37,-1.459,-11.2,-1.37
2026-03-18 16:12:00,1314,12.61,,,0.0,0.0,0.0,996.9889,2.36,18.03,304.8,267.0,-2.377,-1.479,-11.2,-1.395
2026-03-18 16:13:00,1315,12.61,,,0.0,0.0,0.0,996.9889,2.289,18.17,304.9,268.4,-2.352,-1.499,-10.86,-1.422
2026-03-18 16:14:00,1316,12.61,,,0.0,0.0,0.0,997.0574,2.203,18.0,304.9,268.9,-2.358,-1.521,-10.72,-1.448
2026-03-18 16:15:00,1317,12.61,,,0.0,0.0,0.0,996.9205,2.06,17.71,304.7,263.3,-2.396,-1.554,-12.12,-1.473
2026-03-18 16:16:00,1318,12.61,,,0.0,0.0,0.0,996.9205,2.06,17.68,304.6,254.4,-2.413,-1.581,-14.35,-1.497
2026-03-18 16:17:00,1319,12.61,,,0.0,0.0,0.0,996.9205,2.06,17.52,304.9,260.0,-2.343,-1.604,-12.92,-1.52
2026-03-18 16:18:00,1320,12.61,,,0.0,0.0,0.0,996.9205,2.06,17.01,305.4,257.0,-2.238,-1.598,-13.68,-1.521
2026-03-18 16:19:00,1321,12.61,,,0.0,0.0,0.0,996.9205,2.06,16.41,305.3,265.4,-2.254,-1.579,-11.59,-1.51
2026-03-18 16:20:00,1322,12.61,,,0.0,0.0,0.0,996.9205,2.003,15.46,305.4,267.8,-2.237,-1.556,-11.0,-1.494
2026-03-18 16:21:00,1323,12.61,,,0.0,0.0,0.0,996.8521,1.76,14.76,305.7,267.7,-2.165,-1.525,-11.02,-1.47
2026-03-18 16:22:00,1324,12.61,,,0.0,0.0,0.0,996.9205,1.717,14.26,305.8,267.0,-2.145,-1.478,-11.2,-1.43
2026-03-18 16:23:00,1325,12.61,,,0.0,0.0,0.0,996.7836,1.717,13.93,305.4,268.7,-2.233,-1.441,-10.78,-1.393
2026-03-18 16:24:00,1326,12.61,,,0.0,0.0,0.0,996.7836,1.717,13.73,305.3,268.0,-2.272,-1.43,-10.95,-1.379
2026-03-18 16:25:00,1327,12.61,,,0.0,0.0,0.0,996.7836,1.717,13.56,305.3,266.0,-2.265,-1.422,-11.44,-1.367
2026-03-18 16:26:00,1328,12.61,,,0.0,0.0,0.0,996.7836,1.717,13.18,305.2,265.3,-2.287,-1.416,-11.6,-1.359
2026-03-18 16:27:00,1329,12.61,,,0.0,0.0,0.0,996.7836,1.631,12.46,305.1,268.8,-2.316,-1.423,-10.76,-1.361
2026-03-18 16:28:00,1330,12.61,,,0.0,0.0,0.0,996.6467,1.373,11.63,305.0,271.4,-2.336,-1.429,-10.13,-1.365
2026-03-18 16:29:00,1331,12.61,,,0.0,0.0,0.0,996.6467,1.373,10.96,305.0,271.3,-2.342,-1.445,-10.14,-1.381
2026-03-18 16:30:00,1332,12.61,,,0.0,0.0,0.0,996.7836,1.373,10.39,304.7,269.0,-2.391,-1.464,-10.69,-1.396
2026-03-18 16:31:00,1333,12.61,,,0.0,0.0,0.0,996.7836,1.359,9.89,305.5,270.2,-2.225,-1.47,-10.4,-1.401
2026-03-18 16:32:00,1334,12.61,,,0.0,0.0,0.0,996.6467,1.259,9.43,305.2,269.8,-2.286,-1.448,-10.5,-1.388
2026-03-18 16:33:00,1335,12.61,,,0.0,0.0,0.0,996.6467,1.116,8.98,305.2,270.7,-2.294,-1.438,-10.28,-1.38
2026-03-18 16:34:00,1336,12.61,,,0.0,0.0,0.0,996.6467,1.03,8.71,304.4,270.2,-2.462,-1.457,-10.42,-1.39
2026-03-18 16:35:00,1337,12.61,,,0.0,0.0,0.0,996.6467,1.03,8.44,304.4,270.8,-2.461,-1.511,-10.26,-1.427
2026-03-18 16:36:00,1338,12.61,,,0.0,0.0,0.0,996.5099,1.03,8.05,305.2,269.4,-2.278,-1.537,-10.61,-1.45
2026-03-18 16:37:00,1339,12.61,,,0.0,0.0,0.0,996.6467,1.03,7.725,304.5,266.2,-2.435,-1.537,-11.39,-1.453
2026-03-18 16:38:00,1340,12.61,,,0.0,0.0,0.0,996.5099,1.03,7.596,304.8,266.1,-2.366,-1.568,-11.41,-1.48
2026-03-18 16:39:00,1341,12.61,,,0.0,0.0,0.0,996.373,1.03,7.224,305.0,269.1,-2.337,-1.575,-10.69,-1.491
2026-03-18 16:40:00,1342,12.61,,,0.0,0.0,0.0,996.373,1.03,7.038,305.6,270.0,-2.208,-1.566,-10.47,-1.488
2026-03-18 16:41:00,1343,12.61,,,0.0,0.0,0.0,996.3046,1.03,7.01,305.8,272.3,-2.152,-1.521,-9.9,-1.455
2026-03-18 16:42:00,1344,12.61,,,0.0,0.0,0.0,996.2361,1.001,6.709,305.6,269.5,-2.19,-1.481,-10.57,-1.425
2026-03-18 16:43:00,1345,12.61,,,0.0,0.0,0.0,996.0992,0.873,6.423,305.6,269.1,-2.188,-1.43,-10.68,-1.386
2026-03-18 16:44:00,1346,12.61,,,0.0,0.0,0.0,996.2361,0.73,6.137,305.2,270.8,-2.28,-1.402,-10.26,-1.36
2026-03-18 16:45:00,1347,12.61,,,0.0,0.0,0.0,996.373,0.687,5.722,305.0,271.3,-2.337,-1.397,-10.15,-1.35
2026-03-18 16:46:00,1348,12.61,,,0.0,0.0,0.0,996.3046,0.687,5.35,305.8,272.0,-2.149,-1.381,-9.97,-1.335
2026-03-18 16:47:00,1349,12.61,,,0.0,0.0,0.0,996.2361,0.687,5.036,305.3,271.5,-2.267,-1.342,-10.1,-1.304
2026-03-18 16:48:00,1350,12.61,,,0.0,0.0,0.0,996.3046,0.687,4.692,305.3,270.2,-2.266,-1.324,-10.41,-1.287
2026-03-18 16:49:00,1351,12.61,,,0.0,0.0,0.0,996.2361,0.687,4.363,305.4,271.5,-2.246,-1.311,-10.1,-1.274
2026-03-18 16:50:00,1352,12.61,,,0.0,0.0,0.0,996.373,0.687,4.206,305.6,272.8,-2.2,-1.295,-9.77,-1.256
2026-03-18 16:51:00,1353,12.61,,,0.0,0.0,0.0,996.373,0.687,3.948,305.2,273.2,-2.284,-1.259,-9.69,-1.227
2026-03-18 16:52:00,1354,12.61,,,0.0,0.0,0.0,996.373,0.644,3.948,305.1,273.3,-2.305,-1.27,-9.66,-1.228
2026-03-18 16:53:00,1355,12.61,,,0.0,0.0,0.0,996.373,0.529,3.705,305.9,273.5,-2.14,-1.254,-9.62,-1.215
2026-03-18 16:54:00,1356,12.61,,,0.0,0.0,0.0,996.5099,0.515,3.605,305.9,271.3,-2.133,-1.196,-10.13,-1.179
2026-03-18 16:55:00,1357,12.61,,,0.0,0.0,0.0,996.5099,0.486,3.605,305.5,271.6,-2.219,-1.155,-10.06,-1.144
2026-03-18 16:56:00,1358,12.61,,,0.0,0.0,0.0,996.5099,0.401,3.519,305.2,271.2,-2.292,-1.14,-10.17,-1.126
2026-03-18 16:57:00,1359,12.61,,,0.0,0.0,0.0,996.4414,0.358,3.433,305.0,272.1,-2.342,-1.147,-9.94,-1.133
2026-03-18 16:58:00,1360,12.61,,,0.0,0.0,0.0,996.373,0.343,3.462,304.6,272.6,-2.42,-1.177,-9.82,-1.158
2026-03-18 16:59:00,1361,12.61,,,0.0,0.0,0.0,996.373,0.358,3.605,305.2,273.2,-2.295,-1.21,-9.68,-1.188
2026-03-18 17:00:00,1362,12.61,,,0.0,0.0,0.0,996.3046,0.401,3.605,304.7,272.3,-2.402,-1.223,-9.91,-1.212
2026-03-18 17:01:00,1363,12.61,,,0.0,0.0,0.0,996.2361,0.458,3.605,305.1,273.1,-2.319,-1.257,-9.71,-1.252
2026-03-18 17:02:00,1364,12.61,,,0.0,0.0,0.0,996.2361,0.472,3.605,305.1,274.1,-2.301,-1.267,-9.47,-1.263
2026-03-18 17:03:00,1365,12.61,,,0.0,0.0,0.0,996.2361,0.515,3.748,305.3,274.2,-2.264,-1.269,-9.44,-1.264
2026-03-18 17:04:00,1366,12.61,,,0.0,0.0,0.0,996.2361,0.515,3.948,305.1,273.1,-2.313,-1.273,-9.7,-1.262
2026-03-18 17:05:00,1367,12.61,,,0.0,0.0,0.0,996.2361,0.515,3.948,306.0,271.9,-2.104,-1.256,-9.99,-1.252
2026-03-18 17:06:00,1368,12.61,,,0.0,0.0,0.0,996.2361,0.529,3.948,305.5,271.1,-2.224,-1.205,-10.19,-1.22
2026-03-18 17:07:00,1369,12.61,,,0.0,0.0,0.0,996.2361,0.601,4.134,305.2,272.5,-2.281,-1.198,-9.86,-1.207
2026-03-18 17:08:00,1370,12.61,,,0.0,0.0,0.0,996.2361,0.687,4.335,305.6,274.3,-2.197,-1.183,-9.43,-1.191
2026-03-18 17:09:00,1371,12.61,,,0.0,0.0,0.0,996.0992,0.687,4.635,305.1,274.0,-2.319,-1.175,-9.49,-1.179
2026-03-18 17:10:00,1372,12.61,,,0.0,0.0,0.0,996.0992,0.687,4.936,304.5,272.8,-2.45,-1.203,-9.79,-1.204
2026-03-18 17:11:00,1373,12.61,,,0.0,0.0,0.0,996.0992,0.687,5.279,304.7,271.6,-2.401,-1.245,-10.08,-1.247
2026-03-18 17:12:00,1374,12.61,,,0.0,0.0,0.0,996.0992,0.687,5.565,304.7,273.2,-2.398,-1.276,-9.68,-1.274
2026-03-18 17:13:00,1375,12.61,,,0.0,0.0,0.0,996.0992,0.687,5.665,305.4,275.7,-2.237,-1.296,-9.09,-1.288
2026-03-18 17:14:00,1376,12.61,,,0.0,0.0,0.0,996.0992,0.687,5.737,305.6,276.8,-2.197,-1.264,-8.81,-1.268
2026-03-18 17:15:00,1377,12.61,,,0.0,0.0,0.0,996.0992,0.687,5.966,305.2,275.0,-2.293,-1.249,-9.25,-1.252
2026-03-18 17:16:00,1378,12.61,,,0.0,0.0,0.0,996.0992,0.687,6.009,305.0,274.2,-2.324,-1.259,-9.44,-1.25
2026-03-18 17:17:00,1379,12.61,,,0.0,0.0,0.0,996.0992,0.687,6.08,305.2,275.9,-2.276,-1.269,-9.04,-1.25
2026-03-18 17:18:00,1380,12.61,,,0.0,0.0,0.0,996.0308,0.687,6.366,305.5,273.0,-2.212,-1.264,-9.74,-1.241
2026-03-18 17:19:00,1381,12.61,,,0.0,0.0,0.0,996.0992,0.687,6.767,305.6,259.9,-2.194,-1.235,-12.96,-1.222
2026-03-18 17:20:00,1382,12.61,,,0.0,0.0,0.0,995.9624,0.687,7.081,305.2,263.1,-2.286,-1.214,-12.15,-1.205
2026-03-18 17:21:00,1383,12.61,,,0.0,0.0,0.0,995.9624,0.687,6.895,304.9,266.1,-2.362,-1.219,-11.42,-1.201
2026-03-18 17:22:00,1384,12.61,,,0.0,0.0,0.0,995.9624,0.687,6.695,304.8,270.1,-2.377,-1.245,-10.44,-1.211
2026-03-18 17:23:00,1385,12.61,,,0.0,0.0,0.0,995.9624,0.687,6.695,305.5,266.8,-2.21,-1.252,-11.25,-1.211
2026-03-18 17:24:00,1386,12.61,,,0.0,0.0,0.0,995.9624,0.687,6.523,305.3,250.9,-2.254,-1.223,-15.22,-1.183
2026-03-18 17:25:00,1387,12.61,,,0.0,0.0,0.0,995.8256,0.687,6.351,304.8,247.8,-2.37,-1.21,-16.03,-1.17
2026-03-18 17:26:00,1388,12.61,,,0.0,0.0,0.0,995.8256,0.687,6.523,304.9,260.9,-2.351,-1.227,-12.7,-1.178
2026-03-18 17:27:00,1389,12.61,,,0.0,0.0,0.0,995.8256,0.687,6.595,305.7,268.6,-2.183,-1.222,-10.8,-1.174
2026-03-18 17:28:00,1390,12.61,,,0.0,0.0,0.0,995.8256,0.687,6.352,305.5,262.0,-2.22,-1.171,-12.42,-1.133
2026-03-18 17:29:00,1391,12.61,,,0.0,0.0,0.0,995.6887,0.687,6.366,304.8,254.7,-2.38,-1.163,-14.26,-1.122
2026-03-18 17:30:00,1392,12.61,,,0.0,0.0,0.0,995.6887,0.687,6.538,304.4,243.3,-2.47,-1.192,-17.21,-1.142
2026-03-18 17:31:00,1393,12.61,,,0.0,0.0,0.0,995.6202,0.687,6.566,304.2,248.0,-2.515,-1.235,-15.98,-1.175
2026-03-18 17:32:00,1394,12.61,,,0.0,0.0,0.0,995.5518,0.687,6.352,304.2,233.3,-2.511,-1.287,-19.88,-1.219
2026-03-18 17:33:00,1395,12.61,,,0.0,0.0,0.0,995.6887,0.687,6.352,304.5,230.3,-2.45,-1.301,-20.7,-1.237
2026-03-18 17:34:00,1396,12.61,,,0.0,0.0,0.0,995.5518,0.687,6.252,304.0,243.7,-2.555,-1.331,-17.11,-1.262
2026-03-18 17:35:00,1397,12.61,,,0.0,0.0,0.0,995.6202,0.687,6.166,304.0,254.8,-2.563,-1.384,-14.26,-1.305
2026-03-18 17:36:00,1398,12.61,,,0.0,0.0,0.0,995.5518,0.687,5.98,304.2,267.9,-2.5,-1.449,-10.97,-1.358
2026-03-18 17:37:00,1399,12.61,,,0.0,0.0,0.0,995.5573,0.687,5.608,304.9,274.9,-2.355,-1.493,-9.28,-1.4
2026-03-18 17:38:00,1400,12.61,,,0.0,0.0,0.0,995.5562,0.672,5.236,305.5,276.8,-2.21,-1.481,-8.83,-1.401
2026-03-18 17:39:00,1401,12.61,,,0.0,0.0,0.0,995.4868,0.572,4.907,305.1,277.1,-2.315,-1.471,-8.75,-1.396
2026-03-18 17:40:00,1402,12.61,,,0.0,0.0,0.0,995.4861,0.486,4.563,305.1,277.4,-2.3,-1.478,-8.69,-1.401
2026-03-18 17:41:00,1403,12.61,,,0.0,0.0,0.0,995.5541,0.343,4.292,306.0,275.3,-2.11,-1.473,-9.17,-1.4
2026-03-18 17:42:00,1404,12.61,,,0.0,0.0,0.0,995.4167,0.343,4.034,305.8,274.4,-2.157,-1.405,-9.39,-1.351
2026-03-18 17:43:00,1405,12.61,,,0.0,0.0,0.0,995.4849,0.343,3.948,305.0,276.2,-2.333,-1.383,-8.96,-1.33
2026-03-18 17:44:00,1406,12.61,,,0.0,0.0,0.0,995.4159,0.343,3.905,304.8,277.8,-2.371,-1.403,-8.58,-1.342
2026-03-18 17:45:00,1407,12.61,,,0.0,0.0,0.0,995.3473,0.343,3.619,304.7,277.9,-2.39,-1.434,-8.55,-1.364
2026-03-18 17:46:00,1408,12.61,,,0.0,0.0,0.0,995.4155,0.343,3.333,305.6,278.5,-2.207,-1.439,-8.42,-1.37
2026-03-18 17:47:00,1409,12.61,,,0.0,0.0,0.0,995.4154,0.343,3.047,305.9,278.3,-2.141,-1.401,-8.47,-1.34
2026-03-18 17:48:00,1410,12.61,,,0.0,0.0,0.0,995.1416,0.343,2.918,305.9,278.6,-2.129,-1.349,-8.39,-1.295
2026-03-18 18:24:00,1411,12.63,,,0.0,0.0,0.0,994.7306,204.7,,,,,,,
2026-03-18 18:25:00,1412,12.62,,,0.0,0.0,0.0,994.7306,728.2,,,,,,,
2026-03-18 18:26:00,1413,12.61,,,0.0,0.0,0.0,994.7306,,,,,,,,
2026-03-18 18:27:00,1414,12.61,,,0.0,0.0,0.0,994.7306,,,,,,,,
2026-03-18 18:28:00,1415,12.6,,,0.003,0.02,0.0,994.7306,0.0,0.629,,,,,,
2026-03-18 18:29:00,1416,12.59,,,0.0,0.0,0.0,994.7306,0.0,0.172,300.0,288.1,-3.451,-0.998,-6.208,-0.699
2026-03-18 18:30:00,1417,12.58,,,0.0,0.0,0.0,994.7306,0.0,0.0,299.5,308.4,-3.556,-0.974,-1.582,-0.69
2026-03-18 18:31:00,1418,12.58,,,0.0,0.0,0.0,994.8674,0.0,0.029,299.3,308.7,-3.603,-0.962,-1.506,-0.685
2026-03-18 18:32:00,1419,12.59,,,0.0,0.0,0.0,995.0043,0.057,0.143,299.3,308.6,-3.604,-0.953,-1.527,-0.682
2026-03-18 18:33:00,1420,12.6,,,0.0,0.0,0.0,994.8674,0.172,0.014,299.4,308.5,-3.593,-0.945,-1.563,-0.682
2026-03-18 18:34:00,1421,12.61,,,0.0,0.0,0.0,994.8674,0.172,0.0,300.0,308.7,-3.453,-0.94,-1.517,-0.688
2026-03-18 18:35:00,1422,12.61,,,0.0,0.0,0.0,994.8674,0.014,0.029,299.5,308.8,-3.55,-0.937,-1.5,-0.695
2026-03-18 18:36:00,1423,12.6,,,0.0,0.0,0.0,994.8674,0.0,0.0,299.0,308.8,-3.664,-0.942,-1.492,-0.708
2026-03-18 18:37:00,1424,12.6,,,0.0,0.0,0.0,994.7306,0.0,0.0,299.0,308.8,-3.671,-0.948,-1.492,-0.719
2026-03-18 18:38:00,1425,12.61,,,0.0,0.0,0.0,994.7306,0.0,0.0,298.9,308.8,-3.685,-0.953,-1.496,-0.731
2026-03-18 18:39:00,1426,12.61,,,0.0,0.0,0.0,994.7306,0.0,0.0,299.0,308.5,-3.663,-0.959,-1.55,-0.743
2026-03-18 18:40:00,1427,12.61,,,0.0,0.0,0.0,994.6621,0.0,0.0,299.0,308.4,-3.662,-0.967,-1.587,-0.756
2026-03-18 18:41:00,1428,12.61,,,0.0,0.0,0.0,994.5938,0.0,0.0,298.8,307.9,-3.711,-0.976,-1.688,-0.772
2026-03-18 18:42:00,1429,12.61,,,0.0,0.0,0.0,994.7306,0.0,0.0,298.7,307.7,-3.745,-0.989,-1.726,-0.791
2026-03-18 18:43:00,1430,12.61,,,0.0,0.0,0.0,994.5938,0.0,0.0,298.3,307.5,-3.824,-1.007,-1.786,-0.816
2026-03-18 18:44:00,1431,12.61,,,0.0,0.0,0.0,994.5938,0.0,0.0,298.2,307.6,-3.856,-1.03,-1.754,-0.846
2026-03-18 18:45:00,1432,12.61,,,0.0,0.0,0.0,994.4568,0.0,0.0,298.3,307.9,-3.828,-1.051,-1.695,-0.87
2026-03-18 18:46:00,1433,12.59,,,0.0,0.0,0.0,994.3199,0.0,0.0,298.4,307.9,-3.814,-1.07,-1.69,-0.892
2026-03-18 18:47:00,1434,12.58,,,0.0,0.0,0.0,994.3884,0.0,0.0,298.5,307.8,-3.782,-1.087,-1.719,-0.913
2026-03-18 18:48:00,1435,12.58,,,0.0,0.0,0.0,994.4568,0.0,0.0,298.6,307.5,-3.757,-1.103,-1.77,-0.932
2026-03-18 18:49:00,1436,12.58,,,0.0,0.0,0.0,994.4568,0.0,0.0,298.6,307.0,-3.754,-1.117,-1.88,-0.95
2026-03-18 18:50:00,1437,12.57,,,0.0,0.0,0.0,994.4568,0.0,0.0,298.5,306.7,-3.782,-1.132,-1.958,-0.969
2026-03-18 18:51:00,1438,12.57,,,0.0,0.0,0.0,994.4568,0.0,0.0,298.4,306.3,-3.816,-1.148,-2.038,-0.99
2026-03-18 18:52:00,1439,12.58,,,0.0,0.0,0.0,994.5938,0.0,0.0,298.1,306.5,-3.866,-1.169,-1.989,-1.014
2026-03-18 18:53:00,1440,12.59,,,0.0,0.0,0.0,994.4568,0.0,0.0,298.2,307.0,-3.846,-1.19,-1.883,-1.035
2026-03-18 18:54:00,1441,12.59,,,0.0,0.0,0.0,994.4568,0.0,0.0,298.4,307.1,-3.812,-1.208,-1.877,-1.055
2026-03-18 18:55:00,1442,12.59,,,0.0,0.0,0.0,994.4568,0.0,0.0,298.5,307.2,-3.793,-1.224,-1.842,-1.074
2026-03-18 18:56:00,1443,12.59,,,0.0,0.0,0.0,994.4568,0.0,0.0,298.3,307.5,-3.828,-1.246,-1.787,-1.1
2026-03-18 18:57:00,1444,12.59,,,0.0,0.0,0.0,994.4568,0.0,0.0,298.3,307.2,-3.835,-1.258,-1.833,-1.114
2026-03-18 18:58:00,1445,12.59,,,0.0,0.0,0.0,994.3884,0.0,0.0,298.3,307.0,-3.82,-1.275,-1.899,-1.137
2026-03-18 18:59:00,1446,12.59,,,0.0,0.0,0.0,994.3884,0.0,0.0,298.4,306.6,-3.817,-1.293,-1.97,-1.16
2026-03-18 19:00:00,1447,12.6,,,0.0,0.0,0.0,994.4568,0.0,0.0,298.3,306.3,-3.83,-1.31,-2.032,-1.181
2026-03-18 19:01:00,1448,12.6,,,0.0,0.0,0.0,994.3199,0.0,0.0,298.2,306.1,-3.856,-1.33,-2.092,-1.204
2026-03-18 19:02:00,1449,12.6,,,0.0,0.0,0.0,994.3884,0.0,0.0,298.1,306.4,-3.868,-1.349,-2.018,-1.228
2026-03-18 19:03:00,1450,12.6,,,0.0,0.0,0.0,994.3199,0.0,0.0,298.2,306.7,-3.863,-1.369,-1.958,-1.25
2026-03-18 19:04:00,1451,12.6,,,0.0,0.0,0.0,994.3884,0.0,0.0,298.2,306.7,-3.853,-1.388,-1.951,-1.275
2026-03-18 19:05:00,1452,12.6,,,0.0,0.0,0.0,994.4568,0.0,0.0,298.1,306.6,-3.884,-1.407,-1.982,-1.297
2026-03-18 19:06:00,1453,12.6,,,0.0,0.0,0.0,994.4568,0.0,0.0,298.2,306.7,-3.853,-1.425,-1.964,-1.318
2026-03-18 19:07:00,1454,12.6,,,0.0,0.0,0.0,994.1831,0.0,0.0,298.1,306.8,-3.874,-1.442,-1.924,-1.338
2026-03-18 19:08:00,1455,12.6,,,0.0,0.0,0.0,994.4568,0.0,0.0,298.2,307.0,-3.851,-1.458,-1.88,-1.356
2026-03-18 19:09:00,1456,12.6,,,0.0,0.0,0.0,994.1831,0.0,0.0,298.1,307.3,-3.867,-1.474,-1.832,-1.373
2026-03-18 19:10:00,1457,12.6,,,0.0,0.0,0.0,994.2515,0.0,0.0,298.2,307.9,-3.849,-1.487,-1.697,-1.389
2026-03-18 19:11:00,1458,12.6,,,0.0,0.0,0.0,994.1831,0.0,0.0,298.4,308.0,-3.816,-1.498,-1.675,-1.402
2026-03-18 19:12:00,1459,12.6,,,0.0,0.0,0.0,994.2515,0.0,0.0,298.5,308.2,-3.789,-1.508,-1.615,-1.414
2026-03-18 19:13:00,1460,12.6,,,0.0,0.0,0.0,994.1831,0.0,0.0,298.6,308.1,-3.774,-1.515,-1.656,-1.425
2026-03-18 19:14:00,1461,12.61,,,0.0,0.0,0.0,994.1831,0.0,0.0,298.8,307.7,-3.727,-1.522,-1.727,-1.435
2026-03-18 19:15:00,1462,12.61,,,0.0,0.0,0.0,994.1831,0.0,0.0,298.6,307.2,-3.773,-1.528,-1.834,-1.445
2026-03-18 19:16:00,1463,12.61,,,0.0,0.0,0.0,994.2515,0.0,0.0,298.5,306.9,-3.789,-1.536,-1.904,-1.457
2026-03-18 19:17:00,1464,12.61,,,0.0,0.0,0.0,994.2515,0.0,0.0,298.5,307.2,-3.789,-1.545,-1.843,-1.468
2026-03-18 19:18:00,1465,12.6,,,0.0,0.0,0.0,994.1831,0.0,0.0,298.5,307.3,-3.779,-1.553,-1.823,-1.478
2026-03-18 19:19:00,1466,12.61,,,0.0,0.0,0.0,994.1146,0.0,0.0,298.5,307.2,-3.778,-1.561,-1.847,-1.488
2026-03-18 19:20:00,1467,12.61,,,0.0,0.0,0.0,994.0463,0.0,0.0,298.5,306.9,-3.775,-1.568,-1.899,-1.497
2026-03-18 19:21:00,1468,12.61,,,0.0,0.0,0.0,994.0463,0.0,0.0,298.6,306.7,-3.761,-1.574,-1.952,-1.505
2026-03-18 19:22:00,1469,12.61,,,0.0,0.0,0.0,994.0463,0.0,0.0,298.5,306.4,-3.776,-1.581,-2.027,-1.514
2026-03-18 19:23:00,1470,12.61,,,0.0,0.0,0.0,993.9094,0.0,0.0,298.5,306.4,-3.795,-1.589,-2.029,-1.524
2026-03-18 19:24:00,1471,12.61,,,0.0,0.0,0.0,993.9094,0.0,0.0,298.5,306.5,-3.78,-1.597,-2.001,-1.533
2026-03-18 19:25:00,1472,12.61,,,0.0,0.0,0.0,993.9094,0.0,0.0,298.6,306.7,-3.773,-1.605,-1.948,-1.542
2026-03-18 19:26:00,1473,12.61,,,0.0,0.0,0.0,993.9094,0.0,0.0,298.6,307.0,-3.761,-1.613,-1.883,-1.55
2026-03-18 19:27:00,1474,12.61,,,0.0,0.0,0.0,993.9094,0.0,0.0,298.8,307.0,-3.728,-1.619,-1.898,-1.558
2026-03-18 19:28:00,1475,12.61,,,0.0,0.0,0.0,993.9094,0.0,0.0,298.8,306.7,-3.729,-1.624,-1.948,-1.565
2026-03-18 19:29:00,1476,12.61,,,0.0,0.0,0.0,993.9094,0.0,0.0,298.7,306.4,-3.733,-1.629,-2.017,-1.571
2026-03-18 19:30:00,1477,12.61,,,0.0,0.0,0.0,993.9094,0.0,0.0,298.7,306.4,-3.737,-1.634,-2.026,-1.577
2026-03-18 19:31:00,1478,12.61,,,0.0,0.0,0.0,993.9094,0.0,0.0,298.8,306.4,-3.724,-1.639,-2.025,-1.583
2026-03-18 19:32:00,1479,12.61,,,0.0,0.0,0.0,993.9094,0.0,0.0,298.8,306.1,-3.724,-1.644,-2.092,-1.589
2026-03-18 19:33:00,1480,12.6,,,0.0,0.0,0.0,993.9094,0.0,0.0,298.6,306.0,-3.769,-1.65,-2.114,-1.596
2026-03-18 19:34:00,1481,12.6,,,0.0,0.0,0.0,993.9778,0.0,0.0,298.6,306.0,-3.762,-1.657,-2.106,-1.604
2026-03-18 19:35:00,1482,12.61,,,0.0,0.0,0.0,993.9094,0.0,0.0,298.5,306.1,-3.779,-1.665,-2.094,-1.613
2026-03-18 19:36:00,1483,12.61,,,0.0,0.0,0.0,993.9778,0.0,0.0,298.6,306.2,-3.763,-1.672,-2.069,-1.622
2026-03-18 19:37:00,1484,12.61,,,0.0,0.0,0.0,993.9094,0.0,0.0,298.6,306.4,-3.767,-1.68,-2.02,-1.63
2026-03-18 19:38:00,1485,12.61,,,0.0,0.0,0.0,993.9094,0.014,0.0,298.7,306.5,-3.751,-1.686,-1.99,-1.637
2026-03-18 19:39:00,1486,12.61,,,0.0,0.0,0.0,993.9094,0.029,0.0,298.7,306.6,-3.731,-1.691,-1.972,-1.643
2026-03-18 19:40:00,1487,12.61,,,0.0,0.0,0.0,993.9094,0.014,0.0,298.7,306.5,-3.74,-1.696,-1.997,-1.649
2026-03-18 19:41:00,1488,12.61,,,0.0,0.0,0.0,993.9094,0.0,0.0,298.8,306.4,-3.724,-1.702,-2.023,-1.655
2026-03-18 19:42:00,1489,12.61,,,0.0,0.0,0.0,993.7725,0.014,0.0,298.8,306.5,-3.727,-1.707,-2.003,-1.662
2026-03-18 19:43:00,1490,12.61,,,0.0,0.0,0.0,993.9094,0.114,0.0,298.6,306.6,-3.768,-1.713,-1.98,-1.669
2026-03-18 19:44:00,1491,12.6,,,0.0,0.0,0.0,993.9094,0.043,0.0,298.6,306.9,-3.77,-1.718,-1.914,-1.675
2026-03-18 19:45:00,1492,12.61,,,0.0,0.0,0.0,993.9094,0.014,0.0,298.7,307.2,-3.743,-1.722,-1.837,-1.68
2026-03-18 19:46:00,1493,12.61,,,0.0,0.0,0.0,993.8409,0.0,0.0,298.8,307.4,-3.72,-1.726,-1.796,-1.684
2026-03-18 19:47:00,1494,12.61,,,0.0,0.0,0.0,993.7725,0.0,0.0,298.9,307.5,-3.705,-1.729,-1.787,-1.687
2026-03-18 19:48:00,1495,12.6,,,0.0,0.0,0.0,993.7725,0.0,0.0,298.8,307.4,-3.714,-1.731,-1.801,-1.69
2026-03-18 19:49:00,1496,12.61,,,0.0,0.0,0.0,993.7725,0.0,0.0,298.8,307.0,-3.719,-1.733,-1.879,-1.693
2026-03-18 19:50:00,1497,12.61,,,0.0,0.0,0.0,993.7041,0.0,0.0,298.9,306.9,-3.704,-1.735,-1.912,-1.697
2026-03-18 19:51:00,1498,12.61,,,0.0,0.0,0.0,993.9094,0.0,0.0,298.9,307.0,-3.702,-1.737,-1.89,-1.699
2026-03-18 19:52:00,1499,12.61,,,0.0,0.0,0.0,993.7725,0.0,0.0,299.0,307.4,-3.684,-1.739,-1.81,-1.701
2026-03-18 19:53:00,1500,12.6,,,0.0,0.0,0.0,993.7725,0.0,0.0,298.8,307.4,-3.713,-1.74,-1.807,-1.703
2026-03-18 19:54:00,1501,12.6,,,0.0,0.0,0.0,993.6356,0.0,0.0,298.8,307.5,-3.707,-1.742,-1.777,-1.706
2026-03-18 19:55:00,1502,12.6,,,0.0,0.0,0.0,993.6356,0.0,0.0,298.8,307.6,-3.713,-1.742,-1.758,-1.707
2026-03-18 19:56:00,1503,12.61,,,0.0,0.0,0.0,993.6356,0.0,0.0,298.9,307.6,-3.701,-1.741,-1.746,-1.707
2026-03-18 19:57:00,1504,12.61,,,0.0,0.0,0.0,993.6356,0.0,0.0,298.9,307.5,-3.695,-1.74,-1.782,-1.707
2026-03-18 19:58:00,1505,12.6,,,0.0,0.0,0.0,993.6356,0.0,0.0,299.1,307.2,-3.655,-1.738,-1.854,-1.706
2026-03-18 19:59:00,1506,12.61,,,0.0,0.0,0.0,993.6356,0.0,0.0,299.0,306.8,-3.679,-1.737,-1.939,-1.706
2026-03-18 20:00:00,1507,12.61,,,0.0,0.0,0.0,993.6356,0.0,0.0,298.9,306.4,-3.695,-1.737,-2.022,-1.707
2026-03-18 20:01:00,1508,12.61,,,0.0,0.0,0.0,993.6356,0.0,0.0,298.7,306.2,-3.734,-1.738,-2.062,-1.709
2026-03-18 20:02:00,1509,12.6,,,0.0,0.0,0.0,993.4988,0.0,0.0,298.8,306.0,-3.719,-1.74,-2.106,-1.712
2026-03-18 20:03:00,1510,12.61,,,0.0,0.0,0.0,993.4988,0.0,0.0,298.7,305.9,-3.729,-1.744,-2.132,-1.715
2026-03-18 20:04:00,1511,12.61,,,0.0,0.0,0.0,993.5672,0.0,0.0,298.8,306.2,-3.725,-1.748,-2.072,-1.718
2026-03-18 20:05:00,1512,12.61,,,0.0,0.0,0.0,993.4988,0.0,0.0,298.9,306.5,-3.706,-1.751,-2.005,-1.721
2026-03-18 20:06:00,1513,12.6,,,0.0,0.0,0.0,993.4988,0.0,0.0,298.9,306.4,-3.702,-1.754,-2.027,-1.724
2026-03-18 20:07:00,1514,12.61,,,0.0,0.0,0.0,993.5672,0.0,0.0,298.8,306.3,-3.727,-1.756,-2.047,-1.725
2026-03-18 20:08:00,1515,12.61,,,0.0,0.0,0.0,993.6356,0.0,0.0,298.8,306.2,-3.715,-1.759,-2.07,-1.728
2026-03-18 20:09:00,1516,12.61,,,0.0,0.0,0.0,993.6356,0.0,0.0,298.8,306.3,-3.71,-1.764,-2.052,-1.733
2026-03-18 20:10:00,1517,12.6,,,0.0,0.0,0.0,993.4988,0.0,0.0,298.7,306.3,-3.73,-1.768,-2.049,-1.737
2026-03-18 20:11:00,1518,12.6,,,0.0,0.0,0.0,993.4988,0.0,0.0,298.8,306.2,-3.728,-1.773,-2.064,-1.742
2026-03-18 20:12:00,1519,12.6,,,0.0,0.0,0.0,993.4988,0.0,0.0,298.7,306.3,-3.751,-1.778,-2.032,-1.746
2026-03-18 20:13:00,1520,12.6,,,0.0,0.0,0.0,993.4988,0.0,0.0,298.6,306.7,-3.772,-1.785,-1.954,-1.749
2026-03-18 20:14:00,1521,12.61,,,0.0,0.0,0.0,993.4988,0.0,0.0,298.5,307.1,-3.776,-1.79,-1.869,-1.752
2026-03-18 20:15:00,1522,12.6,,,0.0,0.0,0.0,993.3619,0.0,0.0,298.5,307.6,-3.78,-1.796,-1.75,-1.754
2026-03-18 20:16:00,1523,12.6,,,0.0,0.0,0.0,993.4988,0.0,0.0,298.6,307.8,-3.771,-1.8,-1.72,-1.757
2026-03-18 20:17:00,1524,12.6,,,0.0,0.0,0.0,993.3619,0.0,0.0,298.6,307.5,-3.759,-1.803,-1.767,-1.76
2026-03-18 20:18:00,1525,12.6,,,0.0,0.0,0.0,993.5672,0.0,0.0,298.6,307.3,-3.764,-1.805,-1.829,-1.762
2026-03-18 20:19:00,1526,12.6,,,0.0,0.0,0.0,993.3619,0.0,0.0,298.7,307.0,-3.75,-1.808,-1.878,-1.766
2026-03-18 20:20:00,1527,12.6,,,0.0,0.0,0.0,993.4303,0.0,0.0,298.6,306.9,-3.756,-1.811,-1.92,-1.768
2026-03-18 20:21:00,1528,12.6,,,0.0,0.0,0.0,993.3619,0.0,0.0,298.7,307.3,-3.748,-1.814,-1.818,-1.769
2026-03-18 20:22:00,1529,12.6,,,0.0,0.0,0.0,993.225,0.0,0.0,298.9,307.9,-3.704,-1.814,-1.696,-1.769
2026-03-18 20:23:00,1530,12.6,,,0.0,0.0,0.0,993.225,0.0,0.0,299.1,308.3,-3.641,-1.814,-1.594,-1.768
2026-03-18 20:24:00,1531,12.6,,,0.0,0.0,0.0,993.225,0.0,0.0,299.3,308.6,-3.598,-1.812,-1.529,-1.766
2026-03-18 20:25:00,1532,12.6,,,0.0,0.0,0.0,993.3619,0.0,0.0,299.4,308.7,-3.58,-1.808,-1.509,-1.763
2026-03-18 20:26:00,1533,12.6,,,0.0,0.0,0.0,993.3619,0.0,0.0,299.5,308.8,-3.568,-1.803,-1.488,-1.759
2026-03-18 20:27:00,1534,12.6,,,0.0,0.0,0.0,993.3619,0.0,0.0,299.6,308.7,-3.545,-1.796,-1.515,-1.754
2026-03-18 20:28:00,1535,12.6,,,0.0,0.0,0.0,993.3619,0.0,0.0,299.4,308.2,-3.579,-1.789,-1.616,-1.749
2026-03-18 20:29:00,1536,12.6,,,0.0,0.0,0.0,993.3619,0.0,0.0,299.4,307.8,-3.585,-1.782,-1.713,-1.744
2026-03-18 20:30:00,1537,12.6,,,0.0,0.0,0.0,993.3619,0.0,0.0,299.3,307.5,-3.609,-1.776,-1.777,-1.739
2026-03-18 20:31:00,1538,12.6,,,0.0,0.0,0.0,993.3619,0.0,0.0,299.1,307.6,-3.649,-1.771,-1.765,-1.734
2026-03-18 20:32:00,1539,12.6,,,0.0,0.0,0.0,993.2935,0.0,0.0,299.1,307.6,-3.655,-1.768,-1.752,-1.73
2026-03-18 20:33:00,1540,12.6,,,0.0,0.0,0.0,993.225,0.0,0.0,299.0,307.8,-3.664,-1.765,-1.715,-1.726
2026-03-18 20:34:00,1541,12.6,,,0.0,0.0,0.0,993.225,0.0,0.0,299.2,307.8,-3.625,-1.761,-1.711,-1.723
2026-03-18 20:35:00,1542,12.6,,,0.0,0.0,0.0,993.225,0.0,0.0,299.2,307.7,-3.625,-1.757,-1.723,-1.719
2026-03-18 20:36:00,1543,12.6,,,0.0,0.0,0.0,993.3619,0.0,0.0,299.2,307.6,-3.634,-1.754,-1.745,-1.715
2026-03-18 20:37:00,1544,12.6,,,0.0,0.0,0.0,993.225,0.0,0.0,299.3,307.7,-3.603,-1.75,-1.739,-1.712
2026-03-18 20:38:00,1545,12.6,,,0.0,0.0,0.0,993.2935,0.0,0.0,299.3,307.7,-3.606,-1.747,-1.723,-1.709
2026-03-18 20:39:00,1546,12.6,,,0.0,0.0,0.0,993.225,0.0,0.0,299.2,307.5,-3.62,-1.743,-1.771,-1.705
2026-03-18 20:40:00,1547,12.6,,,0.0,0.0,0.0,993.225,0.0,0.0,299.3,307.4,-3.616,-1.74,-1.806,-1.702
2026-03-18 20:41:00,1548,12.6,,,0.0,0.0,0.0,993.225,0.0,0.0,299.2,307.7,-3.631,-1.738,-1.743,-1.699
2026-03-18 20:42:00,1549,12.6,,,0.0,0.0,0.0,993.0881,0.0,0.0,299.3,308.1,-3.613,-1.735,-1.655,-1.696
2026-03-18 20:43:00,1550,12.6,,,0.0,0.0,0.0,993.0881,0.0,0.0,299.2,308.4,-3.622,-1.732,-1.576,-1.692
2026-03-18 20:44:00,1551,12.6,,,0.0,0.0,0.0,993.0881,0.0,0.0,299.4,308.5,-3.586,-1.727,-1.553,-1.688
2026-03-18 20:45:00,1552,12.6,,,0.0,0.0,0.0,993.0881,0.0,0.0,299.5,308.3,-3.562,-1.722,-1.598,-1.684
2026-03-18 20:46:00,1553,12.6,,,0.0,0.0,0.0,993.0881,0.0,0.0,299.4,308.2,-3.578,-1.717,-1.623,-1.679
2026-03-18 20:47:00,1554,12.6,,,0.0,0.0,0.0,993.0881,0.0,0.0,299.5,308.2,-3.571,-1.713,-1.634,-1.675
2026-03-18 20:48:00,1555,12.6,,,0.0,0.0,0.0,993.0881,0.0,0.0,299.3,308.0,-3.599,-1.708,-1.663,-1.671
2026-03-18 20:49:00,1556,12.6,,,0.0,0.0,0.0,993.0881,0.0,0.0,299.4,307.7,-3.592,-1.704,-1.738,-1.668
2026-03-18 20:50:00,1557,12.6,,,0.0,0.0,0.0,992.9513,0.0,0.0,299.4,307.4,-3.588,-1.701,-1.789,-1.665
2026-03-18 20:51:00,1558,12.6,,,0.0,0.0,0.0,992.9513,0.0,0.0,299.4,307.2,-3.588,-1.698,-1.841,-1.663
2026-03-18 20:52:00,1559,12.6,,,0.0,0.0,0.0,993.0881,0.0,0.0,299.2,306.8,-3.625,-1.697,-1.937,-1.662
2026-03-18 20:53:00,1560,12.6,,,0.0,0.0,0.0,992.9513,0.0,0.0,299.2,306.3,-3.622,-1.697,-2.044,-1.662
2026-03-18 20:54:00,1561,12.6,,,0.0,0.0,0.0,992.9513,0.0,0.0,299.2,306.1,-3.619,-1.699,-2.084,-1.663
2026-03-18 20:55:00,1562,12.6,,,0.0,0.0,0.0,992.9513,0.0,0.0,299.2,306.2,-3.628,-1.701,-2.072,-1.664
2026-03-18 20:56:00,1563,12.6,,,0.0,0.0,0.0,992.9513,0.0,0.0,299.2,306.2,-3.622,-1.704,-2.07,-1.666
2026-03-18 20:57:00,1564,12.6,,,0.0,0.0,0.0,992.8828,0.0,0.0,299.2,306.5,-3.618,-1.707,-1.995,-1.667
2026-03-18 20:58:00,1565,12.6,,,0.0,0.0,0.0,992.9513,0.0,0.0,299.1,306.8,-3.647,-1.71,-1.922,-1.669
2026-03-18 20:59:00,1566,12.6,,,0.0,0.0,0.0,993.0881,0.0,0.0,298.9,307.0,-3.695,-1.714,-1.893,-1.671
2026-03-18 21:00:00,1567,12.6,,,0.0,0.0,0.0,992.9513,0.0,0.0,298.9,307.3,-3.687,-1.719,-1.819,-1.672
2026-03-18 21:01:00,1568,12.6,,,0.0,0.0,0.0,993.0881,0.0,0.0,299.0,307.6,-3.664,-1.723,-1.755,-1.673
2026-03-18 21:02:00,1569,12.6,,,0.0,0.0,0.0,992.9513,0.0,0.0,299.0,307.7,-3.673,-1.726,-1.732,-1.674
2026-03-18 21:03:00,1570,12.6,,,0.0,0.0,0.0,992.9513,0.0,0.0,299.1,307.9,-3.648,-1.729,-1.691,-1.675
2026-03-18 21:04:00,1571,12.6,,,0.0,0.0,0.0,992.9513,0.0,0.0,299.2,307.9,-3.633,-1.73,-1.689,-1.675
2026-03-18 21:05:00,1572,12.6,,,0.0,0.0,0.0,992.9513,0.0,0.0,299.4,307.7,-3.589,-1.73,-1.732,-1.675
2026-03-18 21:06:00,1573,12.6,,,0.0,0.0,0.0,992.8145,0.0,0.0,299.4,307.5,-3.592,-1.73,-1.778,-1.675
2026-03-18 21:07:00,1574,12.6,,,0.0,0.0,0.0,992.8145,0.0,0.0,299.2,307.2,-3.624,-1.73,-1.849,-1.675
2026-03-18 21:08:00,1575,12.6,,,0.0,0.0,0.0,992.8145,0.0,0.0,299.3,307.0,-3.609,-1.73,-1.889,-1.675
2026-03-18 21:09:00,1576,12.6,,,0.0,0.0,0.0,992.8145,0.0,0.0,299.4,306.7,-3.584,-1.73,-1.947,-1.675
2026-03-18 21:10:00,1577,12.6,,,0.0,0.0,0.0,992.8828,0.0,0.0,299.3,306.5,-3.604,-1.73,-2.003,-1.676
2026-03-18 21:11:00,1578,12.6,,,0.0,0.0,0.0,992.8145,0.0,0.0,299.3,306.3,-3.613,-1.732,-2.047,-1.678
2026-03-18 21:12:00,1579,12.6,,,0.0,0.0,0.0,992.8145,0.0,0.0,299.2,306.2,-3.625,-1.734,-2.074,-1.68
2026-03-18 21:13:00,1580,12.6,,,0.0,0.0,0.0,992.8145,0.0,0.0,299.1,305.9,-3.651,-1.737,-2.121,-1.683
2026-03-18 21:14:00,1581,12.6,,,0.0,0.0,0.0,992.8145,0.0,0.0,299.2,306.2,-3.626,-1.74,-2.063,-1.685
2026-03-18 21:15:00,1582,12.6,,,0.0,0.0,0.0,992.8145,0.0,0.0,299.2,306.3,-3.631,-1.743,-2.04,-1.688
2026-03-18 21:16:00,1583,12.6,,,0.0,0.0,0.0,992.8145,0.0,0.0,299.2,306.4,-3.628,-1.747,-2.015,-1.691
2026-03-18 21:17:00,1584,12.6,,,0.0,0.0,0.0,992.8145,0.0,0.0,299.2,306.8,-3.63,-1.751,-1.928,-1.694
2026-03-18 21:18:00,1585,12.6,,,0.0,0.0,0.0,992.8145,0.0,0.0,299.2,307.2,-3.626,-1.754,-1.849,-1.696
2026-03-18 21:19:00,1586,12.6,,,0.0,0.0,0.0,992.8145,0.0,0.0,299.3,307.1,-3.606,-1.757,-1.86,-1.698
2026-03-18 21:20:00,1587,12.6,,,0.0,0.0,0.0,992.8145,0.0,0.0,299.2,307.2,-3.625,-1.758,-1.852,-1.7
2026-03-18 21:21:00,1588,12.6,,,0.0,0.0,0.0,992.9513,0.0,0.0,299.3,307.4,-3.609,-1.76,-1.809,-1.702
2026-03-18 21:22:00,1589,12.6,,,0.0,0.0,0.0,992.8145,0.0,0.0,299.1,307.8,-3.649,-1.762,-1.71,-1.703
2026-03-18 21:23:00,1590,12.6,,,0.0,0.0,0.0,992.6776,0.0,0.0,299.3,308.4,-3.597,-1.762,-1.584,-1.702
2026-03-18 21:24:00,1591,12.6,,,0.0,0.0,0.0,992.746,0.0,0.0,299.5,308.8,-3.553,-1.759,-1.491,-1.7
2026-03-18 21:25:00,1592,12.6,,,0.0,0.0,0.0,992.8145,0.0,0.0,299.7,309.0,-3.522,-1.756,-1.442,-1.697
2026-03-18 21:26:00,1593,12.6,,,0.0,0.0,0.0,992.8145,0.0,0.0,299.8,308.7,-3.502,-1.751,-1.51,-1.693
2026-03-18 21:27:00,1594,12.6,,,0.0,0.0,0.0,992.746,0.0,0.0,299.6,308.3,-3.537,-1.746,-1.607,-1.689
2026-03-18 21:28:00,1595,12.6,,,0.0,0.0,0.0,992.746,0.0,0.0,299.5,308.3,-3.568,-1.741,-1.592,-1.685
2026-03-18 21:29:00,1596,12.6,,,0.0,0.0,0.0,992.6776,0.0,0.0,299.5,308.2,-3.562,-1.737,-1.618,-1.681
2026-03-18 21:30:00,1597,12.6,,,0.0,0.0,0.0,992.5406,0.0,0.0,299.6,308.0,-3.545,-1.732,-1.661,-1.676
2026-03-18 21:31:00,1598,12.6,,,0.0,0.0,0.0,992.6091,0.0,0.0,299.5,307.9,-3.565,-1.728,-1.698,-1.673
2026-03-18 21:32:00,1599,12.6,,,0.0,0.0,0.0,992.5406,0.0,0.0,299.5,308.0,-3.57,-1.724,-1.667,-1.669
2026-03-18 21:33:00,1600,12.6,,,0.0,0.0,0.0,992.5406,0.0,0.0,299.5,308.0,-3.57,-1.72,-1.671,-1.665
2026-03-18 21:34:00,1601,12.6,,,0.0,0.0,0.0,992.6776,0.0,0.0,299.4,308.0,-3.574,-1.717,-1.658,-1.662
2026-03-18 21:35:00,1602,12.6,,,0.0,0.0,0.0,992.6091,0.0,0.0,299.5,308.3,-3.566,-1.713,-1.604,-1.658
2026-03-18 21:36:00,1603,12.6,,,0.0,0.0,0.0,992.5406,0.0,0.0,299.6,308.2,-3.544,-1.709,-1.621,-1.653
2026-03-18 21:37:00,1604,12.6,,,0.0,0.0,0.0,992.5406,0.0,0.0,299.6,308.1,-3.541,-1.704,-1.641,-1.649
2026-03-18 21:38:00,1605,12.6,,,0.0,0.0,0.0,992.5406,0.0,0.0,299.7,308.0,-3.512,-1.699,-1.657,-1.645
2026-03-18 21:39:00,1606,12.6,,,0.0,0.0,0.0,992.5406,0.0,0.0,299.7,307.8,-3.525,-1.695,-1.719,-1.641
2026-03-18 21:40:00,1607,12.6,,,0.0,0.0,0.0,992.5406,0.0,0.0,299.6,307.9,-3.538,-1.692,-1.683,-1.638
2026-03-18 21:41:00,1608,12.6,,,0.0,0.0,0.0,992.5406,0.0,0.0,299.6,307.9,-3.543,-1.689,-1.691,-1.635
2026-03-18 21:42:00,1609,12.6,,,0.0,0.0,0.0,992.4722,0.0,0.0,299.6,307.8,-3.541,-1.686,-1.71,-1.632
2026-03-18 21:43:00,1610,12.6,,,0.0,0.0,0.0,992.5406,0.0,0.0,299.6,307.6,-3.541,-1.683,-1.748,-1.63
2026-03-18 21:44:00,1611,12.6,,,0.0,0.0,0.0,992.4038,0.0,0.0,299.5,308.0,-3.569,-1.681,-1.668,-1.628
2026-03-18 21:45:00,1612,12.6,,,0.0,0.0,0.0,992.4038,0.0,0.0,299.6,308.7,-3.528,-1.678,-1.516,-1.623
2026-03-18 21:46:00,1613,12.6,,,0.0,0.0,0.0,992.4038,0.0,0.0,299.7,308.7,-3.508,-1.672,-1.519,-1.618
2026-03-18 21:47:00,1614,12.6,,,0.0,0.0,0.0,992.3353,0.0,0.0,299.8,308.6,-3.501,-1.667,-1.54,-1.613
2026-03-18 21:48:00,1615,12.6,,,0.0,0.0,0.0,992.267,0.0,0.0,299.8,308.3,-3.488,-1.662,-1.592,-1.609
2026-03-18 21:49:00,1616,12.6,,,0.0,0.0,0.0,992.5406,0.0,0.0,299.7,308.0,-3.509,-1.657,-1.665,-1.605
2026-03-18 21:50:00,1617,12.6,,,0.0,0.0,0.0,992.267,0.0,0.0,299.8,308.0,-3.491,-1.653,-1.657,-1.601
2026-03-18 21:51:00,1618,12.6,,,0.0,0.0,0.0,992.267,0.0,0.0,299.9,308.3,-3.478,-1.649,-1.592,-1.597
2026-03-18 21:52:00,1619,12.6,,,0.0,0.0,0.0,992.4038,0.0,0.0,300.0,308.6,-3.45,-1.645,-1.542,-1.593
2026-03-18 21:53:00,1620,12.6,,,0.0,0.0,0.0,992.267,0.0,0.0,299.9,308.2,-3.474,-1.64,-1.618,-1.59
2026-03-18 21:54:00,1621,12.6,,,0.0,0.0,0.0,992.267,0.0,0.0,299.9,307.9,-3.462,-1.636,-1.684,-1.586
2026-03-18 21:55:00,1622,12.6,,,0.0,0.0,0.0,992.267,0.0,0.0,299.9,307.5,-3.481,-1.632,-1.769,-1.584
2026-03-18 21:56:00,1623,12.6,,,0.0,0.0,0.0,992.267,0.0,0.0,299.8,307.2,-3.497,-1.631,-1.853,-1.583
2026-03-18 21:57:00,1624,12.6,,,0.0,0.0,0.0,992.267,0.0,0.0,299.7,306.7,-3.512,-1.63,-1.945,-1.583
2026-03-18 21:58:00,1625,12.6,,,0.0,0.0,0.0,992.267,0.0,0.0,299.7,306.6,-3.526,-1.633,-1.98,-1.585
2026-03-18 21:59:00,1626,12.6,,,0.0,0.0,0.0,992.267,0.0,0.0,299.5,306.8,-3.559,-1.636,-1.936,-1.587
2026-03-18 22:00:00,1627,12.6,,,0.0,0.0,0.0,992.267,0.0,0.0,299.3,307.1,-3.597,-1.641,-1.868,-1.591
2026-03-18 22:01:00,1628,12.6,,,0.0,0.0,0.0,992.267,0.0,0.0,299.4,307.7,-3.588,-1.647,-1.734,-1.594
2026-03-18 22:02:00,1629,12.6,,,0.0,0.0,0.0,992.1301,0.0,0.0,299.6,308.2,-3.546,-1.649,-1.616,-1.594
2026-03-18 22:03:00,1630,12.6,,,0.0,0.0,0.0,992.1301,0.0,0.0,299.6,308.4,-3.526,-1.65,-1.59,-1.594
2026-03-18 22:04:00,1631,12.6,,,0.0,0.0,0.0,992.1301,0.0,0.0,299.7,308.2,-3.52,-1.65,-1.629,-1.594
2026-03-18 22:05:00,1632,12.6,,,0.0,0.0,0.0,992.1301,0.0,0.0,299.8,308.1,-3.497,-1.65,-1.651,-1.593
2026-03-18 22:06:00,1633,12.6,,,0.0,0.0,0.0,992.1301,0.0,0.0,299.7,307.6,-3.516,-1.65,-1.75,-1.593
2026-03-18 22:07:00,1634,12.6,,,0.0,0.0,0.0,991.9932,0.0,0.0,299.6,307.5,-3.532,-1.651,-1.784,-1.594
2026-03-18 22:08:00,1635,12.6,,,0.0,0.0,0.0,992.1301,0.0,0.0,299.7,307.0,-3.511,-1.652,-1.891,-1.595
2026-03-18 22:09:00,1636,12.6,,,0.0,0.0,0.0,991.9932,0.0,0.0,299.6,306.9,-3.53,-1.654,-1.913,-1.597
2026-03-18 22:10:00,1637,12.6,,,0.0,0.0,0.0,991.9932,0.0,0.0,299.6,307.0,-3.536,-1.656,-1.898,-1.6
2026-03-18 22:11:00,1638,12.6,,,0.0,0.0,0.0,992.1301,0.0,0.0,299.7,307.2,-3.514,-1.659,-1.842,-1.601
2026-03-18 22:12:00,1639,12.6,,,0.0,0.0,0.0,991.8563,0.0,0.0,299.6,307.3,-3.541,-1.661,-1.82,-1.603
2026-03-18 22:13:00,1640,12.6,,,0.0,0.0,0.0,991.9932,0.0,0.0,299.6,307.8,-3.542,-1.664,-1.717,-1.605
2026-03-18 22:14:00,1641,12.6,,,0.0,0.0,0.0,991.8563,0.0,0.0,299.6,308.0,-3.547,-1.665,-1.674,-1.606
2026-03-18 22:15:00,1642,12.6,,,0.0,0.0,0.0,991.9932,0.0,0.0,299.7,308.4,-3.523,-1.665,-1.583,-1.605
2026-03-18 22:16:00,1643,12.6,,,0.0,0.0,0.0,991.8563,0.0,0.0,299.8,308.4,-3.498,-1.663,-1.576,-1.604
2026-03-18 22:17:00,1644,12.6,,,0.0,0.0,0.0,991.8563,0.014,0.0,299.9,308.5,-3.47,-1.66,-1.556,-1.601
2026-03-18 22:18:00,1645,12.6,,,0.0,0.0,0.0,991.8563,0.014,0.0,299.8,308.5,-3.486,-1.657,-1.55,-1.598
2026-03-18 22:19:00,1646,12.6,,,0.0,0.0,0.0,991.8563,0.0,0.0,299.9,308.5,-3.46,-1.653,-1.558,-1.595
2026-03-18 22:20:00,1647,12.6,,,0.0,0.0,0.0,991.8563,0.0,0.0,300.0,308.6,-3.443,-1.647,-1.546,-1.59
2026-03-18 22:21:00,1648,12.6,,,0.0,0.0,0.0,991.9248,0.0,0.0,300.0,308.6,-3.439,-1.641,-1.535,-1.586
2026-03-18 22:22:00,1649,12.6,,,0.0,0.0,0.0,991.7879,0.0,0.0,300.0,308.3,-3.437,-1.635,-1.604,-1.581
2026-03-18 22:23:00,1650,12.6,,,0.0,0.0,0.0,991.7195,0.0,0.0,300.0,308.1,-3.446,-1.63,-1.655,-1.576
2026-03-18 22:24:00,1651,12.6,,,0.0,0.0,0.0,991.7195,0.0,0.0,300.0,307.8,-3.457,-1.625,-1.712,-1.572
2026-03-18 22:25:00,1652,12.6,,,0.0,0.0,0.0,991.8563,0.0,0.0,300.0,307.7,-3.444,-1.621,-1.727,-1.568
2026-03-18 22:26:00,1653,12.6,,,0.0,0.0,0.0,991.8563,0.014,0.0,300.0,308.2,-3.439,-1.617,-1.63,-1.564
2026-03-18 22:27:00,1654,12.6,,,0.0,0.0,0.0,991.7195,0.0,0.0,300.1,308.1,-3.429,-1.612,-1.641,-1.559
2026-03-18 22:28:00,1655,12.6,,,0.0,0.0,0.0,991.7195,0.0,0.0,300.0,307.9,-3.444,-1.606,-1.683,-1.555
2026-03-18 22:29:00,1656,12.6,,,0.0,0.0,0.0,991.7195,0.0,0.0,300.1,307.6,-3.429,-1.602,-1.758,-1.552
2026-03-18 22:30:00,1657,12.6,,,0.0,0.0,0.0,991.7195,0.0,0.0,300.0,307.5,-3.447,-1.6,-1.768,-1.549
2026-03-18 22:31:00,1658,12.6,,,0.0,0.0,0.0,991.7195,0.0,0.0,300.0,307.3,-3.457,-1.597,-1.815,-1.546
2026-03-18 22:32:00,1659,12.6,,,0.0,0.0,0.0,991.7195,0.0,0.0,300.0,307.1,-3.453,-1.595,-1.874,-1.545
2026-03-18 22:33:00,1660,12.6,,,0.0,0.0,0.0,991.7195,0.0,0.0,299.8,306.8,-3.488,-1.595,-1.94,-1.546
2026-03-18 22:34:00,1661,12.6,,,0.0,0.0,0.0,991.7195,0.0,0.0,299.8,306.6,-3.495,-1.597,-1.983,-1.548
2026-03-18 22:35:00,1662,12.6,,,0.0,0.0,0.0,991.651,0.0,0.0,299.7,306.4,-3.517,-1.601,-2.022,-1.551
2026-03-18 22:36:00,1663,12.6,,,0.0,0.0,0.0,991.7195,0.0,0.0,299.6,306.7,-3.542,-1.606,-1.955,-1.556
2026-03-18 22:37:00,1664,12.6,,,0.0,0.0,0.0,991.7195,0.0,0.0,299.7,307.2,-3.523,-1.611,-1.838,-1.559
2026-03-18 22:38:00,1665,12.6,,,0.0,0.0,0.0,991.7195,0.0,0.0,299.5,307.4,-3.551,-1.616,-1.807,-1.563
2026-03-18 22:39:00,1666,12.6,,,0.0,0.0,0.0,991.7195,0.0,0.0,299.7,307.4,-3.509,-1.62,-1.789,-1.566
2026-03-18 22:40:00,1667,12.6,,,0.0,0.0,0.0,991.7195,0.0,0.0,299.7,307.3,-3.523,-1.624,-1.816,-1.569
2026-03-18 22:41:00,1668,12.6,,,0.0,0.0,0.0,991.5826,0.0,0.0,299.6,307.6,-3.533,-1.628,-1.751,-1.572
2026-03-18 22:42:00,1669,12.6,,,0.0,0.0,0.0,991.651,0.0,0.0,299.7,308.1,-3.507,-1.63,-1.655,-1.572
2026-03-18 22:43:00,1670,12.6,,,0.0,0.0,0.0,991.7195,0.0,0.0,299.7,308.0,-3.509,-1.631,-1.666,-1.573
2026-03-18 22:44:00,1671,12.6,,,0.0,0.0,0.0,991.5826,0.0,0.0,299.6,308.2,-3.531,-1.634,-1.622,-1.574
2026-03-18 22:45:00,1672,12.6,,,0.0,0.0,0.0,991.5826,0.0,0.0,299.9,308.4,-3.472,-1.635,-1.578,-1.574
2026-03-18 22:46:00,1673,12.6,,,0.0,0.0,0.0,991.5826,0.0,0.0,300.0,308.1,-3.446,-1.634,-1.636,-1.573
2026-03-18 22:47:00,1674,12.6,,,0.0,0.0,0.0,991.5826,0.0,0.0,299.9,307.8,-3.466,-1.633,-1.713,-1.572
2026-03-18 22:48:00,1675,12.6,,,0.0,0.0,0.0,991.5826,0.0,0.0,299.8,307.4,-3.483,-1.633,-1.809,-1.572
2026-03-18 22:49:00,1676,12.6,,,0.0,0.0,0.0,991.5826,0.0,0.0,299.8,306.9,-3.483,-1.633,-1.908,-1.573
2026-03-18 22:50:00,1677,12.6,,,0.0,0.0,0.0,991.5826,0.0,0.0,299.9,306.3,-3.469,-1.635,-2.054,-1.576
2026-03-18 22:51:00,1678,12.6,,,0.0,0.0,0.0,991.5826,0.0,0.0,299.7,305.9,-3.523,-1.639,-2.13,-1.579
2026-03-18 22:52:00,1679,12.6,,,0.0,0.0,0.0,991.5826,0.0,0.0,299.5,305.7,-3.56,-1.645,-2.178,-1.584
2026-03-18 22:53:00,1680,12.6,,,0.0,0.0,0.0,991.5826,0.0,0.0,299.6,305.6,-3.544,-1.651,-2.203,-1.589
2026-03-18 22:54:00,1681,12.6,,,0.0,0.0,0.0,991.5826,0.0,0.0,299.5,305.5,-3.56,-1.658,-2.231,-1.594
2026-03-18 22:55:00,1682,12.6,,,0.0,0.0,0.0,991.5826,0.0,0.0,299.5,305.6,-3.561,-1.666,-2.196,-1.601
2026-03-18 22:56:00,1683,12.6,,,0.0,0.0,0.0,991.5826,0.0,0.0,299.6,305.3,-3.548,-1.675,-2.262,-1.61
2026-03-18 22:57:00,1684,12.6,,,0.0,0.0,0.0,991.4457,0.0,0.0,299.5,305.1,-3.549,-1.683,-2.318,-1.617
2026-03-18 22:58:00,1685,12.6,,,0.0,0.0,0.0,991.4457,0.0,0.0,299.4,304.9,-3.587,-1.691,-2.362,-1.623
2026-03-18 22:59:00,1686,12.6,,,0.0,0.0,0.0,991.4457,0.0,0.0,299.5,304.8,-3.566,-1.699,-2.376,-1.631
2026-03-18 23:00:00,1687,12.6,,,0.0,0.0,0.0,991.5826,0.0,0.0,299.5,304.5,-3.566,-1.708,-2.438,-1.641
2026-03-18 23:01:00,1688,12.6,,,0.0,0.0,0.0,991.5826,0.0,0.0,299.2,304.5,-3.623,-1.719,-2.432,-1.651
2026-03-18 23:02:00,1689,12.6,,,0.0,0.0,0.0,991.4457,0.0,0.0,299.3,304.7,-3.607,-1.731,-2.405,-1.661
2026-03-18 23:03:00,1690,12.6,,,0.0,0.0,0.0,991.4457,0.0,0.0,299.3,304.9,-3.613,-1.743,-2.357,-1.672
2026-03-18 23:04:00,1691,12.6,,,0.0,0.0,0.0,991.3773,0.0,0.0,299.3,304.9,-3.605,-1.753,-2.357,-1.681
2026-03-18 23:05:00,1692,12.6,,,0.0,0.0,0.0,991.4457,0.0,0.0,299.3,304.7,-3.596,-1.764,-2.405,-1.691
2026-03-18 23:06:00,1693,12.6,,,0.0,0.0,0.0,991.4457,0.0,0.0,299.4,304.6,-3.59,-1.774,-2.418,-1.7
2026-03-18 23:07:00,1694,12.6,,,0.0,0.0,0.0,991.4457,0.0,0.0,299.3,304.5,-3.614,-1.784,-2.439,-1.709
2026-03-18 23:08:00,1695,12.6,,,0.0,0.0,0.0,991.4457,0.0,0.0,299.3,304.5,-3.603,-1.794,-2.447,-1.72
2026-03-18 23:09:00,1696,12.6,,,0.0,0.0,0.0,991.4457,0.0,0.0,299.4,304.4,-3.587,-1.804,-2.463,-1.73
2026-03-18 23:10:00,1697,12.6,,,0.0,0.0,0.0,991.4457,0.0,0.0,299.3,304.1,-3.61,-1.814,-2.541,-1.739
2026-03-18 23:11:00,1698,12.6,,,0.0,0.0,0.0,991.4457,0.0,0.0,299.3,303.9,-3.602,-1.823,-2.565,-1.748
2026-03-18 23:12:00,1699,12.6,,,0.0,0.0,0.0,991.4457,0.0,0.0,299.2,304.0,-3.624,-1.834,-2.563,-1.757
2026-03-18 23:13:00,1700,12.6,,,0.0,0.0,0.0,991.4457,0.0,0.0,299.2,303.7,-3.628,-1.844,-2.613,-1.769
2026-03-18 23:14:00,1701,12.6,,,0.0,0.0,0.0,991.4457,0.0,0.0,299.2,303.7,-3.622,-1.856,-2.624,-1.781
2026-03-18 23:15:00,1702,12.6,,,0.0,0.0,0.0,991.5826,0.0,0.0,299.1,303.6,-3.658,-1.868,-2.653,-1.792
2026-03-18 23:16:00,1703,12.6,,,0.0,0.0,0.0,991.4457,0.0,0.0,298.9,304.0,-3.695,-1.882,-2.564,-1.806
2026-03-18 23:17:00,1704,12.6,,,0.0,0.0,0.0,991.2404,0.0,0.0,299.1,304.7,-3.649,-1.896,-2.405,-1.82
2026-03-18 23:18:00,1705,12.6,,,0.0,0.0,0.0,991.4457,0.0,0.0,299.2,305.3,-3.633,-1.906,-2.259,-1.829
2026-03-18 23:19:00,1706,12.6,,,0.0,0.0,0.0,991.4457,0.0,0.0,299.3,305.5,-3.607,-1.913,-2.216,-1.837
2026-03-18 23:20:00,1707,12.59,,,0.0,0.0,0.0,991.4457,0.0,0.0,299.3,305.5,-3.61,-1.919,-2.231,-1.843
2026-03-18 23:21:00,1708,12.6,,,0.0,0.0,0.0,991.3088,0.0,0.0,299.3,305.5,-3.608,-1.924,-2.214,-1.848
2026-03-18 23:22:00,1709,12.6,,,0.0,0.0,0.0,991.3088,0.0,0.0,299.4,305.3,-3.587,-1.928,-2.262,-1.853
2026-03-18 23:23:00,1710,12.6,,,0.0,0.0,0.0,991.3088,0.0,0.0,299.4,305.0,-3.587,-1.931,-2.327,-1.858
2026-03-18 23:24:00,1711,12.6,,,0.0,0.0,0.0,991.2404,0.0,0.0,299.3,304.9,-3.616,-1.935,-2.348,-1.863
2026-03-18 23:25:00,1712,12.59,,,0.0,0.0,0.0,991.3088,0.0,0.0,299.3,305.3,-3.604,-1.94,-2.266,-1.868
2026-03-18 23:26:00,1713,12.6,,,0.0,0.0,0.0,991.3088,0.0,0.0,299.3,305.3,-3.596,-1.942,-2.267,-1.872
2026-03-18 23:27:00,1714,12.59,,,0.0,0.0,0.0,991.3088,0.0,0.0,299.3,305.0,-3.6,-1.944,-2.341,-1.875
2026-03-18 23:28:00,1715,12.59,,,0.0,0.0,0.0,991.3088,0.0,0.0,299.3,304.6,-3.608,-1.948,-2.426,-1.879
2026-03-18 23:29:00,1716,12.59,,,0.0,0.0,0.0,991.2404,0.0,0.0,299.3,304.5,-3.616,-1.951,-2.446,-1.884
2026-03-18 23:30:00,1717,12.59,,,0.0,0.0,0.0,991.3156,0.0,0.0,299.2,304.5,-3.634,-1.956,-2.451,-1.888
2026-03-18 23:31:00,1718,12.59,,,0.0,0.0,0.0,991.3142,0.0,0.0,299.2,304.1,-3.632,-1.96,-2.532,-1.892
2026-03-18 23:32:00,1719,12.59,,,0.0,0.0,0.0,991.3131,0.0,0.0,299.2,303.6,-3.635,-1.966,-2.645,-1.899
2026-03-18 23:33:00,1720,12.59,,,0.0,0.0,0.0,991.3116,0.0,0.0,299.1,303.4,-3.644,-1.974,-2.684,-1.908
2026-03-18 23:34:00,1721,12.59,,,0.0,0.0,0.0,991.2427,0.0,0.0,299.0,303.6,-3.677,-1.983,-2.651,-1.917
2026-03-18 23:35:00,1722,12.59,,,0.0,0.0,0.0,991.3107,0.0,0.0,299.0,303.9,-3.666,-1.991,-2.57,-1.926
2026-03-18 23:36:00,1723,12.59,,,0.0,0.0,0.0,991.3103,0.0,0.0,299.0,304.0,-3.662,-2.0,-2.549,-1.934
2026-03-18 23:37:00,1724,12.59,,,0.0,0.0,0.0,991.31,0.0,0.0,299.0,304.2,-3.675,-2.009,-2.516,-1.942
2026-03-18 23:38:00,1725,12.59,,,0.0,0.0,0.0,991.3098,0.0,0.0,299.1,304.2,-3.657,-2.017,-2.511,-1.948
2026-03-18 23:39:00,1726,12.59,,,0.0,0.0,0.0,991.3163,0.0,0.0,299.0,304.3,-3.666,-2.025,-2.49,-1.956
2026-03-18 23:40:00,1727,12.59,,,0.0,0.0,0.0,991.3136,0.0,0.0,299.1,304.8,-3.648,-2.033,-2.366,-1.962
2026-03-18 23:41:00,1728,12.59,,,0.0,0.0,0.0,991.3193,0.0,0.0,299.1,305.3,-3.648,-2.039,-2.261,-1.968
2026-03-18 23:42:00,1729,12.59,,,0.0,0.0,0.0,991.1804,0.0,0.0,299.3,305.5,-3.611,-2.044,-2.221,-1.972
2026-03-18 23:43:00,1730,12.59,,,0.0,0.0,0.0,991.1787,0.0,0.0,299.2,305.5,-3.623,-2.046,-2.212,-1.976
2026-03-18 23:44:00,1731,12.59,,,0.0,0.0,0.0,991.1774,0.0,0.0,299.3,305.7,-3.601,-2.048,-2.172,-1.978
2026-03-18 23:45:00,1732,12.59,,,0.0,0.0,0.0,991.2448,0.0,0.0,299.3,305.7,-3.611,-2.05,-2.182,-1.981
2026-03-18 23:46:00,1733,12.59,,,0.0,0.0,0.0,991.1801,0.0,0.0,299.2,305.8,-3.633,-2.051,-2.157,-1.982
2026-03-18 23:47:00,1734,12.59,,,0.0,0.0,0.0,991.1785,0.0,0.0,299.3,305.7,-3.604,-2.051,-2.187,-1.983
2026-03-18 23:48:00,1735,12.59,,,0.0,0.0,0.0,991.1772,0.0,0.0,299.2,305.8,-3.621,-2.051,-2.156,-1.983
2026-03-18 23:49:00,1736,12.59,,,0.0,0.0,0.0,991.1762,0.0,0.0,299.2,306.4,-3.628,-2.05,-2.032,-1.982
2026-03-18 23:50:00,1737,12.59,,,0.0,0.0,0.0,991.1754,0.0,0.0,299.3,306.4,-3.61,-2.048,-2.024,-1.981
2026-03-18 23:51:00,1738,12.59,,,0.0,0.0,0.0,991.1747,0.0,0.0,299.2,306.2,-3.617,-2.046,-2.06,-1.98
2026-03-18 23:52:00,1739,12.59,,,0.0,0.0,0.0,991.1742,0.0,0.0,299.3,305.7,-3.6,-2.044,-2.17,-1.98
2026-03-18 23:53:00,1740,12.59,,,0.0,0.0,0.0,991.1734,0.0,0.0,299.2,305.4,-3.62,-2.043,-2.233,-1.98
2026-03-18 23:54:00,1741,12.59,,,0.0,0.0,0.0,991.1731,0.0,0.0,299.0,305.6,-3.678,-2.044,-2.205,-1.98
2026-03-18 23:55:00,1742,12.59,,,0.0,0.0,0.0,991.1729,0.0,0.0,299.1,305.6,-3.647,-2.044,-2.207,-1.98
2026-03-18 23:56:00,1743,12.59,,,0.0,0.0,0.0,991.2479,0.0,0.0,299.2,305.9,-3.634,-2.044,-2.124,-1.979
2026-03-18 23:57:00,1744,12.59,,,0.0,0.0,0.0,991.178,0.0,0.0,299.2,305.9,-3.627,-2.044,-2.137,-1.979
2026-03-18 23:58:00,1745,12.59,,,0.0,0.0,0.0,991.1768,0.0,0.0,299.1,306.0,-3.639,-2.043,-2.119,-1.978
2026-03-18 23:59:00,1746,12.59,,,0.0,0.0,0.0,991.175,0.0,0.0,299.1,306.4,-3.64,-2.041,-2.029,-1.976
2026-03-19 00:00:00,1747,12.59,,,0.0,0.0,0.0,991.1127,0.0,0.0,299.3,306.6,-3.604,-2.038,-1.987,-1.972
2026-03-19 00:01:00,1748,12.59,,,0.0,0.0,0.0,991.0424,0.0,0.0,299.3,306.5,-3.612,-2.034,-2.006,-1.968
2026-03-19 00:02:00,1749,12.59,,,0.0,0.0,0.0,991.1094,0.0,0.0,299.4,306.1,-3.577,-2.03,-2.093,-1.965
2026-03-19 00:03:00,1750,12.59,,,0.0,0.0,0.0,991.0398,0.0,0.0,299.4,306.0,-3.593,-2.027,-2.099,-1.961
2026-03-19 00:04:00,1751,12.59,,,0.0,0.0,0.0,991.0456,0.0,0.0,299.4,306.2,-3.582,-2.022,-2.066,-1.957
2026-03-19 00:05:00,1752,12.59,,,0.0,0.0,0.0,991.0435,0.0,0.0,299.4,305.8,-3.59,-2.018,-2.147,-1.955
2026-03-19 00:06:00,1753,12.59,,,0.0,0.0,0.0,991.0458,0.0,0.0,299.2,305.4,-3.617,-2.016,-2.242,-1.953
2026-03-19 00:07:00,1754,12.59,,,0.0,0.0,0.0,990.9753,0.0,0.0,299.1,305.4,-3.648,-2.015,-2.242,-1.951
2026-03-19 00:08:00,1755,12.59,,,0.0,0.0,0.0,991.1105,0.0,0.0,299.1,305.3,-3.659,-2.016,-2.268,-1.949
2026-03-19 00:09:00,1756,12.59,,,0.0,0.0,0.0,990.9038,0.0,0.0,299.1,305.3,-3.646,-2.02,-2.268,-1.947
2026-03-19 00:10:00,1757,12.59,,,0.0,0.0,0.0,990.9711,0.0,0.0,299.2,305.4,-3.625,-2.022,-2.233,-1.945
2026-03-19 00:11:00,1758,12.59,,,0.0,0.0,0.0,991.1071,0.0,0.0,299.2,305.4,-3.638,-2.024,-2.24,-1.944
2026-03-19 00:12:00,1759,12.59,,,0.0,0.0,0.0,991.0374,0.0,0.0,299.2,305.4,-3.628,-2.028,-2.251,-1.944
2026-03-19 00:13:00,1760,12.59,,,0.0,0.0,0.0,991.037,0.0,0.0,299.2,305.6,-3.625,-2.032,-2.189,-1.944
2026-03-19 00:14:00,1761,12.59,,,0.0,0.0,0.0,990.9681,0.0,0.0,299.3,305.8,-3.61,-2.033,-2.155,-1.943
2026-03-19 00:15:00,1762,12.59,,,0.0,0.0,0.0,990.8994,0.0,0.0,299.3,305.6,-3.61,-2.032,-2.203,-1.942
2026-03-19 00:16:00,1763,12.59,,,0.0,0.0,0.0,990.8992,0.0,0.0,299.4,305.5,-3.582,-2.031,-2.214,-1.941
2026-03-19 00:17:00,1764,12.59,,,0.0,0.0,0.0,991.0359,0.0,0.0,299.4,305.3,-3.587,-2.03,-2.261,-1.94
2026-03-19 00:18:00,1765,12.59,,,0.0,0.0,0.0,990.8989,0.0,0.0,299.3,305.1,-3.606,-2.028,-2.317,-1.939
2026-03-19 00:19:00,1766,12.59,,,0.0,0.0,0.0,990.8987,0.0,0.0,299.3,305.2,-3.597,-2.027,-2.292,-1.938
2026-03-19 00:20:00,1767,12.59,,,0.0,0.0,0.0,990.9053,0.0,0.0,299.3,305.0,-3.6,-2.025,-2.335,-1.937
2026-03-19 00:21:00,1768,12.59,,,0.0,0.0,0.0,991.0408,0.0,0.0,299.3,304.9,-3.598,-2.024,-2.349,-1.937
2026-03-19 00:22:00,1769,12.59,,,0.0,0.0,0.0,991.0396,0.0,0.0,299.2,305.1,-3.639,-2.023,-2.312,-1.937
2026-03-19 00:23:00,1770,12.59,,,0.0,0.0,0.0,990.9019,0.0,0.0,299.2,305.2,-3.63,-2.023,-2.282,-1.937
2026-03-19 00:24:00,1771,12.59,,,0.0,0.0,0.0,990.9011,0.0,0.0,299.2,305.3,-3.629,-2.022,-2.265,-1.936
2026-03-19 00:25:00,1772,12.59,,,0.0,0.0,0.0,990.9175,0.0,0.0,299.3,305.3,-3.612,-2.021,-2.272,-1.935
2026-03-19 00:26:00,1773,12.59,,,0.0,0.0,0.0,990.9136,0.0,0.0,299.3,305.0,-3.604,-2.021,-2.327,-1.934
2026-03-19 00:27:00,1774,12.59,,,0.0,0.0,0.0,990.8422,0.0,0.0,299.3,304.4,-3.598,-2.02,-2.473,-1.935
2026-03-19 00:28:00,1775,12.59,,,0.0,0.0,0.0,990.8397,0.0,0.0,299.2,303.9,-3.623,-2.021,-2.585,-1.937
2026-03-19 00:29:00,1776,12.59,,,0.0,0.0,0.0,990.7693,0.0,0.0,299.1,303.6,-3.654,-2.025,-2.648,-1.942
2026-03-19 00:30:00,1777,12.59,,,0.0,0.0,0.0,990.7677,0.0,0.0,299.1,303.5,-3.655,-2.03,-2.661,-1.948
2026-03-19 00:31:00,1778,12.59,,,0.0,0.0,0.0,991.0402,0.0,0.0,299.0,303.4,-3.678,-2.035,-2.681,-1.953
2026-03-19 00:32:00,1779,12.59,,,0.0,0.0,0.0,990.7646,0.0,0.0,298.8,303.6,-3.707,-2.043,-2.633,-1.96
2026-03-19 00:33:00,1780,12.59,,,0.0,0.0,0.0,990.764,0.0,0.0,298.9,304.0,-3.689,-2.052,-2.553,-1.965
2026-03-19 00:34:00,1781,12.59,,,0.0,0.0,0.0,990.9688,0.0,0.0,299.0,304.2,-3.671,-2.059,-2.515,-1.968
2026-03-19 00:35:00,1782,12.59,,,0.0,0.0,0.0,990.8315,0.0,0.0,299.0,304.3,-3.667,-2.065,-2.488,-1.973
2026-03-19 00:36:00,1783,12.59,,,0.0,0.0,0.0,990.8995,0.014,0.0,299.2,304.7,-3.638,-2.069,-2.4,-1.976
2026-03-19 00:37:00,1784,12.59,,,0.0,0.0,0.0,990.8993,0.0,0.0,299.1,304.9,-3.641,-2.07,-2.356,-1.978
2026-03-19 00:38:00,1785,12.59,,,0.0,0.0,0.0,990.8989,0.014,0.0,299.2,304.7,-3.621,-2.071,-2.403,-1.979
2026-03-19 00:39:00,1786,12.59,,,0.0,0.0,0.0,990.8988,0.0,0.0,299.2,304.4,-3.625,-2.071,-2.466,-1.981
2026-03-19 00:40:00,1787,12.59,,,0.0,0.0,0.0,990.8303,0.014,0.0,299.3,304.3,-3.598,-2.07,-2.483,-1.982
2026-03-19 00:41:00,1788,12.59,,,0.0,0.0,0.0,990.8986,0.014,0.0,299.3,304.1,-3.616,-2.069,-2.533,-1.982
2026-03-19 00:42:00,1789,12.59,,,0.0,0.0,0.0,990.9052,0.0,0.0,299.1,303.7,-3.642,-2.069,-2.621,-1.984
2026-03-19 00:43:00,1790,12.59,,,0.0,0.0,0.0,990.9038,0.043,0.0,299.1,303.2,-3.64,-2.07,-2.724,-1.987
2026-03-19 00:44:00,1791,12.59,,,0.0,0.0,0.0,990.9027,0.0,0.0,299.1,303.0,-3.646,-2.073,-2.782,-1.992
2026-03-19 00:45:00,1792,12.59,,,0.0,0.0,0.0,990.9011,0.0,0.0,299.1,302.6,-3.65,-2.077,-2.858,-1.998
2026-03-19 00:46:00,1793,12.59,,,0.0,0.0,0.0,990.9756,0.0,0.0,299.1,302.0,-3.653,-2.082,-2.989,-2.005
2026-03-19 00:47:00,1794,12.59,,,0.0,0.0,0.0,990.9739,0.014,0.0,298.9,301.5,-3.701,-2.09,-3.114,-2.014
2026-03-19 00:48:00,1795,12.59,,,0.0,0.0,0.0,991.0409,0.0,0.0,298.8,301.8,-3.715,-2.1,-3.047,-2.024
2026-03-19 00:49:00,1796,12.59,,,0.0,0.0,0.0,990.9713,0.0,0.0,298.9,302.0,-3.699,-2.11,-2.997,-2.035
2026-03-19 00:50:00,1797,12.59,,,0.0,0.0,0.0,990.902,0.057,0.0,298.8,302.4,-3.707,-2.121,-2.917,-2.045
2026-03-19 00:51:00,1798,12.59,,,0.0,0.0,0.0,990.9113,0.0,0.0,298.8,302.6,-3.71,-2.132,-2.858,-2.053
2026-03-19 00:52:00,1799,12.59,,,0.0,0.0,0.0,990.9087,0.0,0.0,298.9,302.5,-3.703,-2.14,-2.896,-2.059
2026-03-19 00:53:00,1800,12.59,,,0.0,0.0,0.0,990.9066,0.014,0.0,298.9,302.2,-3.684,-2.147,-2.956,-2.066
2026-03-19 00:54:00,1801,12.59,,,0.0,0.0,0.0,990.905,0.0,0.0,298.9,301.9,-3.692,-2.153,-3.03,-2.072
2026-03-19 00:55:00,1802,12.59,,,0.0,0.0,0.0,990.8486,0.0,0.0,298.9,301.9,-3.686,-2.159,-3.026,-2.078
2026-03-19 00:56:00,1803,12.59,,,0.0,0.0,0.0,990.8582,0.0,0.0,298.9,301.3,-3.701,-2.165,-3.161,-2.085
2026-03-19 00:57:00,1804,12.59,,,0.0,0.0,0.0,990.7975,0.0,0.0,298.9,301.1,-3.695,-2.173,-3.202,-2.093
2026-03-19 00:58:00,1805,12.59,,,0.0,0.0,0.0,990.7911,0.0,0.0,298.8,301.0,-3.722,-2.181,-3.217,-2.102
2026-03-19 00:59:00,1806,12.59,,,0.0,0.0,0.0,990.9287,0.0,0.0,298.8,300.6,-3.718,-2.189,-3.308,-2.112
2026-03-19 01:00:00,1807,12.59,,,0.0,0.0,0.0,990.9293,0.0,0.0,298.7,300.0,-3.749,-2.2,-3.441,-2.124
2026-03-19 01:01:00,1808,12.59,,,0.0,0.0,0.0,990.9298,0.0,0.0,298.5,299.8,-3.777,-2.212,-3.491,-2.138
2026-03-19 01:02:00,1809,12.59,,,0.0,0.0,0.0,990.9369,0.0,0.0,298.5,299.6,-3.782,-2.227,-3.542,-2.154
2026-03-19 01:03:00,1810,12.59,,,0.0,0.0,0.0,990.8674,0.0,0.0,298.3,299.5,-3.82,-2.243,-3.552,-2.171
2026-03-19 01:04:00,1811,12.59,,,0.0,0.0,0.0,990.8041,0.0,0.0,298.3,299.1,-3.827,-2.26,-3.64,-2.188
2026-03-19 01:05:00,1812,12.59,,,0.0,0.0,0.0,990.8022,0.0,0.0,298.2,298.7,-3.844,-2.277,-3.743,-2.204
2026-03-19 01:06:00,1813,12.59,,,0.0,0.0,0.0,990.8074,0.0,0.0,298.2,298.1,-3.854,-2.295,-3.866,-2.22
2026-03-19 01:07:00,1814,12.59,,,0.0,0.0,0.0,990.8049,0.0,0.0,298.0,297.5,-3.901,-2.314,-4.021,-2.237
2026-03-19 01:08:00,1815,12.6,,,0.0,0.0,0.0,990.8229,0.0,0.0,297.9,296.8,-3.921,-2.333,-4.174,-2.254
2026-03-19 01:09:00,1816,12.6,,,0.0,0.0,0.0,990.8307,0.0,0.0,297.8,296.1,-3.944,-2.353,-4.32,-2.271
2026-03-19 01:10:00,1817,12.6,,,0.0,0.0,0.0,990.8302,0.0,0.0,297.7,295.6,-3.977,-2.374,-4.443,-2.29
2026-03-19 01:11:00,1818,12.6,,,0.0,0.0,0.0,990.8469,0.0,0.0,297.5,295.2,-4.013,-2.397,-4.536,-2.314
2026-03-19 01:12:00,1819,12.6,,,0.0,0.0,0.0,990.8566,0.0,0.0,297.4,294.9,-4.031,-2.423,-4.604,-2.34
2026-03-19 01:13:00,1820,12.6,,,0.0,0.0,0.0,990.8643,0.0,0.0,297.3,294.8,-4.06,-2.451,-4.63,-2.366
2026-03-19 01:14:00,1821,12.6,,,0.0,0.0,0.0,990.8705,0.0,0.0,297.2,294.9,-4.082,-2.48,-4.603,-2.393
2026-03-19 01:15:00,1822,12.6,,,0.0,0.0,0.0,990.8754,0.0,0.0,297.2,294.9,-4.09,-2.51,-4.605,-2.42
2026-03-19 01:16:00,1823,12.6,,,0.0,0.0,0.0,990.8793,0.0,0.0,297.0,294.4,-4.115,-2.54,-4.706,-2.446
2026-03-19 01:17:00,1824,12.6,,,0.0,0.0,0.0,990.885,0.0,0.0,296.9,294.3,-4.142,-2.571,-4.737,-2.474
2026-03-19 01:18:00,1825,12.6,,,0.0,0.0,0.0,990.8871,0.0,0.0,297.1,295.6,-4.098,-2.601,-4.432,-2.503
2026-03-19 01:19:00,1826,12.59,,,0.0,0.0,0.0,990.8887,0.0,0.0,297.1,296.3,-4.092,-2.628,-4.272,-2.528
2026-03-19 01:20:00,1827,12.59,,,0.0,0.0,0.0,990.89,0.0,0.0,297.4,296.6,-4.044,-2.653,-4.211,-2.552
2026-03-19 01:21:00,1828,12.59,,,0.0,0.0,0.0,990.891,0.0,0.0,297.3,297.2,-4.052,-2.676,-4.089,-2.576
2026-03-19 01:22:00,1829,12.59,,,0.0,0.0,0.0,990.8918,0.0,0.0,297.5,297.5,-4.013,-2.699,-4.02,-2.599
2026-03-19 01:23:00,1830,12.59,,,0.0,0.0,0.0,990.8926,0.0,0.0,297.5,297.8,-4.003,-2.718,-3.954,-2.62
2026-03-19 01:24:00,1831,12.59,,,0.0,0.0,0.0,990.8934,0.0,0.0,297.6,298.1,-3.994,-2.737,-3.884,-2.64
2026-03-19 01:25:00,1832,12.59,,,0.0,0.0,0.0,990.8938,0.0,0.0,297.6,298.4,-3.986,-2.753,-3.814,-2.658
2026-03-19 01:26:00,1833,12.59,,,0.0,0.0,0.0,990.894,0.0,0.0,297.6,298.0,-3.983,-2.768,-3.891,-2.674
2026-03-19 01:27:00,1834,12.59,,,0.0,0.0,0.0,990.8258,0.0,0.0,297.5,298.4,-4.007,-2.782,-3.813,-2.69
2026-03-19 01:28:00,1835,12.59,,,0.0,0.0,0.0,990.826,0.0,0.0,297.7,298.7,-3.976,-2.795,-3.747,-2.705
2026-03-19 01:29:00,1836,12.59,,,0.0,0.0,0.0,990.963,0.0,0.0,297.7,299.0,-3.96,-2.806,-3.679,-2.718
2026-03-19 01:30:00,1837,12.59,,,0.0,0.0,0.0,990.7579,0.0,0.0,297.7,299.9,-3.974,-2.817,-3.469,-2.731
2026-03-19 01:31:00,1838,12.59,,,0.0,0.0,0.0,990.7579,0.0,0.0,297.8,300.8,-3.936,-2.825,-3.273,-2.741
2026-03-19 01:32:00,1839,12.59,,,0.0,0.0,0.0,990.758,0.0,0.0,298.0,301.4,-3.892,-2.83,-3.126,-2.748
2026-03-19 01:33:00,1840,12.59,,,0.0,0.0,0.0,990.7581,0.0,0.0,298.2,301.7,-3.862,-2.833,-3.076,-2.753
2026-03-19 01:34:00,1841,12.59,,,0.0,0.0,0.0,990.7581,0.0,0.0,298.2,301.4,-3.847,-2.834,-3.135,-2.757
2026-03-19 01:35:00,1842,12.59,,,0.0,0.0,0.0,990.7581,0.0,0.0,298.2,300.9,-3.86,-2.834,-3.235,-2.761
2026-03-19 01:36:00,1843,12.59,,,0.0,0.0,0.0,990.7582,0.0,0.0,298.1,300.7,-3.868,-2.834,-3.296,-2.764
2026-03-19 01:37:00,1844,12.59,,,0.0,0.0,0.0,990.7582,0.0,0.0,298.0,300.7,-3.897,-2.834,-3.301,-2.765
2026-03-19 01:38:00,1845,12.59,,,0.0,0.0,0.0,990.7582,0.0,0.0,298.2,300.6,-3.863,-2.833,-3.31,-2.767
2026-03-19 01:39:00,1846,12.59,,,0.0,0.0,0.0,990.7582,0.0,0.0,298.0,299.8,-3.89,-2.832,-3.495,-2.768
2026-03-19 01:40:00,1847,12.59,,,0.0,0.0,0.0,990.7582,0.0,0.0,298.1,299.1,-3.878,-2.831,-3.657,-2.77
2026-03-19 01:41:00,1848,12.59,,,0.0,0.0,0.0,990.7582,0.0,0.0,297.9,298.4,-3.926,-2.832,-3.812,-2.773
2026-03-19 01:42:00,1849,12.59,,,0.0,0.0,0.0,990.7582,0.0,0.0,297.8,297.7,-3.954,-2.833,-3.975,-2.776
2026-03-19 01:43:00,1850,12.59,,,0.0,0.0,0.0,990.7582,0.0,0.0,297.6,297.0,-3.987,-2.836,-4.131,-2.78
2026-03-19 01:44:00,1851,12.59,,,0.0,0.0,0.0,990.7582,0.0,0.0,297.4,296.2,-4.035,-2.84,-4.302,-2.785
2026-03-19 01:45:00,1852,12.59,,,0.0,0.0,0.0,990.7582,0.0,0.0,297.4,296.0,-4.039,-2.846,-4.359,-2.793
2026-03-19 01:46:00,1853,12.59,,,0.0,0.0,0.0,990.7582,0.0,0.0,297.2,295.8,-4.077,-2.855,-4.39,-2.801
2026-03-19 01:47:00,1854,12.59,,,0.0,0.0,0.0,990.7582,0.0,0.0,297.2,295.9,-4.076,-2.865,-4.381,-2.812
2026-03-19 01:48:00,1855,12.59,,,0.0,0.0,0.0,990.7582,0.0,0.0,297.2,295.6,-4.087,-2.877,-4.435,-2.824
2026-03-19 01:49:00,1856,12.59,,,0.0,0.0,0.0,990.7582,0.0,0.0,297.0,295.1,-4.131,-2.891,-4.546,-2.839
2026-03-19 01:50:00,1857,12.59,,,0.0,0.0,0.0,990.7582,0.0,0.0,296.8,294.5,-4.162,-2.905,-4.704,-2.852
2026-03-19 01:51:00,1858,12.59,,,0.0,0.0,0.0,990.7515,0.0,0.0,296.7,294.0,-4.186,-2.922,-4.814,-2.868
2026-03-19 01:52:00,1859,12.59,,,0.0,0.0,0.0,990.7529,0.0,0.0,296.7,293.5,-4.203,-2.941,-4.932,-2.884
2026-03-19 01:53:00,1860,12.59,,,0.0,0.0,0.0,990.6788,0.0,0.0,296.5,292.7,-4.248,-2.96,-5.094,-2.902
2026-03-19 01:54:00,1861,12.59,,,0.0,0.0,0.0,990.681,0.0,0.0,296.3,292.3,-4.273,-2.982,-5.187,-2.925
2026-03-19 01:55:00,1862,12.59,,,0.0,0.0,0.0,990.6143,0.0,0.0,296.1,292.0,-4.318,-3.006,-5.26,-2.948
2026-03-19 01:56:00,1863,12.59,,,0.0,0.0,0.0,990.6853,0.0,0.0,296.0,291.4,-4.347,-3.032,-5.393,-2.973
2026-03-19 01:57:00,1864,12.59,,,0.0,0.0,0.0,990.6862,0.0,0.0,295.9,290.9,-4.381,-3.061,-5.524,-3.001
2026-03-19 01:58:00,1865,12.59,,,0.0,0.0,0.0,990.6184,0.0,0.0,295.7,290.6,-4.416,-3.093,-5.577,-3.032
2026-03-19 01:59:00,1866,12.59,,,0.0,0.0,0.0,990.756,0.0,0.0,295.6,290.3,-4.452,-3.127,-5.646,-3.064
2026-03-19 02:00:00,1867,12.59,,,0.0,0.0,0.0,990.7565,0.0,0.0,295.4,290.2,-4.488,-3.163,-5.675,-3.096
2026-03-19 02:01:00,1868,12.59,,,0.0,0.0,0.0,990.7568,0.0,0.0,295.4,290.2,-4.48,-3.201,-5.67,-3.13
2026-03-19 02:02:00,1869,12.59,,,0.0,0.0,0.0,990.7571,0.0,0.0,295.4,290.5,-4.497,-3.24,-5.603,-3.166
2026-03-19 02:03:00,1870,12.59,,,0.0,0.0,0.0,990.7574,0.0,0.0,295.4,291.2,-4.481,-3.279,-5.45,-3.204
2026-03-19 02:04:00,1871,12.59,,,0.0,0.0,0.0,990.7577,0.0,0.0,295.4,291.5,-4.49,-3.316,-5.383,-3.238
2026-03-19 02:05:00,1872,12.59,,,0.0,0.0,0.0,990.7578,0.0,0.0,295.4,291.6,-4.486,-3.352,-5.366,-3.269
2026-03-19 02:06:00,1873,12.59,,,0.0,0.0,0.0,990.7579,0.0,0.0,295.5,291.9,-4.472,-3.385,-5.288,-3.299
2026-03-19 02:07:00,1874,12.59,,,0.0,0.0,0.0,990.7579,0.0,0.0,295.6,292.7,-4.444,-3.417,-5.095,-3.331
2026-03-19 02:08:00,1875,12.59,,,0.0,0.0,0.0,990.758,0.0,0.0,295.7,293.6,-4.409,-3.447,-4.906,-3.361
2026-03-19 02:09:00,1876,12.59,,,0.0,0.0,0.0,990.7581,0.0,0.0,295.8,294.0,-4.401,-3.472,-4.797,-3.388
2026-03-19 02:10:00,1877,12.59,,,0.0,0.0,0.0,990.7581,0.0,0.0,295.9,294.3,-4.38,-3.496,-4.746,-3.41
2026-03-19 02:11:00,1878,12.59,,,0.0,0.0,0.0,990.7582,0.0,0.0,295.9,294.4,-4.383,-3.516,-4.725,-3.429
2026-03-19 02:12:00,1879,12.59,,,0.0,0.0,0.0,990.7582,0.0,0.0,295.9,294.5,-4.374,-3.534,-4.683,-3.449
2026-03-19 02:13:00,1880,12.59,,,0.0,0.0,0.0,990.6897,0.0,0.0,296.0,294.8,-4.357,-3.55,-4.621,-3.469
2026-03-19 02:14:00,1881,12.59,,,0.0,0.0,0.0,990.7582,0.0,0.0,295.9,294.6,-4.363,-3.564,-4.658,-3.484
2026-03-19 02:15:00,1882,12.59,,,0.0,0.0,0.0,990.7582,0.0,0.0,296.0,294.8,-4.352,-3.577,-4.631,-3.498
2026-03-19 02:16:00,1883,12.59,,,0.0,0.0,0.0,990.6212,0.0,0.0,296.0,294.8,-4.362,-3.589,-4.614,-3.511
2026-03-19 02:17:00,1884,12.59,,,0.0,0.0,0.0,990.7582,0.0,0.0,296.0,294.4,-4.348,-3.599,-4.711,-3.522
2026-03-19 02:18:00,1885,12.59,,,0.0,0.0,0.0,990.7582,0.0,0.0,295.9,295.0,-4.369,-3.609,-4.585,-3.534
2026-03-19 02:19:00,1886,12.59,,,0.0,0.0,0.0,990.7582,0.0,0.0,296.1,295.5,-4.338,-3.615,-4.461,-3.543
2026-03-19 02:20:00,1887,12.59,,,0.0,0.0,0.0,990.7582,0.0,0.0,296.2,296.0,-4.311,-3.619,-4.36,-3.55
2026-03-19 02:21:00,1888,12.59,,,0.0,0.0,0.0,990.7582,0.0,0.0,296.1,295.7,-4.33,-3.622,-4.414,-3.556
2026-03-19 02:22:00,1889,12.59,,,0.0,0.0,0.0,990.7582,0.0,0.0,296.1,295.3,-4.32,-3.625,-4.5,-3.562
2026-03-19 02:23:00,1890,12.59,,,0.0,0.0,0.0,990.7582,0.0,0.0,296.0,294.8,-4.345,-3.628,-4.621,-3.568
2026-03-19 02:24:00,1891,12.59,,,0.0,0.0,0.0,990.7582,0.0,0.0,296.0,294.5,-4.354,-3.633,-4.685,-3.575
2026-03-19 02:25:00,1892,12.59,,,0.0,0.0,0.0,990.7582,0.0,0.0,295.9,294.6,-4.371,-3.638,-4.659,-3.581
2026-03-19 02:26:00,1893,12.59,,,0.0,0.0,0.0,990.7582,0.0,0.0,296.0,295.4,-4.347,-3.642,-4.486,-3.586
2026-03-19 02:27:00,1894,12.59,,,0.0,0.0,0.0,990.7582,0.0,0.0,296.0,295.5,-4.347,-3.645,-4.469,-3.591
2026-03-19 02:28:00,1895,12.59,,,0.0,0.0,0.0,990.7582,0.0,0.0,295.9,294.9,-4.377,-3.65,-4.592,-3.598
2026-03-19 02:29:00,1896,12.59,,,0.0,0.0,0.0,990.7582,0.0,0.0,295.7,294.4,-4.425,-3.654,-4.708,-3.604
2026-03-19 02:30:00,1897,12.59,,,0.0,0.0,0.0,990.7582,0.0,0.0,295.7,294.3,-4.414,-3.66,-4.727,-3.61
2026-03-19 02:31:00,1898,12.59,,,0.0,0.0,0.0,990.7582,0.0,0.0,295.6,294.3,-4.433,-3.666,-4.743,-3.617
2026-03-19 02:32:00,1899,12.59,,,0.0,0.0,0.0,990.7582,0.0,0.0,295.6,294.3,-4.441,-3.673,-4.736,-3.625
2026-03-19 02:33:00,1900,12.59,,,0.0,0.0,0.0,990.7582,0.0,0.0,295.7,295.3,-4.417,-3.681,-4.518,-3.632
2026-03-19 02:34:00,1901,12.59,,,0.0,0.0,0.0,990.7582,0.0,0.0,295.8,296.2,-4.389,-3.686,-4.305,-3.635
2026-03-19 02:35:00,1902,12.59,,,0.0,0.0,0.0,990.7582,0.0,0.0,295.9,296.7,-4.365,-3.689,-4.199,-3.638
2026-03-19 02:36:00,1903,12.59,,,0.0,0.0,0.0,990.7582,0.0,0.0,296.0,297.0,-4.355,-3.69,-4.116,-3.639
2026-03-19 02:37:00,1904,12.59,,,0.0,0.0,0.0,990.6212,0.0,0.0,296.1,297.2,-4.335,-3.689,-4.074,-3.638
2026-03-19 02:38:00,1905,12.59,,,0.0,0.0,0.0,990.6897,0.0,0.0,296.1,297.4,-4.323,-3.687,-4.038,-3.636
2026-03-19 02:39:00,1906,12.59,,,0.0,0.0,0.0,990.6897,0.0,0.0,296.1,296.9,-4.333,-3.684,-4.158,-3.635
2026-03-19 02:40:00,1907,12.59,,,0.0,0.0,0.0,990.6212,0.0,0.0,296.0,296.9,-4.351,-3.68,-4.143,-3.633
2026-03-19 02:41:00,1908,12.59,,,0.0,0.0,0.0,990.6212,0.0,0.0,296.0,297.2,-4.351,-3.676,-4.069,-3.629
2026-03-19 02:42:00,1909,12.59,,,0.0,0.0,0.0,990.7582,0.0,0.0,296.1,297.8,-4.333,-3.67,-3.949,-3.623
2026-03-19 02:43:00,1910,12.59,,,0.0,0.0,0.0,990.6212,0.0,0.0,296.1,298.4,-4.327,-3.663,-3.808,-3.616
2026-03-19 02:44:00,1911,12.59,,,0.0,0.0,0.0,990.6212,0.0,0.0,296.2,298.4,-4.315,-3.655,-3.814,-3.61
2026-03-19 02:45:00,1912,12.59,,,0.0,0.0,0.0,990.6212,0.0,0.0,296.2,298.0,-4.308,-3.647,-3.906,-3.604
2026-03-19 02:46:00,1913,12.59,,,0.0,0.0,0.0,990.6212,0.0,0.0,296.1,297.7,-4.324,-3.64,-3.958,-3.598
2026-03-19 02:47:00,1914,12.59,,,0.0,0.0,0.0,990.7582,0.0,0.0,296.1,297.8,-4.322,-3.633,-3.942,-3.592
2026-03-19 02:48:00,1915,12.59,,,0.0,0.0,0.0,990.6897,0.0,0.0,296.1,297.9,-4.32,-3.627,-3.917,-3.587
2026-03-19 02:49:00,1916,12.59,,,0.0,0.0,0.0,990.6897,0.0,0.0,296.1,298.7,-4.329,-3.62,-3.75,-3.58
2026-03-19 02:50:00,1917,12.59,,,0.0,0.0,0.0,990.7582,0.0,0.0,296.2,299.2,-4.305,-3.613,-3.628,-3.573
2026-03-19 02:51:00,1918,12.59,,,0.0,0.0,0.0,990.6212,0.0,0.0,296.4,299.8,-4.262,-3.604,-3.497,-3.563
2026-03-19 02:52:00,1919,12.59,,,0.0,0.0,0.0,990.6897,0.0,0.0,296.5,300.5,-4.249,-3.592,-3.326,-3.551
2026-03-19 02:53:00,1920,12.59,,,0.0,0.0,0.0,990.7582,0.0,0.0,296.6,301.0,-4.204,-3.576,-3.221,-3.532
2026-03-19 02:54:00,1921,12.59,,,0.0,0.0,0.0,990.5528,0.0,0.0,296.6,301.4,-4.215,-3.556,-3.123,-3.512
2026-03-19 02:55:00,1922,12.59,,,0.0,0.0,0.0,990.6212,0.0,0.0,296.7,302.0,-4.195,-3.536,-3.006,-3.493
2026-03-19 02:56:00,1923,12.59,,,0.0,0.0,0.0,990.5528,0.0,0.0,296.9,302.6,-4.15,-3.512,-2.871,-3.466
2026-03-19 02:57:00,1924,12.59,,,0.0,0.0,0.0,990.6212,0.0,0.0,297.0,302.9,-4.135,-3.484,-2.789,-3.437
2026-03-19 02:58:00,1925,12.59,,,0.0,0.0,0.0,990.6212,0.0,0.0,297.2,303.3,-4.084,-3.454,-2.72,-3.409
2026-03-19 02:59:00,1926,12.59,,,0.0,0.0,0.0,990.6212,0.0,0.0,297.2,303.3,-4.079,-3.425,-2.717,-3.383
2026-03-19 03:00:00,1927,12.59,,,0.0,0.0,0.0,990.6212,0.0,0.0,297.3,303.0,-4.053,-3.396,-2.779,-3.36
2026-03-19 03:01:00,1928,12.59,,,0.0,0.0,0.0,990.6212,0.0,0.0,297.3,302.4,-4.051,-3.369,-2.92,-3.335
2026-03-19 03:02:00,1929,12.59,,,0.0,0.0,0.0,990.6212,0.0,0.0,297.3,301.8,-4.063,-3.343,-3.045,-3.313
2026-03-19 03:03:00,1930,12.59,,,0.0,0.0,0.0,990.6212,0.0,0.0,297.2,301.3,-4.083,-3.318,-3.15,-3.291
2026-03-19 03:04:00,1931,12.59,,,0.0,0.0,0.0,990.5528,0.0,0.0,297.1,301.0,-4.102,-3.296,-3.217,-3.271
2026-03-19 03:05:00,1932,12.59,,,0.0,0.0,0.0,990.4844,0.0,0.0,297.0,300.6,-4.114,-3.276,-3.313,-3.252
2026-03-19 03:06:00,1933,12.59,,,0.0,0.0,0.0,990.4844,0.0,0.0,297.0,300.2,-4.129,-3.257,-3.396,-3.234
2026-03-19 03:07:00,1934,12.59,,,0.0,0.0,0.0,990.6212,0.0,0.0,297.0,299.6,-4.133,-3.241,-3.527,-3.219
2026-03-19 03:08:00,1935,12.59,,,0.0,0.0,0.0,990.5528,0.0,0.0,296.8,299.5,-4.163,-3.227,-3.563,-3.204
2026-03-19 03:09:00,1936,12.59,,,0.0,0.0,0.0,990.5528,0.0,0.0,296.8,299.9,-4.165,-3.215,-3.481,-3.191
2026-03-19 03:10:00,1937,12.59,,,0.0,0.0,0.0,990.5528,0.0,0.0,296.8,300.4,-4.165,-3.204,-3.353,-3.179
2026-03-19 03:11:00,1938,12.59,,,0.0,0.0,0.0,990.6212,0.0,0.0,296.8,300.8,-4.16,-3.193,-3.269,-3.167
2026-03-19 03:12:00,1939,12.59,,,0.0,0.0,0.0,990.6212,0.0,0.0,297.0,300.8,-4.129,-3.182,-3.271,-3.155
2026-03-19 03:13:00,1940,12.59,,,0.0,0.0,0.0,990.6212,0.0,0.0,297.1,300.6,-4.112,-3.17,-3.321,-3.144
2026-03-19 03:14:00,1941,12.59,,,0.0,0.0,0.0,990.4844,0.0,0.0,297.1,300.3,-4.096,-3.16,-3.384,-3.133
2026-03-19 03:15:00,1942,12.59,,,0.0,0.0,0.0,990.4844,0.0,0.0,296.9,299.9,-4.136,-3.149,-3.473,-3.122
2026-03-19 03:16:00,1943,12.59,,,0.0,0.0,0.0,990.6212,0.0,0.0,296.9,299.8,-4.146,-3.14,-3.496,-3.113
2026-03-19 03:17:00,1944,12.59,,,0.0,0.0,0.0,990.4844,0.0,0.0,296.8,299.9,-4.166,-3.132,-3.468,-3.104
2026-03-19 03:18:00,1945,12.59,,,0.0,0.0,0.0,990.4844,0.0,0.0,296.9,300.7,-4.156,-3.123,-3.291,-3.095
2026-03-19 03:19:00,1946,12.59,,,0.0,0.0,0.0,990.4844,0.0,0.0,297.0,301.5,-4.118,-3.113,-3.121,-3.083
2026-03-19 03:20:00,1947,12.59,,,0.0,0.0,0.0,990.4844,0.0,0.0,297.1,301.7,-4.1,-3.101,-3.068,-3.071
2026-03-19 03:21:00,1948,12.59,,,0.0,0.0,0.0,990.4844,0.0,0.0,297.3,301.5,-4.067,-3.089,-3.106,-3.06
2026-03-19 03:22:00,1949,12.59,,,0.0,0.0,0.0,990.4844,0.0,0.0,297.1,301.1,-4.097,-3.077,-3.193,-3.05
2026-03-19 03:23:00,1950,12.59,,,0.0,0.0,0.0,990.4844,0.0,0.0,297.1,301.1,-4.098,-3.067,-3.204,-3.039
2026-03-19 03:24:00,1951,12.59,,,0.0,0.0,0.0,990.4844,0.0,0.0,297.1,301.0,-4.092,-3.057,-3.227,-3.03
2026-03-19 03:25:00,1952,12.59,,,0.0,0.0,0.0,990.4844,0.0,0.0,297.1,300.8,-4.102,-3.048,-3.263,-3.021
2026-03-19 03:26:00,1953,12.59,,,0.0,0.0,0.0,990.4844,0.0,0.0,297.1,300.3,-4.103,-3.039,-3.375,-3.013
2026-03-19 03:27:00,1954,12.59,,,0.0,0.0,0.0,990.4844,0.0,0.0,297.0,299.8,-4.121,-3.032,-3.495,-3.006
2026-03-19 03:28:00,1955,12.59,,,0.0,0.0,0.0,990.3474,0.0,0.0,297.0,299.2,-4.123,-3.026,-3.63,-3.0
2026-03-19 03:29:00,1956,12.59,,,0.0,0.0,0.0,990.4844,0.0,0.0,296.9,298.7,-4.144,-3.022,-3.741,-2.995
2026-03-19 03:30:00,1957,12.59,,,0.0,0.0,0.0,990.4844,0.0,0.0,296.8,298.1,-4.163,-3.019,-3.874,-2.992
2026-03-19 03:31:00,1958,12.59,,,0.0,0.0,0.0,990.4159,0.0,0.0,296.7,297.6,-4.192,-3.018,-3.996,-2.99
2026-03-19 03:32:00,1959,12.59,,,0.0,0.0,0.0,990.4844,0.0,0.0,296.6,297.6,-4.21,-3.021,-4.0,-2.992
2026-03-19 03:33:00,1960,12.59,,,0.0,0.0,0.0,990.4844,0.0,0.0,296.5,297.9,-4.236,-3.025,-3.927,-2.995
2026-03-19 03:34:00,1961,12.59,,,0.0,0.0,0.0,990.4844,0.0,0.0,296.6,297.9,-4.212,-3.031,-3.914,-2.998
2026-03-19 03:35:00,1962,12.59,,,0.0,0.0,0.0,990.4844,0.0,0.0,296.4,298.1,-4.255,-3.037,-3.883,-3.001
2026-03-19 03:36:00,1963,12.59,,,0.0,0.0,0.0,990.4844,0.0,0.0,296.6,298.0,-4.218,-3.042,-3.906,-3.004
2026-03-19 03:37:00,1964,12.59,,,0.0,0.0,0.0,990.4844,0.0,0.0,296.5,297.8,-4.244,-3.048,-3.954,-3.01
2026-03-19 03:38:00,1965,12.59,,,0.0,0.0,0.0,990.4844,0.0,0.0,296.4,297.8,-4.254,-3.055,-3.951,-3.015
2026-03-19 03:39:00,1966,12.59,,,0.0,0.0,0.0,990.4844,0.0,0.0,296.5,298.0,-4.229,-3.063,-3.889,-3.022
2026-03-19 03:40:00,1967,12.59,,,0.0,0.0,0.0,990.4844,0.014,0.014,296.4,298.5,-4.251,-3.07,-3.776,-3.028
2026-03-19 03:41:00,1968,12.59,,,0.0,0.0,0.0,990.4844,0.0,0.043,296.5,298.8,-4.235,-3.077,-3.723,-3.033
2026-03-19 03:42:00,1969,12.59,,,0.0,0.0,0.0,990.4844,0.029,0.086,296.6,298.9,-4.213,-3.082,-3.707,-3.038
2026-03-19 03:43:00,1970,12.59,,,0.0,0.0,0.0,990.4844,0.014,0.072,296.6,298.8,-4.213,-3.088,-3.726,-3.043
2026-03-19 03:44:00,1971,12.59,,,0.0,0.0,0.0,990.4844,0.014,0.129,296.6,298.5,-4.214,-3.093,-3.778,-3.048
2026-03-19 03:45:00,1972,12.59,,,0.0,0.0,0.0,990.4844,0.057,0.143,296.5,298.6,-4.24,-3.099,-3.769,-3.053
2026-03-19 03:46:00,1973,12.58,,,0.0,0.0,0.0,990.4844,0.086,0.172,296.5,298.5,-4.235,-3.104,-3.783,-3.058
2026-03-19 03:47:00,1974,12.58,,,0.0,0.0,0.0,990.4844,0.129,0.172,296.6,298.6,-4.221,-3.11,-3.76,-3.062
2026-03-19 03:48:00,1975,12.59,,,0.0,0.0,0.0,990.4844,0.1,0.172,296.6,298.6,-4.223,-3.115,-3.774,-3.066
2026-03-19 03:49:00,1976,12.59,,,0.0,0.0,0.0,990.4844,0.172,0.172,296.5,298.7,-4.244,-3.121,-3.739,-3.071
2026-03-19 03:50:00,1977,12.58,,,0.0,0.0,0.0,990.4844,0.172,0.172,296.5,299.0,-4.232,-3.127,-3.669,-3.077
2026-03-19 03:51:00,1978,12.59,,,0.0,0.0,0.0,990.4844,0.172,0.172,296.6,299.1,-4.22,-3.132,-3.655,-3.082
2026-03-19 03:52:00,1979,12.58,,,0.0,0.0,0.0,990.4844,0.172,0.172,296.6,299.3,-4.223,-3.137,-3.616,-3.087
2026-03-19 03:53:00,1980,12.59,,,0.0,0.0,0.0,990.4844,0.172,0.172,296.7,299.3,-4.202,-3.141,-3.597,-3.091
2026-03-19 03:54:00,1981,12.58,,,0.0,0.0,0.0,990.4844,0.172,0.172,296.6,299.2,-4.219,-3.145,-3.633,-3.094
2026-03-19 03:55:00,1982,12.59,,,0.0,0.0,0.0,990.4844,0.172,0.172,296.6,299.0,-4.227,-3.148,-3.677,-3.098
2026-03-19 03:56:00,1983,12.58,,,0.0,0.0,0.0,990.4844,0.172,0.172,296.6,298.9,-4.221,-3.152,-3.701,-3.101
2026-03-19 03:57:00,1984,12.58,,,0.0,0.0,0.0,990.4844,0.172,0.172,296.6,299.0,-4.22,-3.155,-3.679,-3.104
2026-03-19 03:58:00,1985,12.58,,,0.0,0.0,0.0,990.4844,0.172,0.172,296.6,299.3,-4.204,-3.158,-3.612,-3.107
2026-03-19 03:59:00,1986,12.59,,,0.0,0.0,0.0,990.4844,0.172,0.172,296.6,299.2,-4.221,-3.161,-3.632,-3.109
2026-03-19 04:00:00,1987,12.59,,,0.0,0.0,0.0,990.5528,0.172,0.172,296.7,299.1,-4.184,-3.163,-3.65,-3.111
2026-03-19 04:01:00,1988,12.58,,,0.0,0.0,0.0,990.5528,0.172,0.172,296.6,299.2,-4.215,-3.165,-3.635,-3.112
2026-03-19 04:02:00,1989,12.58,,,0.0,0.0,0.0,990.6212,0.172,0.172,296.6,299.3,-4.217,-3.167,-3.609,-3.115
2026-03-19 04:03:00,1990,12.58,,,0.0,0.0,0.0,990.6212,0.172,0.215,296.7,299.8,-4.203,-3.169,-3.503,-3.117
2026-03-19 04:04:00,1991,12.58,,,0.0,0.0,0.0,990.6212,0.172,0.301,296.6,299.9,-4.215,-3.171,-3.481,-3.118
2026-03-19 04:05:00,1992,12.58,,,0.0,0.0,0.0,990.5528,0.172,0.286,296.8,299.9,-4.181,-3.172,-3.461,-3.119
2026-03-19 04:06:00,1993,12.58,,,0.0,0.0,0.0,990.5528,0.172,0.315,296.8,299.9,-4.178,-3.172,-3.461,-3.119
2026-03-19 04:07:00,1994,12.58,,,0.0,0.0,0.0,990.6212,0.172,0.343,296.8,300.2,-4.175,-3.171,-3.404,-3.118
2026-03-19 04:08:00,1995,12.58,,,0.0,0.0,0.0,990.7582,0.172,0.343,296.8,300.6,-4.17,-3.17,-3.323,-3.117
2026-03-19 04:09:00,1996,12.58,,,0.0,0.0,0.0,990.6212,0.172,0.343,296.9,301.0,-4.158,-3.167,-3.225,-3.113
2026-03-19 04:10:00,1997,12.58,,,0.0,0.0,0.0,990.6212,0.172,0.343,297.0,301.6,-4.122,-3.162,-3.094,-3.108
2026-03-19 04:11:00,1998,12.58,,,0.0,0.0,0.0,990.6212,0.2,0.343,297.0,302.0,-4.119,-3.156,-3.003,-3.102
2026-03-19 04:12:00,1999,12.58,,,0.0,0.0,0.0,990.6212,0.229,0.343,297.1,302.1,-4.094,-3.148,-2.968,-3.095
2026-03-19 04:13:00,2000,12.58,,,0.0,0.0,0.0,990.6212,0.315,0.343,297.2,302.4,-4.091,-3.139,-2.918,-3.087
2026-03-19 04:14:00,2001,12.58,,,0.0,0.0,0.0,990.6212,0.329,0.343,297.1,302.8,-4.1,-3.13,-2.821,-3.078
2026-03-19 04:15:00,2002,12.58,,,0.0,0.0,0.0,990.4844,0.343,0.372,297.3,303.0,-4.058,-3.118,-2.78,-3.067
2026-03-19 04:16:00,2003,12.58,,,0.0,0.0,0.0,990.4844,0.358,0.487,297.4,302.7,-4.026,-3.105,-2.836,-3.055
2026-03-19 04:17:00,2004,12.58,,,0.0,0.0,0.0,990.6212,0.458,0.515,297.5,302.8,-4.015,-3.092,-2.817,-3.044
2026-03-19 04:18:00,2005,12.58,,,0.0,0.0,0.0,990.6212,0.515,0.515,297.5,302.9,-4.02,-3.078,-2.803,-3.03
2026-03-19 04:19:00,2006,12.58,,,0.0,0.0,0.0,990.6212,0.515,0.515,297.5,303.5,-4.007,-3.061,-2.657,-3.013
2026-03-19 04:20:00,2007,12.58,,,0.0,0.0,0.0,990.4844,0.515,0.515,297.6,304.0,-3.99,-3.044,-2.553,-2.998
2026-03-19 04:21:00,2008,12.58,,,0.0,0.0,0.0,990.6212,0.515,0.515,297.7,304.1,-3.967,-3.026,-2.521,-2.983
2026-03-19 04:22:00,2009,12.58,,,0.0,0.0,0.0,990.5528,0.515,0.515,297.8,304.3,-3.951,-3.007,-2.487,-2.966
2026-03-19 04:23:00,2010,12.58,,,0.0,0.0,0.0,990.5528,0.515,0.615,297.9,304.2,-3.919,-2.987,-2.517,-2.949
2026-03-19 04:24:00,2011,12.58,,,0.0,0.0,0.0,990.6212,0.515,0.687,297.9,303.8,-3.92,-2.969,-2.597,-2.933
2026-03-19 04:25:00,2012,12.58,,,0.0,0.0,0.0,990.4844,0.515,0.687,297.8,303.5,-3.948,-2.95,-2.662,-2.917
2026-03-19 04:26:00,2013,12.58,,,0.0,0.0,0.0,990.4844,0.515,0.687,297.9,303.1,-3.921,-2.933,-2.761,-2.901
2026-03-19 04:27:00,2014,12.58,,,0.0,0.0,0.0,990.4844,0.558,0.701,297.7,302.7,-3.955,-2.917,-2.845,-2.887
2026-03-19 04:28:00,2015,12.58,,,0.0,0.0,0.0,990.4844,0.687,0.844,297.8,302.3,-3.94,-2.903,-2.935,-2.873
2026-03-19 04:29:00,2016,12.58,,,0.0,0.0,0.0,990.4844,0.687,0.859,297.6,302.0,-3.993,-2.89,-2.991,-2.861
2026-03-19 04:30:00,2017,12.58,,,0.0,0.0,0.0,990.4844,0.701,0.859,297.5,302.5,-4.016,-2.88,-2.891,-2.849
2026-03-19 04:31:00,2018,12.58,,,0.0,0.0,0.0,990.4844,0.758,0.859,297.6,302.8,-3.989,-2.87,-2.821,-2.838
2026-03-19 04:32:00,2019,12.58,,,0.0,0.0,0.0,990.4777,0.859,0.916,297.6,302.7,-3.986,-2.86,-2.835,-2.827
2026-03-19 04:33:00,2020,12.58,,,0.0,0.0,0.0,990.479,0.859,1.03,297.7,302.4,-3.976,-2.85,-2.899,-2.816
2026-03-19 04:34:00,2021,12.58,,,0.0,0.0,0.0,990.4801,0.859,1.03,297.6,302.1,-3.983,-2.84,-2.974,-2.807
2026-03-19 04:35:00,2022,12.58,,,0.0,0.0,0.0,990.481,0.859,1.03,297.6,301.7,-3.979,-2.832,-3.056,-2.798
2026-03-19 04:36:00,2023,12.58,,,0.0,0.0,0.0,990.4816,0.859,1.145,297.6,301.7,-3.991,-2.824,-3.077,-2.789
2026-03-19 04:37:00,2024,12.58,,,0.0,0.0,0.0,990.4822,0.987,1.202,297.6,301.5,-3.985,-2.817,-3.11,-2.782
2026-03-19 04:38:00,2025,12.58,,,0.0,0.0,0.0,990.4827,1.03,1.231,297.6,301.5,-3.998,-2.811,-3.114,-2.775
2026-03-19 04:39:00,2026,12.58,,,0.0,0.0,0.0,990.4833,1.13,1.374,297.5,301.6,-4.012,-2.806,-3.089,-2.769
2026-03-19 04:40:00,2027,12.58,,,0.0,0.0,0.0,990.4835,1.202,1.374,297.4,301.8,-4.025,-2.802,-3.038,-2.764
2026-03-19 04:41:00,2028,12.58,,,0.0,0.0,0.0,990.4836,1.202,1.545,297.6,302.0,-3.987,-2.798,-2.992,-2.759
2026-03-19 04:42:00,2029,12.58,,,0.0,0.0,0.0,990.4838,1.273,1.545,297.6,302.2,-3.991,-2.794,-2.952,-2.753
2026-03-19 04:43:00,2030,12.58,,,0.0,0.0,0.0,990.4839,1.374,1.717,297.6,302.2,-3.985,-2.789,-2.95,-2.748
2026-03-19 04:44:00,2031,12.58,,,0.0,0.0,0.0,990.484,1.417,1.717,297.7,302.2,-3.976,-2.783,-2.952,-2.742
2026-03-19 04:45:00,2032,12.58,,,0.0,0.0,0.0,990.4841,1.531,1.717,297.7,302.3,-3.962,-2.778,-2.925,-2.736
2026-03-19 04:46:00,2033,12.58,,,0.0,0.0,0.0,990.4843,1.545,1.817,297.7,302.2,-3.962,-2.773,-2.949,-2.73
2026-03-19 04:47:00,2034,12.58,,,0.0,0.0,0.0,990.4843,1.545,1.889,297.6,302.1,-3.982,-2.767,-2.988,-2.724
2026-03-19 04:48:00,2035,12.58,,,0.0,0.0,0.0,990.4158,1.545,1.889,297.7,301.9,-3.968,-2.762,-3.021,-2.718
2026-03-19 04:49:00,2036,12.58,,,0.0,0.0,0.0,990.4844,1.674,1.889,297.7,301.7,-3.957,-2.756,-3.078,-2.713
2026-03-19 04:50:00,2037,12.58,,,0.0,0.0,0.0,990.4159,1.717,1.889,297.6,301.5,-3.992,-2.752,-3.105,-2.708
2026-03-19 04:51:00,2038,12.58,,,0.0,0.0,0.0,990.4159,1.788,1.989,297.7,301.5,-3.965,-2.748,-3.109,-2.704
2026-03-19 04:52:00,2039,12.58,,,0.0,0.0,0.0,990.4159,1.889,2.06,297.6,301.4,-3.992,-2.745,-3.131,-2.7
2026-03-19 04:53:00,2040,12.58,,,0.0,0.0,0.0,990.4159,1.889,2.06,297.6,301.4,-3.986,-2.742,-3.138,-2.696
2026-03-19 04:54:00,2041,12.58,,,0.0,0.0,0.0,990.3474,1.889,2.161,297.6,301.3,-3.987,-2.74,-3.159,-2.692
2026-03-19 04:55:00,2042,12.58,,,0.0,0.0,0.0,990.3474,2.046,2.232,297.5,301.2,-4.003,-2.738,-3.185,-2.689
2026-03-19 04:56:00,2043,12.58,,,0.0,0.0,0.0,990.3474,2.06,2.232,297.6,301.2,-3.996,-2.736,-3.17,-2.687
2026-03-19 04:57:00,2044,12.58,,,0.0,0.0,0.0,990.4844,2.06,2.404,297.5,301.4,-4.01,-2.735,-3.127,-2.685
2026-03-19 04:58:00,2045,12.58,,,0.0,0.0,0.0,990.4844,2.061,2.404,297.5,301.6,-4.017,-2.735,-3.093,-2.683
2026-03-19 04:59:00,2046,12.58,,,0.0,0.0,0.0,990.4844,2.06,2.404,297.5,301.9,-4.012,-2.734,-3.025,-2.68
2026-03-19 05:00:00,2047,12.58,,,0.0,0.0,0.0,990.4844,2.06,2.49,297.5,302.0,-4.0,-2.732,-2.991,-2.677
2026-03-19 05:01:00,2048,12.58,,,0.0,0.0,0.0,990.4844,2.132,2.576,297.5,302.1,-4.01,-2.731,-2.983,-2.675
2026-03-19 05:02:00,2049,12.58,,,0.0,0.0,0.0,990.3474,2.232,2.733,297.7,302.3,-3.976,-2.729,-2.937,-2.672
2026-03-19 05:03:00,2050,12.58,,,0.0,0.0,0.0,990.3474,2.304,2.747,297.6,302.7,-4.0,-2.727,-2.844,-2.668
2026-03-19 05:04:00,2051,12.58,,,0.0,0.0,0.0,990.3474,2.404,2.747,297.8,302.9,-3.951,-2.724,-2.798,-2.664
2026-03-19 05:05:00,2052,12.58,,,0.0,0.0,0.0,990.3474,2.404,2.747,297.8,303.2,-3.934,-2.719,-2.737,-2.658
2026-03-19 05:06:00,2053,12.58,,,0.0,0.0,0.0,990.4844,2.404,2.819,297.8,303.2,-3.949,-2.714,-2.724,-2.653
2026-03-19 05:07:00,2054,12.58,,,0.0,0.0,0.0,990.4844,2.404,2.919,297.8,303.4,-3.95,-2.708,-2.68,-2.646
2026-03-19 05:08:00,2055,12.58,,,0.0,0.0,0.0,990.4844,2.404,2.948,297.9,303.7,-3.927,-2.702,-2.624,-2.639
2026-03-19 05:09:00,2056,12.58,,,0.0,0.0,0.0,990.3474,2.561,3.091,297.9,304.0,-3.924,-2.695,-2.547,-2.63
2026-03-19 05:10:00,2057,12.58,,,0.0,0.0,0.0,990.4159,2.733,3.176,298.0,304.4,-3.895,-2.686,-2.461,-2.62
2026-03-19 05:11:00,2058,12.58,,,0.0,0.0,0.0,990.4844,2.747,3.32,298.0,304.7,-3.899,-2.675,-2.398,-2.608
2026-03-19 05:12:00,2059,12.58,,,0.0,0.0,0.0,990.4844,2.833,3.434,298.0,304.7,-3.89,-2.663,-2.403,-2.596
2026-03-19 05:13:00,2060,12.58,,,0.0,0.0,0.0,990.4844,3.048,3.548,298.1,304.5,-3.878,-2.651,-2.437,-2.584
2026-03-19 05:14:00,2061,12.58,,,0.0,0.0,0.0,990.3474,3.09,3.734,298.1,304.4,-3.867,-2.638,-2.467,-2.571
2026-03-19 05:15:00,2062,12.58,,,0.0,0.0,0.0,990.3474,3.191,3.792,298.2,304.1,-3.859,-2.626,-2.535,-2.559
2026-03-19 05:16:00,2063,12.58,,,0.0,0.0,0.0,990.4844,3.32,3.949,298.0,304.1,-3.903,-2.615,-2.536,-2.547
2026-03-19 05:17:00,2064,12.58,,,0.0,0.0,0.0,990.4159,3.434,4.106,298.2,304.3,-3.864,-2.603,-2.496,-2.534
2026-03-19 05:18:00,2065,12.58,,,0.0,0.0,0.0,990.4844,3.463,4.149,298.1,304.3,-3.886,-2.592,-2.478,-2.521
2026-03-19 05:19:00,2066,12.58,,,0.0,0.0,0.0,990.4844,3.62,4.335,298.1,304.3,-3.877,-2.58,-2.486,-2.509
2026-03-19 05:20:00,2067,12.58,,,0.0,0.0,0.0,990.4844,3.777,4.464,298.1,304.4,-3.88,-2.57,-2.462,-2.497
2026-03-19 05:21:00,2068,12.58,,,0.0,0.0,0.0,990.4844,3.777,4.464,298.2,304.6,-3.847,-2.56,-2.415,-2.484
2026-03-19 05:22:00,2069,12.58,,,0.0,0.0,0.0,990.4844,3.792,4.607,298.2,304.8,-3.842,-2.548,-2.378,-2.472
2026-03-19 05:23:00,2070,12.58,,,0.0,0.0,0.0,990.4844,3.949,4.707,298.4,304.8,-3.817,-2.536,-2.374,-2.459
2026-03-19 05:24:00,2071,12.58,,,0.0,0.0,0.0,990.4844,4.121,4.808,298.4,304.7,-3.807,-2.524,-2.401,-2.446
2026-03-19 05:25:00,2072,12.58,,,0.0,0.0,0.0,990.4844,4.178,5.022,298.3,304.8,-3.826,-2.511,-2.383,-2.432
2026-03-19 05:26:00,2073,12.58,,,0.0,0.0,0.0,990.5528,4.392,5.165,298.4,304.9,-3.797,-2.498,-2.358,-2.417
2026-03-19 05:27:00,2074,12.58,,,0.0,0.0,0.0,990.4844,4.464,5.337,298.3,305.1,-3.823,-2.484,-2.305,-2.403
2026-03-19 05:28:00,2075,12.58,,,0.0,0.0,0.0,990.5528,4.607,5.494,298.4,305.3,-3.798,-2.471,-2.27,-2.389
2026-03-19 05:29:00,2076,12.58,,,0.0,0.0,0.0,990.4844,4.807,5.637,298.5,305.4,-3.794,-2.457,-2.243,-2.373
2026-03-19 05:30:00,2077,12.58,,,0.0,0.0,0.0,990.4844,4.893,5.823,298.5,305.2,-3.791,-2.443,-2.285,-2.359
2026-03-19 05:31:00,2078,12.58,,,0.0,0.0,0.0,990.4844,5.136,6.038,298.6,305.4,-3.762,-2.429,-2.252,-2.344
2026-03-19 05:32:00,2079,12.58,,,0.0,0.0,0.0,990.4844,5.294,6.267,298.8,305.5,-3.724,-2.415,-2.227,-2.329
2026-03-19 05:33:00,2080,12.58,,,0.0,0.0,0.0,990.4159,5.509,6.567,298.9,305.2,-3.704,-2.401,-2.279,-2.314
2026-03-19 05:34:00,2081,12.58,,,0.0,0.0,0.0,990.4844,5.737,6.796,298.8,304.9,-3.718,-2.386,-2.346,-2.299
2026-03-19 05:35:00,2082,12.58,,,0.0,0.0,0.0,990.4844,5.838,6.939,298.7,304.7,-3.737,-2.371,-2.389,-2.283
2026-03-19 05:36:00,2083,12.58,,,0.0,0.0,0.0,990.4777,6.009,7.182,298.7,305.0,-3.73,-2.358,-2.322,-2.268
2026-03-19 05:37:00,2084,12.58,,,0.0,0.0,0.0,990.4801,6.181,7.211,298.8,305.0,-3.727,-2.345,-2.32,-2.253
2026-03-19 05:38:00,2085,12.58,,,0.0,0.0,0.0,990.481,6.181,7.254,298.8,305.1,-3.721,-2.332,-2.318,-2.239
2026-03-19 05:39:00,2086,12.59,,,0.0,0.0,0.0,990.4816,6.181,7.368,298.8,304.9,-3.718,-2.319,-2.353,-2.224
2026-03-19 05:40:00,2087,12.58,,,0.0,0.0,0.0,990.4822,6.309,7.483,298.8,304.8,-3.723,-2.307,-2.379,-2.21
2026-03-19 05:41:00,2088,12.58,,,0.0,0.0,0.0,990.4827,6.438,7.554,298.9,305.1,-3.706,-2.294,-2.316,-2.196
2026-03-19 05:42:00,2089,12.58,,,0.0,0.0,0.0,990.483,6.524,7.697,298.8,305.3,-3.726,-2.281,-2.269,-2.182
2026-03-19 05:43:00,2090,12.58,,,0.0,0.0,0.0,990.4833,6.524,7.726,299.0,305.3,-3.674,-2.268,-2.253,-2.168
2026-03-19 05:44:00,2091,12.58,,,0.0,0.0,0.0,990.4836,6.624,7.798,299.0,305.1,-3.67,-2.255,-2.303,-2.154
2026-03-19 05:45:00,2092,12.58,,,0.0,0.0,0.0,990.4838,6.782,7.984,299.0,304.9,-3.674,-2.242,-2.353,-2.14
2026-03-19 05:46:00,2093,12.58,,,0.0,0.0,0.0,990.4839,6.996,8.3,298.9,304.5,-3.703,-2.229,-2.451,-2.125
2026-03-19 05:47:00,2094,12.58,,,0.0,0.0,0.0,990.4774,7.225,8.57,298.9,304.3,-3.684,-2.217,-2.487,-2.111
2026-03-19 05:48:00,2095,12.59,,,0.0,0.0,0.0,990.4788,7.454,8.87,298.9,304.4,-3.701,-2.206,-2.475,-2.097
2026-03-19 05:49:00,2096,12.58,,,0.0,0.0,0.0,990.5483,7.554,9.04,298.9,304.0,-3.684,-2.194,-2.555,-2.084
2026-03-19 05:50:00,2097,12.58,,,0.0,0.0,0.0,990.5433,7.683,9.1,299.0,303.6,-3.683,-2.183,-2.64,-2.071
2026-03-19 05:51:00,2098,12.59,,,0.0,0.0,0.0,990.5452,7.798,9.27,298.9,303.6,-3.692,-2.172,-2.646,-2.058
2026-03-19 05:52:00,2099,12.58,,,0.0,0.0,0.0,990.4783,7.926,9.43,298.9,303.4,-3.693,-2.162,-2.69,-2.045
2026-03-19 05:53:00,2100,12.58,,,0.0,0.0,0.0,990.4795,8.1,9.61,298.9,303.5,-3.707,-2.152,-2.675,-2.033
2026-03-19 05:54:00,2101,12.58,,,0.0,0.0,0.0,990.6174,8.3,9.87,298.7,303.4,-3.73,-2.143,-2.684,-2.022
2026-03-19 05:55:00,2102,12.58,,,0.0,0.0,0.0,990.4813,8.41,9.96,298.8,303.7,-3.715,-2.136,-2.61,-2.013
2026-03-19 05:56:00,2103,12.58,,,0.0,0.0,0.0,990.4819,8.41,9.96,298.9,304.0,-3.69,-2.128,-2.558,-2.002
2026-03-19 05:57:00,2104,12.58,,,0.0,0.0,0.0,990.4828,8.41,9.96,298.9,304.2,-3.704,-2.121,-2.515,-1.992
2026-03-19 05:58:00,2105,12.58,,,0.0,0.0,0.0,990.4832,8.51,10.13,299.0,304.4,-3.684,-2.113,-2.469,-1.981
2026-03-19 05:59:00,2106,12.58,,,0.0,0.0,0.0,990.4701,8.6,10.3,299.1,304.7,-3.66,-2.104,-2.392,-1.97
2026-03-19 06:00:00,2107,12.58,,,0.0,0.0,0.0,990.473,8.74,10.37,299.1,304.9,-3.641,-2.095,-2.354,-1.958
2026-03-19 06:01:00,2108,12.58,,,0.0,0.0,0.0,990.5437,8.76,10.47,299.3,304.9,-3.605,-2.085,-2.346,-1.946
2026-03-19 06:02:00,2109,12.59,,,0.0,0.0,0.0,990.614,8.83,10.54,299.2,304.8,-3.623,-2.075,-2.364,-1.934
2026-03-19 06:03:00,2110,12.58,,,0.0,0.0,0.0,990.6167,8.98,10.7,299.2,304.9,-3.617,-2.064,-2.346,-1.921
2026-03-19 06:04:00,2111,12.58,,,0.0,0.0,0.0,990.6108,9.27,11.12,299.4,304.7,-3.59,-2.052,-2.392,-1.908
2026-03-19 06:05:00,2112,12.58,,,0.0,0.0,0.0,990.6063,9.64,11.53,299.3,304.7,-3.61,-2.04,-2.407,-1.895
2026-03-19 06:06:00,2113,12.58,,,0.0,0.0,0.0,990.6093,10.07,12.08,299.3,304.6,-3.607,-2.028,-2.415,-1.881
2026-03-19 06:07:00,2114,12.59,,,0.0,0.0,0.0,990.6117,10.63,12.81,299.3,304.5,-3.614,-2.016,-2.431,-1.867
2026-03-19 06:08:00,2115,12.58,,,0.0,0.0,0.0,990.6136,11.19,13.53,299.3,304.3,-3.609,-2.003,-2.486,-1.853
2026-03-19 06:09:00,2116,12.58,,,0.0,0.0,0.0,990.6085,11.6,14.09,299.3,304.2,-3.601,-1.991,-2.515,-1.838
2026-03-19 06:10:00,2117,12.58,,,0.0,0.0,0.0,990.5944,11.65,14.09,299.3,304.1,-3.602,-1.979,-2.525,-1.824
2026-03-19 06:11:00,2118,12.58,,,0.0,0.0,0.0,990.5998,11.5,13.89,299.2,303.9,-3.623,-1.967,-2.585,-1.81
2026-03-19 06:12:00,2119,12.58,,,0.0,0.0,0.0,990.5974,11.65,13.98,299.2,303.7,-3.639,-1.955,-2.624,-1.796
2026-03-19 06:13:00,2120,12.58,,,0.0,0.0,0.0,990.6707,12.09,14.59,299.2,303.3,-3.639,-1.944,-2.701,-1.783
2026-03-19 06:14:00,2121,12.58,,,0.0,0.0,0.0,990.7362,12.62,15.32,299.1,303.4,-3.642,-1.935,-2.689,-1.771
2026-03-19 06:15:00,2122,12.58,,,0.0,0.0,0.0,990.6038,13.02,15.9,299.0,303.6,-3.663,-1.928,-2.645,-1.761
2026-03-19 06:16:00,2123,12.58,,,0.0,0.0,0.0,990.59,13.79,16.9,299.1,303.8,-3.656,-1.921,-2.587,-1.75
2026-03-19 06:17:00,2124,12.58,,,0.0,0.0,0.0,990.6647,14.79,18.18,299.1,304.1,-3.643,-1.913,-2.541,-1.739
2026-03-19 06:18:00,2125,12.58,,,0.0,0.0,0.0,990.7314,15.51,19.14,299.2,304.0,-3.629,-1.906,-2.551,-1.727
2026-03-19 06:19:00,2126,12.58,,,0.0,0.0,0.0,990.7301,15.62,19.26,299.2,303.9,-3.633,-1.897,-2.567,-1.716
2026-03-19 06:20:00,2127,12.58,,,0.0,0.0,0.0,990.7357,15.79,19.57,299.1,304.0,-3.64,-1.889,-2.564,-1.704
2026-03-19 06:21:00,2128,12.58,,,0.0,0.0,0.0,990.7402,16.25,20.16,299.3,303.8,-3.608,-1.88,-2.601,-1.691
2026-03-19 06:22:00,2129,12.59,,,0.0,0.0,0.0,990.7305,16.31,20.07,299.2,303.7,-3.627,-1.871,-2.623,-1.678
2026-03-19 06:23:00,2130,12.58,,,0.0,0.0,0.0,990.7271,15.97,19.64,299.2,303.6,-3.622,-1.863,-2.632,-1.666
2026-03-19 06:24:00,2131,12.58,,,0.0,0.0,0.0,990.72,15.48,18.93,299.2,303.7,-3.635,-1.855,-2.625,-1.653
2026-03-19 06:25:00,2132,12.58,,,0.0,0.0,0.0,990.7276,14.87,18.08,299.1,303.8,-3.656,-1.848,-2.604,-1.641
2026-03-19 06:26:00,2133,12.58,,,0.0,0.0,0.0,990.7337,14.59,17.58,299.2,303.9,-3.621,-1.841,-2.585,-1.63
2026-03-19 06:27:00,2134,12.58,,,0.0,0.0,0.0,990.7319,14.38,17.35,299.2,303.7,-3.628,-1.833,-2.623,-1.619
2026-03-19 06:28:00,2135,12.58,,,0.0,0.0,0.0,990.7305,14.25,17.17,299.2,303.7,-3.63,-1.826,-2.628,-1.609
2026-03-19 06:29:00,2136,12.59,,,0.0,0.0,0.0,990.7338,14.44,17.44,299.3,303.7,-3.604,-1.819,-2.63,-1.599
2026-03-19 06:30:00,2137,12.58,,,0.0,0.0,0.0,990.7253,14.59,17.68,299.2,303.6,-3.63,-1.813,-2.635,-1.588
2026-03-19 06:31:00,2138,12.58,,,0.0,0.0,0.0,990.7252,14.59,17.68,299.2,303.5,-3.629,-1.807,-2.671,-1.579
2026-03-19 06:32:00,2139,12.58,,,0.0,0.0,0.0,990.7251,14.58,17.65,299.1,303.4,-3.652,-1.801,-2.684,-1.57
2026-03-19 06:33:00,2140,12.58,,,0.0,0.0,0.0,990.7318,14.32,17.47,299.0,303.4,-3.663,-1.795,-2.681,-1.562
2026-03-19 06:34:00,2141,12.58,,,0.0,0.0,0.0,990.7303,14.42,17.54,299.2,303.4,-3.634,-1.79,-2.697,-1.553
2026-03-19 06:35:00,2142,12.59,,,0.0,0.0,0.0,990.7292,14.79,18.07,299.1,303.4,-3.641,-1.784,-2.691,-1.546
2026-03-19 06:36:00,2143,12.58,,,0.0,0.0,0.0,990.7156,15.32,18.67,299.1,303.3,-3.645,-1.779,-2.704,-1.538
2026-03-19 06:37:00,2144,12.58,,,0.0,0.0,0.0,990.7175,15.69,19.06,299.1,303.3,-3.645,-1.774,-2.715,-1.531
2026-03-19 06:38:00,2145,12.58,,,0.0,0.0,0.0,990.7256,16.38,20.0,299.2,303.5,-3.626,-1.769,-2.673,-1.523
2026-03-19 06:39:00,2146,12.58,,,0.0,0.0,0.0,990.7188,17.14,20.99,299.2,303.5,-3.622,-1.764,-2.672,-1.516
2026-03-19 06:40:00,2147,12.58,,,0.0,0.0,0.0,990.7885,17.63,21.65,299.2,303.5,-3.634,-1.758,-2.675,-1.509
2026-03-19 06:41:00,2148,12.58,,,0.0,0.0,0.0,990.8578,18.01,22.02,299.2,303.5,-3.636,-1.753,-2.675,-1.502
2026-03-19 06:42:00,2149,12.58,,,0.0,0.0,0.0,990.8659,18.16,22.23,299.2,303.6,-3.623,-1.748,-2.642,-1.496
2026-03-19 06:43:00,2150,12.58,,,0.0,0.0,0.0,990.7832,18.46,22.63,299.3,303.6,-3.615,-1.744,-2.646,-1.488
2026-03-19 06:44:00,2151,12.58,,,0.0,0.0,0.0,990.8537,19.07,23.48,299.3,303.5,-3.597,-1.739,-2.659,-1.479
2026-03-19 06:45:00,2152,12.59,,,0.0,0.0,0.0,990.8486,20.13,24.82,299.3,303.6,-3.605,-1.733,-2.648,-1.469
2026-03-19 06:46:00,2153,12.58,,,0.0,0.0,0.0,990.7211,21.12,26.13,299.3,303.5,-3.597,-1.727,-2.665,-1.459
2026-03-19 06:47:00,2154,12.58,,,0.0,0.0,0.0,990.7218,21.27,26.25,299.3,303.5,-3.609,-1.721,-2.669,-1.447
2026-03-19 06:48:00,2155,12.58,,,0.0,0.0,0.0,990.7224,20.29,24.77,299.3,303.4,-3.594,-1.715,-2.678,-1.436
2026-03-19 06:49:00,2156,12.58,,,0.0,0.0,0.0,990.7219,19.5,23.56,299.3,303.3,-3.596,-1.709,-2.712,-1.425
2026-03-19 06:50:00,2157,12.58,,,0.0,0.0,0.0,990.7292,18.97,22.91,299.3,303.2,-3.608,-1.704,-2.728,-1.415
2026-03-19 06:51:00,2158,12.58,,,0.0,0.0,0.0,990.7968,18.71,22.5,299.3,303.1,-3.615,-1.701,-2.756,-1.406
2026-03-19 06:52:00,2159,12.59,,,0.0,0.0,0.0,990.8027,18.73,22.51,299.2,302.8,-3.638,-1.698,-2.813,-1.398
2026-03-19 06:53:00,2160,12.59,,,0.0,0.0,0.0,990.8693,19.17,23.21,299.2,302.5,-3.637,-1.698,-2.879,-1.391
2026-03-19 06:54:00,2161,12.58,,,0.0,0.0,0.0,990.806,19.66,23.95,299.1,302.5,-3.649,-1.697,-2.893,-1.384
2026-03-19 06:55:00,2162,12.58,,,0.0,0.0,0.0,990.8578,19.96,24.39,299.0,302.4,-3.664,-1.697,-2.92,-1.377
2026-03-19 06:56:00,2163,12.58,,,0.0,0.0,0.0,990.7284,20.4,25.04,299.1,302.3,-3.649,-1.697,-2.938,-1.368
2026-03-19 06:57:00,2164,12.58,,,0.0,0.0,0.0,990.8512,20.99,25.92,299.1,302.3,-3.654,-1.698,-2.942,-1.361
2026-03-19 06:58:00,2165,12.58,,,0.0,0.0,0.0,990.8466,20.96,25.9,299.1,302.5,-3.645,-1.698,-2.883,-1.355
2026-03-19 06:59:00,2166,12.59,,,0.0,0.0,0.0,990.7878,20.73,25.47,299.1,302.5,-3.64,-1.697,-2.888,-1.351
2026-03-19 07:00:00,2167,12.58,,,0.0,0.0,0.0,990.7889,20.7,25.41,299.1,302.4,-3.643,-1.699,-2.903,-1.349
2026-03-19 07:01:00,2168,12.58,,,0.0,0.0,0.0,990.728,20.32,24.99,299.0,302.1,-3.682,-1.702,-2.967,-1.348
2026-03-19 07:02:00,2169,12.58,,,0.0,0.0,0.0,990.7322,20.09,24.37,298.9,302.0,-3.687,-1.707,-2.998,-1.347
2026-03-19 07:03:00,2170,12.58,,,0.0,0.0,0.0,990.7374,20.45,24.84,299.0,301.8,-3.662,-1.712,-3.035,-1.345
2026-03-19 07:04:00,2171,12.59,,,0.0,0.0,0.0,990.7416,20.77,25.24,299.1,301.7,-3.659,-1.716,-3.077,-1.341
2026-03-19 07:05:00,2172,12.58,,,0.0,0.0,0.0,990.7382,21.23,25.97,298.9,301.5,-3.689,-1.719,-3.121,-1.336
2026-03-19 07:06:00,2173,12.58,,,0.0,0.0,0.0,990.7355,21.46,26.2,298.9,301.3,-3.692,-1.721,-3.147,-1.331
2026-03-19 07:07:00,2174,12.58,,,0.0,0.0,0.0,990.7334,21.46,26.13,298.9,301.3,-3.687,-1.723,-3.154,-1.326
2026-03-19 07:08:00,2175,12.58,,,0.0,0.0,0.0,990.8041,21.88,26.83,298.9,301.2,-3.688,-1.724,-3.18,-1.321
2026-03-19 07:09:00,2176,12.58,,,0.0,0.0,0.0,990.7401,23.02,28.37,298.9,301.3,-3.687,-1.724,-3.149,-1.317
2026-03-19 07:10:00,2177,12.58,,,0.0,0.0,0.0,990.7371,24.37,30.3,298.8,301.5,-3.708,-1.726,-3.12,-1.314
2026-03-19 07:11:00,2178,12.58,,,0.0,0.0,0.0,990.7346,25.68,32.21,298.9,301.4,-3.686,-1.727,-3.132,-1.309
2026-03-19 07:12:00,2179,12.58,,,0.0,0.0,0.0,990.7393,26.24,32.79,299.0,301.4,-3.676,-1.727,-3.13,-1.304
2026-03-19 07:13:00,2180,12.58,,,0.0,0.0,0.0,990.7364,26.07,32.59,298.9,301.3,-3.684,-1.725,-3.149,-1.298
2026-03-19 07:14:00,2181,12.58,,,0.0,0.0,0.0,990.7341,25.61,31.85,298.9,301.2,-3.686,-1.724,-3.176,-1.293
2026-03-19 07:15:00,2182,12.58,,,0.0,0.0,0.0,990.7361,25.07,31.03,299.0,301.2,-3.667,-1.722,-3.182,-1.287
2026-03-19 07:16:00,2183,12.58,,,0.0,0.0,0.0,990.7405,25.05,30.93,299.0,301.2,-3.662,-1.72,-3.178,-1.282
2026-03-19 07:17:00,2184,12.58,,,0.0,0.0,0.0,990.744,25.74,31.89,299.0,301.2,-3.669,-1.718,-3.169,-1.277
2026-03-19 07:18:00,2185,12.58,,,0.0,0.0,0.0,990.7402,26.47,32.84,299.1,301.1,-3.659,-1.714,-3.195,-1.272
2026-03-19 07:19:00,2186,12.58,,,0.0,0.0,0.0,990.7438,26.47,32.69,299.1,301.0,-3.661,-1.71,-3.218,-1.267
2026-03-19 07:20:00,2187,12.58,,,0.0,0.0,0.0,990.7467,26.27,32.18,299.0,301.1,-3.666,-1.708,-3.194,-1.264
2026-03-19 07:21:00,2188,12.58,,,0.0,0.0,0.0,990.7509,26.27,32.11,299.0,301.4,-3.665,-1.708,-3.142,-1.262
2026-03-19 07:22:00,2189,12.58,,,0.0,0.0,0.0,990.7523,26.43,32.35,299.0,302.2,-3.677,-1.709,-2.965,-1.258
2026-03-19 07:23:00,2190,12.58,,,0.0,0.0,0.0,990.7535,27.17,33.44,299.1,302.5,-3.656,-1.708,-2.884,-1.252
2026-03-19 07:24:00,2191,12.58,,,0.0,0.0,0.0,990.7545,28.23,35.01,299.3,302.7,-3.601,-1.705,-2.839,-1.245
2026-03-19 07:25:00,2192,12.58,,,0.0,0.0,0.0,990.7552,28.67,35.77,299.2,302.9,-3.621,-1.7,-2.794,-1.237
2026-03-19 07:26:00,2193,12.58,,,0.0,0.0,0.0,990.7559,28.32,35.08,299.3,303.2,-3.605,-1.694,-2.738,-1.227
2026-03-19 07:27:00,2194,12.58,,,0.0,0.0,0.0,990.7563,27.34,33.71,299.3,303.3,-3.594,-1.686,-2.719,-1.217
2026-03-19 07:28:00,2195,12.58,,,0.0,0.0,0.0,990.757,26.77,32.81,299.4,303.3,-3.59,-1.677,-2.705,-1.206
2026-03-19 07:29:00,2196,12.58,,,0.0,0.0,0.0,990.7572,26.17,31.93,299.5,303.3,-3.559,-1.667,-2.714,-1.194
2026-03-19 07:30:00,2197,12.58,,,0.0,0.0,0.0,990.7574,25.72,31.15,299.5,303.2,-3.568,-1.657,-2.726,-1.182
2026-03-19 07:31:00,2198,12.58,,,0.0,0.0,0.0,990.7576,25.75,31.09,299.5,303.2,-3.552,-1.646,-2.725,-1.169
2026-03-19 07:32:00,2199,12.58,,,0.0,0.0,0.0,990.7578,26.47,32.11,299.5,303.2,-3.567,-1.634,-2.731,-1.156
2026-03-19 07:33:00,2200,12.58,,,0.0,0.0,0.0,990.7578,27.27,33.29,299.6,303.2,-3.538,-1.621,-2.73,-1.143
2026-03-19 07:34:00,2201,12.58,,,0.0,0.0,0.0,990.758,27.81,33.98,299.6,303.2,-3.541,-1.608,-2.738,-1.129
2026-03-19 07:35:00,2202,12.58,,,0.0,0.0,0.0,990.7581,28.53,34.98,299.6,303.1,-3.538,-1.594,-2.747,-1.114
2026-03-19 07:36:00,2203,12.58,,,0.0,0.0,0.0,990.7581,28.91,35.45,299.7,303.1,-3.526,-1.58,-2.748,-1.099
2026-03-19 07:37:00,2204,12.58,,,0.0,0.0,0.0,990.7581,28.39,34.71,299.6,303.1,-3.527,-1.565,-2.761,-1.083
2026-03-19 07:38:00,2205,12.58,,,0.0,0.0,0.0,990.7582,27.76,33.78,299.6,303.0,-3.533,-1.55,-2.776,-1.067
2026-03-19 07:39:00,2206,12.58,,,0.0,0.0,0.0,990.7582,26.7,32.23,299.6,302.8,-3.548,-1.536,-2.813,-1.052
2026-03-19 07:40:00,2207,12.58,,,0.0,0.0,0.0,990.7582,25.55,30.55,299.6,302.8,-3.543,-1.523,-2.819,-1.037
2026-03-19 07:41:00,2208,12.58,,,0.0,0.0,0.0,990.7582,25.32,30.13,299.5,302.5,-3.562,-1.511,-2.886,-1.024
2026-03-19 07:42:00,2209,12.58,,,0.0,0.0,0.0,990.7582,26.84,32.15,299.4,302.2,-3.588,-1.5,-2.959,-1.011
2026-03-19 07:43:00,2210,12.58,,,0.0,0.0,0.0,990.7515,29.26,35.55,299.4,302.1,-3.581,-1.489,-2.974,-0.999
2026-03-19 07:44:00,2211,12.58,,,0.0,0.0,0.0,990.7529,30.98,37.86,299.3,301.9,-3.596,-1.478,-3.031,-0.988
2026-03-19 07:45:00,2212,12.58,,,0.0,0.0,0.0,990.7473,32.49,39.89,299.4,302.0,-3.58,-1.467,-3.01,-0.976
2026-03-19 07:46:00,2213,12.58,,,0.0,0.0,0.0,990.7495,33.56,41.31,299.4,302.3,-3.572,-1.455,-2.942,-0.964
2026-03-19 07:47:00,2214,12.58,,,0.0,0.0,0.0,990.7526,33.75,41.41,299.6,302.6,-3.542,-1.443,-2.875,-0.951
2026-03-19 07:48:00,2215,12.58,,,0.0,0.0,0.0,990.7471,33.48,41.13,299.6,302.8,-3.535,-1.43,-2.824,-0.938
2026-03-19 07:49:00,2216,12.58,,,0.0,0.0,0.0,990.7493,33.48,41.2,299.6,302.9,-3.535,-1.416,-2.807,-0.923
2026-03-19 07:50:00,2217,12.58,,,0.0,0.0,0.0,990.7511,33.75,41.29,299.6,303.2,-3.531,-1.402,-2.741,-0.907
2026-03-19 07:51:00,2218,12.58,,,0.0,0.0,0.0,990.821,33.82,41.5,299.7,303.4,-3.515,-1.388,-2.687,-0.891
2026-03-19 07:52:00,2219,12.58,,,0.0,0.0,0.0,990.8906,34.17,41.86,299.9,303.7,-3.476,-1.372,-2.614,-0.874
2026-03-19 07:53:00,2220,12.58,,,0.0,0.0,0.0,990.8848,34.95,42.92,299.8,304.0,-3.49,-1.355,-2.555,-0.856
2026-03-19 07:54:00,2221,12.58,,,0.0,0.0,0.0,990.8885,35.81,44.28,299.9,304.1,-3.461,-1.338,-2.531,-0.837
2026-03-19 07:55:00,2222,12.58,,,0.0,0.0,0.0,990.8899,36.01,44.48,300.0,304.3,-3.459,-1.32,-2.494,-0.817
2026-03-19 07:56:00,2223,12.58,,,0.0,0.0,0.0,990.8909,35.41,43.66,300.0,304.4,-3.454,-1.302,-2.465,-0.796
2026-03-19 07:57:00,2224,12.58,,,0.0,0.0,0.0,990.8917,34.81,42.85,300.1,304.3,-3.434,-1.283,-2.482,-0.775
2026-03-19 07:58:00,2225,12.58,,,0.0,0.0,0.0,990.8925,34.59,42.61,300.0,304.4,-3.447,-1.264,-2.469,-0.754
2026-03-19 07:59:00,2226,12.58,,,0.0,0.0,0.0,990.893,35.1,43.16,300.1,304.5,-3.43,-1.244,-2.433,-0.733
2026-03-19 08:00:00,2227,12.58,,,0.0,0.0,0.0,990.8938,35.54,43.67,300.1,304.4,-3.429,-1.225,-2.469,-0.711
2026-03-19 08:01:00,2228,12.58,,,0.0,0.0,0.0,990.9625,35.81,43.91,300.2,304.4,-3.392,-1.205,-2.458,-0.689
2026-03-19 08:02:00,2229,12.58,,,0.0,0.0,0.0,990.9561,35.88,43.85,300.2,304.4,-3.41,-1.185,-2.466,-0.667
2026-03-19 08:03:00,2230,12.58,,,0.0,0.0,0.0,990.8757,36.35,44.54,300.2,304.3,-3.404,-1.166,-2.495,-0.645
2026-03-19 08:04:00,2231,12.58,,,0.0,0.0,0.0,990.8796,37.13,45.58,300.2,304.2,-3.402,-1.147,-2.499,-0.624
2026-03-19 08:05:00,2232,12.58,,,0.0,0.0,0.0,990.876,37.05,45.37,300.1,304.0,-3.421,-1.128,-2.544,-0.602
2026-03-19 08:06:00,2233,12.58,,,0.0,0.0,0.0,990.8732,36.03,43.71,300.1,303.8,-3.426,-1.11,-2.595,-0.581
2026-03-19 08:07:00,2234,12.58,,,0.0,0.0,0.0,990.9321,35.27,42.53,300.0,303.3,-3.443,-1.094,-2.704,-0.563
2026-03-19 08:08:00,2235,12.58,,,0.0,0.0,0.0,990.9935,35.5,42.83,299.9,303.0,-3.468,-1.078,-2.771,-0.546
2026-03-19 08:09:00,2236,12.58,,,0.0,0.0,0.0,990.9327,36.74,44.54,299.8,302.8,-3.5,-1.065,-2.816,-0.531
2026-03-19 08:10:00,2237,12.58,,,0.0,0.0,0.0,990.8503,38.5,47.06,299.7,302.5,-3.522,-1.055,-2.891,-0.518
2026-03-19 08:11:00,2238,12.58,,,0.0,0.0,0.0,990.8459,40.43,49.7,299.7,302.2,-3.521,-1.045,-2.947,-0.506
2026-03-19 08:12:00,2239,12.58,,,0.0,0.0,0.0,990.9175,42.31,52.28,299.6,302.0,-3.537,-1.036,-3.005,-0.496
2026-03-19 08:13:00,2240,12.58,,,0.0,0.0,0.0,991.0026,44.02,54.68,299.7,301.8,-3.525,-1.027,-3.034,-0.486
2026-03-19 08:14:00,2241,12.58,,,0.0,0.0,0.0,991.0018,44.64,55.54,299.6,301.8,-3.543,-1.018,-3.048,-0.477
2026-03-19 08:15:00,2242,12.58,,,0.0,0.0,0.0,991.0012,43.97,54.4,299.6,301.9,-3.539,-1.01,-3.021,-0.467
2026-03-19 08:16:00,2243,12.58,,,0.0,0.0,0.0,991.0006,42.99,52.89,299.6,301.8,-3.543,-1.003,-3.038,-0.458
2026-03-19 08:17:00,2244,12.58,,,0.0,0.0,0.0,991.0002,42.94,52.95,299.4,301.7,-3.59,-0.995,-3.06,-0.45
2026-03-19 08:18:00,2245,12.58,,,0.0,0.0,0.0,991.0066,43.28,53.52,299.4,301.8,-3.59,-0.988,-3.041,-0.442
2026-03-19 08:19:00,2246,12.58,,,0.0,0.0,0.0,990.9365,43.85,54.34,299.4,301.9,-3.584,-0.981,-3.021,-0.435
2026-03-19 08:20:00,2247,12.58,,,0.0,0.0,0.0,991.0094,44.12,54.7,299.4,301.9,-3.586,-0.975,-3.011,-0.428
2026-03-19 08:21:00,2248,12.58,,,0.0,0.0,0.0,991.0139,43.82,54.18,299.4,302.0,-3.591,-0.969,-3.001,-0.421
2026-03-19 08:22:00,2249,12.58,,,0.0,0.0,0.0,991.0175,43.41,53.59,299.4,302.0,-3.577,-0.963,-3.006,-0.415
2026-03-19 08:23:00,2250,12.58,,,0.0,0.0,0.0,991.0204,43.47,53.62,299.4,302.0,-3.589,-0.958,-3.004,-0.409
2026-03-19 08:24:00,2251,12.58,,,0.0,0.0,0.0,991.0161,44.54,55.13,299.4,301.9,-3.576,-0.953,-3.032,-0.403
2026-03-19 08:25:00,2252,12.58,,,0.0,0.0,0.0,991.0126,42.55,52.16,299.5,301.9,-3.563,-0.948,-3.028,-0.397
2026-03-19 08:26:00,2253,12.58,,,0.0,0.0,0.0,991.0195,43.42,53.24,299.5,302.1,-3.563,-0.944,-2.975,-0.391
2026-03-19 08:27:00,2254,12.58,,,0.0,0.0,0.0,991.0221,44.98,55.07,299.4,302.1,-3.574,-0.94,-2.979,-0.385
2026-03-19 08:28:00,2255,12.58,,,0.0,0.0,0.0,991.024,46.97,57.54,299.6,302.1,-3.541,-0.935,-2.984,-0.377
2026-03-19 08:29:00,2256,12.58,,,0.0,0.0,0.0,991.019,48.77,60.09,299.5,302.1,-3.554,-0.929,-2.978,-0.369
2026-03-19 08:30:00,2257,12.58,,,0.0,0.0,0.0,991.0216,49.83,61.58,299.7,302.1,-3.514,-0.922,-2.971,-0.36
2026-03-19 08:31:00,2258,12.58,,,0.0,0.0,0.0,991.0237,49.75,61.43,299.7,302.3,-3.522,-0.914,-2.938,-0.35
2026-03-19 08:32:00,2259,12.58,,,0.0,0.0,0.0,991.0938,49.49,61.13,299.7,302.3,-3.517,-0.906,-2.931,-0.339
2026-03-19 08:33:00,2260,12.58,,,0.0,0.0,0.0,991.0963,49.77,61.46,299.8,302.4,-3.497,-0.898,-2.906,-0.326
2026-03-19 08:34:00,2261,12.58,,,0.0,0.0,0.0,991.0971,50.5,62.41,299.8,302.4,-3.491,-0.889,-2.92,-0.312
2026-03-19 08:35:00,2262,12.58,,,0.0,0.0,0.0,991.1663,51.59,63.98,299.7,302.5,-3.504,-0.88,-2.893,-0.297
2026-03-19 08:36:00,2263,12.58,,,0.0,0.0,0.0,991.1667,52.62,65.54,299.8,302.5,-3.486,-0.871,-2.888,-0.282
2026-03-19 08:37:00,2264,12.58,,,0.0,0.0,0.0,991.1672,52.33,65.22,299.8,302.6,-3.486,-0.862,-2.866,-0.266
2026-03-19 08:38:00,2265,12.58,,,0.0,0.0,0.0,991.1675,51.2,63.72,299.8,302.5,-3.489,-0.852,-2.881,-0.25
2026-03-19 08:39:00,2266,12.58,,,0.0,0.0,0.0,991.1681,50.09,62.12,299.9,302.6,-3.475,-0.842,-2.875,-0.235
2026-03-19 08:40:00,2267,12.58,,,0.0,0.0,0.0,991.1616,49.52,61.03,299.9,302.7,-3.474,-0.833,-2.851,-0.221
2026-03-19 08:41:00,2268,12.58,,,0.0,0.0,0.0,991.1631,49.76,61.15,299.9,302.6,-3.479,-0.825,-2.872,-0.207
2026-03-19 08:42:00,2269,12.58,,,0.0,0.0,0.0,991.1642,50.7,62.41,299.8,302.5,-3.49,-0.817,-2.886,-0.193
2026-03-19 08:43:00,2270,12.58,,,0.0,0.0,0.0,991.1652,51.55,63.77,299.8,302.5,-3.482,-0.808,-2.886,-0.18
2026-03-19 08:44:00,2271,12.58,,,0.0,0.0,0.0,991.1659,51.32,63.57,299.9,302.6,-3.48,-0.799,-2.861,-0.167
2026-03-19 08:45:00,2272,12.58,,,0.0,0.0,0.0,991.1665,50.19,61.75,299.9,302.4,-3.467,-0.79,-2.914,-0.154
2026-03-19 08:46:00,2273,12.58,,,0.0,0.0,0.0,991.162,49.0,59.88,299.9,302.4,-3.477,-0.781,-2.918,-0.142
2026-03-19 08:47:00,2274,12.58,,,0.0,0.0,0.0,991.1635,49.02,59.86,299.7,302.3,-3.505,-0.772,-2.923,-0.133
2026-03-19 08:48:00,2275,12.58,,,0.0,0.0,0.0,991.1646,50.42,61.85,299.8,302.2,-3.489,-0.764,-2.948,-0.123
2026-03-19 08:49:00,2276,12.58,,,0.0,0.0,0.0,991.1655,52.29,64.47,299.8,302.0,-3.503,-0.755,-2.994,-0.113
2026-03-19 08:50:00,2277,12.58,,,0.0,0.0,0.0,991.3031,54.02,66.67,299.7,302.0,-3.511,-0.746,-3.002,-0.103
2026-03-19 08:51:00,2278,12.58,,,0.0,0.0,0.0,991.2903,55.38,68.49,299.9,302.0,-3.474,-0.737,-2.999,-0.094
2026-03-19 08:52:00,2279,12.58,,,0.0,0.0,0.0,991.2959,57.1,70.88,299.9,302.2,-3.475,-0.727,-2.957,-0.084
2026-03-19 08:53:00,2280,12.58,,,0.0,0.0,0.0,991.2979,58.86,73.55,299.9,302.3,-3.477,-0.717,-2.921,-0.073
2026-03-19 08:54:00,2281,12.58,,,0.0,0.0,0.0,991.2311,58.9,73.88,300.0,302.2,-3.454,-0.706,-2.953,-0.061
2026-03-19 08:55:00,2282,12.58,,,0.0,0.0,0.0,991.1639,56.57,70.35,299.9,302.3,-3.467,-0.695,-2.939,-0.05
2026-03-19 08:56:00,2283,12.58,,,0.0,0.0,0.0,991.1649,53.65,65.97,300.1,302.1,-3.434,-0.685,-2.981,-0.039
2026-03-19 08:57:00,2284,12.58,,,0.0,0.0,0.0,991.2342,52.04,63.88,300.0,301.9,-3.455,-0.675,-3.026,-0.029
2026-03-19 08:58:00,2285,12.58,,,0.0,0.0,0.0,991.2349,51.18,62.98,299.9,301.9,-3.474,-0.667,-3.029,-0.021
2026-03-19 08:59:00,2286,12.58,,,0.0,0.0,0.0,991.2357,50.52,62.21,299.8,301.7,-3.493,-0.659,-3.062,-0.014
2026-03-19 09:00:00,2287,12.58,,,0.0,0.0,0.0,991.3046,50.3,61.91,299.8,301.7,-3.497,-0.653,-3.058,-0.009
2026-03-19 09:01:00,2288,12.58,,,0.0,0.0,0.0,991.3048,50.46,61.98,299.9,301.8,-3.47,-0.645,-3.04,-0.004
2026-03-19 09:02:00,2289,12.58,,,0.0,0.0,0.0,991.3051,50.9,62.39,299.8,301.8,-3.486,-0.639,-3.033,0.0
2026-03-19 09:03:00,2290,12.58,,,0.0,0.0,0.0,991.3052,51.95,63.68,299.9,301.8,-3.464,-0.633,-3.048,0.004
2026-03-19 09:04:00,2291,12.58,,,0.0,0.0,0.0,991.3053,53.41,65.53,299.9,302.0,-3.459,-0.628,-2.996,0.008
2026-03-19 09:05:00,2292,12.58,,,0.0,0.0,0.0,991.3055,55.44,68.16,300.0,302.1,-3.44,-0.623,-2.98,0.013
2026-03-19 09:06:00,2293,12.58,,,0.0,0.0,0.0,991.3057,58.02,71.61,300.1,302.3,-3.428,-0.617,-2.94,0.02
2026-03-19 09:07:00,2294,12.58,,,0.0,0.0,0.0,991.3057,59.95,74.27,300.1,302.2,-3.419,-0.611,-2.957,0.03
2026-03-19 09:08:00,2295,12.58,,,0.0,0.0,0.0,991.3057,60.69,75.06,300.3,302.3,-3.385,-0.603,-2.94,0.041
2026-03-19 09:09:00,2296,12.58,,,0.0,0.0,0.0,991.3058,61.24,75.63,300.3,302.3,-3.374,-0.595,-2.942,0.054
2026-03-19 09:10:00,2297,12.58,,,0.0,0.0,0.0,991.3058,62.05,76.63,300.4,302.3,-3.361,-0.587,-2.928,0.069
2026-03-19 09:11:00,2298,12.58,,,0.0,0.0,0.0,991.3058,62.85,77.59,300.4,302.5,-3.363,-0.577,-2.89,0.085
2026-03-19 09:12:00,2299,12.58,,,0.0,0.0,0.0,991.3058,63.23,78.15,300.3,302.5,-3.381,-0.566,-2.878,0.102
2026-03-19 09:13:00,2300,12.58,,,0.0,0.0,0.0,991.3058,63.17,78.26,300.5,302.7,-3.337,-0.554,-2.85,0.122
2026-03-19 09:14:00,2301,12.58,,,0.0,0.0,0.0,991.3058,62.92,77.93,300.5,302.7,-3.338,-0.542,-2.847,0.143
2026-03-19 09:15:00,2302,12.58,,,0.0,0.0,0.0,991.3743,62.47,77.37,300.5,302.8,-3.341,-0.53,-2.817,0.164
2026-03-19 09:16:00,2303,12.58,,,0.0,0.0,0.0,991.3743,61.61,76.1,300.5,302.9,-3.34,-0.518,-2.808,0.186
2026-03-19 09:17:00,2304,12.58,,,0.0,0.0,0.0,991.3676,59.99,73.78,300.5,303.0,-3.334,-0.506,-2.78,0.208
2026-03-19 09:18:00,2305,12.58,,,0.0,0.0,0.0,991.37,59.2,72.54,300.4,302.8,-3.349,-0.495,-2.815,0.23
2026-03-19 09:19:00,2306,12.58,,,0.0,0.0,0.0,991.3708,60.26,73.94,300.4,302.9,-3.351,-0.483,-2.794,0.251
2026-03-19 09:20:00,2307,12.58,,,0.0,0.0,0.0,991.4401,61.79,76.01,300.6,302.9,-3.314,-0.47,-2.802,0.273
2026-03-19 09:21:00,2308,12.58,,,0.0,0.0,0.0,991.4406,62.47,76.67,300.6,302.8,-3.308,-0.457,-2.83,0.296
2026-03-19 09:22:00,2309,12.58,,,0.0,0.0,0.0,991.441,62.22,75.94,300.7,302.7,-3.299,-0.443,-2.835,0.319
2026-03-19 09:23:00,2310,12.58,,,0.0,0.0,0.0,991.4414,62.28,75.49,300.7,302.6,-3.287,-0.429,-2.87,0.342
2026-03-19 09:24:00,2311,12.58,,,0.0,0.0,0.0,991.4417,63.43,76.76,300.8,302.5,-3.271,-0.415,-2.888,0.365
2026-03-19 09:25:00,2312,12.58,,,0.0,0.0,0.0,991.4421,64.55,78.19,300.8,302.4,-3.263,-0.399,-2.908,0.389
2026-03-19 09:26:00,2313,12.58,,,0.0,0.0,0.0,991.4423,65.16,78.98,300.9,302.3,-3.256,-0.383,-2.939,0.413
2026-03-19 09:27:00,2314,12.58,,,0.0,0.0,0.0,991.4424,65.11,78.83,300.9,302.1,-3.235,-0.367,-2.983,0.438
2026-03-19 09:28:00,2315,12.58,,,0.0,0.0,0.0,991.4358,64.13,77.46,301.0,302.0,-3.232,-0.35,-3.008,0.463
2026-03-19 09:29:00,2316,12.58,,,0.0,0.0,0.0,991.4371,62.58,75.16,300.9,301.8,-3.248,-0.334,-3.054,0.489
2026-03-19 09:30:00,2317,12.58,,,0.0,0.0,0.0,991.4316,61.85,73.68,300.9,301.5,-3.251,-0.319,-3.117,0.513
2026-03-19 09:31:00,2318,12.58,,,0.0,0.0,0.0,991.4303,61.71,73.24,300.7,301.1,-3.284,-0.305,-3.194,0.537
2026-03-19 09:32:00,2319,12.58,,,0.0,0.0,0.0,991.4327,61.21,72.8,300.6,300.7,-3.302,-0.291,-3.282,0.559
2026-03-19 09:33:00,2320,12.58,,,0.0,0.0,0.0,991.4348,61.12,72.65,300.7,300.5,-3.292,-0.279,-3.329,0.581
2026-03-19 09:34:00,2321,12.58,,,0.0,0.0,0.0,991.4297,60.9,72.11,300.5,300.2,-3.338,-0.268,-3.4,0.601
2026-03-19 09:35:00,2322,12.58,,,0.0,0.0,0.0,991.4323,60.18,70.75,300.6,299.8,-3.324,-0.257,-3.494,0.62
2026-03-19 09:36:00,2323,12.57,,,0.0,0.0,0.0,991.5029,60.56,71.24,300.4,299.4,-3.35,-0.248,-3.574,0.638
2026-03-19 09:37:00,2324,12.57,,,0.0,0.0,0.0,991.4294,61.76,73.14,300.4,299.1,-3.352,-0.24,-3.659,0.655
2026-03-19 09:38:00,2325,12.57,,,0.0,0.0,0.0,991.4893,62.58,74.57,300.4,298.9,-3.349,-0.233,-3.7,0.671
2026-03-19 09:39:00,2326,12.58,,,0.0,0.0,0.0,991.4937,60.48,71.92,300.3,298.6,-3.372,-0.226,-3.773,0.687
2026-03-19 09:40:00,2327,12.58,,,0.0,0.0,0.0,991.5657,57.82,68.43,300.3,298.4,-3.38,-0.22,-3.815,0.703
2026-03-19 09:41:00,2328,12.58,,,0.0,0.0,0.0,991.5685,56.94,67.3,300.2,298.0,-3.393,-0.213,-3.905,0.718
2026-03-19 09:42:00,2329,12.58,,,0.0,0.0,0.0,991.564,57.14,67.37,300.1,297.5,-3.426,-0.209,-4.007,0.73
2026-03-19 09:43:00,2330,12.58,,,0.0,0.0,0.0,991.5604,58.2,68.43,299.9,297.0,-3.464,-0.208,-4.115,0.741
2026-03-19 09:44:00,2331,12.57,,,0.0,0.0,0.0,991.5607,59.46,69.72,299.7,296.7,-3.517,-0.212,-4.192,0.75
2026-03-19 09:45:00,2332,12.57,,,0.0,0.0,0.0,991.5577,61.02,71.43,299.5,296.1,-3.562,-0.221,-4.322,0.757
2026-03-19 09:46:00,2333,12.57,,,0.0,0.0,0.0,991.542,62.55,73.18,299.3,295.7,-3.598,-0.233,-4.424,0.762
2026-03-19 09:47:00,2334,12.58,,,0.0,0.0,0.0,991.5294,62.09,72.74,299.1,295.1,-3.64,-0.246,-4.546,0.765
2026-03-19 09:48:00,2335,12.57,,,0.0,0.0,0.0,991.5396,59.66,69.76,299.0,294.8,-3.668,-0.265,-4.618,0.766
2026-03-19 09:49:00,2336,12.57,,,0.0,0.0,0.0,991.5342,57.08,66.74,298.9,294.3,-3.687,-0.286,-4.73,0.763
2026-03-19 09:50:00,2337,12.57,,,0.0,0.0,0.0,991.5433,54.45,63.52,298.7,293.7,-3.735,-0.308,-4.872,0.757
2026-03-19 09:51:00,2338,12.57,,,0.0,0.0,0.0,991.5497,52.45,60.91,298.6,293.0,-3.766,-0.329,-5.037,0.747
2026-03-19 09:52:00,2339,12.58,,,0.0,0.0,0.0,991.5557,51.96,60.33,298.4,292.5,-3.807,-0.351,-5.154,0.733
2026-03-19 09:53:00,2340,12.57,,,0.0,0.0,0.0,991.5605,54.23,63.53,298.1,291.9,-3.869,-0.375,-5.284,0.716
2026-03-19 09:54:00,2341,12.57,,,0.0,0.0,0.0,991.5643,61.16,73.47,297.9,291.5,-3.915,-0.405,-5.378,0.696
2026-03-19 09:55:00,2342,12.58,,,0.0,0.0,0.0,991.5674,80.5,102.1,298.0,291.2,-3.907,-0.439,-5.455,0.676
2026-03-19 09:56:00,2343,12.58,,,0.0,0.0,0.0,991.5631,95.0,124.0,298.0,291.3,-3.891,-0.47,-5.424,0.661
2026-03-19 09:57:00,2344,12.58,,,0.0,0.0,0.0,991.5691,94.3,123.1,298.1,291.4,-3.882,-0.499,-5.41,0.657
2026-03-19 09:58:00,2345,12.58,,,0.0,0.0,0.0,991.5712,86.8,112.2,298.1,291.5,-3.874,-0.524,-5.382,0.662
2026-03-19 09:59:00,2346,12.58,,,0.0,0.0,0.0,991.5729,82.7,106.0,298.1,291.5,-3.882,-0.545,-5.37,0.676
2026-03-19 10:00:00,2347,12.58,,,0.0,0.0,0.0,991.5743,71.97,90.8,298.0,291.5,-3.892,-0.562,-5.388,0.697
2026-03-19 10:01:00,2348,12.58,,,0.0,0.0,0.0,991.5754,55.68,67.35,297.8,291.0,-3.94,-0.58,-5.492,0.719
2026-03-19 10:02:00,2349,12.58,,,0.0,0.0,0.0,991.5763,51.79,61.24,297.5,290.3,-4.002,-0.599,-5.653,0.737
2026-03-19 10:03:00,2350,12.58,,,0.0,0.0,0.0,991.5769,54.41,64.27,297.3,289.8,-4.068,-0.623,-5.771,0.748
2026-03-19 10:04:00,2351,12.58,,,0.0,0.0,0.0,991.578,70.16,86.9,297.2,289.3,-4.068,-0.651,-5.877,0.752
2026-03-19 10:05:00,2352,12.58,,,0.0,0.0,0.0,991.5783,71.41,88.4,297.2,289.1,-4.085,-0.676,-5.933,0.752
2026-03-19 10:06:00,2353,12.58,,,0.0,0.0,0.0,991.5786,55.51,64.7,296.8,288.9,-4.17,-0.711,-5.987,0.749
2026-03-19 10:07:00,2354,12.58,,,0.0,0.0,0.0,991.5789,51.97,59.88,296.5,288.5,-4.23,-0.754,-6.071,0.738
2026-03-19 10:08:00,2355,12.58,,,0.0,0.0,0.0,991.579,48.8,56.32,296.5,288.0,-4.242,-0.799,-6.176,0.719
2026-03-19 10:09:00,2356,12.58,,,0.0,0.0,0.0,991.5792,46.06,52.97,296.2,287.5,-4.303,-0.841,-6.298,0.692
2026-03-19 10:10:00,2357,12.58,,,0.0,0.0,0.0,991.5793,44.67,51.32,295.9,287.2,-4.378,-0.884,-6.364,0.658
2026-03-19 10:11:00,2358,12.58,,,0.0,0.0,0.0,991.5795,43.97,50.48,295.7,286.8,-4.42,-0.93,-6.464,0.618
2026-03-19 10:12:00,2359,12.58,,,0.0,0.0,0.0,991.5795,43.93,50.44,295.5,286.5,-4.463,-0.978,-6.54,0.571
2026-03-19 10:13:00,2360,12.58,,,0.0,0.0,0.0,991.5795,45.0,51.61,295.5,286.3,-4.461,-1.03,-6.591,0.519
2026-03-19 10:14:00,2361,12.58,,,0.0,0.0,0.0,991.5796,46.99,53.89,295.4,285.9,-4.493,-1.081,-6.683,0.464
2026-03-19 10:15:00,2362,12.58,,,0.0,0.0,0.0,991.5796,49.62,57.05,295.2,285.6,-4.542,-1.135,-6.738,0.406
2026-03-19 10:16:00,2363,12.58,,,0.0,0.0,0.0,991.5797,52.03,60.06,294.8,285.5,-4.62,-1.194,-6.767,0.347
2026-03-19 10:17:00,2364,12.58,,,0.0,0.0,0.0,991.5797,53.52,61.97,294.6,285.4,-4.671,-1.255,-6.779,0.288
2026-03-19 10:18:00,2365,12.58,,,0.0,0.0,0.0,991.5797,54.32,62.79,294.6,285.3,-4.664,-1.313,-6.812,0.229
2026-03-19 10:19:00,2366,12.58,,,0.0,0.0,0.0,991.5797,54.86,63.22,294.6,285.2,-4.668,-1.369,-6.826,0.171
2026-03-19 10:20:00,2367,12.57,,,0.0,0.0,0.0,991.5797,57.1,65.84,294.5,285.1,-4.696,-1.424,-6.866,0.113
2026-03-19 10:21:00,2368,12.58,,,0.0,0.0,0.0,991.5797,62.72,72.94,294.6,285.1,-4.675,-1.475,-6.85,0.057
2026-03-19 10:22:00,2369,12.57,,,0.0,0.0,0.0,991.5797,69.39,81.9,294.5,285.1,-4.698,-1.523,-6.859,0.002
2026-03-19 10:23:00,2370,12.57,,,0.0,0.0,0.0,991.5797,75.4,90.4,294.5,285.0,-4.687,-1.567,-6.894,-0.051
2026-03-19 10:24:00,2371,12.57,,,0.0,0.0,0.0,991.5797,81.8,99.7,294.5,285.0,-4.689,-1.604,-6.879,-0.097
2026-03-19 10:25:00,2372,12.57,,,0.0,0.0,0.0,991.5797,84.4,105.3,294.7,285.5,-4.649,-1.637,-6.764,-0.137
2026-03-19 10:26:00,2373,12.57,,,0.0,0.0,0.0,991.5797,91.5,113.3,295.0,285.8,-4.586,-1.667,-6.701,-0.172
2026-03-19 10:27:00,2374,12.57,,,0.0,0.0,0.0,991.5797,93.8,115.7,295.1,286.3,-4.564,-1.69,-6.586,-0.2
2026-03-19 10:28:00,2375,12.57,,,0.0,0.0,0.0,991.5797,92.7,113.7,295.0,286.8,-4.571,-1.709,-6.461,-0.219
2026-03-19 10:29:00,2376,12.57,,,0.0,0.0,0.0,991.5797,91.6,112.3,295.2,287.3,-4.544,-1.723,-6.353,-0.231
2026-03-19 10:30:00,2377,12.57,,,0.0,0.0,0.0,991.5797,93.2,115.0,295.4,287.8,-4.489,-1.732,-6.227,-0.238
2026-03-19 10:31:00,2378,12.57,,,0.0,0.0,0.0,991.6481,93.8,116.2,295.5,288.4,-4.465,-1.741,-6.101,-0.24
2026-03-19 10:32:00,2379,12.57,,,0.0,0.0,0.0,991.7166,96.3,119.8,295.6,289.0,-4.443,-1.749,-5.955,-0.24
2026-03-19 10:33:00,2380,12.57,,,0.0,0.0,0.0,991.7166,107.2,135.6,295.8,289.7,-4.393,-1.757,-5.784,-0.238
2026-03-19 10:34:00,2381,12.57,,,0.0,0.0,0.0,991.7166,103.4,130.8,296.0,290.3,-4.351,-1.76,-5.655,-0.23
2026-03-19 10:35:00,2382,12.57,,,0.0,0.0,0.0,991.7166,101.9,128.6,296.1,290.8,-4.337,-1.759,-5.54,-0.217
2026-03-19 10:36:00,2383,12.57,,,0.0,0.0,0.0,991.6481,97.5,122.0,296.1,291.2,-4.336,-1.753,-5.443,-0.197
2026-03-19 10:37:00,2384,12.57,,,0.0,0.0,0.0,991.6481,88.9,109.0,296.1,291.6,-4.329,-1.745,-5.353,-0.172
2026-03-19 10:38:00,2385,12.57,,,0.0,0.0,0.0,991.6481,86.5,104.8,296.1,291.8,-4.332,-1.737,-5.311,-0.148
2026-03-19 10:39:00,2386,12.57,,,0.0,0.0,0.0,991.6481,83.7,100.3,296.0,292.0,-4.343,-1.728,-5.27,-0.124
2026-03-19 10:40:00,2387,12.57,,,0.0,0.0,0.0,991.6481,79.43,94.3,296.1,292.0,-4.328,-1.718,-5.275,-0.101
2026-03-19 10:41:00,2388,12.57,,,0.0,0.0,0.0,991.7166,74.87,88.2,296.2,291.8,-4.308,-1.708,-5.312,-0.081
2026-03-19 10:42:00,2389,12.57,,,0.0,0.0,0.0,991.6481,71.23,83.6,295.9,291.5,-4.378,-1.699,-5.379,-0.064
2026-03-19 10:43:00,2390,12.57,,,0.0,0.0,0.0,991.7166,68.7,80.3,295.9,291.0,-4.385,-1.694,-5.485,-0.057
2026-03-19 10:44:00,2391,12.57,,,0.0,0.0,0.0,991.7166,67.4,78.75,295.6,290.6,-4.45,-1.691,-5.585,-0.055
2026-03-19 10:45:00,2392,12.57,,,0.0,0.0,0.0,991.7166,68.07,79.39,295.6,290.2,-4.45,-1.69,-5.686,-0.061
2026-03-19 10:46:00,2393,12.57,,,0.0,0.0,0.0,991.7166,70.35,82.2,295.3,289.9,-4.5,-1.691,-5.746,-0.073
2026-03-19 10:47:00,2394,12.57,,,0.0,0.0,0.0,991.7166,72.75,85.2,295.3,289.9,-4.505,-1.692,-5.752,-0.086
2026-03-19 10:48:00,2395,12.57,,,0.0,0.0,0.0,991.7166,74.7,87.9,295.4,289.9,-4.477,-1.69,-5.738,-0.098
2026-03-19 10:49:00,2396,12.57,,,0.0,0.0,0.0,991.7166,75.94,89.7,295.5,290.0,-4.475,-1.687,-5.728,-0.108
2026-03-19 10:50:00,2397,12.57,,,0.0,0.0,0.0,991.7166,76.04,90.0,295.5,290.1,-4.458,-1.683,-5.69,-0.114
2026-03-19 10:51:00,2398,12.57,,,0.0,0.0,0.0,991.7166,74.5,88.0,295.7,290.1,-4.414,-1.678,-5.692,-0.118
2026-03-19 10:52:00,2399,12.57,,,0.0,0.0,0.0,991.6481,72.87,85.9,295.7,290.1,-4.418,-1.673,-5.696,-0.119
2026-03-19 10:53:00,2400,12.57,,,0.0,0.0,0.0,991.6481,70.69,83.2,295.7,290.0,-4.428,-1.668,-5.716,-0.118
2026-03-19 10:54:00,2401,12.57,,,0.0,0.0,0.0,991.6481,69.0,81.1,295.8,289.8,-4.407,-1.663,-5.768,-0.116
2026-03-19 10:55:00,2402,12.57,,,0.0,0.0,0.0,991.6481,70.46,83.4,295.7,289.5,-4.421,-1.659,-5.84,-0.112
2026-03-19 10:56:00,2403,12.57,,,0.0,0.0,0.0,991.6481,87.1,107.0,295.9,289.5,-4.385,-1.655,-5.847,-0.107
2026-03-19 10:57:00,2404,12.56,,,0.0,0.0,0.0,991.6481,133.1,174.3,296.4,289.7,-4.262,-1.645,-5.797,-0.095
2026-03-19 10:58:00,2405,12.57,,,0.0,0.0,0.0,991.7166,150.9,200.7,297.0,290.3,-4.115,-1.624,-5.644,-0.062
2026-03-19 10:59:00,2406,12.57,,,0.0,0.0,0.0,991.7166,146.6,195.2,297.6,291.3,-3.99,-1.595,-5.436,-0.002
2026-03-19 11:00:00,2407,12.57,,,0.0,0.0,0.0,991.7166,99.9,127.4,297.5,291.5,-4.018,-1.561,-5.383,0.081
2026-03-19 11:01:00,2408,12.56,,,0.0,0.0,0.0,991.785,79.79,97.9,297.2,291.4,-4.08,-1.529,-5.397,0.173
2026-03-19 11:02:00,2409,12.56,,,0.0,0.0,0.0,991.785,82.0,100.4,297.0,291.3,-4.129,-1.501,-5.433,0.261
2026-03-19 11:03:00,2410,12.56,,,0.0,0.0,0.0,991.8535,90.1,111.5,297.0,291.0,-4.131,-1.475,-5.499,0.342
2026-03-19 11:04:00,2411,12.56,,,0.0,0.0,0.0,991.8535,75.86,91.1,296.8,290.6,-4.171,-1.451,-5.59,0.415
2026-03-19 11:05:00,2412,12.56,,,0.0,0.0,0.0,991.8535,68.61,81.7,296.5,290.1,-4.238,-1.431,-5.699,0.476
2026-03-19 11:06:00,2413,12.56,,,0.0,0.0,0.0,991.8535,60.87,71.02,296.2,289.7,-4.3,-1.418,-5.795,0.524
2026-03-19 11:07:00,2414,12.56,,,0.0,0.0,0.0,991.8535,62.5,72.94,296.0,289.2,-4.341,-1.41,-5.898,0.558
2026-03-19 11:08:00,2415,12.56,,,0.0,0.0,0.0,991.8535,65.58,76.71,295.8,288.6,-4.395,-1.406,-6.042,0.578
2026-03-19 11:09:00,2416,12.56,,,0.0,0.0,0.0,991.8535,66.84,78.1,295.6,288.2,-4.431,-1.404,-6.13,0.586
2026-03-19 11:10:00,2417,12.56,,,0.0,0.0,0.0,991.8535,67.23,78.55,295.5,287.9,-4.469,-1.405,-6.21,0.584
2026-03-19 11:11:00,2418,12.56,,,0.0,0.0,0.0,991.8535,67.27,78.76,295.4,287.6,-4.498,-1.409,-6.271,0.574
2026-03-19 11:12:00,2419,12.56,,,0.0,0.0,0.0,991.8535,66.74,78.13,295.3,287.3,-4.516,-1.416,-6.341,0.556
2026-03-19 11:13:00,2420,12.56,,,0.0,0.0,0.0,991.8535,64.99,75.94,295.1,287.2,-4.563,-1.425,-6.36,0.533
2026-03-19 11:14:00,2421,12.56,,,0.0,0.0,0.0,991.8535,63.76,74.54,294.9,287.2,-4.61,-1.436,-6.373,0.506
2026-03-19 11:15:00,2422,12.56,,,0.0,0.0,0.0,991.8535,64.51,75.33,294.7,287.0,-4.639,-1.449,-6.411,0.476
2026-03-19 11:16:00,2423,12.56,,,0.0,0.0,0.0,991.8535,65.47,76.1,294.8,286.8,-4.621,-1.463,-6.455,0.442
2026-03-19 11:17:00,2424,12.56,,,0.0,0.0,0.0,991.8535,66.11,76.54,294.7,286.8,-4.65,-1.478,-6.475,0.405
2026-03-19 11:18:00,2425,12.56,,,0.0,0.0,0.0,991.8535,67.76,78.56,294.7,286.5,-4.641,-1.494,-6.531,0.368
2026-03-19 11:19:00,2426,12.56,,,0.0,0.0,0.0,991.8535,70.0,81.8,294.7,286.4,-4.658,-1.508,-6.562,0.329
2026-03-19 11:20:00,2427,12.56,,,0.0,0.0,0.0,991.8535,71.88,84.4,294.5,286.3,-4.687,-1.523,-6.576,0.29
2026-03-19 11:21:00,2428,12.56,,,0.0,0.0,0.0,991.8535,72.15,84.5,294.3,286.2,-4.743,-1.543,-6.607,0.251
2026-03-19 11:22:00,2429,12.56,,,0.0,0.0,0.0,991.8535,68.59,79.65,294.2,286.0,-4.756,-1.568,-6.643,0.212
2026-03-19 11:23:00,2430,12.56,,,0.0,0.0,0.0,991.785,63.21,72.75,294.1,285.6,-4.773,-1.596,-6.741,0.171
2026-03-19 11:24:00,2431,12.56,,,0.0,0.0,0.0,991.8535,60.46,69.23,293.9,285.4,-4.84,-1.623,-6.8,0.129
2026-03-19 11:25:00,2432,12.56,,,0.0,0.0,0.0,991.8535,61.83,70.95,293.8,284.9,-4.856,-1.651,-6.905,0.085
2026-03-19 11:26:00,2433,12.56,,,0.0,0.0,0.0,991.8535,65.27,75.78,293.6,284.7,-4.895,-1.68,-6.948,0.041
2026-03-19 11:27:00,2434,12.56,,,0.0,0.0,0.0,991.8535,68.31,80.2,293.6,284.6,-4.907,-1.712,-6.987,-0.004
2026-03-19 11:28:00,2435,12.56,,,0.0,0.0,0.0,991.8535,69.44,82.0,293.6,284.5,-4.906,-1.744,-7.01,-0.05
2026-03-19 11:29:00,2436,12.56,,,0.0,0.0,0.0,991.8535,67.91,79.76,293.4,284.5,-4.935,-1.776,-7.009,-0.096
2026-03-19 11:30:00,2437,12.56,,,0.0,0.0,0.0,991.8535,64.18,74.51,293.2,284.6,-4.979,-1.811,-6.972,-0.142
2026-03-19 11:31:00,2438,12.56,,,0.0,0.0,0.0,991.785,60.16,69.3,293.1,284.8,-5.013,-1.848,-6.924,-0.191
2026-03-19 11:32:00,2439,12.56,,,0.0,0.0,0.0,991.785,58.25,67.13,293.3,284.9,-4.967,-1.884,-6.905,-0.243
2026-03-19 11:33:00,2440,12.56,,,0.0,0.0,0.0,991.8535,57.6,66.8,293.3,285.0,-4.961,-1.918,-6.891,-0.294
2026-03-19 11:34:00,2441,12.56,,,0.0,0.0,0.0,991.7166,57.11,66.68,293.4,285.1,-4.946,-1.948,-6.85,-0.345
2026-03-19 11:35:00,2442,12.56,,,0.0,0.0,0.0,991.785,56.24,65.72,293.3,285.1,-4.975,-1.979,-6.866,-0.396
2026-03-19 11:36:00,2443,12.56,,,0.0,0.0,0.0,991.7166,55.35,64.25,293.0,285.2,-5.042,-2.014,-6.844,-0.446
2026-03-19 11:37:00,2444,12.56,,,0.0,0.0,0.0,991.7166,54.65,62.91,293.0,284.9,-5.035,-2.049,-6.909,-0.497
2026-03-19 11:38:00,2445,12.56,,,0.0,0.0,0.0,991.785,54.31,62.22,293.0,284.8,-5.028,-2.084,-6.928,-0.547
2026-03-19 11:39:00,2446,12.56,,,0.0,0.0,0.0,991.7166,53.99,61.8,293.0,284.7,-5.03,-2.118,-6.947,-0.598
2026-03-19 11:40:00,2447,12.56,,,0.0,0.0,0.0,991.785,53.75,61.35,292.9,284.6,-5.052,-2.153,-6.989,-0.648
2026-03-19 11:41:00,2448,12.56,,,0.0,0.0,0.0,991.785,53.65,61.19,292.9,284.4,-5.048,-2.185,-7.03,-0.698
2026-03-19 11:42:00,2449,12.56,,,0.0,0.0,0.0,991.8535,54.06,61.79,292.9,284.1,-5.06,-2.216,-7.096,-0.747
2026-03-19 11:43:00,2450,12.56,,,0.0,0.0,0.0,991.8535,55.51,63.79,293.0,283.9,-5.042,-2.245,-7.153,-0.795
2026-03-19 11:44:00,2451,12.56,,,0.0,0.0,0.0,991.785,56.69,65.4,293.0,283.8,-5.029,-2.275,-7.174,-0.842
2026-03-19 11:45:00,2452,12.56,,,0.0,0.0,0.0,991.8535,57.18,66.08,292.8,283.5,-5.077,-2.308,-7.232,-0.889
2026-03-19 11:46:00,2453,12.56,,,0.0,0.0,0.0,991.7166,56.55,65.37,292.8,283.3,-5.088,-2.347,-7.272,-0.935
2026-03-19 11:47:00,2454,12.56,,,0.0,0.0,0.0,991.7166,55.24,63.91,292.7,283.0,-5.095,-2.385,-7.342,-0.981
2026-03-19 11:48:00,2455,12.56,,,0.0,0.0,0.0,991.7166,54.28,63.06,292.5,283.0,-5.14,-2.426,-7.351,-1.027
2026-03-19 11:49:00,2456,12.56,,,0.0,0.0,0.0,991.785,54.35,63.42,292.3,282.8,-5.188,-2.468,-7.397,-1.071
2026-03-19 11:50:00,2457,12.56,,,0.0,0.0,0.0,991.785,55.14,64.62,292.3,282.6,-5.199,-2.512,-7.443,-1.115
2026-03-19 11:51:00,2458,12.56,,,0.0,0.0,0.0,991.8535,55.72,65.6,292.1,282.7,-5.235,-2.555,-7.42,-1.158
2026-03-19 11:52:00,2459,12.56,,,0.0,0.0,0.0,991.8535,56.19,66.45,292.2,282.7,-5.216,-2.595,-7.42,-1.201
2026-03-19 11:53:00,2460,12.56,,,0.0,0.0,0.0,991.8535,56.85,67.66,292.3,282.7,-5.19,-2.632,-7.425,-1.242
2026-03-19 11:54:00,2461,12.57,,,0.0,0.0,0.0,991.8669,57.78,69.17,292.2,282.9,-5.227,-2.67,-7.367,-1.282
2026-03-19 11:55:00,2462,12.56,,,0.0,0.0,0.0,991.8777,58.44,70.13,292.2,283.1,-5.227,-2.71,-7.335,-1.32
2026-03-19 11:56:00,2463,12.56,,,0.0,0.0,0.0,991.8729,58.57,70.23,292.0,283.3,-5.261,-2.75,-7.281,-1.357
2026-03-19 11:57:00,2464,12.56,,,0.0,0.0,0.0,991.8757,59.04,70.69,291.9,283.5,-5.289,-2.79,-7.237,-1.394
2026-03-19 11:58:00,2465,12.56,,,0.0,0.0,0.0,991.8779,60.3,72.22,291.9,283.8,-5.282,-2.827,-7.173,-1.431
2026-03-19 11:59:00,2466,12.56,,,0.0,0.0,0.0,991.8865,61.98,74.37,291.9,283.9,-5.292,-2.861,-7.15,-1.467
2026-03-19 12:00:00,2467,12.56,,,0.0,0.0,0.0,991.8933,64.04,77.11,292.0,284.1,-5.268,-2.892,-7.084,-1.502
2026-03-19 12:01:00,2468,12.56,,,0.0,0.0,0.0,991.9031,66.17,80.1,292.1,284.8,-5.237,-2.918,-6.941,-1.536
2026-03-19 12:02:00,2469,12.56,,,0.0,0.0,0.0,992.0503,67.76,82.4,292.2,285.1,-5.213,-2.937,-6.863,-1.565
2026-03-19 12:03:00,2470,12.56,,,0.0,0.0,0.0,992.0585,68.46,83.6,292.3,285.5,-5.201,-2.951,-6.757,-1.59
2026-03-19 12:04:00,2471,12.56,,,0.0,0.0,0.0,992.0651,68.07,83.4,292.4,286.0,-5.177,-2.962,-6.645,-1.612
2026-03-19 12:05:00,2472,12.56,,,0.0,0.0,0.0,992.0635,66.99,82.2,292.5,286.4,-5.149,-2.971,-6.551,-1.631
2026-03-19 12:06:00,2473,12.56,,,0.0,0.0,0.0,992.0691,65.84,80.8,292.5,286.9,-5.151,-2.979,-6.448,-1.649
2026-03-19 12:07:00,2474,12.56,,,0.0,0.0,0.0,992.0824,65.05,79.88,292.5,287.0,-5.156,-2.985,-6.407,-1.665
2026-03-19 12:08:00,2475,12.56,,,0.0,0.0,0.0,992.0908,64.87,79.71,292.7,287.2,-5.103,-2.989,-6.362,-1.681
2026-03-19 12:09:00,2476,12.56,,,0.0,0.0,0.0,992.0909,65.02,79.95,292.7,287.7,-5.105,-2.992,-6.258,-1.696
2026-03-19 12:10:00,2477,12.56,,,0.0,0.0,0.0,992.0842,64.88,79.92,292.7,288.0,-5.115,-2.994,-6.197,-1.709
2026-03-19 12:11:00,2478,12.56,,,0.0,0.0,0.0,992.0923,64.15,79.02,292.8,288.1,-5.083,-2.995,-6.17,-1.722
2026-03-19 12:12:00,2479,12.56,,,0.0,0.0,0.0,992.1672,62.85,77.35,292.8,288.2,-5.09,-2.995,-6.14,-1.734
2026-03-19 12:13:00,2480,12.56,,,0.0,0.0,0.0,992.1591,61.31,75.35,292.9,288.4,-5.063,-2.995,-6.098,-1.746
2026-03-19 12:14:00,2481,12.56,,,0.0,0.0,0.0,992.2263,60.02,73.58,292.9,288.7,-5.05,-2.995,-6.025,-1.758
2026-03-19 12:15:00,2482,12.56,,,0.0,0.0,0.0,992.2334,59.12,72.31,292.9,288.8,-5.061,-2.995,-6.008,-1.77
2026-03-19 12:16:00,2483,12.56,,,0.0,0.0,0.0,992.2256,57.97,71.42,292.9,289.0,-5.058,-2.994,-5.963,-1.781
2026-03-19 12:17:00,2484,12.55,,,0.0,0.0,0.0,992.2261,57.48,71.14,293.0,289.1,-5.046,-2.994,-5.942,-1.792
2026-03-19 12:18:00,2485,12.53,,,0.0,0.0,0.0,992.2265,57.83,71.32,293.0,289.3,-5.037,-2.993,-5.887,-1.803
2026-03-19 12:18:00,2486,12.53,,,0.0,0.0,0.0,992.302,58.21,71.85,293.1,289.3,-5.013,-2.991,-5.891,-1.812
2026-03-19 12:19:00,2487,12.53,,,0.0,0.0,0.0,992.2324,58.07,71.49,293.1,289.6,-5.003,-2.99,-5.819,-1.819
2026-03-19 12:20:00,2488,12.52,,,0.0,0.0,0.0,992.2316,57.51,70.81,293.2,289.7,-4.995,-2.988,-5.786,-1.828
2026-03-19 12:21:00,2489,12.52,,,0.0,0.0,0.0,992.2375,56.51,69.72,293.3,289.8,-4.97,-2.986,-5.76,-1.837
2026-03-19 12:22:00,2490,12.52,,,0.0,0.0,0.0,992.3147,56.01,69.12,293.3,290.0,-4.967,-2.983,-5.735,-1.845
2026-03-19 12:23:00,2491,12.53,,,0.0,0.0,0.0,992.3862,56.04,69.16,293.3,290.2,-4.955,-2.979,-5.685,-1.853
2026-03-19 12:24:00,2492,12.54,,,0.0,0.0,0.0,992.382,56.5,69.78,293.4,290.4,-4.938,-2.972,-5.621,-1.859
2026-03-19 12:25:00,2493,12.55,,,0.0,0.0,0.0,992.3719,57.56,71.08,293.6,290.6,-4.908,-2.964,-5.586,-1.865
2026-03-19 12:27:00,2494,12.55,,,0.0,0.0,0.0,992.2939,59.54,73.61,293.7,291.1,-4.871,-2.945,-5.468,-1.869
2026-03-19 12:28:00,2495,12.55,,,0.0,0.0,0.0,992.3562,59.21,73.32,293.7,291.4,-4.871,-2.934,-5.41,-1.868
2026-03-19 12:29:00,2496,12.55,,,0.0,0.0,0.0,992.3579,57.88,71.59,293.7,291.5,-4.882,-2.923,-5.373,-1.866
2026-03-19 12:30:00,2497,12.55,,,0.0,0.0,0.0,992.3594,56.29,69.49,293.9,291.6,-4.826,-2.911,-5.346,-1.864
2026-03-19 12:31:00,2498,12.55,,,0.0,0.0,0.0,992.3605,55.44,68.17,294.0,292.0,-4.817,-2.898,-5.265,-1.86
2026-03-19 12:32:00,2499,12.55,,,0.0,0.0,0.0,992.3547,54.88,67.51,294.0,292.2,-4.799,-2.883,-5.219,-1.856
2026-03-19 12:33:00,2500,12.55,,,0.0,0.0,0.0,992.3463,54.99,67.73,294.1,292.4,-4.794,-2.869,-5.168,-1.852
2026-03-19 12:34:00,2501,12.55,,,0.0,0.0,0.0,992.3501,55.21,68.06,294.0,292.4,-4.799,-2.854,-5.161,-1.847
2026-03-19 12:35:00,2502,12.55,,,0.0,0.0,0.0,992.3463,54.92,67.73,294.2,292.5,-4.752,-2.839,-5.147,-1.841
2026-03-19 12:36:00,2503,12.55,,,0.0,0.0,0.0,992.3434,53.85,66.41,294.3,292.9,-4.731,-2.823,-5.065,-1.835
2026-03-19 12:37:00,2504,12.55,,,0.0,0.0,0.0,992.4913,52.04,64.38,294.4,292.9,-4.718,-2.808,-5.069,-1.829
2026-03-19 12:38:00,2505,12.55,,,0.0,0.0,0.0,992.4868,50.56,62.5,294.4,292.9,-4.725,-2.792,-5.064,-1.823
2026-03-19 12:39:00,2506,12.55,,,0.0,0.0,0.0,992.4869,49.28,60.97,294.5,293.1,-4.687,-2.777,-5.019,-1.817
2026-03-19 12:40:00,2507,12.55,,,0.0,0.0,0.0,992.5583,48.51,59.83,294.5,293.2,-4.693,-2.763,-4.982,-1.811
2026-03-19 12:41:00,2508,12.56,,,0.0,0.0,0.0,992.6158,47.71,58.83,294.4,293.3,-4.723,-2.749,-4.956,-1.806
2026-03-19 12:42:00,2509,12.55,,,0.0,0.0,0.0,992.6137,47.28,58.33,294.5,293.7,-4.703,-2.736,-4.885,-1.802
2026-03-19 12:43:00,2510,12.56,,,0.0,0.0,0.0,992.6121,46.95,58.01,294.6,293.7,-4.676,-2.723,-4.87,-1.797
2026-03-19 12:44:00,2511,12.56,,,0.0,0.0,0.0,992.6039,46.56,57.43,294.5,293.8,-4.69,-2.711,-4.85,-1.793
2026-03-19 12:45:00,2512,12.56,,,0.0,0.0,0.0,992.7411,45.83,56.42,294.5,293.8,-4.689,-2.699,-4.85,-1.788
2026-03-19 12:46:00,2513,12.56,,,0.0,0.0,0.0,992.7294,44.99,55.26,294.6,293.8,-4.679,-2.687,-4.845,-1.784
2026-03-19 12:47:00,2514,12.56,,,0.0,0.0,0.0,992.7252,44.4,54.46,294.6,293.7,-4.674,-2.678,-4.877,-1.781
2026-03-19 12:48:00,2515,12.56,,,0.0,0.0,0.0,992.7152,44.33,54.33,294.6,293.6,-4.67,-2.671,-4.889,-1.779
2026-03-19 12:49:00,2516,12.56,,,0.0,0.0,0.0,992.7206,44.79,54.88,294.5,293.4,-4.683,-2.665,-4.952,-1.778
2026-03-19 12:50:00,2517,12.56,,,0.0,0.0,0.0,992.7183,45.48,55.88,294.3,293.3,-4.728,-2.659,-4.96,-1.777
2026-03-19 12:51:00,2518,12.56,,,0.0,0.0,0.0,992.7848,46.22,56.91,294.3,293.4,-4.733,-2.652,-4.939,-1.776
2026-03-19 12:52:00,2519,12.56,,,0.0,0.0,0.0,992.7135,46.68,57.54,294.3,293.5,-4.731,-2.644,-4.925,-1.774
2026-03-19 12:53:00,2520,12.56,,,0.0,0.0,0.0,992.7125,47.01,57.88,294.3,293.6,-4.732,-2.638,-4.904,-1.771
2026-03-19 12:54:00,2521,12.56,,,0.0,0.0,0.0,992.7051,47.05,58.07,294.3,293.6,-4.728,-2.631,-4.907,-1.769
2026-03-19 12:55:00,2522,12.56,,,0.0,0.0,0.0,992.7057,47.05,58.06,294.5,293.7,-4.693,-2.624,-4.875,-1.766
2026-03-19 12:56:00,2523,12.56,,,0.0,0.0,0.0,992.7748,46.79,57.93,294.5,293.6,-4.697,-2.616,-4.889,-1.762
2026-03-19 12:57:00,2524,12.56,,,0.0,0.0,0.0,992.8438,46.71,57.75,294.5,293.9,-4.7,-2.608,-4.823,-1.758
2026-03-19 12:58:00,2525,12.56,,,0.0,0.0,0.0,992.8441,46.68,57.52,294.6,294.0,-4.672,-2.6,-4.796,-1.753
2026-03-19 12:59:00,2526,12.56,,,0.0,0.0,0.0,992.9077,46.71,57.52,294.6,294.1,-4.667,-2.592,-4.791,-1.748
2026-03-19 13:00:00,2527,12.56,,,0.0,0.0,0.0,992.9156,46.78,57.75,294.7,294.1,-4.654,-2.584,-4.773,-1.743
2026-03-19 13:01:00,2528,12.56,,,0.0,0.0,0.0,992.9771,46.74,57.72,294.7,294.2,-4.647,-2.577,-4.758,-1.738
2026-03-19 13:02:00,2529,12.55,,,0.0,0.0,0.0,992.9781,46.56,57.35,294.8,294.1,-4.632,-2.568,-4.773,-1.732
2026-03-19 13:03:00,2530,12.55,,,0.0,0.0,0.0,992.9038,46.22,56.79,294.9,294.1,-4.6,-2.559,-4.789,-1.727
2026-03-19 13:04:00,2531,12.56,,,0.0,0.0,0.0,992.9743,45.71,56.15,294.8,294.2,-4.618,-2.552,-4.75,-1.722
2026-03-19 13:05:00,2532,12.56,,,0.0,0.0,0.0,992.9706,45.25,55.55,294.9,294.4,-4.607,-2.548,-4.722,-1.718
2026-03-19 13:06:00,2533,12.56,,,0.0,0.0,0.0,992.9662,44.99,55.16,294.8,294.4,-4.63,-2.543,-4.71,-1.713
2026-03-19 13:07:00,2534,12.56,,,0.0,0.0,0.0,992.9628,45.16,55.41,294.9,294.7,-4.606,-2.537,-4.641,-1.708
2026-03-19 13:08:00,2535,12.56,,,0.0,0.0,0.0,992.96,45.58,56.01,295.0,294.9,-4.58,-2.53,-4.598,-1.703
2026-03-19 13:09:00,2536,12.56,,,0.0,0.0,0.0,992.9645,46.18,56.77,295.1,295.0,-4.567,-2.522,-4.571,-1.697
2026-03-19 13:10:00,2537,12.56,,,0.0,0.0,0.0,992.9614,46.78,57.58,295.1,295.2,-4.553,-2.512,-4.535,-1.69
2026-03-19 13:11:00,2538,12.55,,,0.0,0.0,0.0,992.9656,47.61,58.65,295.2,295.3,-4.524,-2.501,-4.505,-1.682
2026-03-19 13:12:00,2539,12.55,,,0.0,0.0,0.0,992.9596,48.62,60.06,295.3,295.4,-4.513,-2.489,-4.499,-1.673
2026-03-19 13:13:00,2540,12.55,,,0.0,0.0,0.0,992.9575,49.75,61.6,295.3,295.3,-4.519,-2.475,-4.507,-1.662
2026-03-19 13:14:00,2541,12.55,,,0.0,0.0,0.0,992.8873,50.64,62.75,295.4,295.1,-4.486,-2.462,-4.557,-1.651
2026-03-19 13:15:00,2542,12.55,,,0.0,0.0,0.0,992.8175,50.83,63.06,295.5,294.9,-4.461,-2.451,-4.594,-1.64
2026-03-19 13:16:00,2543,12.55,,,0.0,0.0,0.0,992.8163,50.56,62.59,295.3,294.9,-4.507,-2.442,-4.591,-1.628
2026-03-19 13:17:00,2544,12.55,,,0.0,0.0,0.0,992.884,49.75,61.42,295.4,295.0,-4.498,-2.435,-4.577,-1.617
2026-03-19 13:18:00,2545,12.55,,,0.0,0.0,0.0,992.8881,48.8,60.06,295.5,295.2,-4.47,-2.428,-4.536,-1.607
2026-03-19 13:19:00,2546,12.55,,,0.0,0.0,0.0,992.8181,48.11,59.06,295.4,295.3,-4.489,-2.42,-4.52,-1.596
2026-03-19 13:20:00,2547,12.55,,,0.0,0.0,0.0,992.9538,47.74,58.58,295.4,295.1,-4.48,-2.411,-4.559,-1.587
2026-03-19 13:21:00,2548,12.55,,,0.0,0.0,0.0,992.9528,47.81,58.65,295.4,295.0,-4.489,-2.401,-4.579,-1.577
2026-03-19 13:22:00,2549,12.55,,,0.0,0.0,0.0,992.952,48.19,59.11,295.4,295.0,-4.497,-2.393,-4.587,-1.567
2026-03-19 13:23:00,2550,12.55,,,0.0,0.0,0.0,992.8145,48.64,59.7,295.4,295.0,-4.477,-2.385,-4.569,-1.557
2026-03-19 13:24:00,2551,12.55,,,0.0,0.0,0.0,992.814,49.17,60.23,295.5,295.2,-4.454,-2.378,-4.529,-1.548
2026-03-19 13:25:00,2552,12.55,,,0.0,0.0,0.0,992.8132,49.53,60.72,295.6,295.3,-4.451,-2.372,-4.501,-1.538
2026-03-19 13:26:00,2553,12.55,,,0.0,0.0,0.0,992.813,49.51,60.69,295.7,295.6,-4.427,-2.365,-4.433,-1.53
2026-03-19 13:27:00,2554,12.55,,,0.0,0.0,0.0,992.8195,49.01,60.04,295.7,295.7,-4.424,-2.358,-4.424,-1.521
2026-03-19 13:28:00,2555,12.55,,,0.0,0.0,0.0,992.818,48.12,58.93,295.8,295.8,-4.4,-2.35,-4.391,-1.512
2026-03-19 13:29:00,2556,12.55,,,0.0,0.0,0.0,992.8168,47.26,57.81,295.8,295.9,-4.386,-2.342,-4.372,-1.503
2026-03-19 13:30:00,2557,12.55,,,0.0,0.0,0.0,992.8159,46.58,57.0,295.8,295.9,-4.389,-2.333,-4.369,-1.494
2026-03-19 13:31:00,2558,12.55,,,0.0,0.0,0.0,992.8829,46.21,56.48,295.8,296.0,-4.405,-2.324,-4.355,-1.485
2026-03-19 13:32:00,2559,12.55,,,0.0,0.0,0.0,992.8824,45.98,56.15,295.9,296.1,-4.369,-2.314,-4.338,-1.475
2026-03-19 13:33:00,2560,12.55,,,0.0,0.0,0.0,992.8821,45.72,55.99,295.9,296.3,-4.382,-2.304,-4.292,-1.466
2026-03-19 13:34:00,2561,12.55,,,0.0,0.0,0.0,992.8817,45.69,55.98,295.8,296.3,-4.399,-2.294,-4.289,-1.455
2026-03-19 13:35:00,2562,12.55,,,0.0,0.0,0.0,992.95,45.88,56.14,295.9,296.3,-4.38,-2.284,-4.283,-1.445
2026-03-19 13:36:00,2563,12.55,,,0.0,0.0,0.0,992.9497,45.93,56.15,295.9,296.3,-4.364,-2.275,-4.288,-1.435
2026-03-19 13:37:00,2564,12.55,,,0.0,0.0,0.0,992.8811,45.68,56.15,296.0,296.0,-4.357,-2.266,-4.359,-1.424
2026-03-19 13:38:00,2565,12.55,,,0.0,0.0,0.0,992.8809,45.69,56.15,295.9,295.7,-4.366,-2.258,-4.42,-1.415
2026-03-19 13:39:00,2566,12.55,,,0.0,0.0,0.0,992.8808,45.93,56.37,295.9,295.3,-4.364,-2.252,-4.506,-1.406
2026-03-19 13:40:00,2567,12.55,,,0.0,0.0,0.0,992.8807,46.02,56.52,295.7,295.1,-4.413,-2.249,-4.567,-1.398
2026-03-19 13:41:00,2568,12.55,,,0.0,0.0,0.0,992.8807,46.09,56.67,295.7,294.8,-4.419,-2.248,-4.635,-1.39
2026-03-19 13:42:00,2569,12.55,,,0.0,0.0,0.0,992.9491,46.02,56.55,295.7,294.5,-4.424,-2.248,-4.701,-1.384
2026-03-19 13:43:00,2570,12.55,,,0.0,0.0,0.0,992.949,45.75,56.27,295.6,294.4,-4.435,-2.251,-4.72,-1.378
2026-03-19 13:44:00,2571,12.55,,,0.0,0.0,0.0,992.949,45.35,55.78,295.6,294.2,-4.45,-2.254,-4.771,-1.374
2026-03-19 13:45:00,2572,12.55,,,0.0,0.0,0.0,992.949,44.89,55.26,295.4,294.3,-4.491,-2.259,-4.742,-1.371
2026-03-19 13:46:00,2573,12.55,,,0.0,0.0,0.0,992.949,44.55,54.82,295.3,294.2,-4.501,-2.266,-4.762,-1.369
2026-03-19 13:47:00,2574,12.55,,,0.0,0.0,0.0,992.949,44.53,54.66,295.4,294.1,-4.495,-2.271,-4.794,-1.368
2026-03-19 13:48:00,2575,12.55,,,0.0,0.0,0.0,992.949,44.89,55.08,295.3,294.1,-4.515,-2.276,-4.786,-1.368
2026-03-19 13:49:00,2576,12.55,,,0.0,0.0,0.0,992.949,45.63,55.95,295.3,294.2,-4.517,-2.281,-4.757,-1.369
2026-03-19 13:50:00,2577,12.55,,,0.0,0.0,0.0,992.949,46.41,56.89,295.3,294.3,-4.507,-2.285,-4.745,-1.369
2026-03-19 13:51:00,2578,12.55,,,0.0,0.0,0.0,992.949,46.78,57.4,295.3,294.2,-4.505,-2.287,-4.76,-1.37
2026-03-19 13:52:00,2579,12.55,,,0.0,0.0,0.0,992.9557,46.79,57.21,295.4,294.2,-4.495,-2.289,-4.767,-1.37
2026-03-19 13:53:00,2580,12.55,,,0.0,0.0,0.0,992.9543,46.65,56.79,295.4,294.2,-4.491,-2.29,-4.767,-1.371
2026-03-19 13:54:00,2581,12.55,,,0.0,0.0,0.0,992.9532,46.36,56.39,295.4,294.0,-4.482,-2.292,-4.8,-1.373
2026-03-19 13:55:00,2582,12.55,,,0.0,0.0,0.0,992.9524,46.31,56.15,295.3,294.0,-4.51,-2.294,-4.815,-1.376
2026-03-19 13:56:00,2583,12.55,,,0.0,0.0,0.0,992.9517,45.99,55.86,295.3,293.8,-4.515,-2.295,-4.844,-1.38
2026-03-19 13:57:00,2584,12.55,,,0.0,0.0,0.0,992.9507,45.68,55.45,295.3,293.7,-4.512,-2.296,-4.869,-1.384
2026-03-19 13:58:00,2585,12.55,,,0.0,0.0,0.0,992.9504,45.3,54.93,295.4,293.8,-4.494,-2.297,-4.859,-1.388
2026-03-19 13:59:00,2586,12.55,,,0.0,0.0,0.0,992.8816,44.83,54.29,295.3,293.8,-4.499,-2.298,-4.85,-1.393
2026-03-19 14:00:00,2587,12.55,,,0.0,0.0,0.0,992.8129,44.25,53.53,295.3,293.7,-4.502,-2.298,-4.884,-1.398
2026-03-19 14:01:00,2588,12.55,,,0.0,0.0,0.0,992.8812,43.5,52.65,295.2,293.6,-4.529,-2.299,-4.909,-1.404
2026-03-19 14:02:00,2589,12.55,,,0.0,0.0,0.0,992.9495,42.76,51.74,295.2,293.5,-4.531,-2.301,-4.916,-1.41
2026-03-19 14:03:00,2590,12.55,,,0.0,0.0,0.0,992.8809,42.2,51.07,295.2,293.5,-4.524,-2.303,-4.924,-1.417
2026-03-19 14:04:00,2591,12.55,,,0.0,0.0,0.0,992.9492,42.03,50.86,295.2,293.4,-4.525,-2.305,-4.95,-1.425
2026-03-19 14:05:00,2592,12.55,,,0.0,0.0,0.0,992.8807,42.33,51.19,295.3,293.4,-4.506,-2.307,-4.933,-1.433
2026-03-19 14:06:00,2593,12.55,,,0.0,0.0,0.0,992.9491,42.93,51.94,295.3,293.4,-4.505,-2.309,-4.934,-1.44
2026-03-19 14:07:00,2594,12.55,,,0.0,0.0,0.0,992.9491,43.44,52.6,295.3,293.3,-4.516,-2.311,-4.972,-1.448
2026-03-19 14:08:00,2595,12.55,,,0.0,0.0,0.0,992.949,43.62,52.72,295.3,293.3,-4.505,-2.312,-4.96,-1.455
2026-03-19 14:09:00,2596,12.55,,,0.0,0.0,0.0,992.949,43.37,52.34,295.3,293.2,-4.506,-2.314,-4.985,-1.462
2026-03-19 14:10:00,2597,12.55,,,0.0,0.0,0.0,992.949,43.0,51.73,295.3,293.2,-4.506,-2.315,-4.987,-1.468
2026-03-19 14:11:00,2598,12.55,,,0.0,0.0,0.0,992.949,42.63,51.19,295.3,293.2,-4.511,-2.316,-4.99,-1.475
2026-03-19 14:12:00,2599,12.55,,,0.0,0.0,0.0,992.8805,42.47,50.8,295.3,293.1,-4.502,-2.317,-5.007,-1.482
2026-03-19 14:13:00,2600,12.55,,,0.0,0.0,0.0,992.8805,42.24,50.63,295.3,293.0,-4.504,-2.318,-5.033,-1.488
2026-03-19 14:14:00,2601,12.55,,,0.0,0.0,0.0,992.949,42.24,50.48,295.3,293.0,-4.505,-2.319,-5.032,-1.494
2026-03-19 14:15:00,2602,12.55,,,0.0,0.0,0.0,992.949,42.24,50.47,295.4,292.9,-4.498,-2.32,-5.065,-1.499
2026-03-19 14:16:00,2603,12.55,,,0.0,0.0,0.0,992.949,42.13,50.34,295.2,292.7,-4.523,-2.321,-5.112,-1.505
2026-03-19 14:17:00,2604,12.55,,,0.0,0.0,0.0,992.949,41.87,50.23,295.3,292.7,-4.517,-2.323,-5.107,-1.511
2026-03-19 14:18:00,2605,12.55,,,0.0,0.0,0.0,992.949,41.46,49.71,295.4,292.6,-4.494,-2.326,-5.126,-1.516
2026-03-19 14:19:00,2606,12.55,,,0.0,0.0,0.0,992.8805,41.23,49.37,295.3,292.6,-4.517,-2.327,-5.138,-1.522
2026-03-19 14:20:00,2607,12.55,,,0.0,0.0,0.0,992.949,41.21,49.31,295.3,292.6,-4.506,-2.328,-5.135,-1.527
2026-03-19 14:21:00,2608,12.55,,,0.0,0.0,0.0,992.949,41.56,49.83,295.2,292.6,-4.531,-2.328,-5.134,-1.531
2026-03-19 14:22:00,2609,12.55,,,0.0,0.0,0.0,992.949,41.98,50.43,295.2,292.5,-4.524,-2.329,-5.151,-1.536
2026-03-19 14:23:00,2610,12.55,,,0.0,0.0,0.0,992.949,42.67,51.3,295.3,292.5,-4.509,-2.331,-5.143,-1.541
2026-03-19 14:24:00,2611,12.55,,,0.0,0.0,0.0,992.949,43.74,52.52,295.4,292.5,-4.499,-2.333,-5.156,-1.546
2026-03-19 14:25:00,2612,12.55,,,0.0,0.0,0.0,992.949,45.13,54.16,295.3,292.3,-4.521,-2.334,-5.194,-1.549
2026-03-19 14:26:00,2613,12.55,,,0.0,0.0,0.0,992.949,47.38,56.88,295.3,292.3,-4.503,-2.335,-5.188,-1.552
2026-03-19 14:27:00,2614,12.55,,,0.0,0.0,0.0,992.949,50.56,60.52,295.5,292.3,-4.476,-2.335,-5.187,-1.553
2026-03-19 14:28:00,2615,12.55,,,0.0,0.0,0.0,992.8805,57.05,68.16,295.5,292.3,-4.472,-2.334,-5.206,-1.552
2026-03-19 14:29:00,2616,12.55,,,0.0,0.0,0.0,992.8121,72.28,86.2,295.7,292.6,-4.408,-2.327,-5.13,-1.543
2026-03-19 14:30:00,2617,12.55,,,0.0,0.0,0.0,992.8121,78.33,93.2,296.1,293.0,-4.332,-2.311,-5.035,-1.52
2026-03-19 14:31:00,2618,12.55,,,0.0,0.0,0.0,992.8121,82.8,98.2,296.5,293.4,-4.242,-2.285,-4.938,-1.481
2026-03-19 14:32:00,2619,12.55,,,0.0,0.0,0.0,992.8121,84.6,100.5,296.8,293.8,-4.162,-2.249,-4.846,-1.423
2026-03-19 14:33:00,2620,12.55,,,0.0,0.0,0.0,992.8121,84.5,100.5,297.1,294.3,-4.097,-2.201,-4.749,-1.35
2026-03-19 14:34:00,2621,12.55,,,0.0,0.0,0.0,992.8121,82.4,98.3,297.3,294.4,-4.061,-2.144,-4.706,-1.262
2026-03-19 14:35:00,2622,12.55,,,0.0,0.0,0.0,992.8121,78.14,92.9,297.4,294.5,-4.024,-2.081,-4.702,-1.164
2026-03-19 14:36:00,2623,12.55,,,0.0,0.0,0.0,992.8121,70.1,82.7,297.4,294.4,-4.028,-2.017,-4.715,-1.06
2026-03-19 14:37:00,2624,12.55,,,0.0,0.0,0.0,992.8121,46.42,53.88,297.0,293.9,-4.114,-1.954,-4.825,-0.957
2026-03-19 14:38:00,2625,12.55,,,0.0,0.0,0.0,992.8121,41.7,47.62,296.7,293.4,-4.184,-1.899,-4.954,-0.867
2026-03-19 14:39:00,2626,12.55,,,0.0,0.0,0.0,992.7437,38.89,43.97,296.3,292.5,-4.274,-1.853,-5.142,-0.792
2026-03-19 14:40:00,2627,12.55,,,0.0,0.0,0.0,992.6752,57.84,66.2,296.2,291.7,-4.305,-1.816,-5.331,-0.732
2026-03-19 14:41:00,2628,12.55,,,0.0,0.0,0.0,992.6752,65.68,75.38,296.3,291.4,-4.281,-1.78,-5.413,-0.675
2026-03-19 14:42:00,2629,12.55,,,0.0,0.0,0.0,992.6752,62.18,71.05,296.4,291.0,-4.255,-1.742,-5.486,-0.614
2026-03-19 14:43:00,2630,12.55,,,0.0,0.0,0.0,992.6752,58.83,66.93,296.4,290.5,-4.266,-1.704,-5.608,-0.548
2026-03-19 14:44:00,2631,12.55,,,0.0,0.0,0.0,992.6752,57.53,65.34,296.4,290.2,-4.269,-1.666,-5.675,-0.482
2026-03-19 14:45:00,2632,12.55,,,0.0,0.0,0.0,992.6067,58.33,66.34,296.3,289.8,-4.277,-1.626,-5.776,-0.414
2026-03-19 14:46:00,2633,12.55,,,0.0,0.0,0.0,992.6752,60.7,69.16,296.3,289.4,-4.276,-1.583,-5.862,-0.345
2026-03-19 14:47:00,2634,12.55,,,0.0,0.0,0.0,992.6067,56.58,64.69,296.2,289.0,-4.306,-1.537,-5.949,-0.273
2026-03-19 14:48:00,2635,12.55,,,0.0,0.0,0.0,992.6067,43.11,48.95,295.8,288.7,-4.397,-1.496,-6.031,-0.202
2026-03-19 14:49:00,2636,12.55,,,0.0,0.0,0.0,992.6752,31.12,34.64,295.4,288.0,-4.489,-1.466,-6.194,-0.141
2026-03-19 14:50:00,2637,12.55,,,0.0,0.0,0.0,992.6752,26.5,29.29,294.8,287.0,-4.618,-1.447,-6.421,-0.098
2026-03-19 14:51:00,2638,12.55,,,0.0,0.0,0.0,992.6752,25.64,28.3,294.5,286.3,-4.695,-1.44,-6.577,-0.076
2026-03-19 14:52:00,2639,12.55,,,0.0,0.0,0.0,992.6752,24.98,27.56,293.8,285.4,-4.848,-1.446,-6.783,-0.072
2026-03-19 14:53:00,2640,12.55,,,0.0,0.0,0.0,992.6752,24.83,27.29,293.5,284.5,-4.912,-1.466,-6.991,-0.086
2026-03-19 14:54:00,2641,12.55,,,0.0,0.0,0.0,992.6752,24.8,27.23,293.1,283.8,-5.012,-1.498,-7.159,-0.116
2026-03-19 14:55:00,2642,12.55,,,0.0,0.0,0.0,992.6752,24.1,26.5,292.6,283.1,-5.122,-1.539,-7.319,-0.16
2026-03-19 14:56:00,2643,12.55,,,0.0,0.0,0.0,992.8121,23.18,25.49,292.4,282.4,-5.183,-1.589,-7.492,-0.215
2026-03-19 14:57:00,2644,12.55,,,0.0,0.0,0.0,992.8187,22.15,24.31,292.0,282.0,-5.266,-1.647,-7.585,-0.282
2026-03-19 14:58:00,2645,12.55,,,0.0,0.0,0.0,992.8174,21.54,23.61,291.7,281.4,-5.343,-1.71,-7.738,-0.358
2026-03-19 14:59:00,2646,12.55,,,0.0,0.0,0.0,992.8982,21.24,23.28,291.4,280.8,-5.406,-1.779,-7.865,-0.441
2026-03-19 15:00:00,2647,12.55,,,0.0,0.0,0.0,992.9698,20.85,22.85,291.1,280.2,-5.479,-1.853,-8.01,-0.533
2026-03-19 15:01:00,2648,12.55,,,0.0,0.0,0.0,992.9039,20.53,22.52,290.7,279.7,-5.557,-1.931,-8.12,-0.632
2026-03-19 15:02:00,2649,12.55,,,0.0,0.0,0.0,992.9882,20.26,22.21,290.4,279.1,-5.627,-2.014,-8.27,-0.736
2026-03-19 15:03:00,2650,12.55,,,0.0,0.0,0.0,992.9938,20.05,21.94,290.1,278.5,-5.703,-2.1,-8.42,-0.845
2026-03-19 15:04:00,2651,12.55,,,0.0,0.0,0.0,992.9365,19.68,21.58,289.8,277.7,-5.759,-2.189,-8.6,-0.958
2026-03-19 15:05:00,2652,12.56,,,0.0,0.0,0.0,993.0072,19.29,21.09,289.4,277.0,-5.866,-2.281,-8.76,-1.073
2026-03-19 15:06:00,2653,12.56,,,0.0,0.0,0.0,993.0022,18.75,20.49,289.1,276.4,-5.931,-2.377,-8.91,-1.192
2026-03-19 15:07:00,2654,12.56,,,0.0,0.0,0.0,993.0117,18.26,19.93,288.7,275.8,-6.031,-2.476,-9.05,-1.315
2026-03-19 15:08:00,2655,12.56,,,0.0,0.0,0.0,993.0261,17.86,19.48,288.2,275.2,-6.134,-2.579,-9.21,-1.442
2026-03-19 15:09:00,2656,12.56,,,0.0,0.0,0.0,993.0466,17.33,18.92,287.9,274.7,-6.209,-2.685,-9.31,-1.571
2026-03-19 15:10:00,2657,12.56,,,0.0,0.0,0.0,993.0473,16.91,18.46,287.7,274.3,-6.264,-2.792,-9.42,-1.701
2026-03-19 15:11:00,2658,12.56,,,0.0,0.0,0.0,993.0546,16.66,18.17,287.4,273.9,-6.324,-2.899,-9.51,-1.833
2026-03-19 15:12:00,2659,12.56,,,0.0,0.0,0.0,993.0603,16.41,17.96,287.1,273.3,-6.397,-3.008,-9.65,-1.965
2026-03-19 15:13:00,2660,12.56,,,0.0,0.0,0.0,993.0649,15.91,17.49,286.7,272.7,-6.493,-3.119,-9.8,-2.098
2026-03-19 15:14:00,2661,12.56,,,0.0,0.0,0.0,993.0686,15.23,17.02,286.1,272.0,-6.634,-3.23,-9.99,-2.234
2026-03-19 15:15:00,2662,12.55,,,0.0,0.0,0.0,993.0739,15.16,17.0,285.7,271.3,-6.729,-3.344,-10.14,-2.371
2026-03-19 15:16:00,2663,12.55,,,0.0,0.0,0.0,993.0758,14.98,16.69,285.5,270.9,-6.778,-3.458,-10.24,-2.512
2026-03-19 15:17:00,2664,12.55,,,0.0,0.0,0.0,993.0773,14.84,16.33,284.2,269.8,-7.066,-3.571,-10.5,-2.653
2026-03-19 15:18:00,2665,12.55,,,0.0,0.0,0.0,993.0785,14.33,15.67,281.8,268.5,-7.64,-3.708,-10.82,-2.82
2026-03-19 15:19:00,2666,12.55,,,0.0,0.0,0.0,993.0795,14.5,15.64,281.0,268.0,-7.812,-3.869,-10.94,-3.0
2026-03-19 15:20:00,2667,12.55,,,0.0,0.0,0.0,993.1487,14.98,16.31,280.7,267.5,-7.895,-4.024,-11.08,-3.167
2026-03-19 15:21:00,2668,12.55,,,0.0,0.0,0.0,993.0809,15.28,16.31,280.3,267.2,-7.981,-4.191,-11.15,-3.359
2026-03-19 15:22:00,2669,12.55,,,0.0,0.0,0.0,993.0818,15.28,16.31,279.9,266.4,-8.07,-4.356,-11.33,-3.537
2026-03-19 15:23:00,2670,12.55,,,0.0,0.0,0.0,993.0821,15.28,16.32,279.4,266.0,-8.21,-4.525,-11.44,-3.725
2026-03-19 15:24:00,2671,12.55,,,0.0,0.0,0.0,993.0823,14.87,16.1,278.6,265.3,-8.38,-4.703,-11.62,-3.922
2026-03-19 15:25:00,2672,12.55,,,0.0,0.0,0.0,993.0825,14.61,15.36,277.3,264.5,-8.69,-4.909,-11.8,-4.144
2026-03-19 15:26:00,2673,12.55,,,0.0,0.0,0.0,993.0828,14.77,15.77,277.6,264.6,-8.64,-5.13,-11.79,-4.362
2026-03-19 15:27:00,2674,12.55,,,0.0,0.0,0.0,993.0829,15.4,16.3,277.7,264.2,-8.6,-5.327,-11.87,-4.563
2026-03-19 15:28:00,2675,12.55,,,0.0,0.0,0.0,993.083,16.46,17.16,277.1,264.0,-8.75,-5.526,-11.93,-4.765
2026-03-19 15:29:00,2676,12.55,,,0.0,0.0,0.0,993.0831,16.37,17.05,276.9,263.9,-8.79,-5.726,-11.96,-4.955
2026-03-19 15:30:00,2677,12.55,,,0.0,0.0,0.0,993.0831,16.26,17.46,277.0,263.5,-8.77,-5.899,-12.06,-5.139
2026-03-19 15:31:00,2678,12.55,,,0.0,0.0,0.0,993.0832,16.12,17.45,277.3,263.3,-8.71,-6.048,-12.11,-5.301
2026-03-19 15:32:00,2679,12.55,,,0.0,0.0,0.0,993.0833,15.49,16.57,276.7,262.7,-8.84,-6.203,-12.24,-5.455
2026-03-19 15:33:00,2680,12.55,,,0.0,0.0,0.0,993.0833,14.11,14.53,277.2,262.4,-8.73,-6.364,-12.33,-5.614
2026-03-19 15:34:00,2681,12.55,,,0.0,0.0,0.0,993.0833,13.68,14.86,277.0,262.1,-8.78,-6.5,-12.4,-5.759
2026-03-19 15:35:00,2682,12.55,,,0.0,0.0,0.0,993.0833,13.8,14.81,276.2,261.7,-8.97,-6.674,-12.51,-5.924
2026-03-19 15:36:00,2683,12.55,,,0.0,0.0,0.0,993.0833,14.57,16.13,276.0,261.8,-9.0,-6.824,-12.48,-6.086
2026-03-19 15:37:00,2684,12.55,,,0.0,0.0,0.0,992.9463,14.3,16.17,275.1,261.3,-9.22,-6.973,-12.59,-6.256
2026-03-19 15:38:00,2685,12.55,,,0.0,0.0,0.0,993.0833,13.83,15.8,275.4,261.3,-9.15,-7.12,-12.6,-6.413
2026-03-19 15:39:00,2686,12.55,,,0.0,0.0,0.0,993.0833,14.47,16.13,275.5,261.1,-9.13,-7.252,-12.66,-6.557
2026-03-19 15:40:00,2687,12.55,,,0.0,0.0,0.0,993.0833,14.91,16.56,275.6,260.9,-9.11,-7.372,-12.7,-6.69
2026-03-19 15:41:00,2688,12.55,,,0.0,0.0,0.0,993.0887,15.39,17.15,275.4,260.7,-9.16,-7.493,-12.74,-6.818
2026-03-19 15:42:00,2689,12.55,,,0.0,0.0,0.0,993.0876,15.79,17.65,275.4,260.8,-9.15,-7.608,-12.72,-6.945
2026-03-19 15:43:00,2690,12.55,,,0.0,0.0,0.0,993.0868,15.97,18.01,275.5,260.9,-9.14,-7.717,-12.7,-7.065
2026-03-19 15:44:00,2691,12.55,,,0.0,0.0,0.0,993.0929,15.97,18.01,275.5,261.0,-9.14,-7.824,-12.67,-7.183
2026-03-19 15:45:00,2692,12.55,,,0.0,0.0,0.0,993.0292,15.52,17.53,275.4,261.1,-9.16,-7.933,-12.66,-7.315
2026-03-19 15:46:00,2693,12.55,,,0.0,0.0,0.0,993.0398,14.77,16.66,275.0,261.1,-9.24,-8.05,-12.65,-7.464
2026-03-19 15:47:00,2694,12.55,,,0.0,0.0,0.0,993.0416,14.0,15.75,275.4,261.3,-9.15,-8.18,-12.61,-7.623
2026-03-19 15:48:00,2695,12.55,,,0.0,0.0,0.0,993.1301,13.37,14.99,276.4,261.9,-8.91,-8.29,-12.44,-7.776
2026-03-19 15:49:00,2696,12.55,,,0.0,0.0,0.0,993.1476,12.9,14.41,276.9,262.4,-8.79,-8.38,-12.32,-7.897
2026-03-19 15:50:00,2697,12.54,,,0.0,0.0,0.0,993.1617,12.58,14.19,277.2,262.9,-8.73,-8.46,-12.2,-8.0
2026-03-19 15:51:00,2698,12.54,,,0.0,0.0,0.0,993.173,12.54,14.11,277.1,263.5,-8.74,-8.53,-12.07,-8.08
2026-03-19 15:52:00,2699,12.54,,,0.0,0.0,0.0,993.182,12.65,14.29,277.3,263.6,-8.7,-8.58,-12.04,-8.14
2026-03-19 15:53:00,2700,12.54,,,0.0,0.0,0.0,993.1892,12.75,14.46,277.0,263.3,-8.77,-8.64,-12.1,-8.2
2026-03-19 15:54:00,2701,12.54,,,0.0,0.0,0.0,993.1996,12.54,14.4,276.7,263.7,-8.84,-8.7,-12.0,-8.29
2026-03-19 15:55:00,2702,12.54,,,0.0,0.0,0.0,993.2032,12.2,14.04,277.5,265.1,-8.64,-8.76,-11.66,-8.37
2026-03-19 15:56:00,2703,12.55,,,0.0,0.0,0.0,993.2062,11.71,13.44,278.6,266.4,-8.4,-8.8,-11.35,-8.43
2026-03-19 15:57:00,2704,12.55,,,0.0,0.0,0.0,993.2086,11.16,12.81,279.2,267.4,-8.24,-8.82,-11.1,-8.47
2026-03-19 15:58:00,2705,12.55,,,0.0,0.0,0.0,993.2104,10.68,12.25,279.6,268.4,-8.16,-8.84,-10.84,-8.51
2026-03-19 15:59:00,2706,12.55,,,0.0,0.0,0.0,993.2119,10.39,11.88,279.9,269.5,-8.08,-8.85,-10.58,-8.53
2026-03-19 16:00:00,2707,12.55,,,0.0,0.0,0.0,993.2131,10.13,11.74,280.0,270.3,-8.06,-8.85,-10.38,-8.54
2026-03-19 16:01:00,2708,12.55,,,0.0,0.0,0.0,993.2148,10.13,11.69,280.3,270.7,-7.992,-8.86,-10.29,-8.55
2026-03-19 16:02:00,2709,12.55,,,0.0,0.0,0.0,993.2155,10.13,11.85,280.5,271.1,-7.932,-8.85,-10.2,-8.56
2026-03-19 16:03:00,2710,12.55,,,0.0,0.0,0.0,993.079,10.13,11.85,280.6,271.5,-7.916,-8.85,-10.09,-8.56
2026-03-19 16:04:00,2711,12.55,,,0.0,0.0,0.0,993.1479,10.13,11.85,280.9,272.0,-7.854,-8.85,-9.98,-8.56
2026-03-19 16:05:00,2712,12.55,,,0.0,0.0,0.0,993.1482,10.13,11.85,281.0,272.5,-7.835,-8.84,-9.86,-8.56
2026-03-19 16:06:00,2713,12.55,,,0.0,0.0,0.0,993.1484,9.93,11.69,281.2,273.0,-7.772,-8.83,-9.73,-8.56
2026-03-19 16:07:00,2714,12.55,,,0.0,0.0,0.0,993.1489,9.75,11.48,281.5,273.6,-7.697,-8.82,-9.58,-8.55
2026-03-19 16:08:00,2715,12.54,,,0.0,0.0,0.0,993.0804,9.4,11.06,282.0,274.5,-7.581,-8.8,-9.36,-8.54
2026-03-19 16:09:00,2716,12.54,,,0.0,0.0,0.0,993.0806,8.96,10.56,282.5,275.4,-7.475,-8.77,-9.14,-8.52
2026-03-19 16:10:00,2717,12.54,,,0.0,0.0,0.0,993.0807,8.5,9.98,282.8,276.3,-7.398,-8.73,-8.93,-8.49
2026-03-19 16:11:00,2718,12.54,,,0.0,0.0,0.0,993.0807,8.02,9.36,283.0,277.1,-7.353,-8.68,-8.75,-8.46
2026-03-19 16:12:00,2719,12.54,,,0.0,0.0,0.0,993.0808,7.658,8.93,283.3,277.8,-7.279,-8.64,-8.59,-8.42
2026-03-19 16:13:00,2720,12.54,,,0.0,0.0,0.0,993.0808,7.357,8.56,283.5,278.3,-7.241,-8.59,-8.46,-8.38
2026-03-19 16:14:00,2721,12.54,,,0.0,0.0,0.0,993.0809,7.1,8.3,283.5,278.8,-7.229,-8.55,-8.35,-8.34
2026-03-19 16:15:00,2722,12.54,,,0.0,0.0,0.0,993.0809,6.985,8.06,283.6,279.1,-7.21,-8.5,-8.27,-8.3
2026-03-19 16:16:00,2723,12.54,,,0.0,0.0,0.0,993.0124,6.742,7.815,283.5,279.3,-7.246,-8.46,-8.22,-8.27
2026-03-19 16:17:00,2724,12.54,,,0.0,0.0,0.0,992.9438,6.699,7.729,283.5,279.4,-7.231,-8.42,-8.21,-8.23
2026-03-19 16:18:00,2725,12.54,,,0.0,0.0,0.0,992.9438,6.584,7.601,283.5,279.4,-7.245,-8.38,-8.19,-8.2
2026-03-19 16:19:00,2726,12.54,,,0.0,0.0,0.0,992.9438,6.398,7.4,283.6,279.6,-7.223,-8.34,-8.16,-8.17
2026-03-19 16:20:00,2727,12.54,,,0.0,0.0,0.0,992.9438,6.355,7.386,283.7,279.7,-7.193,-8.3,-8.14,-8.14
2026-03-19 16:21:00,2728,12.54,,,0.0,0.0,0.0,992.9438,6.355,7.372,283.7,279.9,-7.195,-8.27,-8.08,-8.11
2026-03-19 16:22:00,2729,12.54,,,0.0,0.0,0.0,992.9438,6.241,7.186,283.8,280.0,-7.174,-8.23,-8.05,-8.08
2026-03-19 16:23:00,2730,12.54,,,0.0,0.0,0.0,992.9438,6.098,7.043,283.9,280.2,-7.15,-8.2,-8.01,-8.04
2026-03-19 16:24:00,2731,12.54,,,0.0,0.0,0.0,992.8754,6.012,7.043,284.0,280.4,-7.119,-8.16,-7.975,-8.01
2026-03-19 16:25:00,2732,12.54,,,0.0,0.0,0.0,992.8069,6.012,7.043,284.1,280.5,-7.105,-8.13,-7.95,-7.983
2026-03-19 16:26:00,2733,12.54,,,0.0,0.0,0.0,992.8069,6.012,7.028,284.3,280.7,-7.052,-8.09,-7.898,-7.952
2026-03-19 16:27:00,2734,12.54,,,0.0,0.0,0.0,992.8069,6.012,6.899,284.1,280.8,-7.084,-8.06,-7.875,-7.92
2026-03-19 16:28:00,2735,12.54,,,0.0,0.0,0.0,992.8069,5.998,6.856,284.3,281.2,-7.044,-8.02,-7.778,-7.888
2026-03-19 16:29:00,2736,12.54,,,0.0,0.0,0.0,992.8069,5.883,6.699,284.3,281.3,-7.046,-7.984,-7.757,-7.855
2026-03-19 16:30:00,2737,12.54,,,0.0,0.0,0.0,992.8069,5.84,6.699,284.4,281.3,-7.015,-7.948,-7.748,-7.822
2026-03-19 16:31:00,2738,12.54,,,0.0,0.0,0.0,992.6699,5.668,6.699,284.4,281.4,-7.024,-7.911,-7.719,-7.788
2026-03-19 16:32:00,2739,12.54,,,0.0,0.0,0.0,992.6699,5.668,6.642,284.5,281.6,-7.008,-7.876,-7.69,-7.755
2026-03-19 16:33:00,2740,12.54,,,0.0,0.0,0.0,992.6699,5.668,6.455,284.4,281.6,-7.025,-7.841,-7.686,-7.723
2026-03-19 16:34:00,2741,12.54,,,0.0,0.0,0.0,992.6699,5.611,6.355,284.5,281.5,-7.01,-7.807,-7.703,-7.691
2026-03-19 16:35:00,2742,12.54,,,0.0,0.0,0.0,992.6699,5.497,6.355,284.4,281.4,-7.022,-7.773,-7.737,-7.661
2026-03-19 16:36:00,2743,12.54,,,0.0,0.0,0.0,992.6699,5.411,6.355,284.4,281.5,-7.029,-7.742,-7.71,-7.632
2026-03-19 16:37:00,2744,12.54,,,0.0,0.0,0.0,992.6699,5.497,6.355,284.3,281.2,-7.059,-7.713,-7.766,-7.606
2026-03-19 16:38:00,2745,12.53,,,0.0,0.0,0.0,992.8069,5.511,6.355,284.2,281.2,-7.068,-7.687,-7.782,-7.582
2026-03-19 16:39:00,2746,12.54,,,0.0,0.0,0.0,992.8069,5.668,6.355,284.2,281.1,-7.07,-7.663,-7.793,-7.561
2026-03-19 16:40:00,2747,12.53,,,0.0,0.0,0.0,992.8069,5.668,6.527,284.2,281.0,-7.073,-7.641,-7.835,-7.541
2026-03-19 16:41:00,2748,12.53,,,0.0,0.0,0.0,992.7384,5.668,6.527,284.2,280.9,-7.078,-7.62,-7.849,-7.522
2026-03-19 16:42:00,2749,12.53,,,0.0,0.0,0.0,992.8069,5.611,6.384,283.9,280.7,-7.139,-7.602,-7.901,-7.506
2026-03-19 16:43:00,2750,12.53,,,0.0,0.0,0.0,992.7384,5.31,6.069,283.2,280.2,-7.296,-7.591,-8.02,-7.497
2026-03-19 16:44:00,2751,12.53,,,0.0,0.0,0.0,992.6699,5.01,5.711,282.6,279.2,-7.441,-7.596,-8.24,-7.504
2026-03-19 16:45:00,2752,12.53,,,0.0,0.0,0.0,992.7384,4.852,5.511,282.3,278.3,-7.528,-7.613,-8.45,-7.522
2026-03-19 16:46:00,2753,12.53,,,0.0,0.0,0.0,992.7384,4.638,5.325,281.8,277.5,-7.626,-7.636,-8.66,-7.548
2026-03-19 16:47:00,2754,12.53,,,0.0,0.0,0.0,992.8069,4.638,5.325,281.6,276.8,-7.692,-7.663,-8.81,-7.58
2026-03-19 16:48:00,2755,12.53,,,0.0,0.0,0.0,992.8069,4.638,5.325,281.4,276.3,-7.719,-7.693,-8.93,-7.614
2026-03-19 16:49:00,2756,12.53,,,0.0,0.0,0.0,992.8754,4.638,5.325,281.3,275.9,-7.747,-7.722,-9.03,-7.648
2026-03-19 16:50:00,2757,12.53,,,0.0,0.0,0.0,992.8754,4.638,5.31,280.9,275.5,-7.842,-7.751,-9.13,-7.682
2026-03-19 16:51:00,2758,12.53,,,0.0,0.0,0.0,992.8069,4.566,5.081,280.9,275.2,-7.839,-7.783,-9.2,-7.718
2026-03-19 16:52:00,2759,12.53,,,0.0,0.0,0.0,992.8069,4.294,4.981,281.0,275.1,-7.833,-7.814,-9.22,-7.752
2026-03-19 16:53:00,2760,12.53,,,0.0,0.0,0.0,992.8069,4.294,4.824,280.8,274.9,-7.861,-7.844,-9.27,-7.783
2026-03-19 16:54:00,2761,12.53,,,0.0,0.0,0.0,992.8069,4.108,4.638,280.8,274.6,-7.88,-7.872,-9.36,-7.812
2026-03-19 16:55:00,2762,12.53,,,0.0,0.0,0.0,992.8069,3.951,4.552,280.6,274.3,-7.923,-7.898,-9.42,-7.842
2026-03-19 16:56:00,2763,12.53,,,0.0,0.0,0.0,992.7384,3.951,4.323,280.4,274.1,-7.97,-7.923,-9.46,-7.87
2026-03-19 16:57:00,2764,12.53,,,0.0,0.0,0.0,992.8069,3.808,4.294,280.3,273.8,-7.995,-7.946,-9.54,-7.894
2026-03-19 16:58:00,2765,12.53,,,0.0,0.0,0.0,992.8069,3.607,4.294,280.2,273.4,-8.01,-7.966,-9.64,-7.916
2026-03-19 16:59:00,2766,12.53,,,0.0,0.0,0.0,992.8069,3.607,4.294,279.8,273.0,-8.1,-7.987,-9.72,-7.941
2026-03-19 17:00:00,2767,12.53,,,0.0,0.0,0.0,992.8069,3.607,4.294,278.9,272.5,-8.31,-8.01,-9.86,-7.969
2026-03-19 17:01:00,2768,12.53,,,0.0,0.0,0.0,992.8069,3.607,4.28,278.8,272.1,-8.36,-8.04,-9.94,-8.0
2026-03-19 17:02:00,2769,12.53,,,0.0,0.0,0.0,992.8069,3.607,4.151,279.6,272.7,-8.14,-8.07,-9.8,-8.02
2026-03-19 17:03:00,2770,12.53,,,0.0,0.0,0.0,992.8069,3.607,4.022,280.2,273.0,-8.01,-8.08,-9.74,-8.04
2026-03-19 17:04:00,2771,12.53,,,0.0,0.0,0.0,992.8069,3.564,3.951,280.0,272.9,-8.05,-8.09,-9.75,-8.05
2026-03-19 17:05:00,2772,12.53,,,0.0,0.0,0.0,992.9438,3.306,3.951,279.9,273.2,-8.08,-8.1,-9.69,-8.05
2026-03-19 17:06:00,2773,12.53,,,0.0,0.0,0.0,992.9438,3.264,3.793,279.7,272.8,-8.13,-8.11,-9.77,-8.06
2026-03-19 17:07:00,2774,12.53,,,0.0,0.0,0.0,992.9438,3.264,3.621,280.1,272.9,-8.04,-8.12,-9.75,-8.08
2026-03-19 17:08:00,2775,12.53,,,0.0,0.0,0.0,992.9438,3.163,3.607,280.7,273.4,-7.905,-8.13,-9.64,-8.09
2026-03-19 17:09:00,2776,12.53,,,0.0,0.0,0.0,992.9438,2.92,3.507,280.7,273.6,-7.883,-8.13,-9.6,-8.09
2026-03-19 17:10:00,2777,12.53,,,0.0,0.0,0.0,992.9438,2.92,3.306,280.1,273.4,-8.03,-8.14,-9.64,-8.09
2026-03-19 17:11:00,2778,12.53,,,0.0,0.0,0.0,992.9438,2.805,3.264,280.4,273.4,-7.97,-8.14,-9.62,-8.1
2026-03-19 17:12:00,2779,12.53,,,0.0,0.0,0.0,992.9438,2.591,3.149,281.0,273.7,-7.821,-8.15,-9.57,-8.1
2026-03-19 17:13:00,2780,12.53,,,0.0,0.0,0.0,992.9438,2.576,3.006,281.4,273.9,-7.726,-8.15,-9.5,-8.1
2026-03-19 17:14:00,2781,12.53,,,0.0,0.0,0.0,992.9438,2.576,2.92,281.2,274.1,-7.765,-8.15,-9.46,-8.1
2026-03-19 17:15:00,2782,12.53,,,0.0,0.0,0.0,993.0124,2.476,2.92,280.9,274.5,-7.839,-8.16,-9.38,-8.1
2026-03-19 17:16:00,2783,12.53,,,0.0,0.0,0.0,993.0809,2.405,2.834,280.9,274.8,-7.836,-8.16,-9.31,-8.11
2026-03-19 17:17:00,2784,12.53,,,0.0,0.0,0.0,993.0809,2.405,2.648,280.8,275.1,-7.873,-8.17,-9.23,-8.11
2026-03-19 17:18:00,2785,12.53,,,0.0,0.0,0.0,993.1494,2.405,2.576,280.9,275.5,-7.84,-8.17,-9.13,-8.11
2026-03-19 17:19:00,2786,12.53,,,0.0,0.0,0.0,993.1494,2.347,2.562,281.0,275.7,-7.833,-8.18,-9.08,-8.12
2026-03-19 17:20:00,2787,12.53,,,0.0,0.0,0.0,993.2179,2.204,2.405,281.1,276.1,-7.793,-8.18,-8.99,-8.12
2026-03-19 17:21:00,2788,12.53,,,0.0,0.0,0.0,993.2179,2.061,2.29,281.2,276.2,-7.775,-8.19,-8.96,-8.12
2026-03-19 17:22:00,2789,12.53,,,0.0,0.0,0.0,993.2179,2.061,2.233,281.3,276.4,-7.759,-8.19,-8.9,-8.13
2026-03-19 17:23:00,2790,12.53,,,0.0,0.0,0.0,993.2179,2.061,2.233,281.6,276.7,-7.683,-8.19,-8.84,-8.13
2026-03-19 17:24:00,2791,12.53,,,0.0,0.0,0.0,993.1494,2.061,2.233,281.7,277.0,-7.669,-8.19,-8.76,-8.12
2026-03-19 17:25:00,2792,12.53,,,0.0,0.0,0.0,993.1494,2.061,2.233,282.0,277.1,-7.581,-8.19,-8.74,-8.12
2026-03-19 17:26:00,2793,12.53,,,0.0,0.0,0.0,993.1494,1.947,2.104,282.1,277.2,-7.562,-8.19,-8.72,-8.12
2026-03-19 17:27:00,2794,12.53,,,0.0,0.0,0.0,993.0809,1.889,1.918,282.3,277.5,-7.527,-8.18,-8.65,-8.11
2026-03-19 17:28:00,2795,12.53,,,0.0,0.0,0.0,993.0809,1.732,1.889,282.2,277.6,-7.543,-8.17,-8.64,-8.11
2026-03-19 17:29:00,2796,12.53,,,0.0,0.0,0.0,993.0809,1.718,1.889,282.1,277.6,-7.555,-8.17,-8.64,-8.1
2026-03-19 17:30:00,2797,12.53,,,0.0,0.0,0.0,993.0809,1.718,1.889,282.2,277.5,-7.533,-8.16,-8.65,-8.1
2026-03-19 17:31:00,2798,12.53,,,0.0,0.0,0.0,993.0809,1.718,1.889,282.3,277.2,-7.525,-8.15,-8.72,-8.09
2026-03-19 17:32:00,2799,12.53,,,0.0,0.0,0.0,993.0809,1.718,1.889,282.3,277.3,-7.514,-8.14,-8.71,-8.08
2026-03-19 17:33:00,2800,12.53,,,0.0,0.0,0.0,993.0809,1.646,1.832,282.6,277.2,-7.449,-8.13,-8.73,-8.07
2026-03-19 17:34:00,2801,12.53,,,0.0,0.0,0.0,993.0809,1.546,1.718,282.7,277.2,-7.416,-8.12,-8.73,-8.06
2026-03-19 17:35:00,2802,12.53,,,0.0,0.0,0.0,993.1494,1.403,1.718,282.9,277.2,-7.374,-8.11,-8.72,-8.05
2026-03-19 17:36:00,2803,12.53,,,0.0,0.0,0.0,993.0809,1.374,1.718,282.9,277.3,-7.38,-8.1,-8.7,-8.04
2026-03-19 17:37:00,2804,12.53,,,0.0,0.0,0.0,993.1494,1.374,1.718,282.9,277.2,-7.385,-8.09,-8.73,-8.03
2026-03-19 17:38:00,2805,12.53,,,0.0,0.0,0.0,993.1494,1.374,1.689,283.0,277.1,-7.359,-8.08,-8.74,-8.02
2026-03-19 17:39:00,2806,12.53,,,0.0,0.0,0.0,993.0809,1.374,1.546,282.8,277.1,-7.394,-8.07,-8.74,-8.01
2026-03-19 17:40:00,2807,12.53,,,0.0,0.0,0.0,993.0809,1.36,1.446,282.6,277.4,-7.451,-8.06,-8.67,-7.998
2026-03-19 17:41:00,2808,12.53,,,0.0,0.0,0.0,993.0809,1.245,1.374,282.7,278.0,-7.415,-8.05,-8.54,-7.988
2026-03-19 17:42:00,2809,12.53,,,0.0,0.0,0.0,993.0809,1.202,1.374,283.2,278.7,-7.305,-8.04,-8.37,-7.973
2026-03-19 17:43:00,2810,12.53,,,0.0,0.0,0.0,993.0124,1.202,1.374,283.6,279.3,-7.205,-8.01,-8.22,-7.951
2026-03-19 17:44:00,2811,12.53,,,0.0,0.0,0.0,993.0124,1.145,1.374,283.7,279.7,-7.181,-7.987,-8.12,-7.926
2026-03-19 17:45:00,2812,12.53,,,0.0,0.0,0.0,993.0124,1.059,1.374,284.0,280.1,-7.111,-7.963,-8.04,-7.903
2026-03-19 17:46:00,2813,12.53,,,0.0,0.0,0.0,992.9438,1.031,1.374,284.1,280.3,-7.103,-7.938,-7.994,-7.88
2026-03-19 17:47:00,2814,12.53,,,0.0,0.0,0.0,993.0124,1.031,1.374,284.2,280.5,-7.08,-7.913,-7.939,-7.855
2026-03-19 17:48:00,2815,12.53,,,0.0,0.0,0.0,993.0809,1.031,1.346,284.2,280.8,-7.066,-7.886,-7.877,-7.828
2026-03-19 17:49:00,2816,12.53,,,0.0,0.0,0.0,993.0809,1.031,1.245,284.3,281.0,-7.045,-7.859,-7.827,-7.8
2026-03-19 17:50:00,2817,12.53,,,0.0,0.0,0.0,993.0809,1.031,1.202,284.4,281.1,-7.035,-7.832,-7.808,-7.772
2026-03-19 17:51:00,2818,12.53,,,0.0,0.0,0.0,993.0809,1.031,1.102,284.4,281.0,-7.028,-7.804,-7.818,-7.744
2026-03-19 17:52:00,2819,12.53,,,0.0,0.0,0.0,992.9438,1.031,1.031,284.4,281.0,-7.035,-7.778,-7.818,-7.718
2026-03-19 17:53:00,2820,12.53,,,0.0,0.0,0.0,992.9438,0.916,1.031,284.3,281.0,-7.036,-7.753,-7.819,-7.694
2026-03-19 17:54:00,2821,12.53,,,0.0,0.0,0.0,992.9438,0.859,1.031,284.4,281.0,-7.015,-7.729,-7.832,-7.67
2026-03-19 17:55:00,2822,12.53,,,0.0,0.0,0.0,992.9438,0.859,1.031,284.5,281.1,-6.991,-7.706,-7.81,-7.647
2026-03-19 17:56:00,2823,12.53,,,0.0,0.0,0.0,993.0809,0.83,1.031,284.6,281.1,-6.975,-7.682,-7.802,-7.624
2026-03-19 17:57:00,2824,12.52,,,0.0,0.0,0.0,993.0809,0.744,1.031,284.5,281.3,-6.992,-7.658,-7.76,-7.599
2026-03-19 17:58:00,2825,12.51,,,0.0,0.0,0.0,993.0809,0.687,0.988,284.4,281.2,-7.031,-7.635,-7.781,-7.576
2026-03-19 17:59:00,2826,12.51,,,0.0,0.0,0.0,993.0809,0.687,0.887,284.2,281.2,-7.063,-7.615,-7.783,-7.556
2026-03-19 18:00:00,2827,12.52,,,0.0,0.0,0.0,993.0809,0.687,0.701,284.4,281.3,-7.015,-7.595,-7.758,-7.537
2026-03-19 18:01:00,2828,12.52,,,0.0,0.0,0.0,993.0809,0.687,0.687,284.4,281.3,-7.02,-7.576,-7.759,-7.518
2026-03-19 18:02:00,2829,12.52,,,0.0,0.0,0.0,993.0809,0.658,0.687,284.6,281.3,-6.98,-7.557,-7.752,-7.499
2026-03-19 18:03:00,2830,12.53,,,0.0,0.0,0.0,993.0809,0.53,0.687,284.8,281.2,-6.937,-7.539,-7.775,-7.482
2026-03-19 18:04:00,2831,12.52,,,0.0,0.0,0.0,993.0809,0.515,0.687,284.9,281.3,-6.899,-7.52,-7.743,-7.464
2026-03-19 18:05:00,2832,12.52,,,0.0,0.0,0.0,993.2179,0.515,0.687,285.1,281.5,-6.861,-7.502,-7.7,-7.447
2026-03-19 18:06:00,2833,12.52,,,0.0,0.0,0.0,993.1494,0.458,0.687,285.3,281.6,-6.816,-7.483,-7.678,-7.43
2026-03-19 18:07:00,2834,12.52,,,0.0,0.0,0.0,1015.825,0.344,0.687,285.3,281.9,-6.814,-7.456,-7.601,-7.402
2026-03-19 18:08:00,2835,12.52,,,0.0,0.0,0.0,993.2181,0.344,0.644,285.6,282.2,-6.733,-7.443,-7.538,-7.391
2026-03-19 18:09:00,2836,12.52,,,0.0,0.0,0.0,993.2181,0.344,0.53,285.5,282.4,-6.763,-7.42,-7.501,-7.369
2026-03-19 18:10:00,2837,12.52,,,0.0,0.0,0.0,993.1495,0.344,0.515,285.6,282.6,-6.741,-7.398,-7.448,-7.348
2026-03-19 18:11:00,2838,12.53,,,0.0,0.0,0.0,993.2181,0.344,0.429,285.5,282.7,-6.761,-7.377,-7.425,-7.327
2026-03-19 18:12:00,2839,12.53,,,0.0,0.0,0.0,993.2181,0.344,0.358,285.5,282.7,-6.776,-7.357,-7.43,-7.308
2026-03-19 18:13:00,2840,12.53,,,0.0,0.0,0.0,993.2181,0.344,0.344,285.5,282.7,-6.766,-7.338,-7.425,-7.29
2026-03-19 18:14:00,2841,12.53,,,0.0,0.0,0.0,993.1495,0.344,0.344,285.6,282.7,-6.753,-7.321,-7.432,-7.272
2026-03-19 18:15:00,2842,12.53,,,0.0,0.0,0.0,993.1495,0.344,0.344,285.6,282.8,-6.735,-7.303,-7.407,-7.256
2026-03-19 18:16:00,2843,12.53,,,0.0,0.0,0.0,993.2181,0.344,0.344,285.7,282.8,-6.731,-7.287,-7.409,-7.24
2026-03-19 18:17:00,2844,12.53,,,0.0,0.0,0.0,993.1495,0.344,0.344,285.7,282.9,-6.719,-7.27,-7.376,-7.224
2026-03-19 18:18:00,2845,12.53,,,0.0,0.0,0.0,993.2181,0.344,0.344,285.7,283.1,-6.719,-7.254,-7.331,-7.209
2026-03-19 18:19:00,2846,12.53,,,0.0,0.0,0.0,993.2181,0.344,0.344,285.8,283.1,-6.701,-7.238,-7.318,-7.192
2026-03-19 18:20:00,2847,12.53,,,0.0,0.0,0.0,993.2181,0.344,0.344,286.0,283.3,-6.661,-7.221,-7.288,-7.175
2026-03-19 18:21:00,2848,12.53,,,0.0,0.0,0.0,993.1495,0.344,0.344,286.2,283.5,-6.612,-7.204,-7.236,-7.158
2026-03-19 18:22:00,2849,12.53,,,0.0,0.0,0.0,993.0811,0.344,0.344,286.4,283.6,-6.568,-7.187,-7.204,-7.14
2026-03-19 18:23:00,2850,12.53,,,0.0,0.0,0.0,993.0811,0.344,0.344,286.4,283.8,-6.569,-7.169,-7.155,-7.121
2026-03-19 18:24:00,2851,12.53,,,0.0,0.0,0.0,993.0811,0.329,0.344,286.4,283.9,-6.549,-7.151,-7.144,-7.101
2026-03-19 18:25:00,2852,12.53,,,0.0,0.0,0.0,993.0811,0.258,0.344,286.5,284.0,-6.533,-7.132,-7.129,-7.081
2026-03-19 18:26:00,2853,12.53,,,0.0,0.0,0.0,993.0811,0.2,0.344,286.5,284.0,-6.537,-7.113,-7.124,-7.062
2026-03-19 18:27:00,2854,12.53,,,0.0,0.0,0.0,993.0811,0.172,0.344,286.5,284.2,-6.534,-7.095,-7.076,-7.044
2026-03-19 18:28:00,2855,12.53,,,0.0,0.0,0.0,993.0811,0.172,0.344,286.6,284.2,-6.521,-7.077,-7.073,-7.026
2026-03-19 18:29:00,2856,12.53,,,0.0,0.0,0.0,993.0811,0.172,0.344,286.7,284.2,-6.497,-7.059,-7.081,-7.008
2026-03-19 18:30:00,2857,12.53,,,0.0,0.0,0.0,993.0811,0.172,0.344,286.7,284.3,-6.492,-7.042,-7.048,-6.99
2026-03-19 18:31:00,2858,12.53,,,0.0,0.0,0.0,993.0811,0.172,0.329,286.6,284.3,-6.502,-7.024,-7.049,-6.973
2026-03-19 18:32:00,2859,12.53,,,0.0,0.0,0.0,993.0126,0.172,0.301,286.6,284.3,-6.501,-7.007,-7.042,-6.956
2026-03-19 18:33:00,2860,12.53,,,0.0,0.0,0.0,992.9441,0.172,0.286,286.7,284.4,-6.491,-6.99,-7.02,-6.938
2026-03-19 18:34:00,2861,12.53,,,0.0,0.0,0.0,992.9441,0.172,0.229,286.6,284.4,-6.501,-6.973,-7.02,-6.922
2026-03-19 18:35:00,2862,12.53,,,0.0,0.0,0.0,992.9441,0.172,0.2,286.5,284.4,-6.525,-6.958,-7.015,-6.907
2026-03-19 18:36:00,2863,12.53,,,0.0,0.0,0.0,992.9441,0.172,0.172,286.6,284.5,-6.514,-6.942,-7.0,-6.891
2026-03-19 18:37:00,2864,12.53,,,0.0,0.0,0.0,992.9441,0.143,0.172,286.6,284.4,-6.503,-6.926,-7.023,-6.876
2026-03-19 18:38:00,2865,12.53,,,0.0,0.0,0.0,993.0126,0.172,0.172,286.7,284.5,-6.488,-6.911,-7.001,-6.86
2026-03-19 18:39:00,2866,12.53,,,0.0,0.0,0.0,993.0811,0.129,0.129,286.7,284.5,-6.488,-6.896,-7.01,-6.845
2026-03-19 18:40:00,2867,12.53,,,0.0,0.0,0.0,993.0811,0.115,0.115,286.6,284.6,-6.502,-6.88,-6.979,-6.83
2026-03-19 18:41:00,2868,12.53,,,0.0,0.0,0.0,993.0811,0.014,0.029,286.7,284.6,-6.479,-6.865,-6.966,-6.815
2026-03-19 18:42:00,2869,12.53,,,0.0,0.0,0.0,993.0811,0.014,0.029,286.9,284.7,-6.437,-6.85,-6.944,-6.799
2026-03-19 18:43:00,2870,12.53,,,0.0,0.0,0.0,993.0811,0.0,0.0,287.0,284.9,-6.409,-6.833,-6.919,-6.779
2026-03-19 18:44:00,2871,12.53,,,0.0,0.0,0.0,993.1495,0.014,0.0,287.0,284.9,-6.428,-6.813,-6.909,-6.756
2026-03-19 18:45:00,2872,12.53,,,0.0,0.0,0.0,993.2181,0.0,0.0,286.9,284.8,-6.451,-6.795,-6.922,-6.739
2026-03-19 18:46:00,2873,12.53,,,0.0,0.0,0.0,993.2181,0.0,0.0,286.8,284.8,-6.465,-6.779,-6.926,-6.724
2026-03-19 18:47:00,2874,12.53,,,0.0,0.0,0.0,993.2181,0.0,0.0,286.6,284.6,-6.511,-6.766,-6.97,-6.71
2026-03-19 18:48:00,2875,12.53,,,0.0,0.0,0.0,993.2181,0.0,0.0,286.5,284.6,-6.535,-6.755,-6.972,-6.699
2026-03-19 18:49:00,2876,12.53,,,0.0,0.0,0.0,993.2181,0.0,0.0,286.3,284.5,-6.581,-6.747,-6.991,-6.69
2026-03-19 18:50:00,2877,12.53,,,0.0,0.0,0.0,993.2181,0.0,0.0,286.3,284.5,-6.589,-6.741,-6.996,-6.684
2026-03-19 18:51:00,2878,12.53,,,0.0,0.0,0.0,993.2181,0.0,0.0,286.1,284.5,-6.621,-6.738,-7.008,-6.681
2026-03-19 18:52:00,2879,12.53,,,0.0,0.0,0.0,993.2181,0.0,0.0,286.5,284.5,-6.543,-6.734,-7.002,-6.675
2026-03-19 18:53:00,2880,12.53,,,0.0,0.0,0.0,993.2181,0.0,0.0,286.4,284.6,-6.562,-6.728,-6.989,-6.669
2026-03-19 18:54:00,2881,12.53,,,0.0,0.0,0.0,993.2113,0.0,0.0,286.3,284.5,-6.576,-6.723,-6.994,-6.664
2026-03-19 18:55:00,2882,12.53,,,0.0,0.0,0.0,993.2126,0.0,0.0,286.3,284.5,-6.578,-6.721,-7.003,-6.661
2026-03-19 18:56:00,2883,12.53,,,0.0,0.0,0.0,993.2137,0.0,0.0,286.4,284.4,-6.568,-6.717,-7.035,-6.657
2026-03-19 18:57:00,2884,12.53,,,0.0,0.0,0.0,993.2146,0.0,0.0,286.3,284.3,-6.587,-6.713,-7.055,-6.654
2026-03-19 18:58:00,2885,12.53,,,0.0,0.0,0.0,993.2153,0.0,0.0,286.4,284.3,-6.547,-6.71,-7.056,-6.651
2026-03-19 18:59:00,2886,12.53,,,0.0,0.0,0.0,993.2162,0.0,0.0,286.5,284.2,-6.536,-6.709,-7.082,-6.653
2026-03-19 19:00:00,2887,12.53,,,0.0,0.0,0.0,993.2166,0.0,0.0,286.6,284.2,-6.513,-6.71,-7.078,-6.657
2026-03-19 19:01:00,2888,12.53,,,0.0,0.0,0.0,993.2169,0.0,0.0,286.6,284.1,-6.503,-6.709,-7.095,-6.659
2026-03-19 19:02:00,2889,12.53,,,0.0,0.0,0.0,993.2171,0.0,0.0,286.8,284.1,-6.465,-6.708,-7.086,-6.66
2026-03-19 19:03:00,2890,12.53,,,0.0,0.0,0.0,993.2173,0.0,0.0,286.7,284.1,-6.497,-6.706,-7.086,-6.658
2026-03-19 19:04:00,2891,12.53,,,0.0,0.0,0.0,993.2174,0.0,0.0,286.6,284.2,-6.502,-6.704,-7.061,-6.656
2026-03-19 19:05:00,2892,12.53,,,0.0,0.0,0.0,993.2177,0.0,0.0,286.7,284.2,-6.483,-6.701,-7.068,-6.653
2026-03-19 19:06:00,2893,12.53,,,0.0,0.0,0.0,993.2109,0.0,0.0,286.7,284.3,-6.478,-6.698,-7.054,-6.653
2026-03-19 19:07:00,2894,12.53,,,0.0,0.0,0.0,993.2124,0.0,0.0,286.8,284.1,-6.455,-6.697,-7.093,-6.655
2026-03-19 19:08:00,2895,12.53,,,0.0,0.0,0.0,993.2068,0.0,0.0,286.8,284.3,-6.47,-6.697,-7.048,-6.657
2026-03-19 19:09:00,2896,12.53,,,0.0,0.0,0.0,993.209,0.0,0.0,286.8,284.3,-6.475,-6.698,-7.051,-6.658
2026-03-19 19:10:00,2897,12.53,,,0.0,0.0,0.0,993.2108,0.0,0.0,286.9,284.2,-6.45,-6.697,-7.071,-6.659
2026-03-19 19:11:00,2898,12.53,,,0.0,0.0,0.0,993.2123,0.0,0.0,286.9,284.3,-6.443,-6.696,-7.046,-6.658
2026-03-19 19:12:00,2899,12.53,,,0.0,0.0,0.0,993.2144,0.0,0.0,286.9,284.3,-6.441,-6.695,-7.044,-6.657
2026-03-19 19:13:00,2900,12.53,,,0.0,0.0,0.0,993.2151,0.0,0.0,287.0,284.2,-6.426,-6.693,-7.064,-6.654
2026-03-19 19:14:00,2901,12.53,,,0.0,0.0,0.0,993.2842,0.0,0.0,287.0,284.3,-6.407,-6.691,-7.054,-6.652
2026-03-19 19:15:00,2902,12.53,,,0.0,0.0,0.0,993.2846,0.0,0.0,287.1,284.3,-6.396,-6.687,-7.046,-6.648
2026-03-19 19:16:00,2903,12.53,,,0.0,0.0,0.0,993.285,0.0,0.0,287.1,284.3,-6.384,-6.683,-7.046,-6.644
2026-03-19 19:17:00,2904,12.53,,,0.0,0.0,0.0,993.2853,0.0,0.0,287.0,284.3,-6.412,-6.679,-7.053,-6.64
2026-03-19 19:18:00,2905,12.53,,,0.0,0.0,0.0,993.2858,0.0,0.0,286.9,284.3,-6.431,-6.675,-7.057,-6.635
2026-03-19 19:19:00,2906,12.53,,,0.0,0.0,0.0,993.3544,0.0,0.0,287.0,284.3,-6.41,-6.671,-7.036,-6.63
2026-03-19 19:20:00,2907,12.53,,,0.0,0.0,0.0,993.2793,0.0,0.0,287.0,284.3,-6.411,-6.667,-7.049,-6.625
2026-03-19 19:21:00,2908,12.53,,,0.0,0.0,0.0,993.274,0.0,0.0,287.1,284.3,-6.388,-6.664,-7.038,-6.624
2026-03-19 19:22:00,2909,12.53,,,0.0,0.0,0.0,993.2765,0.0,0.0,287.1,284.4,-6.389,-6.66,-7.03,-6.62
2026-03-19 19:23:00,2910,12.53,,,0.0,0.0,0.0,993.347,0.0,0.0,287.2,284.4,-6.381,-6.656,-7.024,-6.616
2026-03-19 19:24:00,2911,12.53,,,0.0,0.0,0.0,993.2801,0.0,0.0,287.2,284.4,-6.362,-6.651,-7.034,-6.611
2026-03-19 19:25:00,2912,12.53,,,0.0,0.0,0.0,993.2824,0.0,0.0,287.0,284.4,-6.415,-6.646,-7.034,-6.605
2026-03-19 19:26:00,2913,12.53,,,0.0,0.0,0.0,993.3517,0.0,0.0,287.1,284.4,-6.399,-6.641,-7.019,-6.6
2026-03-19 19:27:00,2914,12.53,,,0.0,0.0,0.0,993.3524,0.0,0.0,287.2,284.4,-6.378,-6.636,-7.032,-6.594
2026-03-19 19:28:00,2915,12.53,,,0.0,0.0,0.0,993.2844,0.0,0.0,287.2,284.4,-6.37,-6.631,-7.032,-6.588
2026-03-19 19:29:00,2916,12.53,,,0.0,0.0,0.0,993.3533,0.0,0.0,287.3,284.4,-6.354,-6.626,-7.036,-6.583
2026-03-19 19:30:00,2917,12.53,,,0.0,0.0,0.0,993.2784,0.0,0.0,287.4,284.4,-6.322,-6.622,-7.035,-6.578
2026-03-19 19:31:00,2918,12.53,,,0.0,0.0,0.0,993.2745,0.0,0.0,287.3,284.4,-6.341,-6.616,-7.017,-6.572
2026-03-19 19:32:00,2919,12.53,,,0.0,0.0,0.0,993.277,0.0,0.0,287.4,284.4,-6.318,-6.611,-7.029,-6.567
2026-03-19 19:33:00,2920,12.53,,,0.0,0.0,0.0,993.2789,0.0,0.0,287.4,284.4,-6.317,-6.607,-7.033,-6.562
2026-03-19 19:34:00,2921,12.53,,,0.0,0.0,0.0,993.2804,0.0,0.0,287.2,284.4,-6.361,-6.602,-7.024,-6.558
2026-03-19 19:35:00,2922,12.53,,,0.0,0.0,0.0,993.2131,0.0,0.0,287.3,284.4,-6.354,-6.598,-7.014,-6.553
2026-03-19 19:36:00,2923,12.53,,,0.0,0.0,0.0,993.2141,0.0,0.0,287.2,284.5,-6.362,-6.593,-7.006,-6.548
2026-03-19 19:37:00,2924,12.53,,,0.0,0.0,0.0,993.2834,0.0,0.0,287.3,284.5,-6.342,-6.588,-7.002,-6.543
2026-03-19 19:38:00,2925,12.53,,,0.0,0.0,0.0,993.2092,0.0,0.0,287.5,284.6,-6.299,-6.582,-6.976,-6.538
2026-03-19 19:39:00,2926,12.53,,,0.0,0.0,0.0,993.2111,0.0,0.0,287.6,284.6,-6.291,-6.576,-6.982,-6.532
2026-03-19 19:40:00,2927,12.53,,,0.0,0.0,0.0,993.2057,0.0,0.0,287.5,284.7,-6.296,-6.57,-6.964,-6.526
2026-03-19 19:41:00,2928,12.53,,,0.0,0.0,0.0,993.2081,0.0,0.0,287.5,284.7,-6.298,-6.563,-6.949,-6.519
2026-03-19 19:42:00,2929,12.53,,,0.0,0.0,0.0,993.2034,0.0,0.0,287.4,284.9,-6.337,-6.556,-6.902,-6.512
2026-03-19 19:43:00,2930,12.53,,,0.0,0.0,0.0,993.1996,0.0,0.0,287.5,285.0,-6.304,-6.548,-6.873,-6.504
2026-03-19 19:44:00,2931,12.53,,,0.0,0.0,0.0,993.1995,0.0,0.0,287.4,285.2,-6.329,-6.54,-6.849,-6.496
2026-03-19 19:45:00,2932,12.53,,,0.0,0.0,0.0,993.2032,0.0,0.0,287.4,285.2,-6.324,-6.531,-6.826,-6.488
2026-03-19 19:46:00,2933,12.53,,,0.0,0.0,0.0,993.1376,0.0,0.0,287.4,285.3,-6.334,-6.522,-6.804,-6.479
2026-03-19 19:47:00,2934,12.53,,,0.0,0.0,0.0,993.2018,0.0,0.0,287.3,285.4,-6.346,-6.513,-6.8,-6.47
2026-03-19 19:48:00,2935,12.53,,,0.0,0.0,0.0,993.0681,0.0,0.0,287.4,285.5,-6.321,-6.504,-6.761,-6.461
2026-03-19 19:49:00,2936,12.53,,,0.0,0.0,0.0,993.064,0.0,0.0,287.4,285.6,-6.324,-6.493,-6.741,-6.451
2026-03-19 19:50:00,2937,12.53,,,0.0,0.0,0.0,993.0539,0.0,0.0,287.5,285.7,-6.31,-6.483,-6.723,-6.441
2026-03-19 19:51:00,2938,12.53,,,0.0,0.0,0.0,993.0394,0.0,0.0,287.3,285.8,-6.348,-6.475,-6.702,-6.433
2026-03-19 19:52:00,2939,12.53,,,0.0,0.0,0.0,993.041,0.0,0.0,287.1,285.6,-6.399,-6.469,-6.743,-6.426
2026-03-19 19:53:00,2940,12.53,,,0.0,0.0,0.0,993.0423,0.0,0.0,287.2,285.7,-6.372,-6.464,-6.728,-6.421
2026-03-19 19:54:00,2941,12.53,,,0.0,0.0,0.0,993.0433,0.0,0.0,287.2,285.6,-6.372,-6.46,-6.749,-6.417
2026-03-19 19:55:00,2942,12.53,,,0.0,0.0,0.0,993.1744,0.0,0.0,287.2,285.6,-6.366,-6.456,-6.752,-6.413
2026-03-19 19:56:00,2943,12.53,,,0.0,0.0,0.0,993.1764,0.0,0.0,287.3,285.5,-6.355,-6.451,-6.769,-6.409
2026-03-19 19:57:00,2944,12.53,,,0.0,0.0,0.0,993.1779,0.0,0.0,287.2,285.5,-6.37,-6.447,-6.778,-6.407
2026-03-19 19:58:00,2945,12.53,,,0.0,0.0,0.0,993.1793,0.0,0.0,287.4,285.3,-6.329,-6.444,-6.826,-6.407
2026-03-19 19:59:00,2946,12.53,,,0.0,0.0,0.0,993.1668,0.0,0.0,287.3,285.2,-6.35,-6.443,-6.827,-6.409
2026-03-19 20:00:00,2947,12.53,,,0.0,0.0,0.0,993.1636,0.0,0.0,287.4,285.3,-6.324,-6.443,-6.821,-6.413
2026-03-19 20:01:00,2948,12.53,,,0.0,0.0,0.0,993.1744,0.0,0.0,287.3,285.2,-6.357,-6.445,-6.842,-6.418
2026-03-19 20:02:00,2949,12.53,,,0.0,0.0,0.0,993.1697,0.0,0.0,287.3,285.1,-6.35,-6.448,-6.849,-6.423
2026-03-19 20:03:00,2950,12.53,,,0.0,0.0,0.0,993.1659,0.0,0.0,287.2,285.1,-6.367,-6.454,-6.851,-6.429
2026-03-19 20:04:00,2951,12.53,,,0.0,0.0,0.0,993.0865,0.0,0.0,287.1,285.0,-6.391,-6.458,-6.877,-6.431
2026-03-19 20:05:00,2952,12.53,,,0.0,0.0,0.0,993.1609,0.0,0.0,287.3,285.1,-6.35,-6.459,-6.857,-6.429
2026-03-19 20:06:00,2953,12.53,,,0.0,0.0,0.0,993.0152,0.0,0.0,287.4,285.0,-6.33,-6.458,-6.894,-6.427
2026-03-19 20:07:00,2954,12.53,,,0.0,0.0,0.0,993.0216,0.0,0.0,287.5,285.0,-6.306,-6.456,-6.881,-6.424
2026-03-19 20:08:00,2955,12.53,,,0.0,0.0,0.0,993.0134,0.0,0.0,287.6,284.9,-6.284,-6.454,-6.899,-6.42
2026-03-19 20:09:00,2956,12.53,,,0.0,0.0,0.0,993.0067,0.0,0.0,287.4,284.8,-6.333,-6.453,-6.928,-6.417
2026-03-19 20:10:00,2957,12.53,,,0.0,0.0,0.0,993.0133,0.0,0.0,287.2,284.7,-6.374,-6.451,-6.947,-6.415
2026-03-19 20:11:00,2958,12.53,,,0.0,0.0,0.0,993.0201,0.0,0.0,287.1,284.6,-6.388,-6.451,-6.969,-6.414
2026-03-19 20:12:00,2959,12.53,,,0.0,0.0,0.0,993.0873,0.0,0.0,287.1,284.6,-6.404,-6.452,-6.971,-6.413
2026-03-19 20:13:00,2960,12.53,,,0.0,0.0,0.0,993.1481,0.0,0.0,286.9,284.6,-6.438,-6.454,-6.972,-6.414
2026-03-19 20:14:00,2961,12.53,,,0.0,0.0,0.0,993.1486,0.0,0.0,286.8,284.6,-6.46,-6.458,-6.975,-6.416
2026-03-19 20:15:00,2962,12.53,,,0.0,0.0,0.0,993.149,0.0,0.0,286.8,284.7,-6.472,-6.462,-6.946,-6.419
2026-03-19 20:16:00,2963,12.53,,,0.0,0.0,0.0,993.1426,0.0,0.0,286.9,284.8,-6.45,-6.465,-6.923,-6.42
2026-03-19 20:17:00,2964,12.53,,,0.0,0.0,0.0,992.9951,0.0,0.0,287.0,284.9,-6.428,-6.466,-6.914,-6.421
2026-03-19 20:18:00,2965,12.53,,,0.0,0.0,0.0,993.0673,0.0,0.0,287.0,284.9,-6.424,-6.467,-6.913,-6.421
2026-03-19 20:19:00,2966,12.53,,,0.0,0.0,0.0,992.9951,0.0,0.0,287.2,284.9,-6.366,-6.467,-6.915,-6.42
2026-03-19 20:20:00,2967,12.53,,,0.0,0.0,0.0,992.9921,0.0,0.0,287.3,284.9,-6.358,-6.467,-6.915,-6.419
2026-03-19 20:21:00,2968,12.53,,,0.0,0.0,0.0,993.0031,0.0,0.0,287.3,284.9,-6.348,-6.466,-6.915,-6.419
2026-03-19 20:22:00,2969,12.53,,,0.0,0.0,0.0,992.9985,0.0,0.0,287.4,284.9,-6.315,-6.466,-6.902,-6.417
2026-03-19 20:23:00,2970,12.53,,,0.0,0.0,0.0,992.9288,0.0,0.0,287.3,284.9,-6.349,-6.465,-6.916,-6.415
2026-03-19 20:24:00,2971,12.53,,,0.0,0.0,0.0,992.9321,0.0,0.0,287.3,284.8,-6.347,-6.464,-6.94,-6.414
2026-03-19 20:25:00,2972,12.53,,,0.0,0.0,0.0,992.8528,0.0,0.0,287.3,284.7,-6.355,-6.462,-6.946,-6.413
2026-03-19 20:26:00,2973,12.53,,,0.0,0.0,0.0,992.9193,0.0,0.0,287.2,284.7,-6.379,-6.461,-6.946,-6.411
2026-03-19 20:27:00,2974,12.53,,,0.0,0.0,0.0,992.993,0.0,0.0,287.0,284.6,-6.417,-6.461,-6.985,-6.41
2026-03-19 20:28:00,2975,12.53,,,0.0,0.0,0.0,993.059,0.0,0.0,286.9,284.6,-6.441,-6.463,-6.988,-6.412
2026-03-19 20:29:00,2976,12.53,,,0.0,0.0,0.0,993.0569,0.0,0.0,286.8,284.6,-6.467,-6.464,-6.968,-6.413
2026-03-19 20:30:00,2977,12.52,,,0.0,0.0,0.0,993.066,0.0,0.0,286.8,284.7,-6.46,-6.467,-6.957,-6.416
2026-03-19 20:31:00,2978,12.52,,,0.0,0.0,0.0,993.0008,0.0,0.0,286.8,284.8,-6.454,-6.47,-6.94,-6.418
2026-03-19 20:32:00,2979,12.53,,,0.0,0.0,0.0,992.9899,0.0,0.0,286.9,284.9,-6.431,-6.471,-6.914,-6.419
2026-03-19 20:33:00,2980,12.53,,,0.0,0.0,0.0,993.0632,0.0,0.0,286.9,285.0,-6.434,-6.472,-6.89,-6.419
2026-03-19 20:34:00,2981,12.53,,,0.0,0.0,0.0,993.1355,0.0,0.0,287.0,285.1,-6.421,-6.473,-6.87,-6.419
2026-03-19 20:35:00,2982,12.53,,,0.0,0.0,0.0,993.1318,0.0,0.0,287.1,285.1,-6.389,-6.472,-6.862,-6.419
2026-03-19 20:36:00,2983,12.53,,,0.0,0.0,0.0,993.1332,0.0,0.0,287.1,285.2,-6.4,-6.471,-6.843,-6.418
2026-03-19 20:37:00,2984,12.53,,,0.0,0.0,0.0,993.0548,0.0,0.0,287.0,285.3,-6.415,-6.47,-6.821,-6.417
2026-03-19 20:38:00,2985,12.53,,,0.0,0.0,0.0,993.0535,0.0,0.0,287.2,285.3,-6.363,-6.469,-6.823,-6.415
2026-03-19 20:39:00,2986,12.53,,,0.0,0.0,0.0,993.0458,0.0,0.0,287.1,285.4,-6.401,-6.467,-6.788,-6.413
2026-03-19 20:40:00,2987,12.53,,,0.0,0.0,0.0,992.9779,0.0,0.0,287.2,285.6,-6.382,-6.465,-6.745,-6.41
2026-03-19 20:41:00,2988,12.53,,,0.0,0.0,0.0,992.9716,0.0,0.0,287.3,285.7,-6.34,-6.461,-6.711,-6.406
2026-03-19 20:42:00,2989,12.53,,,0.0,0.0,0.0,992.9733,0.0,0.0,287.4,285.9,-6.324,-6.455,-6.685,-6.4
2026-03-19 20:43:00,2990,12.52,,,0.0,0.0,0.0,992.969,0.0,0.0,287.6,286.0,-6.268,-6.448,-6.66,-6.393
2026-03-19 20:44:00,2991,12.52,,,0.0,0.0,0.0,992.9713,0.0,0.0,287.6,286.1,-6.281,-6.441,-6.623,-6.385
2026-03-19 20:45:00,2992,12.52,,,0.0,0.0,0.0,992.9663,0.0,0.0,287.8,286.3,-6.24,-6.433,-6.589,-6.377
2026-03-19 20:46:00,2993,12.52,,,0.0,0.0,0.0,992.9623,0.0,0.0,287.8,286.3,-6.233,-6.425,-6.592,-6.368
2026-03-19 20:47:00,2994,12.52,,,0.0,0.0,0.0,992.9658,0.0,0.0,287.9,286.4,-6.214,-6.416,-6.559,-6.36
2026-03-19 20:48:00,2995,12.52,,,0.0,0.0,0.0,992.962,0.0,0.0,288.1,286.3,-6.156,-6.406,-6.575,-6.351
2026-03-19 20:49:00,2996,12.52,,,0.0,0.0,0.0,992.9564,0.0,0.0,288.2,286.4,-6.137,-6.396,-6.555,-6.341
2026-03-19 20:50:00,2997,12.52,,,0.0,0.0,0.0,992.9611,0.0,0.0,288.2,286.4,-6.128,-6.386,-6.563,-6.332
2026-03-19 20:51:00,2998,12.52,,,0.0,0.0,0.0,993.0334,0.0,0.0,288.2,286.3,-6.135,-6.376,-6.577,-6.323
2026-03-19 20:52:00,2999,12.52,,,0.0,0.0,0.0,993.0981,0.0,0.0,288.2,286.4,-6.131,-6.367,-6.55,-6.314
2026-03-19 20:53:00,3000,12.52,,,0.0,0.0,0.0,993.0267,0.0,0.0,288.3,286.4,-6.124,-6.357,-6.547,-6.304
2026-03-19 20:54:00,3001,12.52,,,0.0,0.0,0.0,993.0244,0.0,0.0,288.3,286.4,-6.116,-6.348,-6.558,-6.294
2026-03-19 20:55:00,3002,12.52,,,0.0,0.0,0.0,993.0225,0.0,0.0,288.4,286.4,-6.097,-6.339,-6.554,-6.285
2026-03-19 20:56:00,3003,12.52,,,0.0,0.0,0.0,993.0198,0.0,0.0,288.3,286.4,-6.114,-6.33,-6.568,-6.277
2026-03-19 20:57:00,3004,12.52,,,0.0,0.0,0.0,992.9503,0.0,0.0,288.2,286.4,-6.139,-6.323,-6.548,-6.269
2026-03-19 20:58:00,3005,12.53,,,0.0,0.0,0.0,993.0247,0.0,0.0,288.2,286.4,-6.129,-6.316,-6.561,-6.262
2026-03-19 20:59:00,3006,12.53,,,0.0,0.0,0.0,992.9611,0.0,0.0,288.2,286.4,-6.139,-6.308,-6.547,-6.255
2026-03-19 21:00:00,3007,12.52,,,0.0,0.0,0.0,992.9581,0.0,0.0,288.3,286.6,-6.106,-6.301,-6.519,-6.248
2026-03-19 21:01:00,3008,12.52,,,0.0,0.0,0.0,992.9625,0.0,0.0,288.4,286.5,-6.089,-6.293,-6.539,-6.24
2026-03-19 21:02:00,3009,12.52,,,0.0,0.0,0.0,992.9689,0.0,0.0,288.6,286.6,-6.059,-6.285,-6.515,-6.232
2026-03-19 21:03:00,3010,12.52,,,0.0,0.0,0.0,992.9644,0.0,0.0,288.6,286.5,-6.036,-6.277,-6.533,-6.224
2026-03-19 21:04:00,3011,12.52,,,0.0,0.0,0.0,992.9608,0.0,0.0,288.6,286.5,-6.044,-6.269,-6.523,-6.216
2026-03-19 21:05:00,3012,12.52,,,0.0,0.0,0.0,993.0331,0.0,0.0,288.6,286.5,-6.049,-6.26,-6.542,-6.208
2026-03-19 21:06:00,3013,12.52,,,0.0,0.0,0.0,993.098,0.0,0.0,288.6,286.6,-6.058,-6.252,-6.512,-6.2
2026-03-19 21:07:00,3014,12.52,,,0.0,0.0,0.0,993.0266,0.0,0.0,288.6,286.6,-6.048,-6.244,-6.522,-6.191
2026-03-19 21:08:00,3015,12.52,,,0.0,0.0,0.0,993.0242,0.0,0.0,288.7,286.8,-6.03,-6.235,-6.467,-6.183
2026-03-19 21:09:00,3016,12.52,,,0.0,0.0,0.0,992.9524,0.0,0.0,288.7,286.8,-6.02,-6.226,-6.463,-6.174
2026-03-19 21:10:00,3017,12.52,,,0.0,0.0,0.0,992.9512,0.0,0.0,288.8,286.8,-6.004,-6.217,-6.456,-6.165
2026-03-19 21:11:00,3018,12.52,,,0.0,0.0,0.0,992.9502,0.0,0.0,288.9,286.8,-5.981,-6.207,-6.466,-6.156
2026-03-19 21:12:00,3019,12.52,,,0.0,0.0,0.0,993.0247,0.0,0.0,288.9,286.9,-5.98,-6.198,-6.435,-6.147
2026-03-19 21:13:00,3020,12.52,,,0.0,0.0,0.0,993.0227,0.0,0.0,288.8,287.0,-6.009,-6.188,-6.417,-6.137
2026-03-19 21:14:00,3021,12.52,,,0.0,0.0,0.0,993.0211,0.0,0.0,288.9,287.1,-5.975,-6.177,-6.404,-6.127
2026-03-19 21:15:00,3022,12.52,,,0.0,0.0,0.0,992.9504,0.0,0.0,288.9,287.2,-5.984,-6.166,-6.375,-6.116
2026-03-19 21:16:00,3023,12.52,,,0.0,0.0,0.0,992.9564,0.0,0.0,289.0,287.2,-5.96,-6.155,-6.371,-6.105
2026-03-19 21:17:00,3024,12.52,,,0.0,0.0,0.0,992.9543,0.0,0.0,289.0,287.3,-5.944,-6.143,-6.356,-6.094
2026-03-19 21:18:00,3025,12.52,,,0.0,0.0,0.0,992.9528,0.0,0.0,289.0,287.3,-5.959,-6.131,-6.344,-6.082
2026-03-19 21:19:00,3026,12.52,,,0.0,0.0,0.0,992.9515,0.0,0.0,288.9,287.5,-5.978,-6.118,-6.302,-6.07
2026-03-19 21:20:00,3027,12.52,,,0.0,0.0,0.0,992.8135,0.0,0.0,289.2,287.6,-5.915,-6.105,-6.27,-6.057
2026-03-19 21:21:00,3028,12.52,,,0.0,0.0,0.0,992.8812,0.0,0.0,289.1,287.6,-5.936,-6.092,-6.276,-6.045
2026-03-19 21:22:00,3029,12.52,,,0.0,0.0,0.0,992.8115,0.0,0.0,289.1,287.6,-5.941,-6.079,-6.273,-6.032
2026-03-19 21:23:00,3030,12.52,,,0.0,0.0,0.0,992.9481,0.0,0.0,289.1,287.7,-5.94,-6.066,-6.265,-6.019
2026-03-19 21:24:00,3031,12.52,,,0.0,0.0,0.0,992.9478,0.0,0.0,289.1,287.8,-5.934,-6.053,-6.242,-6.006
2026-03-19 21:25:00,3032,12.52,,,0.0,0.0,0.0,992.9475,0.0,0.0,289.2,287.7,-5.914,-6.04,-6.259,-5.994
2026-03-19 21:26:00,3033,12.52,,,0.0,0.0,0.0,992.8788,0.0,0.0,289.2,287.7,-5.914,-6.027,-6.256,-5.982
2026-03-19 21:27:00,3034,12.52,,,0.0,0.0,0.0,992.9471,0.0,0.0,289.3,287.7,-5.887,-6.015,-6.253,-5.97
2026-03-19 21:28:00,3035,12.52,,,0.0,0.0,0.0,992.8099,0.0,0.0,289.2,287.8,-5.912,-6.002,-6.231,-5.958
2026-03-19 21:29:00,3036,12.52,,,0.0,0.0,0.0,992.8098,0.0,0.0,289.2,287.8,-5.912,-5.99,-6.243,-5.946
2026-03-19 21:30:00,3037,12.52,,,0.0,0.0,0.0,992.8782,0.0,0.0,289.2,287.7,-5.904,-5.979,-6.257,-5.935
2026-03-19 21:31:00,3038,12.52,,,0.0,0.0,0.0,992.8097,0.0,0.0,289.2,287.6,-5.902,-5.968,-6.283,-5.924
2026-03-19 21:32:00,3039,12.52,,,0.0,0.0,0.0,992.8096,0.0,0.0,289.3,287.7,-5.896,-5.957,-6.266,-5.913
2026-03-19 21:33:00,3040,12.52,,,0.0,0.0,0.0,992.8096,0.0,0.0,289.3,287.6,-5.888,-5.947,-6.287,-5.903
2026-03-19 21:34:00,3041,12.52,,,0.0,0.0,0.0,992.8096,0.0,0.0,289.3,287.4,-5.885,-5.937,-6.315,-5.893
2026-03-19 21:35:00,3042,12.52,,,0.0,0.0,0.0,992.8096,0.0,0.0,289.2,287.4,-5.899,-5.927,-6.326,-5.884
2026-03-19 21:36:00,3043,12.52,,,0.0,0.0,0.0,992.8096,0.0,0.0,289.0,287.3,-5.949,-5.919,-6.34,-5.876
2026-03-19 21:37:00,3044,12.52,,,0.0,0.0,0.0,992.8096,0.0,0.0,288.8,287.2,-5.99,-5.912,-6.376,-5.869
2026-03-19 21:38:00,3045,12.52,,,0.0,0.0,0.0,992.8096,0.0,0.0,288.9,286.9,-5.982,-5.906,-6.434,-5.864
2026-03-19 21:39:00,3046,12.52,,,0.0,0.0,0.0,992.8096,0.0,0.0,288.8,286.9,-6.011,-5.901,-6.431,-5.861
2026-03-19 21:40:00,3047,12.52,,,0.0,0.0,0.0,992.8096,0.0,0.0,288.8,286.8,-5.992,-5.898,-6.46,-5.858
2026-03-19 21:41:00,3048,12.52,,,0.0,0.0,0.0,992.8096,0.0,0.0,288.8,286.8,-5.992,-5.896,-6.456,-5.855
2026-03-19 21:42:00,3049,12.52,,,0.0,0.0,0.0,992.8096,0.0,0.0,288.9,286.9,-5.986,-5.893,-6.443,-5.853
2026-03-19 21:43:00,3050,12.52,,,0.0,0.0,0.0,992.8096,0.0,0.0,288.8,286.9,-5.994,-5.893,-6.451,-5.854
2026-03-19 21:44:00,3051,12.52,,,0.0,0.0,0.0,992.8096,0.0,0.0,288.7,286.7,-6.028,-5.894,-6.486,-5.856
2026-03-19 21:45:00,3052,12.52,,,0.0,0.0,0.0,992.8096,0.0,0.0,288.7,286.7,-6.029,-5.896,-6.488,-5.858
2026-03-19 21:46:00,3053,12.52,,,0.0,0.0,0.0,992.8096,0.0,0.0,288.7,286.6,-6.025,-5.897,-6.515,-5.86
2026-03-19 21:47:00,3054,12.52,,,0.0,0.0,0.0,992.8096,0.0,0.0,288.7,286.5,-6.031,-5.899,-6.524,-5.862
2026-03-19 21:48:00,3055,12.52,,,0.0,0.0,0.0,992.8096,0.0,0.0,288.8,286.4,-5.999,-5.901,-6.569,-5.865
2026-03-19 21:49:00,3056,12.52,,,0.0,0.0,0.0,992.8096,0.0,0.0,288.8,286.5,-6.009,-5.902,-6.535,-5.868
2026-03-19 21:50:00,3057,12.52,,,0.0,0.0,0.0,992.8096,0.0,0.0,288.8,286.4,-6.012,-5.904,-6.548,-5.874
2026-03-19 21:51:00,3058,12.52,,,0.0,0.0,0.0,992.8096,0.0,0.0,288.6,286.5,-6.053,-5.907,-6.541,-5.881
2026-03-19 21:52:00,3059,12.52,,,0.0,0.0,0.0,992.8096,0.0,0.0,288.6,286.5,-6.055,-5.913,-6.539,-5.891
2026-03-19 21:53:00,3060,12.52,,,0.0,0.0,0.0,992.7411,0.0,0.0,288.5,286.1,-6.071,-5.921,-6.625,-5.905
2026-03-19 21:54:00,3061,12.52,,,0.0,0.0,0.0,992.8096,0.0,0.0,288.3,286.2,-6.109,-5.932,-6.615,-5.924
2026-03-19 21:55:00,3062,12.52,,,0.0,0.0,0.0,992.7411,0.0,0.0,288.3,286.0,-6.111,-5.945,-6.644,-5.945
2026-03-19 21:56:00,3063,12.52,,,0.0,0.0,0.0,992.6726,0.0,0.0,288.4,286.0,-6.105,-5.956,-6.655,-5.959
2026-03-19 21:57:00,3064,12.52,,,0.0,0.0,0.0,992.6726,0.0,0.0,288.3,286.0,-6.12,-5.965,-6.656,-5.969
2026-03-19 21:58:00,3065,12.52,,,0.0,0.0,0.0,992.6726,0.0,0.0,288.2,285.7,-6.131,-5.975,-6.718,-5.981
2026-03-19 21:59:00,3066,12.52,,,0.0,0.0,0.0,992.6726,0.0,0.0,288.2,285.8,-6.144,-5.985,-6.706,-5.993
2026-03-19 22:00:00,3067,12.52,,,0.0,0.0,0.0,992.6726,0.0,0.0,288.1,285.7,-6.158,-5.995,-6.727,-6.004
2026-03-19 22:01:00,3068,12.52,,,0.0,0.0,0.0,992.6726,0.0,0.0,288.2,285.6,-6.144,-6.003,-6.738,-6.014
2026-03-19 22:02:00,3069,12.52,,,0.0,0.0,0.0,992.6726,0.0,0.0,288.2,285.7,-6.142,-6.011,-6.72,-6.023
2026-03-19 22:03:00,3070,12.52,,,0.0,0.0,0.0,992.6726,0.0,0.0,288.3,285.6,-6.117,-6.02,-6.749,-6.033
2026-03-19 22:04:00,3071,12.52,,,0.0,0.0,0.0,992.6726,0.0,0.0,288.2,285.6,-6.146,-6.028,-6.739,-6.042
2026-03-19 22:05:00,3072,12.52,,,0.0,0.0,0.0,992.6726,0.0,0.0,288.2,285.7,-6.138,-6.036,-6.732,-6.051
2026-03-19 22:06:00,3073,12.52,,,0.0,0.0,0.0,992.6726,0.0,0.0,288.3,285.7,-6.109,-6.042,-6.715,-6.058
2026-03-19 22:07:00,3074,12.52,,,0.0,0.0,0.0,992.6726,0.0,0.0,288.4,285.7,-6.094,-6.049,-6.716,-6.066
2026-03-19 22:08:00,3075,12.52,,,0.0,0.0,0.0,992.6726,0.0,0.0,288.4,285.6,-6.087,-6.055,-6.739,-6.074
2026-03-19 22:09:00,3076,12.52,,,0.0,0.0,0.0,992.6041,0.0,0.0,288.4,285.7,-6.101,-6.063,-6.731,-6.081
2026-03-19 22:10:00,3077,12.52,,,0.0,0.0,0.0,992.5356,0.0,0.0,288.4,285.6,-6.094,-6.071,-6.736,-6.088
2026-03-19 22:11:00,3078,12.52,,,0.0,0.0,0.0,992.5356,0.0,0.0,288.6,285.7,-6.051,-6.077,-6.715,-6.093
2026-03-19 22:12:00,3079,12.52,,,0.0,0.0,0.0,992.5356,0.0,0.0,288.6,285.8,-6.055,-6.081,-6.693,-6.095
2026-03-19 22:13:00,3080,12.52,,,0.0,0.0,0.0,992.5356,0.0,0.0,288.5,285.7,-6.067,-6.084,-6.712,-6.095
2026-03-19 22:14:00,3081,12.52,,,0.0,0.0,0.0,992.5356,0.0,0.0,288.5,285.7,-6.062,-6.087,-6.72,-6.093
2026-03-19 22:15:00,3082,12.52,,,0.0,0.0,0.0,992.5356,0.0,0.0,288.3,285.7,-6.121,-6.088,-6.73,-6.092
2026-03-19 22:16:00,3083,12.52,,,0.0,0.0,0.0,992.5356,0.0,0.0,288.2,285.5,-6.133,-6.09,-6.775,-6.091
2026-03-19 22:17:00,3084,12.52,,,0.0,0.0,0.0,992.5356,0.0,0.0,288.2,285.5,-6.143,-6.091,-6.779,-6.09
2026-03-19 22:18:00,3085,12.52,,,0.0,0.0,0.0,992.5356,0.0,0.0,288.1,285.3,-6.156,-6.092,-6.824,-6.089
2026-03-19 22:19:00,3086,12.52,,,0.0,0.0,0.0,992.5356,0.0,0.0,288.1,285.1,-6.16,-6.094,-6.868,-6.089
2026-03-19 22:20:00,3087,12.52,,,0.0,0.0,0.0,992.5356,0.0,0.0,288.0,285.0,-6.18,-6.096,-6.877,-6.09
2026-03-19 22:21:00,3088,12.52,,,0.0,0.0,0.0,992.5356,0.0,0.0,287.7,284.9,-6.254,-6.101,-6.902,-6.093
2026-03-19 22:22:00,3089,12.52,,,0.0,0.0,0.0,992.5356,0.0,0.0,287.7,284.8,-6.256,-6.106,-6.925,-6.096
2026-03-19 22:23:00,3090,12.52,,,0.0,0.0,0.0,992.5356,0.0,0.0,287.7,284.7,-6.26,-6.111,-6.951,-6.1
2026-03-19 22:24:00,3091,12.52,,,0.0,0.0,0.0,992.3987,0.0,0.0,287.7,284.6,-6.264,-6.116,-6.972,-6.102
2026-03-19 22:25:00,3092,12.52,,,0.0,0.0,0.0,992.3987,0.0,0.0,287.7,284.6,-6.266,-6.122,-6.982,-6.106
2026-03-19 22:26:00,3093,12.52,,,0.0,0.0,0.0,992.3987,0.0,0.0,287.7,284.5,-6.266,-6.13,-7.007,-6.111
2026-03-19 22:27:00,3094,12.52,,,0.0,0.0,0.0,992.3987,0.0,0.0,287.4,284.4,-6.332,-6.138,-7.036,-6.118
2026-03-19 22:28:00,3095,12.52,,,0.0,0.0,0.0,992.3987,0.0,0.0,287.3,284.2,-6.356,-6.154,-7.08,-6.131
2026-03-19 22:29:00,3096,12.52,,,0.0,0.0,0.0,992.3987,0.0,0.0,287.5,284.1,-6.31,-6.167,-7.105,-6.14
2026-03-19 22:30:00,3097,12.52,,,0.0,0.0,0.0,992.3987,0.0,0.0,287.4,284.2,-6.323,-6.177,-7.07,-6.148
2026-03-19 22:31:00,3098,12.52,,,0.0,0.0,0.0,992.3987,0.0,0.0,287.5,284.3,-6.293,-6.189,-7.042,-6.156
2026-03-19 22:32:00,3099,12.52,,,0.0,0.0,0.0,992.3987,0.0,0.0,287.6,284.4,-6.287,-6.198,-7.033,-6.164
2026-03-19 22:33:00,3100,12.52,,,0.0,0.0,0.0,992.3987,0.0,0.0,287.6,284.4,-6.273,-6.207,-7.034,-6.171
2026-03-19 22:34:00,3101,12.52,,,0.0,0.0,0.0,992.3987,0.0,0.0,287.6,284.4,-6.272,-6.216,-7.023,-6.178
2026-03-19 22:35:00,3102,12.52,,,0.0,0.0,0.0,992.5356,0.0,0.0,287.6,284.5,-6.273,-6.225,-6.993,-6.187
2026-03-19 22:36:00,3103,12.52,,,0.0,0.0,0.0,992.5356,0.0,0.0,287.5,284.5,-6.301,-6.238,-6.993,-6.198
2026-03-19 22:37:00,3104,12.52,,,0.0,0.0,0.0,992.4672,0.0,0.0,287.5,284.5,-6.301,-6.253,-6.998,-6.214
2026-03-19 22:38:00,3105,12.52,,,0.0,0.0,0.0,992.5356,0.0,0.0,287.6,284.6,-6.288,-6.271,-6.979,-6.235
2026-03-19 22:39:00,3106,12.52,,,0.0,0.0,0.0,992.3987,0.0,0.0,287.5,284.6,-6.297,-6.292,-6.973,-6.257
2026-03-19 22:40:00,3107,12.52,,,0.0,0.0,0.0,992.3987,0.0,0.0,287.5,284.7,-6.31,-6.311,-6.96,-6.276
2026-03-19 22:41:00,3108,12.52,,,0.0,0.0,0.0,992.3987,0.0,0.0,287.3,284.9,-6.338,-6.329,-6.911,-6.291
2026-03-19 22:42:00,3109,12.52,,,0.0,0.0,0.0,992.3987,0.0,0.0,287.5,284.9,-6.312,-6.342,-6.904,-6.301
2026-03-19 22:43:00,3110,12.52,,,0.0,0.0,0.0,992.3987,0.0,0.0,287.5,285.0,-6.31,-6.355,-6.886,-6.311
2026-03-19 22:44:00,3111,12.52,,,0.0,0.0,0.0,992.3987,0.0,0.0,287.4,285.0,-6.321,-6.366,-6.889,-6.318
2026-03-19 22:45:00,3112,12.52,,,0.0,0.0,0.0,992.3987,0.0,0.0,287.3,285.1,-6.337,-6.375,-6.869,-6.324
2026-03-19 22:46:00,3113,12.52,,,0.0,0.0,0.0,992.3987,0.0,0.0,287.4,285.1,-6.317,-6.383,-6.858,-6.328
2026-03-19 22:47:00,3114,12.52,,,0.0,0.0,0.0,992.3987,0.0,0.0,287.4,285.1,-6.326,-6.389,-6.869,-6.333
2026-03-19 22:48:00,3115,12.52,,,0.0,0.0,0.0,992.3302,0.0,0.0,287.5,285.0,-6.3,-6.395,-6.878,-6.339
2026-03-19 22:49:00,3116,12.52,,,0.0,0.0,0.0,992.2617,0.0,0.0,287.6,285.2,-6.277,-6.4,-6.836,-6.343
2026-03-19 22:50:00,3117,12.52,,,0.0,0.0,0.0,992.2617,0.0,0.0,287.6,285.3,-6.273,-6.401,-6.823,-6.343
2026-03-19 22:51:00,3118,12.52,,,0.0,0.0,0.0,992.2617,0.0,0.0,287.5,285.1,-6.303,-6.401,-6.865,-6.343
2026-03-19 22:52:00,3119,12.52,,,0.0,0.0,0.0,992.2617,0.0,0.0,287.4,285.1,-6.314,-6.405,-6.871,-6.347
2026-03-19 22:53:00,3120,12.52,,,0.0,0.0,0.0,992.2617,0.0,0.0,287.4,285.2,-6.316,-6.409,-6.846,-6.351
2026-03-19 22:54:00,3121,12.52,,,0.0,0.0,0.0,992.2617,0.0,0.0,287.4,284.9,-6.331,-6.413,-6.916,-6.354
2026-03-19 22:55:00,3122,12.52,,,0.0,0.0,0.0,992.2617,0.0,0.0,287.4,284.9,-6.324,-6.42,-6.905,-6.361
2026-03-19 22:56:00,3123,12.52,,,0.0,0.0,0.0,992.2617,0.0,0.0,287.4,284.9,-6.329,-6.424,-6.907,-6.363
2026-03-19 22:57:00,3124,12.52,,,0.0,0.0,0.0,992.2617,0.0,0.0,287.2,284.8,-6.368,-6.429,-6.921,-6.366
2026-03-19 22:58:00,3125,12.52,,,0.0,0.0,0.0,992.3302,0.0,0.0,287.3,284.7,-6.356,-6.436,-6.955,-6.373
2026-03-19 22:59:00,3126,12.52,,,0.0,0.0,0.0,992.2617,0.0,0.0,287.2,284.6,-6.365,-6.444,-6.975,-6.384
2026-03-19 23:00:00,3127,12.52,,,0.0,0.0,0.0,992.3302,0.0,0.0,287.3,284.6,-6.358,-6.452,-6.988,-6.394
2026-03-19 23:01:00,3128,12.52,,,0.0,0.0,0.0,992.2617,0.0,0.0,287.1,284.5,-6.392,-6.459,-6.995,-6.401
2026-03-19 23:02:00,3129,12.52,,,0.0,0.0,0.0,992.2617,0.0,0.0,287.1,284.5,-6.397,-6.465,-7.003,-6.404
2026-03-19 23:03:00,3130,12.52,,,0.0,0.0,0.0,992.2617,0.0,0.0,287.0,284.3,-6.412,-6.471,-7.051,-6.409
2026-03-19 23:04:00,3131,12.52,,,0.0,0.0,0.0,992.2617,0.0,0.0,287.0,284.2,-6.407,-6.479,-7.07,-6.42
2026-03-19 23:05:00,3132,12.52,,,0.0,0.0,0.0,992.2617,0.0,0.0,287.0,284.1,-6.414,-6.487,-7.091,-6.428
2026-03-19 23:06:00,3133,12.52,,,0.0,0.0,0.0,992.3302,0.0,0.0,287.0,284.2,-6.409,-6.495,-7.073,-6.435
2026-03-19 23:07:00,3134,12.52,,,0.0,0.0,0.0,992.2617,0.0,0.0,287.2,284.2,-6.371,-6.5,-7.07,-6.441
2026-03-19 23:08:00,3135,12.52,,,0.0,0.0,0.0,992.3302,0.0,0.0,287.3,284.3,-6.345,-6.504,-7.055,-6.446
2026-03-19 23:09:00,3136,12.52,,,0.0,0.0,0.0,992.2617,0.0,0.0,287.4,284.3,-6.323,-6.506,-7.046,-6.449
2026-03-19 23:10:00,3137,12.52,,,0.0,0.0,0.0,992.3302,0.0,0.0,287.5,284.4,-6.294,-6.506,-7.032,-6.45
2026-03-19 23:11:00,3138,12.52,,,0.0,0.0,0.0,992.2617,0.0,0.0,287.5,284.4,-6.304,-6.504,-7.035,-6.45
2026-03-19 23:12:00,3139,12.52,,,0.0,0.0,0.0,992.3302,0.0,0.0,287.6,284.4,-6.281,-6.502,-7.031,-6.449
2026-03-19 23:13:00,3140,12.52,,,0.0,0.0,0.0,992.2617,0.0,0.0,287.7,284.4,-6.257,-6.499,-7.013,-6.447
2026-03-19 23:14:00,3141,12.52,,,0.0,0.0,0.0,992.2617,0.0,0.0,287.9,284.5,-6.221,-6.495,-6.997,-6.443
2026-03-19 23:15:00,3142,12.52,,,0.0,0.0,0.0,992.2617,0.0,0.0,287.8,284.6,-6.234,-6.489,-6.984,-6.438
2026-03-19 23:16:00,3143,12.52,,,0.0,0.0,0.0,992.2617,0.0,0.0,287.7,284.5,-6.252,-6.484,-7.003,-6.432
2026-03-19 23:17:00,3144,12.52,,,0.0,0.0,0.0,992.2617,0.0,0.0,287.8,284.6,-6.232,-6.478,-6.98,-6.427
2026-03-19 23:18:00,3145,12.52,,,0.0,0.0,0.0,992.2617,0.0,0.0,287.9,284.6,-6.209,-6.472,-6.982,-6.422
2026-03-19 23:19:00,3146,12.52,,,0.0,0.0,0.0,992.2617,0.0,0.0,287.8,284.6,-6.228,-6.465,-6.972,-6.416
2026-03-19 23:20:00,3147,12.52,,,0.0,0.0,0.0,992.2617,0.0,0.0,287.9,284.6,-6.213,-6.459,-6.975,-6.409
2026-03-19 23:21:00,3148,12.52,,,0.0,0.0,0.0,992.2617,0.0,0.0,288.0,284.6,-6.193,-6.453,-6.969,-6.403
2026-03-19 23:22:00,3149,12.52,,,0.0,0.0,0.0,992.2617,0.0,0.0,288.0,284.5,-6.185,-6.446,-6.996,-6.396
2026-03-19 23:23:00,3150,12.52,,,0.0,0.0,0.0,992.2617,0.0,0.0,287.8,284.6,-6.228,-6.44,-6.979,-6.39
2026-03-19 23:24:00,3151,12.52,,,0.0,0.0,0.0,992.2617,0.0,0.0,287.9,284.7,-6.21,-6.434,-6.963,-6.384
2026-03-19 23:25:00,3152,12.52,,,0.0,0.0,0.0,992.2617,0.0,0.0,287.9,284.7,-6.209,-6.429,-6.962,-6.379
2026-03-19 23:26:00,3153,12.52,,,0.0,0.0,0.0,992.2617,0.0,0.0,288.0,284.7,-6.195,-6.423,-6.944,-6.373
2026-03-19 23:27:00,3154,12.52,,,0.0,0.0,0.0,992.2617,0.0,0.0,288.1,284.9,-6.168,-6.417,-6.904,-6.368
2026-03-19 23:28:00,3155,12.52,,,0.0,0.0,0.0,992.2617,0.0,0.0,288.1,285.0,-6.162,-6.412,-6.884,-6.363
2026-03-19 23:29:00,3156,12.52,,,0.0,0.0,0.0,992.1932,0.0,0.0,288.2,285.0,-6.135,-6.406,-6.888,-6.357
2026-03-19 23:30:00,3157,12.52,,,0.0,0.0,0.0,992.1932,0.0,0.0,288.1,285.1,-6.165,-6.4,-6.87,-6.352
2026-03-19 23:31:00,3158,12.52,,,0.0,0.0,0.0,992.1932,0.0,0.0,288.2,285.2,-6.138,-6.394,-6.839,-6.345
2026-03-19 23:32:00,3159,12.52,,,0.0,0.0,0.0,992.1985,0.0,0.0,288.2,285.2,-6.13,-6.388,-6.83,-6.339
2026-03-19 23:33:00,3160,12.52,,,0.0,0.0,0.0,992.1974,0.0,0.0,288.2,285.4,-6.138,-6.381,-6.78,-6.332
2026-03-19 23:34:00,3161,12.52,,,0.0,0.0,0.0,992.1281,0.0,0.0,288.3,285.5,-6.117,-6.375,-6.767,-6.325
2026-03-19 23:35:00,3162,12.52,,,0.0,0.0,0.0,992.1959,0.0,0.0,288.3,285.7,-6.124,-6.368,-6.728,-6.318
2026-03-19 23:36:00,3163,12.52,,,0.0,0.0,0.0,992.1269,0.0,0.0,288.4,285.8,-6.09,-6.361,-6.706,-6.311
2026-03-19 23:37:00,3164,12.52,,,0.0,0.0,0.0,992.1265,0.0,0.0,288.3,285.7,-6.112,-6.354,-6.716,-6.304
2026-03-19 23:38:00,3165,12.52,,,0.0,0.0,0.0,992.1258,0.0,0.0,288.3,285.8,-6.115,-6.348,-6.694,-6.297
2026-03-19 23:39:00,3166,12.52,,,0.0,0.0,0.0,992.1256,0.0,0.0,288.3,285.8,-6.11,-6.341,-6.688,-6.291
2026-03-19 23:40:00,3167,12.52,,,0.0,0.0,0.0,992.1254,0.0,0.0,288.3,285.9,-6.119,-6.335,-6.673,-6.284
2026-03-19 23:41:00,3168,12.52,,,0.0,0.0,0.0,992.1252,0.0,0.0,288.4,285.9,-6.104,-6.328,-6.666,-6.278
2026-03-19 23:42:00,3169,12.52,,,0.0,0.0,0.0,992.1251,0.0,0.0,288.4,286.0,-6.09,-6.322,-6.642,-6.271
2026-03-19 23:43:00,3170,12.52,,,0.0,0.0,0.0,992.125,0.0,0.0,288.3,285.9,-6.107,-6.316,-6.671,-6.265
2026-03-19 23:44:00,3171,12.52,,,0.0,0.0,0.0,992.1249,0.0,0.0,288.4,286.0,-6.094,-6.31,-6.654,-6.26
2026-03-19 23:45:00,3172,12.52,,,0.0,0.0,0.0,992.1249,0.0,0.0,288.5,286.1,-6.079,-6.305,-6.624,-6.255
2026-03-19 23:46:00,3173,12.52,,,0.0,0.0,0.0,992.1248,0.0,0.0,288.4,286.1,-6.088,-6.3,-6.623,-6.25
2026-03-19 23:47:00,3174,12.52,,,0.0,0.0,0.0,992.0563,0.0,0.0,288.3,286.1,-6.106,-6.295,-6.632,-6.245
2026-03-19 23:48:00,3175,12.52,,,0.0,0.0,0.0,992.0563,0.0,0.0,288.3,286.1,-6.125,-6.291,-6.636,-6.241
2026-03-19 23:49:00,3176,12.52,,,0.0,0.0,0.0,992.0563,0.0,0.0,288.3,286.1,-6.114,-6.286,-6.626,-6.237
2026-03-19 23:50:00,3177,12.52,,,0.0,0.0,0.0,991.9878,0.0,0.0,288.3,286.1,-6.112,-6.282,-6.624,-6.233
2026-03-19 23:51:00,3178,12.52,,,0.0,0.0,0.0,991.993,0.0,0.0,288.4,286.2,-6.1,-6.278,-6.61,-6.229
2026-03-19 23:52:00,3179,12.52,,,0.0,0.0,0.0,991.992,0.0,0.0,288.5,286.3,-6.072,-6.273,-6.58,-6.224
2026-03-19 23:53:00,3180,12.52,,,0.0,0.0,0.0,991.9911,0.0,0.0,288.5,286.3,-6.066,-6.267,-6.576,-6.219
2026-03-19 23:54:00,3181,12.52,,,0.0,0.0,0.0,991.9905,0.0,0.0,288.6,286.4,-6.051,-6.26,-6.565,-6.212
2026-03-19 23:55:00,3182,12.52,,,0.0,0.0,0.0,991.9899,0.0,0.0,288.6,286.5,-6.048,-6.253,-6.536,-6.205
2026-03-19 23:56:00,3183,12.52,,,0.0,0.0,0.0,991.9895,0.0,0.0,288.6,286.6,-6.036,-6.245,-6.512,-6.198
2026-03-19 23:57:00,3184,12.52,,,0.0,0.0,0.0,991.9891,0.0,0.0,288.7,286.6,-6.032,-6.238,-6.509,-6.191
2026-03-19 23:58:00,3185,12.52,,,0.0,0.0,0.0,991.9886,0.0,0.0,288.7,286.7,-6.015,-6.231,-6.496,-6.184
2026-03-19 23:59:00,3186,12.52,,,0.0,0.0,0.0,991.9199,0.0,0.0,288.7,286.6,-6.018,-6.223,-6.506,-6.177
2026-03-20 00:00:00,3187,12.52,,,0.0,0.0,0.0,991.8513,0.0,0.0,288.7,286.7,-6.019,-6.216,-6.496,-6.17
2026-03-20 00:01:00,3188,12.52,,,0.0,0.0,0.0,991.8512,0.0,0.0,288.7,286.7,-6.022,-6.209,-6.479,-6.163
2026-03-20 00:02:00,3189,12.52,,,0.0,0.0,0.0,991.8511,0.0,0.0,288.7,286.8,-6.018,-6.202,-6.467,-6.157
2026-03-20 00:03:00,3190,12.52,,,0.0,0.0,0.0,991.851,0.0,0.0,288.6,286.7,-6.036,-6.196,-6.495,-6.151
2026-03-20 00:04:00,3191,12.52,,,0.0,0.0,0.0,991.851,0.0,0.0,288.7,286.8,-6.016,-6.191,-6.465,-6.145
2026-03-20 00:05:00,3192,12.52,,,0.0,0.0,0.0,991.8508,0.0,0.0,288.7,286.7,-6.018,-6.186,-6.478,-6.14
2026-03-20 00:06:00,3193,12.52,,,0.0,0.0,0.0,991.7139,0.0,0.0,288.7,286.6,-6.025,-6.181,-6.504,-6.136
2026-03-20 00:07:00,3194,12.52,,,0.0,0.0,0.0,991.7139,0.0,0.0,288.7,286.7,-6.03,-6.177,-6.487,-6.132
2026-03-20 00:08:00,3195,12.52,,,0.0,0.0,0.0,991.7139,0.0,0.0,288.6,286.6,-6.049,-6.173,-6.501,-6.128
2026-03-20 00:09:00,3196,12.52,,,0.0,0.0,0.0,991.7139,0.0,0.0,288.6,286.7,-6.057,-6.17,-6.498,-6.125
2026-03-20 00:10:00,3197,12.52,,,0.0,0.0,0.0,991.7139,0.0,0.0,288.6,286.6,-6.057,-6.166,-6.503,-6.122
2026-03-20 00:11:00,3198,12.52,,,0.0,0.0,0.0,991.7139,0.0,0.0,288.6,286.6,-6.046,-6.163,-6.504,-6.119
2026-03-20 00:12:00,3199,12.52,,,0.0,0.0,0.0,991.7139,0.0,0.0,288.6,286.6,-6.049,-6.159,-6.51,-6.115
2026-03-20 00:13:00,3200,12.52,,,0.0,0.0,0.0,991.7139,0.0,0.0,288.6,286.7,-6.038,-6.156,-6.485,-6.112
2026-03-20 00:14:00,3201,12.52,,,0.0,0.0,0.0,991.7139,0.0,0.0,288.7,286.7,-6.029,-6.151,-6.479,-6.108
2026-03-20 00:15:00,3202,12.52,,,0.0,0.0,0.0,991.7139,0.0,0.0,288.6,286.7,-6.041,-6.147,-6.478,-6.103
2026-03-20 00:16:00,3203,12.52,,,0.0,0.0,0.0,991.7139,0.0,0.0,288.7,286.7,-6.022,-6.142,-6.488,-6.099
2026-03-20 00:17:00,3204,12.52,,,0.0,0.0,0.0,991.7139,0.0,0.0,288.7,286.7,-6.021,-6.137,-6.478,-6.094
2026-03-20 00:18:00,3205,12.52,,,0.0,0.0,0.0,991.7139,0.0,0.0,288.7,286.8,-6.023,-6.132,-6.467,-6.088
2026-03-20 00:19:00,3206,12.52,,,0.0,0.0,0.0,991.7139,0.0,0.0,288.8,286.8,-6.003,-6.126,-6.463,-6.082
2026-03-20 00:20:00,3207,12.52,,,0.0,0.0,0.0,991.7139,0.0,0.0,288.7,286.9,-6.015,-6.12,-6.44,-6.076
2026-03-20 00:21:00,3208,12.52,,,0.0,0.0,0.0,991.7139,0.0,0.0,288.9,286.9,-5.981,-6.114,-6.436,-6.07
2026-03-20 00:22:00,3209,12.52,,,0.0,0.0,0.0,991.7139,0.0,0.0,288.8,287.0,-6.004,-6.107,-6.41,-6.062
2026-03-20 00:23:00,3210,12.52,,,0.0,0.0,0.0,991.7139,0.0,0.0,289.0,287.1,-5.962,-6.099,-6.405,-6.054
2026-03-20 00:24:00,3211,12.52,,,0.0,0.0,0.0,991.7139,0.0,0.0,289.0,287.1,-5.963,-6.09,-6.387,-6.044
2026-03-20 00:25:00,3212,12.52,,,0.0,0.0,0.0,991.7139,0.0,0.0,289.0,287.0,-5.95,-6.081,-6.418,-6.033
2026-03-20 00:26:00,3213,12.52,,,0.0,0.0,0.0,991.7139,0.0,0.0,289.1,286.8,-5.942,-6.072,-6.456,-6.023
2026-03-20 00:27:00,3214,12.52,,,0.0,0.0,0.0,991.5769,0.0,0.0,289.0,286.8,-5.957,-6.062,-6.455,-6.012
2026-03-20 00:28:00,3215,12.52,,,0.0,0.0,0.0,991.5769,0.0,0.0,289.1,286.7,-5.941,-6.052,-6.479,-6.002
2026-03-20 00:29:00,3216,12.52,,,0.0,0.0,0.0,991.5769,0.0,0.0,289.1,286.6,-5.927,-6.043,-6.5,-5.992
2026-03-20 00:30:00,3217,12.52,,,0.0,0.0,0.0,991.5769,0.0,0.0,288.9,286.5,-5.967,-6.033,-6.546,-5.983
2026-03-20 00:31:00,3218,12.52,,,0.0,0.0,0.0,991.5769,0.0,0.0,288.9,286.3,-5.985,-6.025,-6.584,-5.973
2026-03-20 00:32:00,3219,12.52,,,0.0,0.0,0.0,991.5769,0.0,0.0,288.9,286.2,-5.988,-6.016,-6.603,-5.965
2026-03-20 00:33:00,3220,12.52,,,0.0,0.0,0.0,991.5769,0.0,0.0,288.8,285.9,-6.012,-6.009,-6.675,-5.957
2026-03-20 00:34:00,3221,12.52,,,0.0,0.0,0.0,991.5769,0.0,0.0,288.7,285.8,-6.034,-6.002,-6.705,-5.95
2026-03-20 00:35:00,3222,12.52,,,0.0,0.0,0.0,991.5769,0.0,0.0,288.5,285.7,-6.059,-5.996,-6.729,-5.944
2026-03-20 00:36:00,3223,12.52,,,0.0,0.0,0.0,991.5769,0.0,0.0,288.4,285.6,-6.082,-5.991,-6.746,-5.939
2026-03-20 00:37:00,3224,12.52,,,0.0,0.0,0.0,991.5769,0.0,0.0,288.2,285.5,-6.135,-5.988,-6.775,-5.935
2026-03-20 00:38:00,3225,12.52,,,0.0,0.0,0.0,991.5769,0.0,0.0,288.1,285.3,-6.156,-5.987,-6.814,-5.932
2026-03-20 00:39:00,3226,12.52,,,0.0,0.0,0.0,991.5769,0.0,0.0,288.1,285.3,-6.153,-5.986,-6.824,-5.93
2026-03-20 00:40:00,3227,12.52,,,0.0,0.0,0.0,991.5769,0.0,0.0,287.9,285.1,-6.202,-5.987,-6.851,-5.929
2026-03-20 00:41:00,3228,12.52,,,0.0,0.0,0.0,991.5769,0.0,0.0,287.8,285.0,-6.236,-5.989,-6.89,-5.93
2026-03-20 00:42:00,3229,12.52,,,0.0,0.0,0.0,991.5769,0.0,0.0,287.7,284.8,-6.252,-5.991,-6.933,-5.933
2026-03-20 00:43:00,3230,12.52,,,0.0,0.0,0.0,991.4399,0.0,0.0,287.7,284.7,-6.257,-5.995,-6.963,-5.936
2026-03-20 00:44:00,3231,12.52,,,0.0,0.0,0.0,991.4399,0.0,0.0,287.7,284.5,-6.25,-5.997,-7.001,-5.939
2026-03-20 00:45:00,3232,12.52,,,0.0,0.0,0.0,991.4399,0.0,0.0,287.7,284.3,-6.254,-5.998,-7.05,-5.942
2026-03-20 00:46:00,3233,12.52,,,0.0,0.0,0.0,991.4399,0.0,0.0,287.7,284.1,-6.248,-6.0,-7.085,-5.946
2026-03-20 00:47:00,3234,12.52,,,0.0,0.0,0.0,991.4399,0.0,0.0,287.8,283.8,-6.232,-6.003,-7.154,-5.949
2026-03-20 00:48:00,3235,12.52,,,0.0,0.0,0.0,991.4399,0.0,0.0,287.6,283.7,-6.269,-6.007,-7.186,-5.954
2026-03-20 00:49:00,3236,12.52,,,0.0,0.0,0.0,991.4399,0.0,0.0,287.6,283.6,-6.27,-6.012,-7.208,-5.958
2026-03-20 00:50:00,3237,12.52,,,0.0,0.0,0.0,991.4399,0.0,0.0,287.5,283.6,-6.293,-6.017,-7.223,-5.964
2026-03-20 00:51:00,3238,12.52,,,0.0,0.0,0.0,991.4399,0.0,0.0,287.6,283.7,-6.279,-6.022,-7.196,-5.969
2026-03-20 00:52:00,3239,12.52,,,0.0,0.0,0.0,991.4399,0.0,0.0,287.7,283.6,-6.263,-6.027,-7.205,-5.975
2026-03-20 00:53:00,3240,12.52,,,0.0,0.0,0.0,991.4399,0.0,0.0,287.8,283.8,-6.238,-6.032,-7.157,-5.981
2026-03-20 00:54:00,3241,12.52,,,0.0,0.0,0.0,991.4399,0.0,0.0,287.7,284.0,-6.258,-6.037,-7.124,-5.985
2026-03-20 00:55:00,3242,12.52,,,0.0,0.0,0.0,991.4399,0.0,0.0,287.8,284.1,-6.242,-6.042,-7.102,-5.99
2026-03-20 00:56:00,3243,12.52,,,0.0,0.0,0.0,991.4399,0.0,0.0,287.8,284.1,-6.238,-6.047,-7.087,-5.995
2026-03-20 00:57:00,3244,12.52,,,0.0,0.0,0.0,991.4399,0.0,0.0,287.8,284.0,-6.226,-6.052,-7.108,-5.999
2026-03-20 00:58:00,3245,12.52,,,0.0,0.0,0.0,991.4399,0.0,0.0,287.8,284.2,-6.225,-6.056,-7.07,-6.004
2026-03-20 00:59:00,3246,12.52,,,0.0,0.0,0.0,991.4399,0.0,0.0,287.9,284.3,-6.217,-6.06,-7.055,-6.008
2026-03-20 01:00:00,3247,12.52,,,0.0,0.0,0.0,991.4399,0.0,0.0,287.9,284.2,-6.204,-6.064,-7.081,-6.012
2026-03-20 01:01:00,3248,12.52,,,0.0,0.0,0.0,991.4399,0.0,0.0,287.9,284.3,-6.202,-6.067,-7.041,-6.016
2026-03-20 01:02:00,3249,12.52,,,0.0,0.0,0.0,991.3715,0.0,0.0,287.9,284.4,-6.201,-6.07,-7.017,-6.019
2026-03-20 01:03:00,3250,12.52,,,0.0,0.0,0.0,991.303,0.0,0.0,287.9,284.5,-6.211,-6.072,-7.008,-6.022
2026-03-20 01:04:00,3251,12.52,,,0.0,0.0,0.0,991.303,0.0,0.0,287.9,284.5,-6.209,-6.077,-7.003,-6.026
2026-03-20 01:05:00,3252,12.52,,,0.0,0.0,0.0,991.303,0.0,0.0,287.8,284.5,-6.241,-6.082,-7.005,-6.03
2026-03-20 01:06:00,3253,12.52,,,0.0,0.0,0.0,991.303,0.0,0.0,287.7,284.5,-6.259,-6.087,-7.011,-6.036
2026-03-20 01:07:00,3254,12.52,,,0.0,0.0,0.0,991.303,0.0,0.0,287.8,284.5,-6.225,-6.092,-6.997,-6.041
2026-03-20 01:08:00,3255,12.52,,,0.0,0.0,0.0,991.303,0.0,0.0,288.0,284.6,-6.181,-6.096,-6.98,-6.044
2026-03-20 01:09:00,3256,12.52,,,0.0,0.0,0.0,991.303,0.0,0.0,288.0,284.7,-6.177,-6.099,-6.965,-6.048
2026-03-20 01:10:00,3257,12.52,,,0.0,0.0,0.0,991.303,0.0,0.0,287.9,284.6,-6.207,-6.102,-6.972,-6.052
2026-03-20 01:11:00,3258,12.52,,,0.0,0.0,0.0,991.303,0.0,0.0,287.9,284.7,-6.198,-6.106,-6.966,-6.056
2026-03-20 01:12:00,3259,12.52,,,0.0,0.0,0.0,991.303,0.0,0.0,287.9,284.7,-6.202,-6.11,-6.965,-6.059
2026-03-20 01:13:00,3260,12.52,,,0.0,0.0,0.0,991.303,0.0,0.0,288.0,284.6,-6.195,-6.112,-6.97,-6.063
2026-03-20 01:14:00,3261,12.52,,,0.0,0.0,0.0,991.303,0.0,0.0,287.9,284.5,-6.2,-6.115,-6.991,-6.067
2026-03-20 01:15:00,3262,12.52,,,0.0,0.0,0.0,991.2345,0.0,0.0,287.9,284.5,-6.202,-6.119,-7.009,-6.071
2026-03-20 01:16:00,3263,12.52,,,0.0,0.0,0.0,991.2345,0.0,0.0,287.8,284.5,-6.223,-6.123,-7.003,-6.076
2026-03-20 01:17:00,3264,12.52,,,0.0,0.0,0.0,991.2345,0.0,0.0,287.7,284.4,-6.259,-6.128,-7.024,-6.081
2026-03-20 01:18:00,3265,12.52,,,0.0,0.0,0.0,991.2345,0.0,0.0,287.7,284.4,-6.26,-6.135,-7.014,-6.088
2026-03-20 01:19:00,3266,12.52,,,0.0,0.0,0.0,991.303,0.0,0.0,287.6,284.3,-6.284,-6.143,-7.046,-6.096
2026-03-20 01:20:00,3267,12.52,,,0.0,0.0,0.0,991.166,0.0,0.0,287.5,284.3,-6.301,-6.151,-7.058,-6.104
2026-03-20 01:21:00,3268,12.52,,,0.0,0.0,0.0,991.166,0.0,0.0,287.5,284.3,-6.293,-6.159,-7.058,-6.111
2026-03-20 01:22:00,3269,12.52,,,0.0,0.0,0.0,991.166,0.0,0.0,287.5,284.3,-6.296,-6.167,-7.043,-6.119
2026-03-20 01:23:00,3270,12.52,,,0.0,0.0,0.0,991.166,0.0,0.0,287.5,284.3,-6.312,-6.175,-7.048,-6.127
2026-03-20 01:24:00,3271,12.52,,,0.0,0.0,0.0,991.166,0.0,0.0,287.5,284.3,-6.311,-6.183,-7.046,-6.136
2026-03-20 01:25:00,3272,12.52,,,0.0,0.0,0.0,991.166,0.0,0.0,287.3,284.2,-6.339,-6.192,-7.073,-6.145
2026-03-20 01:26:00,3273,12.52,,,0.0,0.0,0.0,991.166,0.0,0.0,287.4,284.2,-6.315,-6.202,-7.072,-6.154
2026-03-20 01:27:00,3274,12.52,,,0.0,0.0,0.0,991.166,0.0,0.0,287.5,284.2,-6.31,-6.211,-7.066,-6.162
2026-03-20 01:28:00,3275,12.52,,,0.0,0.0,0.0,991.166,0.0,0.0,287.5,284.2,-6.303,-6.218,-7.077,-6.17
2026-03-20 01:29:00,3276,12.52,,,0.0,0.0,0.0,991.166,0.0,0.0,287.4,284.1,-6.317,-6.224,-7.098,-6.177
2026-03-20 01:30:00,3277,12.52,,,0.0,0.0,0.0,991.166,0.0,0.0,287.4,284.2,-6.316,-6.231,-7.083,-6.184
2026-03-20 01:31:00,3278,12.52,,,0.0,0.0,0.0,991.166,0.0,0.0,287.4,284.1,-6.319,-6.237,-7.105,-6.19
2026-03-20 01:32:00,3279,12.52,,,0.0,0.0,0.0,991.0291,0.0,0.0,287.4,283.9,-6.315,-6.242,-7.145,-6.196
2026-03-20 01:33:00,3280,12.52,,,0.0,0.0,0.0,991.0291,0.0,0.0,287.4,283.7,-6.322,-6.249,-7.183,-6.203
2026-03-20 01:34:00,3281,12.52,,,0.0,0.0,0.0,991.0291,0.0,0.0,287.4,283.7,-6.326,-6.255,-7.187,-6.209
2026-03-20 01:35:00,3282,12.52,,,0.0,0.0,0.0,991.0291,0.0,0.0,287.5,283.6,-6.311,-6.26,-7.203,-6.215
2026-03-20 01:36:00,3283,12.52,,,0.0,0.0,0.0,991.0291,0.0,0.0,287.4,283.6,-6.331,-6.265,-7.21,-6.222
2026-03-20 01:37:00,3284,12.52,,,0.0,0.0,0.0,991.0291,0.0,0.0,287.4,283.6,-6.319,-6.271,-7.221,-6.229
2026-03-20 01:38:00,3285,12.52,,,0.0,0.0,0.0,991.0291,0.0,0.0,287.5,283.5,-6.305,-6.277,-7.237,-6.237
2026-03-20 01:39:00,3286,12.52,,,0.0,0.0,0.0,991.0291,0.0,0.0,287.4,283.5,-6.33,-6.285,-7.228,-6.248
2026-03-20 01:40:00,3287,12.52,,,0.0,0.0,0.0,991.0291,0.0,0.0,287.4,283.6,-6.314,-6.292,-7.217,-6.26
2026-03-20 01:41:00,3288,12.52,,,0.0,0.0,0.0,991.0291,0.0,0.0,287.5,283.6,-6.309,-6.301,-7.219,-6.274
2026-03-20 01:42:00,3289,12.52,,,0.0,0.0,0.0,991.0343,0.0,0.0,287.5,283.7,-6.31,-6.31,-7.193,-6.288
2026-03-20 01:43:00,3290,12.52,,,0.0,0.0,0.0,991.0333,0.0,0.0,287.5,283.7,-6.314,-6.321,-7.192,-6.304
2026-03-20 01:44:00,3291,12.52,,,0.0,0.0,0.0,991.0324,0.0,0.0,287.5,283.7,-6.308,-6.331,-7.194,-6.318
2026-03-20 01:45:00,3292,12.52,,,0.0,0.0,0.0,991.0317,0.0,0.0,287.6,283.9,-6.288,-6.342,-7.139,-6.33
2026-03-20 01:46:00,3293,12.52,,,0.0,0.0,0.0,990.9627,0.0,0.0,287.6,284.1,-6.269,-6.349,-7.095,-6.338
2026-03-20 01:47:00,3294,12.52,,,0.0,0.0,0.0,991.0307,0.0,0.0,287.8,284.1,-6.235,-6.354,-7.095,-6.342
2026-03-20 01:48:00,3295,12.52,,,0.0,0.0,0.0,990.8931,0.0,0.0,287.5,284.3,-6.313,-6.358,-7.055,-6.345
2026-03-20 01:49:00,3296,12.52,,,0.0,0.0,0.0,990.8929,0.0,0.0,287.5,284.3,-6.3,-6.364,-7.039,-6.349
2026-03-20 01:50:00,3297,12.52,,,0.0,0.0,0.0,990.8927,0.0,0.0,287.6,284.4,-6.279,-6.369,-7.025,-6.353
2026-03-20 01:51:00,3298,12.52,,,0.0,0.0,0.0,990.8926,0.0,0.0,287.6,284.4,-6.268,-6.373,-7.013,-6.357
2026-03-20 01:52:00,3299,12.52,,,0.0,0.0,0.0,990.8925,0.0,0.0,287.7,284.5,-6.263,-6.376,-6.999,-6.36
2026-03-20 01:53:00,3300,12.52,,,0.0,0.0,0.0,990.8923,0.0,0.0,287.8,284.5,-6.224,-6.378,-7.006,-6.364
2026-03-20 01:54:00,3301,12.52,,,0.0,0.0,0.0,990.8923,0.0,0.0,287.8,284.6,-6.228,-6.381,-6.977,-6.367
2026-03-20 01:55:00,3302,12.52,,,0.0,0.0,0.0,990.8922,0.0,0.0,287.7,284.7,-6.251,-6.384,-6.965,-6.367
2026-03-20 01:56:00,3303,12.52,,,0.0,0.0,0.0,990.8921,0.0,0.0,287.7,284.7,-6.264,-6.385,-6.96,-6.367
2026-03-20 01:57:00,3304,12.52,,,0.0,0.0,0.0,990.8921,0.0,0.0,287.5,284.6,-6.292,-6.387,-6.989,-6.367
2026-03-20 01:58:00,3305,12.52,,,0.0,0.0,0.0,990.8988,0.0,0.0,287.6,284.6,-6.29,-6.389,-6.984,-6.368
2026-03-20 01:59:00,3306,12.52,,,0.0,0.0,0.0,990.8974,0.0,0.0,287.6,284.5,-6.289,-6.391,-6.999,-6.369
2026-03-20 02:00:00,3307,12.52,,,0.0,0.0,0.0,990.8963,0.0,0.0,287.8,284.6,-6.23,-6.393,-6.974,-6.369
2026-03-20 02:01:00,3308,12.52,,,0.0,0.0,0.0,990.9001,0.0,0.0,287.8,284.7,-6.228,-6.394,-6.951,-6.369
2026-03-20 02:02:00,3309,12.52,,,0.0,0.0,0.0,990.8984,0.0,0.0,288.0,284.7,-6.184,-6.395,-6.954,-6.369
2026-03-20 02:03:00,3310,12.52,,,0.0,0.0,0.0,990.9039,0.0,0.0,288.0,284.7,-6.196,-6.396,-6.943,-6.368
2026-03-20 02:04:00,3311,12.52,,,0.0,0.0,0.0,990.833,0.0,0.0,287.9,284.8,-6.206,-6.397,-6.935,-6.368
2026-03-20 02:05:00,3312,12.52,,,0.0,0.0,0.0,990.8311,0.0,0.0,287.9,284.8,-6.221,-6.398,-6.931,-6.368
2026-03-20 02:06:00,3313,12.52,,,0.0,0.0,0.0,990.7611,0.0,0.0,288.0,285.0,-6.193,-6.398,-6.888,-6.368
2026-03-20 02:07:00,3314,12.52,,,0.0,0.0,0.0,990.7599,0.0,0.0,288.0,285.2,-6.192,-6.398,-6.83,-6.367
2026-03-20 02:08:00,3315,12.52,,,0.0,0.0,0.0,990.7581,0.0,0.0,288.0,285.4,-6.186,-6.397,-6.801,-6.366
2026-03-20 02:09:00,3316,12.52,,,0.0,0.0,0.0,990.689,0.0,0.0,288.0,285.6,-6.18,-6.396,-6.741,-6.365
2026-03-20 02:10:00,3317,12.52,,,0.0,0.0,0.0,990.6885,0.0,0.0,288.1,286.1,-6.162,-6.395,-6.635,-6.365
2026-03-20 02:11:00,3318,12.52,,,0.0,0.0,0.0,990.6881,0.0,0.0,288.2,286.3,-6.136,-6.393,-6.589,-6.362
2026-03-20 02:12:00,3319,12.52,,,0.0,0.0,0.0,990.6193,0.0,0.0,288.4,286.5,-6.102,-6.39,-6.535,-6.36
2026-03-20 02:13:00,3320,12.52,,,0.0,0.0,0.0,990.6875,0.0,0.0,288.4,286.8,-6.09,-6.387,-6.464,-6.357
2026-03-20 02:14:00,3321,12.52,,,0.0,0.0,0.0,990.6871,0.0,0.0,288.3,287.1,-6.125,-6.383,-6.385,-6.352
2026-03-20 02:15:00,3322,12.52,,,0.0,0.0,0.0,990.6185,0.0,0.0,288.2,287.1,-6.142,-6.379,-6.384,-6.346
2026-03-20 02:16:00,3323,12.52,,,0.0,0.0,0.0,990.6185,0.0,0.0,288.1,287.3,-6.172,-6.374,-6.358,-6.339
2026-03-20 02:17:00,3324,12.52,,,0.0,0.0,0.0,990.6184,0.0,0.0,288.1,287.2,-6.17,-6.37,-6.362,-6.334
2026-03-20 02:18:00,3325,12.52,,,0.0,0.0,0.0,990.625,0.0,0.0,288.2,287.2,-6.131,-6.365,-6.382,-6.327
2026-03-20 02:19:00,3326,12.52,,,0.0,0.0,0.0,990.6303,0.0,0.0,288.1,287.1,-6.155,-6.361,-6.403,-6.324
2026-03-20 02:20:00,3327,12.52,,,0.0,0.0,0.0,990.5593,0.0,0.0,288.1,287.0,-6.168,-6.359,-6.41,-6.323
2026-03-20 02:21:00,3328,12.52,,,0.0,0.0,0.0,990.5558,0.0,0.0,287.9,286.9,-6.2,-6.357,-6.436,-6.322
2026-03-20 02:22:00,3329,12.52,,,0.0,0.0,0.0,990.5613,0.0,0.0,287.9,286.7,-6.213,-6.356,-6.484,-6.323
2026-03-20 02:23:00,3330,12.52,,,0.0,0.0,0.0,990.4905,0.0,0.0,287.7,286.6,-6.249,-6.357,-6.515,-6.325
2026-03-20 02:24:00,3331,12.52,,,0.0,0.0,0.0,990.4886,0.0,0.0,287.7,286.3,-6.267,-6.357,-6.583,-6.326
2026-03-20 02:25:00,3332,12.52,,,0.0,0.0,0.0,990.4871,0.0,0.0,287.6,286.0,-6.285,-6.36,-6.661,-6.33
2026-03-20 02:26:00,3333,12.52,,,0.0,0.0,0.0,990.486,0.0,0.0,287.7,285.5,-6.258,-6.366,-6.766,-6.336
2026-03-20 02:27:00,3334,12.52,,,0.0,0.0,0.0,990.4841,0.0,0.0,287.6,285.2,-6.29,-6.372,-6.84,-6.345
2026-03-20 02:28:00,3335,12.52,,,0.0,0.0,0.0,990.4835,0.0,0.0,287.5,284.9,-6.311,-6.378,-6.917,-6.352
2026-03-20 02:29:00,3336,12.52,,,0.0,0.0,0.0,990.483,0.0,0.0,287.5,284.5,-6.299,-6.385,-7.012,-6.361
2026-03-20 02:30:00,3337,12.52,,,0.0,0.0,0.0,990.4827,0.0,0.0,287.5,284.2,-6.307,-6.392,-7.062,-6.371
2026-03-20 02:31:00,3338,12.52,,,0.0,0.0,0.0,990.4824,0.0,0.0,287.6,284.0,-6.289,-6.4,-7.128,-6.381
2026-03-20 02:32:00,3339,12.52,,,0.0,0.0,0.0,990.4821,0.0,0.0,287.5,283.8,-6.293,-6.407,-7.16,-6.39
2026-03-20 02:33:00,3340,12.52,,,0.0,0.0,0.0,990.4819,0.0,0.0,287.6,283.6,-6.281,-6.413,-7.212,-6.398
2026-03-20 02:34:00,3341,12.52,,,0.0,0.0,0.0,990.4816,0.0,0.0,287.5,283.6,-6.296,-6.419,-7.223,-6.405
2026-03-20 02:35:00,3342,12.52,,,0.0,0.0,0.0,990.4815,0.0,0.0,287.6,283.6,-6.283,-6.424,-7.222,-6.411
2026-03-20 02:36:00,3343,12.52,,,0.0,0.0,0.0,990.4814,0.0,0.0,287.7,283.5,-6.246,-6.429,-7.229,-6.413
2026-03-20 02:37:00,3344,12.52,,,0.0,0.0,0.0,990.4813,0.0,0.0,287.6,283.5,-6.28,-6.432,-7.227,-6.413
2026-03-20 02:38:00,3345,12.52,,,0.0,0.0,0.0,990.4813,0.0,0.0,287.6,283.6,-6.273,-6.435,-7.203,-6.414
2026-03-20 02:39:00,3346,12.52,,,0.0,0.0,0.0,990.3442,0.0,0.0,287.7,283.6,-6.265,-6.438,-7.202,-6.417
2026-03-20 02:40:00,3347,12.52,,,0.0,0.0,0.0,990.3442,0.0,0.0,287.8,283.7,-6.235,-6.442,-7.199,-6.422
2026-03-20 02:41:00,3348,12.52,,,0.0,0.0,0.0,990.3442,0.0,0.0,287.8,283.7,-6.241,-6.447,-7.195,-6.427
2026-03-20 02:42:00,3349,12.52,,,0.0,0.0,0.0,990.3442,0.0,0.0,287.7,283.9,-6.261,-6.453,-7.152,-6.432
2026-03-20 02:43:00,3350,12.52,,,0.0,0.0,0.0,990.3442,0.0,0.0,287.7,284.0,-6.257,-6.458,-7.125,-6.438
2026-03-20 02:44:00,3351,12.52,,,0.0,0.0,0.0,990.3442,0.0,0.0,287.7,284.0,-6.252,-6.465,-7.117,-6.444
2026-03-20 02:45:00,3352,12.52,,,0.0,0.0,0.0,990.3442,0.0,0.0,287.7,284.2,-6.25,-6.47,-7.082,-6.45
2026-03-20 02:46:00,3353,12.52,,,0.0,0.0,0.0,990.3442,0.0,0.0,287.8,284.1,-6.229,-6.475,-7.086,-6.454
2026-03-20 02:47:00,3354,12.52,,,0.0,0.0,0.0,990.3442,0.0,0.0,287.7,284.3,-6.25,-6.479,-7.045,-6.458
2026-03-20 02:48:00,3355,12.52,,,0.0,0.0,0.0,990.3442,0.0,0.0,287.9,284.4,-6.202,-6.481,-7.02,-6.461
2026-03-20 02:49:00,3356,12.52,,,0.0,0.0,0.0,990.3442,0.0,0.0,287.8,284.5,-6.224,-6.483,-6.996,-6.463
2026-03-20 02:50:00,3357,12.52,,,0.0,0.0,0.0,990.3442,0.0,0.0,287.9,284.6,-6.214,-6.482,-6.977,-6.462
2026-03-20 02:51:00,3358,12.52,,,0.0,0.0,0.0,990.3442,0.0,0.0,288.0,284.7,-6.193,-6.48,-6.95,-6.459
2026-03-20 02:52:00,3359,12.52,,,0.0,0.0,0.0,990.3442,0.0,0.0,288.0,284.8,-6.195,-6.478,-6.92,-6.456
2026-03-20 02:53:00,3360,12.52,,,0.0,0.0,0.0,990.3442,0.0,0.0,288.0,284.8,-6.192,-6.475,-6.926,-6.451
2026-03-20 02:54:00,3361,12.52,,,0.0,0.0,0.0,990.2758,0.0,0.0,288.0,285.0,-6.181,-6.471,-6.894,-6.447
2026-03-20 02:55:00,3362,12.52,,,0.0,0.0,0.0,990.3442,0.0,0.0,288.0,284.9,-6.181,-6.468,-6.906,-6.443
2026-03-20 02:56:00,3363,12.52,,,0.0,0.0,0.0,990.3442,0.0,0.0,288.1,284.9,-6.172,-6.465,-6.91,-6.438
2026-03-20 02:57:00,3364,12.52,,,0.0,0.0,0.0,990.2073,0.0,0.0,288.0,285.0,-6.175,-6.461,-6.888,-6.434
2026-03-20 02:58:00,3365,12.52,,,0.0,0.0,0.0,990.2073,0.0,0.0,288.0,285.0,-6.184,-6.457,-6.888,-6.43
2026-03-20 02:59:00,3366,12.52,,,0.0,0.0,0.0,990.2073,0.0,0.0,288.1,285.0,-6.172,-6.454,-6.881,-6.425
2026-03-20 03:00:00,3367,12.52,,,0.0,0.0,0.0,990.2073,0.0,0.0,288.1,285.1,-6.164,-6.45,-6.865,-6.421
2026-03-20 03:01:00,3368,12.52,,,0.0,0.0,0.0,990.2073,0.0,0.0,288.0,285.0,-6.18,-6.445,-6.891,-6.416
2026-03-20 03:02:00,3369,12.52,,,0.0,0.0,0.0,990.2073,0.0,0.0,288.1,285.1,-6.161,-6.44,-6.865,-6.411
2026-03-20 03:03:00,3370,12.52,,,0.0,0.0,0.0,990.2073,0.0,0.0,288.2,285.1,-6.149,-6.436,-6.863,-6.406
2026-03-20 03:04:00,3371,12.52,,,0.0,0.0,0.0,990.2073,0.0,0.0,288.2,285.0,-6.14,-6.431,-6.874,-6.401
2026-03-20 03:05:00,3372,12.52,,,0.0,0.0,0.0,990.1388,0.0,0.0,288.1,285.2,-6.153,-6.427,-6.844,-6.396
2026-03-20 03:06:00,3373,12.52,,,0.0,0.0,0.0,990.0756,0.0,0.0,288.1,285.2,-6.156,-6.422,-6.834,-6.391
2026-03-20 03:07:00,3374,12.52,,,0.0,0.0,0.0,990.143,0.0,0.0,288.2,285.4,-6.138,-6.418,-6.797,-6.387
2026-03-20 03:08:00,3375,12.52,,,0.0,0.0,0.0,990.0737,0.0,0.0,288.1,285.4,-6.159,-6.413,-6.781,-6.382
2026-03-20 03:09:00,3376,12.52,,,0.0,0.0,0.0,990.073,0.0,0.0,288.1,285.6,-6.159,-6.409,-6.754,-6.378
2026-03-20 03:10:00,3377,12.52,,,0.0,0.0,0.0,990.0791,0.0,0.0,288.1,285.4,-6.159,-6.405,-6.785,-6.373
2026-03-20 03:11:00,3378,12.52,,,0.0,0.0,0.0,990.0773,0.0,0.0,288.2,285.4,-6.148,-6.401,-6.788,-6.369
2026-03-20 03:12:00,3379,12.52,,,0.0,0.0,0.0,990.0759,0.0,0.0,288.1,285.5,-6.153,-6.397,-6.762,-6.365
2026-03-20 03:13:00,3380,12.52,,,0.0,0.0,0.0,990.0054,0.0,0.0,288.1,285.5,-6.168,-6.393,-6.773,-6.361
2026-03-20 03:14:00,3381,12.52,,,0.0,0.0,0.0,990.0046,0.0,0.0,288.1,285.6,-6.168,-6.389,-6.752,-6.357
2026-03-20 03:15:00,3382,12.52,,,0.0,0.0,0.0,989.9355,0.0,0.0,288.2,285.4,-6.14,-6.385,-6.787,-6.353
2026-03-20 03:16:00,3383,12.52,,,0.0,0.0,0.0,989.9351,0.0,0.0,288.1,285.4,-6.153,-6.381,-6.789,-6.349
2026-03-20 03:17:00,3384,12.52,,,0.0,0.0,0.0,989.9414,0.0,0.0,288.2,285.5,-6.144,-6.377,-6.772,-6.345
2026-03-20 03:18:00,3385,12.52,,,0.0,0.0,0.0,989.9398,0.0,0.0,288.3,285.3,-6.106,-6.374,-6.804,-6.341
2026-03-20 03:19:00,3386,12.52,,,0.0,0.0,0.0,989.9441,0.0,0.0,288.1,285.4,-6.157,-6.37,-6.797,-6.337
2026-03-20 03:20:00,3387,12.52,,,0.0,0.0,0.0,989.9419,0.0,0.0,288.1,285.3,-6.169,-6.367,-6.803,-6.333
2026-03-20 03:21:00,3388,12.52,,,0.0,0.0,0.0,989.9402,0.0,0.0,288.2,285.3,-6.145,-6.363,-6.826,-6.329
2026-03-20 03:22:00,3389,12.52,,,0.0,0.0,0.0,989.9388,0.0,0.0,288.2,285.3,-6.14,-6.36,-6.806,-6.326
2026-03-20 03:23:00,3390,12.52,,,0.0,0.0,0.0,989.9377,0.0,0.0,288.3,285.4,-6.121,-6.357,-6.792,-6.322
2026-03-20 03:24:00,3391,12.52,,,0.0,0.0,0.0,989.9368,0.0,0.0,288.3,285.2,-6.127,-6.353,-6.84,-6.319
2026-03-20 03:25:00,3392,12.52,,,0.0,0.0,0.0,989.8676,0.0,0.0,288.3,285.3,-6.118,-6.349,-6.82,-6.315
2026-03-20 03:26:00,3393,12.52,,,0.0,0.0,0.0,989.7981,0.0,0.0,288.4,285.3,-6.102,-6.346,-6.811,-6.312
2026-03-20 03:27:00,3394,12.52,,,0.0,0.0,0.0,989.7977,0.0,0.0,288.3,285.2,-6.126,-6.342,-6.829,-6.309
2026-03-20 03:28:00,3395,12.52,,,0.0,0.0,0.0,989.7974,0.0,0.0,288.3,285.3,-6.123,-6.339,-6.824,-6.307
2026-03-20 03:29:00,3396,12.52,,,0.0,0.0,0.0,989.7972,0.0,0.0,288.4,285.3,-6.086,-6.336,-6.814,-6.304
2026-03-20 03:30:00,3397,12.52,,,0.0,0.0,0.0,989.797,0.014,0.0,288.4,285.3,-6.09,-6.333,-6.813,-6.301
2026-03-20 03:31:00,3398,12.52,,,0.0,0.0,0.0,989.7969,0.0,0.0,288.4,285.3,-6.092,-6.329,-6.822,-6.296
2026-03-20 03:32:00,3399,12.52,,,0.0,0.0,0.0,989.802,0.043,0.057,288.3,285.2,-6.108,-6.325,-6.832,-6.292
2026-03-20 03:33:00,3400,12.52,,,0.0,0.0,0.0,989.7324,0.072,0.029,288.4,285.3,-6.099,-6.322,-6.825,-6.287
2026-03-20 03:34:00,3401,12.52,,,0.0,0.0,0.0,989.663,0.1,0.072,288.4,285.4,-6.093,-6.318,-6.799,-6.283
2026-03-20 03:35:00,3402,12.52,,,0.0,0.0,0.0,989.6622,0.115,0.143,288.4,285.4,-6.095,-6.315,-6.788,-6.279
2026-03-20 03:36:00,3403,12.52,,,0.0,0.0,0.0,989.6616,0.172,0.157,288.4,285.4,-6.098,-6.311,-6.785,-6.276
2026-03-20 03:37:00,3404,12.52,,,0.0,0.0,0.0,989.5242,0.172,0.172,288.4,285.5,-6.102,-6.307,-6.762,-6.272
2026-03-20 03:38:00,3405,12.52,,,0.0,0.0,0.0,989.5238,0.172,0.172,288.3,285.5,-6.107,-6.304,-6.763,-6.268
2026-03-20 03:39:00,3406,12.52,,,0.0,0.0,0.0,989.5233,0.172,0.172,288.4,285.6,-6.087,-6.301,-6.756,-6.265
2026-03-20 03:40:00,3407,12.52,,,0.0,0.0,0.0,989.5231,0.172,0.172,288.3,285.7,-6.114,-6.298,-6.725,-6.262
2026-03-20 03:41:00,3408,12.52,,,0.0,0.0,0.0,989.5229,0.172,0.243,288.4,285.7,-6.098,-6.295,-6.719,-6.259
2026-03-20 03:42:00,3409,12.52,,,0.0,0.0,0.0,989.5228,0.172,0.243,288.4,285.8,-6.091,-6.292,-6.699,-6.256
2026-03-20 03:43:00,3410,12.52,,,0.0,0.0,0.0,989.4542,0.172,0.344,288.4,285.7,-6.101,-6.289,-6.711,-6.252
2026-03-20 03:44:00,3411,12.52,,,0.0,0.0,0.0,989.4542,0.172,0.344,288.4,285.7,-6.097,-6.286,-6.722,-6.249
2026-03-20 03:45:00,3412,12.52,,,0.0,0.0,0.0,989.3856,0.172,0.344,288.4,285.7,-6.085,-6.282,-6.731,-6.246
2026-03-20 03:46:00,3413,12.52,,,0.0,0.0,0.0,989.3855,0.2,0.344,288.5,285.7,-6.081,-6.279,-6.719,-6.242
2026-03-20 03:47:00,3414,12.52,,,0.0,0.0,0.0,989.3855,0.258,0.344,288.4,285.7,-6.082,-6.276,-6.726,-6.239
2026-03-20 03:48:00,3415,12.52,,,0.0,0.0,0.0,989.3855,0.329,0.344,288.5,285.7,-6.077,-6.272,-6.719,-6.236
2026-03-20 03:49:00,3416,12.52,,,0.0,0.0,0.0,989.3855,0.344,0.344,288.4,285.7,-6.083,-6.269,-6.732,-6.232
2026-03-20 03:50:00,3417,12.52,,,0.0,0.0,0.0,989.3855,0.344,0.344,288.6,285.7,-6.058,-6.265,-6.71,-6.228
2026-03-20 03:51:00,3418,12.52,,,0.0,0.0,0.0,989.3855,0.344,0.344,288.5,285.8,-6.067,-6.262,-6.706,-6.225
2026-03-20 03:52:00,3419,12.52,,,0.0,0.0,0.0,989.2485,0.344,0.344,288.6,285.7,-6.056,-6.258,-6.727,-6.221
2026-03-20 03:53:00,3420,12.52,,,0.0,0.0,0.0,989.2551,0.344,0.344,288.6,285.7,-6.052,-6.254,-6.71,-6.218
2026-03-20 03:54:00,3421,12.52,,,0.0,0.0,0.0,989.2538,0.344,0.344,288.5,285.7,-6.068,-6.251,-6.723,-6.216
2026-03-20 03:55:00,3422,12.52,,,0.0,0.0,0.0,989.2527,0.344,0.344,288.5,285.8,-6.064,-6.248,-6.7,-6.213
2026-03-20 03:56:00,3423,12.52,,,0.0,0.0,0.0,989.2585,0.344,0.344,288.5,285.7,-6.077,-6.244,-6.712,-6.207
2026-03-20 03:57:00,3424,12.52,,,0.0,0.0,0.0,989.2565,0.344,0.415,288.2,285.7,-6.141,-6.241,-6.732,-6.204
2026-03-20 03:58:00,3425,12.52,,,0.0,0.0,0.0,989.2535,0.344,0.515,288.0,285.7,-6.194,-6.242,-6.725,-6.203
2026-03-20 03:59:00,3426,12.52,,,0.0,0.0,0.0,989.1841,0.386,0.515,287.9,285.7,-6.207,-6.245,-6.732,-6.204
2026-03-20 04:00:00,3427,12.52,,,0.0,0.0,0.0,989.1832,0.487,0.573,287.7,285.6,-6.246,-6.25,-6.747,-6.207
2026-03-20 04:01:00,3428,12.52,,,0.0,0.0,0.0,989.1141,0.515,0.687,287.9,285.6,-6.206,-6.254,-6.743,-6.207
2026-03-20 04:02:00,3429,12.52,,,0.0,0.0,0.0,989.1135,0.515,0.687,287.9,285.5,-6.201,-6.259,-6.76,-6.207
2026-03-20 04:03:00,3430,12.52,,,0.0,0.0,0.0,989.1132,0.515,0.687,287.8,285.5,-6.232,-6.264,-6.779,-6.209
2026-03-20 04:04:00,3431,12.52,,,0.0,0.0,0.0,989.1128,0.515,0.687,287.8,285.4,-6.242,-6.269,-6.797,-6.213
2026-03-20 04:05:00,3432,12.52,,,0.0,0.0,0.0,989.1123,0.587,0.687,287.8,285.4,-6.226,-6.275,-6.788,-6.217
2026-03-20 04:06:00,3433,12.52,,,0.0,0.0,0.0,988.9752,0.687,0.687,287.9,285.5,-6.211,-6.278,-6.776,-6.22
2026-03-20 04:07:00,3434,12.52,,,0.0,0.0,0.0,988.9751,0.687,0.687,288.0,285.5,-6.181,-6.28,-6.757,-6.221
2026-03-20 04:08:00,3435,12.52,,,0.0,0.0,0.0,988.975,0.687,0.687,288.0,285.6,-6.193,-6.281,-6.754,-6.22
2026-03-20 04:09:00,3436,12.52,,,0.0,0.0,0.0,989.0433,0.687,0.744,287.9,285.5,-6.201,-6.28,-6.772,-6.22
2026-03-20 04:10:00,3437,12.52,,,0.0,0.0,0.0,988.9748,0.687,0.859,288.0,285.4,-6.179,-6.281,-6.787,-6.221
2026-03-20 04:11:00,3438,12.52,,,0.0,0.0,0.0,989.1117,0.687,0.916,288.1,285.4,-6.16,-6.281,-6.792,-6.221
2026-03-20 04:12:00,3439,12.52,,,0.0,0.0,0.0,989.0431,0.773,1.031,287.9,285.5,-6.199,-6.282,-6.777,-6.221
2026-03-20 04:13:00,3440,12.52,,,0.0,0.0,0.0,988.9746,0.859,1.031,288.1,285.4,-6.155,-6.282,-6.794,-6.22
2026-03-20 04:14:00,3441,12.52,,,0.0,0.0,0.0,988.9746,0.916,1.031,288.3,285.3,-6.127,-6.281,-6.816,-6.22
2026-03-20 04:15:00,3442,12.52,,,0.0,0.0,0.0,988.9746,1.031,1.088,288.3,285.4,-6.112,-6.28,-6.799,-6.22
2026-03-20 04:16:00,3443,12.52,,,0.0,0.0,0.0,988.9746,1.031,1.317,288.3,285.3,-6.11,-6.278,-6.812,-6.218
2026-03-20 04:17:00,3444,12.52,,,0.0,0.0,0.0,988.9746,1.145,1.374,288.4,285.4,-6.102,-6.275,-6.785,-6.218
2026-03-20 04:18:00,3445,12.52,,,0.0,0.0,0.0,988.9746,1.288,1.489,288.3,285.4,-6.107,-6.274,-6.799,-6.219
2026-03-20 04:19:00,3446,12.52,,,0.0,0.0,0.0,988.9746,1.388,1.718,288.4,285.3,-6.094,-6.273,-6.808,-6.219
2026-03-20 04:20:00,3447,12.52,,,0.0,0.0,0.0,988.9746,1.589,1.818,288.4,285.4,-6.102,-6.271,-6.786,-6.218
2026-03-20 04:21:00,3448,12.52,,,0.0,0.0,0.0,988.9746,1.718,1.889,288.4,285.5,-6.1,-6.268,-6.775,-6.217
2026-03-20 04:22:00,3449,12.52,,,0.0,0.0,0.0,988.9746,1.889,2.104,288.3,285.5,-6.111,-6.265,-6.764,-6.214
2026-03-20 04:23:00,3450,12.52,,,0.0,0.0,0.0,988.9061,2.061,2.276,288.4,285.5,-6.086,-6.262,-6.77,-6.211
2026-03-20 04:24:00,3451,12.52,,,0.0,0.0,0.0,988.9061,2.247,2.534,288.3,285.6,-6.117,-6.259,-6.755,-6.207
2026-03-20 04:25:00,3452,12.52,,,0.0,0.0,0.0,988.9061,2.405,2.691,288.3,285.6,-6.106,-6.256,-6.753,-6.204
2026-03-20 04:26:00,3453,12.52,,,0.0,0.0,0.0,988.8376,2.419,2.92,288.3,285.6,-6.123,-6.253,-6.737,-6.2
2026-03-20 04:27:00,3454,12.52,,,0.0,0.0,0.0,988.8376,2.576,3.106,288.3,285.5,-6.109,-6.251,-6.761,-6.198
2026-03-20 04:28:00,3455,12.52,,,0.0,0.0,0.0,988.8376,2.677,3.264,288.5,285.6,-6.079,-6.248,-6.733,-6.194
2026-03-20 04:29:00,3456,12.52,,,0.0,0.0,0.0,988.7692,2.877,3.45,288.4,285.5,-6.105,-6.244,-6.768,-6.191
2026-03-20 04:30:00,3457,12.52,,,0.0,0.0,0.0,988.7007,2.92,3.607,288.5,285.7,-6.063,-6.241,-6.711,-6.188
2026-03-20 04:31:00,3458,12.52,,,0.0,0.0,0.0,988.7007,2.934,3.607,288.5,285.9,-6.074,-6.237,-6.665,-6.186
2026-03-20 04:32:00,3459,12.52,,,0.0,0.0,0.0,988.7007,3.063,3.636,288.5,285.9,-6.065,-6.233,-6.665,-6.183
2026-03-20 04:33:00,3460,12.52,,,0.0,0.0,0.0,988.7007,3.092,3.765,288.6,286.1,-6.05,-6.228,-6.625,-6.177
2026-03-20 04:34:00,3461,12.52,,,0.0,0.0,0.0,988.7007,3.092,3.779,288.7,286.1,-6.033,-6.221,-6.625,-6.171
2026-03-20 04:35:00,3462,12.52,,,0.0,0.0,0.0,988.7007,3.092,3.779,288.6,286.0,-6.041,-6.215,-6.647,-6.164
2026-03-20 04:36:00,3463,12.52,,,0.0,0.0,0.0,988.7007,3.106,3.779,288.6,286.2,-6.038,-6.21,-6.609,-6.158
2026-03-20 04:37:00,3464,12.52,,,0.0,0.0,0.0,988.7059,3.092,3.722,288.6,286.1,-6.04,-6.204,-6.621,-6.151
2026-03-20 04:38:00,3465,12.52,,,0.0,0.0,0.0,988.7048,3.092,3.607,288.6,286.1,-6.054,-6.198,-6.626,-6.146
2026-03-20 04:39:00,3466,12.52,,,0.0,0.0,0.0,988.704,3.092,3.607,288.5,286.1,-6.07,-6.194,-6.616,-6.141
2026-03-20 04:40:00,3467,12.52,,,0.0,0.0,0.0,988.7034,3.035,3.607,288.5,286.1,-6.078,-6.189,-6.636,-6.136
2026-03-20 04:41:00,3468,12.52,,,0.0,0.0,0.0,988.7028,3.006,3.607,288.5,286.0,-6.061,-6.184,-6.659,-6.131
2026-03-20 04:42:00,3469,12.52,,,0.0,0.0,0.0,988.7023,3.006,3.607,288.5,286.0,-6.075,-6.18,-6.656,-6.126
2026-03-20 04:43:00,3470,12.52,,,0.0,0.0,0.0,988.702,3.02,3.607,288.6,286.0,-6.056,-6.174,-6.654,-6.12
2026-03-20 04:44:00,3471,12.52,,,0.0,0.0,0.0,988.5645,2.934,3.607,288.7,285.9,-6.035,-6.169,-6.669,-6.115
2026-03-20 04:45:00,3472,12.52,,,0.0,0.0,0.0,988.5643,2.92,3.607,288.6,286.1,-6.039,-6.164,-6.632,-6.11
2026-03-20 04:46:00,3473,12.52,,,0.0,0.0,0.0,988.5642,2.92,3.607,288.6,286.2,-6.038,-6.159,-6.605,-6.106
2026-03-20 04:47:00,3474,12.52,,,0.0,0.0,0.0,988.4271,2.92,3.536,288.6,286.2,-6.037,-6.155,-6.604,-6.101
2026-03-20 04:48:00,3475,12.52,,,0.0,0.0,0.0,988.427,2.92,3.435,288.7,286.3,-6.025,-6.15,-6.586,-6.097
2026-03-20 04:49:00,3476,12.52,,,0.0,0.0,0.0,988.4269,2.92,3.435,288.5,286.2,-6.061,-6.147,-6.614,-6.094
2026-03-20 04:50:00,3477,12.52,,,0.0,0.0,0.0,988.4269,2.92,3.335,288.6,286.2,-6.055,-6.144,-6.596,-6.091
2026-03-20 04:51:00,3478,12.52,,,0.0,0.0,0.0,988.4268,2.92,3.278,288.5,286.2,-6.071,-6.142,-6.596,-6.089
2026-03-20 04:52:00,3479,12.52,,,0.0,0.0,0.0,988.3583,2.92,3.264,288.5,286.2,-6.068,-6.139,-6.594,-6.086
2026-03-20 04:53:00,3480,12.52,,,0.0,0.0,0.0,988.2898,2.92,3.264,288.6,286.2,-6.051,-6.135,-6.593,-6.082
2026-03-20 04:54:00,3481,12.52,,,0.0,0.0,0.0,988.2898,2.92,3.264,288.6,286.2,-6.057,-6.131,-6.616,-6.078
2026-03-20 04:55:00,3482,12.52,,,0.0,0.0,0.0,988.2898,2.92,3.278,288.6,286.1,-6.053,-6.128,-6.626,-6.075
2026-03-20 04:56:00,3483,12.52,,,0.0,0.0,0.0,988.2898,2.92,3.364,288.6,286.2,-6.054,-6.125,-6.601,-6.073
2026-03-20 04:57:00,3484,12.52,,,0.0,0.0,0.0,988.2898,2.92,3.435,288.5,286.2,-6.06,-6.122,-6.612,-6.07
2026-03-20 04:58:00,3485,12.52,,,0.0,0.0,0.0,988.1528,2.92,3.435,288.6,286.2,-6.052,-6.12,-6.598,-6.068
2026-03-20 04:59:00,3486,12.52,,,0.0,0.0,0.0,988.1528,2.92,3.521,288.5,286.2,-6.066,-6.119,-6.61,-6.066
2026-03-20 05:00:00,3487,12.52,,,0.0,0.0,0.0,988.1528,3.063,3.607,288.5,286.1,-6.062,-6.118,-6.618,-6.065
2026-03-20 05:01:00,3488,12.52,,,0.0,0.0,0.0,988.1528,3.135,3.607,288.5,286.2,-6.074,-6.116,-6.603,-6.064
2026-03-20 05:02:00,3489,12.52,,,0.0,0.0,0.0,988.1528,3.264,3.679,288.6,286.2,-6.048,-6.115,-6.612,-6.062
2026-03-20 05:03:00,3490,12.52,,,0.0,0.0,0.0,988.1528,3.264,3.851,288.5,286.1,-6.07,-6.113,-6.638,-6.061
2026-03-20 05:04:00,3491,12.52,,,0.0,0.0,0.0,988.2213,3.335,3.951,288.5,286.1,-6.077,-6.113,-6.621,-6.061
2026-03-20 05:05:00,3492,12.52,,,0.0,0.0,0.0,988.2213,3.493,3.979,288.6,286.0,-6.053,-6.112,-6.646,-6.06
2026-03-20 05:06:00,3493,12.52,,,0.0,0.0,0.0,988.1528,3.607,4.194,288.5,286.1,-6.067,-6.111,-6.621,-6.059
2026-03-20 05:07:00,3494,12.52,,,0.0,0.0,0.0,988.1528,3.65,4.294,288.5,286.1,-6.066,-6.11,-6.631,-6.058
2026-03-20 05:08:00,3495,12.52,,,0.0,0.0,0.0,988.1528,3.793,4.437,288.4,285.9,-6.082,-6.109,-6.664,-6.057
2026-03-20 05:09:00,3496,12.52,,,0.0,0.0,0.0,988.1528,3.936,4.495,288.5,286.1,-6.079,-6.109,-6.631,-6.058
2026-03-20 05:10:00,3497,12.52,,,0.0,0.0,0.0,988.0844,3.951,4.638,288.4,286.1,-6.091,-6.109,-6.621,-6.058
2026-03-20 05:11:00,3498,12.52,,,0.0,0.0,0.0,988.0844,3.951,4.638,288.4,286.1,-6.083,-6.109,-6.635,-6.058
2026-03-20 05:12:00,3499,12.52,,,0.0,0.0,0.0,988.0159,3.951,4.638,288.4,286.0,-6.085,-6.108,-6.643,-6.057
2026-03-20 05:13:00,3500,12.52,,,0.0,0.0,0.0,988.0159,3.979,4.638,288.4,286.1,-6.084,-6.108,-6.63,-6.057
2026-03-20 05:14:00,3501,12.52,,,0.0,0.0,0.0,988.0159,4.151,4.752,288.4,286.1,-6.091,-6.108,-6.638,-6.059
2026-03-20 05:15:00,3502,12.52,,,0.0,0.0,0.0,987.8789,4.294,4.981,288.4,286.0,-6.097,-6.11,-6.653,-6.061
2026-03-20 05:16:00,3503,12.52,,,0.0,0.0,0.0,987.8789,4.509,5.225,288.3,286.1,-6.113,-6.113,-6.635,-6.065
2026-03-20 05:17:00,3504,12.52,,,0.0,0.0,0.0,987.8789,4.681,5.468,288.3,286.2,-6.121,-6.115,-6.616,-6.068
2026-03-20 05:18:00,3505,12.52,,,0.0,0.0,0.0,987.8789,4.953,5.726,288.4,286.0,-6.103,-6.117,-6.644,-6.071
2026-03-20 05:19:00,3506,12.52,,,0.0,0.0,0.0,987.8789,5.182,6.012,288.4,286.1,-6.093,-6.118,-6.635,-6.073
2026-03-20 05:20:00,3507,12.52,,,0.0,0.0,0.0,987.8104,5.396,6.313,288.3,286.2,-6.112,-6.119,-6.616,-6.074
2026-03-20 05:21:00,3508,12.52,,,0.0,0.0,0.0,987.8104,5.668,6.628,288.4,286.1,-6.095,-6.118,-6.635,-6.074
2026-03-20 05:22:00,3509,12.52,,,0.0,0.0,0.0,987.7419,5.826,6.799,288.4,286.0,-6.097,-6.118,-6.65,-6.074
2026-03-20 05:23:00,3510,12.52,,,0.0,0.0,0.0,987.7419,6.012,7.014,288.4,286.0,-6.102,-6.119,-6.661,-6.074
2026-03-20 05:24:00,3511,12.52,,,0.0,0.0,0.0,987.7419,6.083,7.1,288.4,286.0,-6.092,-6.119,-6.659,-6.075
2026-03-20 05:25:00,3512,12.52,,,0.0,0.0,0.0,987.7419,6.341,7.314,288.3,285.9,-6.107,-6.12,-6.667,-6.074
2026-03-20 05:26:00,3513,12.52,,,0.0,0.0,0.0,987.7419,6.355,7.386,288.3,285.8,-6.12,-6.12,-6.691,-6.074
2026-03-20 05:27:00,3514,12.52,,,0.0,0.0,0.0,987.7419,6.356,7.386,288.3,285.8,-6.12,-6.121,-6.688,-6.076
2026-03-20 05:28:00,3515,12.52,,,0.0,0.0,0.0,987.6735,6.413,7.544,288.2,285.8,-6.138,-6.122,-6.689,-6.078
2026-03-20 05:29:00,3516,12.52,,,0.0,0.0,0.0,987.605,6.527,7.558,288.3,285.9,-6.11,-6.123,-6.683,-6.079
2026-03-20 05:30:00,3517,12.52,,,0.0,0.0,0.0,987.605,6.413,7.486,288.2,285.8,-6.14,-6.123,-6.699,-6.08
2026-03-20 05:31:00,3518,12.52,,,0.0,0.0,0.0,987.605,6.356,7.343,288.2,285.8,-6.14,-6.124,-6.709,-6.082
2026-03-20 05:32:00,3519,12.52,,,0.0,0.0,0.0,987.605,6.098,7.071,288.2,285.8,-6.141,-6.126,-6.687,-6.084
2026-03-20 05:33:00,3520,12.52,,,0.0,0.0,0.0,987.5365,6.012,6.942,288.2,285.9,-6.143,-6.128,-6.68,-6.085
2026-03-20 05:34:00,3521,12.52,,,0.0,0.0,0.0,987.468,5.955,6.771,288.1,285.7,-6.152,-6.131,-6.718,-6.088
2026-03-20 05:35:00,3522,12.52,,,0.0,0.0,0.0,987.468,5.74,6.699,288.1,285.7,-6.166,-6.134,-6.712,-6.093
2026-03-20 05:36:00,3523,12.52,,,0.0,0.0,0.0,987.468,5.668,6.527,288.0,285.8,-6.186,-6.14,-6.698,-6.1
2026-03-20 05:37:00,3524,12.52,,,0.0,0.0,0.0,987.468,5.668,6.384,287.9,285.7,-6.199,-6.147,-6.714,-6.108
2026-03-20 05:38:00,3525,12.52,,,0.0,0.0,0.0,987.468,5.668,6.355,288.0,285.7,-6.179,-6.152,-6.709,-6.114
2026-03-20 05:39:00,3526,12.52,,,0.0,0.0,0.0,987.3995,5.64,6.355,288.0,285.7,-6.177,-6.157,-6.728,-6.121
2026-03-20 05:40:00,3527,12.52,,,0.0,0.0,0.0,987.3995,5.668,6.355,288.0,285.8,-6.186,-6.162,-6.704,-6.127
2026-03-20 05:41:00,3528,12.52,,,0.0,0.0,0.0,987.3311,5.668,6.355,288.1,285.7,-6.171,-6.166,-6.718,-6.133
2026-03-20 05:42:00,3529,12.52,,,0.0,0.0,0.0,987.3311,5.668,6.484,288.0,285.8,-6.196,-6.171,-6.709,-6.139
2026-03-20 05:43:00,3530,12.52,,,0.0,0.0,0.0,987.1941,5.854,6.685,287.9,285.7,-6.198,-6.177,-6.715,-6.146
2026-03-20 05:44:00,3531,12.52,,,0.0,0.0,0.0,987.1941,6.012,6.713,287.9,285.7,-6.219,-6.182,-6.714,-6.153
2026-03-20 05:45:00,3532,12.52,,,0.0,0.0,0.0,987.1941,6.04,6.914,288.0,285.8,-6.183,-6.187,-6.708,-6.16
2026-03-20 05:46:00,3533,12.52,,,0.0,0.0,0.0,987.1941,6.298,7.043,288.0,285.7,-6.194,-6.19,-6.718,-6.164
2026-03-20 05:47:00,3534,12.52,,,0.0,0.0,0.0,987.1256,6.37,7.257,288.0,285.8,-6.186,-6.192,-6.704,-6.168
2026-03-20 05:48:00,3535,12.52,,,0.0,0.0,0.0,987.1256,6.642,7.458,288.0,285.8,-6.178,-6.193,-6.697,-6.169
2026-03-20 05:49:00,3536,12.52,,,0.0,0.0,0.0,987.0571,6.756,7.701,288.1,285.8,-6.165,-6.194,-6.705,-6.17
2026-03-20 05:50:00,3537,12.52,,,0.0,0.0,0.0,987.0571,7.043,8.0,288.0,285.9,-6.179,-6.194,-6.68,-6.17
2026-03-20 05:51:00,3538,12.52,,,0.0,0.0,0.0,987.0571,7.286,8.27,288.1,285.8,-6.166,-6.194,-6.691,-6.17
2026-03-20 05:52:00,3539,12.52,,,0.0,0.0,0.0,987.0571,7.543,8.57,288.1,285.7,-6.162,-6.194,-6.714,-6.17
2026-03-20 05:53:00,3540,12.52,,,0.0,0.0,0.0,987.0571,7.801,8.9,288.0,285.8,-6.182,-6.194,-6.697,-6.17
2026-03-20 05:54:00,3541,12.52,,,0.0,0.0,0.0,986.9886,8.1,9.23,288.0,285.7,-6.194,-6.194,-6.722,-6.171
2026-03-20 05:55:00,3542,12.52,,,0.0,0.0,0.0,986.9202,8.42,9.56,288.1,285.7,-6.157,-6.194,-6.72,-6.172
2026-03-20 05:56:00,3543,12.52,,,0.0,0.0,0.0,986.9202,8.69,9.89,288.1,285.8,-6.155,-6.192,-6.705,-6.172
2026-03-20 05:57:00,3544,12.52,,,0.0,0.0,0.0,986.9202,8.96,10.22,288.2,285.7,-6.15,-6.19,-6.712,-6.172
2026-03-20 05:58:00,3545,12.52,,,0.0,0.0,0.0,986.9202,9.23,10.54,288.1,285.7,-6.157,-6.188,-6.721,-6.171
2026-03-20 05:59:00,3546,12.52,,,0.0,0.0,0.0,986.9202,9.52,10.88,288.0,285.7,-6.186,-6.187,-6.727,-6.173
2026-03-20 06:00:00,3547,12.52,,,0.0,0.0,0.0,986.9202,9.81,11.22,288.1,285.7,-6.165,-6.186,-6.724,-6.176
2026-03-20 06:01:00,3548,12.52,,,0.0,0.0,0.0,986.9202,10.11,11.57,288.2,285.8,-6.146,-6.184,-6.708,-6.178
2026-03-20 06:02:00,3549,12.52,,,0.0,0.0,0.0,986.9202,10.41,11.88,288.1,285.7,-6.163,-6.183,-6.718,-6.181
2026-03-20 06:03:00,3550,12.52,,,0.0,0.0,0.0,986.7832,10.56,12.17,288.1,285.7,-6.155,-6.182,-6.719,-6.183
2026-03-20 06:04:00,3551,12.52,,,0.0,0.0,0.0,986.7832,10.82,12.37,288.0,285.7,-6.178,-6.18,-6.724,-6.184
2026-03-20 06:05:00,3552,12.52,,,0.0,0.0,0.0,986.7832,10.92,12.54,288.1,285.6,-6.162,-6.18,-6.743,-6.187
2026-03-20 06:06:00,3553,12.52,,,0.0,0.0,0.0,986.7832,11.16,12.78,288.0,285.7,-6.18,-6.178,-6.731,-6.186
2026-03-20 06:07:00,3554,12.52,,,0.0,0.0,0.0,986.6462,11.16,12.88,288.1,285.8,-6.17,-6.177,-6.708,-6.185
2026-03-20 06:08:00,3555,12.52,,,0.0,0.0,0.0,986.6462,11.42,13.03,288.1,285.9,-6.155,-6.176,-6.685,-6.182
2026-03-20 06:09:00,3556,12.52,,,0.0,0.0,0.0,986.6462,11.51,13.21,288.1,285.7,-6.159,-6.173,-6.724,-6.178
2026-03-20 06:10:00,3557,12.52,,,0.0,0.0,0.0,986.5778,11.74,13.37,288.0,285.8,-6.179,-6.169,-6.703,-6.173
2026-03-20 06:11:00,3558,12.52,,,0.0,0.0,0.0,986.5093,11.88,13.61,288.1,285.8,-6.165,-6.164,-6.693,-6.166
2026-03-20 06:12:00,3559,12.52,,,0.0,0.0,0.0,986.5093,12.17,13.88,288.2,285.9,-6.131,-6.157,-6.669,-6.158
2026-03-20 06:13:00,3560,12.52,,,0.0,0.0,0.0,986.5093,12.4,14.19,288.3,285.9,-6.122,-6.15,-6.675,-6.148
2026-03-20 06:14:00,3561,12.52,,,0.0,0.0,0.0,986.5093,12.63,14.47,288.2,285.8,-6.132,-6.142,-6.69,-6.138
2026-03-20 06:15:00,3562,12.52,,,0.0,0.0,0.0,986.5093,12.88,14.74,288.4,285.9,-6.095,-6.134,-6.674,-6.127
2026-03-20 06:16:00,3563,12.52,,,0.0,0.0,0.0,986.5093,13.18,15.02,288.4,285.9,-6.102,-6.125,-6.675,-6.115
2026-03-20 06:17:00,3564,12.52,,,0.0,0.0,0.0,986.5093,13.28,15.27,288.5,285.8,-6.078,-6.116,-6.703,-6.105
2026-03-20 06:18:00,3565,12.52,,,0.0,0.0,0.0,986.4408,13.53,15.42,288.2,285.6,-6.135,-6.112,-6.733,-6.104
2026-03-20 06:19:00,3566,12.52,,,0.0,0.0,0.0,986.3723,13.57,15.57,288.1,285.6,-6.171,-6.115,-6.744,-6.111
2026-03-20 06:20:00,3567,12.52,,,0.0,0.0,0.0,986.3723,13.81,15.79,288.3,285.7,-6.114,-6.119,-6.723,-6.119
2026-03-20 06:21:00,3568,12.52,,,0.0,0.0,0.0,986.3723,14.04,16.07,288.2,285.7,-6.132,-6.122,-6.709,-6.124
2026-03-20 06:22:00,3569,12.52,,,0.0,0.0,0.0,986.4408,14.31,16.43,288.2,285.7,-6.145,-6.124,-6.732,-6.128
2026-03-20 06:23:00,3570,12.52,,,0.0,0.0,0.0,986.3723,14.61,16.76,288.2,285.8,-6.15,-6.131,-6.697,-6.135
2026-03-20 06:24:00,3571,12.52,,,0.0,0.0,0.0,986.3723,14.96,17.16,288.3,285.8,-6.107,-6.133,-6.708,-6.137
2026-03-20 06:25:00,3572,12.51,,,0.0,0.0,0.0,986.3723,15.39,17.62,288.4,285.9,-6.083,-6.133,-6.673,-6.136
2026-03-20 06:26:00,3573,12.52,,,0.0,0.0,0.0,986.3723,15.82,18.16,288.5,286.0,-6.079,-6.131,-6.646,-6.131
2026-03-20 06:27:00,3574,12.52,,,0.0,0.0,0.0,986.3723,16.33,18.74,288.3,286.2,-6.111,-6.129,-6.614,-6.121
2026-03-20 06:28:00,3575,12.52,,,0.0,0.0,0.0,986.3038,16.86,19.35,288.3,286.3,-6.119,-6.127,-6.582,-6.11
2026-03-20 06:29:00,3576,12.52,,,0.0,0.0,0.0,986.2354,17.48,20.08,288.3,286.4,-6.121,-6.124,-6.557,-6.099
2026-03-20 06:30:00,3577,12.52,,,0.0,0.0,0.0,986.2354,18.12,20.84,288.2,286.4,-6.139,-6.12,-6.558,-6.088
2026-03-20 06:31:00,3578,12.51,,,0.0,0.0,0.0,986.2354,18.79,21.67,288.0,286.5,-6.183,-6.12,-6.543,-6.08
2026-03-20 06:32:00,3579,12.52,,,0.0,0.0,0.0,986.2354,19.5,22.5,288.0,286.4,-6.182,-6.123,-6.559,-6.074
2026-03-20 06:33:00,3580,12.52,,,0.0,0.0,0.0,986.2354,20.04,23.12,288.0,286.4,-6.189,-6.123,-6.561,-6.07
2026-03-20 06:34:00,3581,12.52,,,0.0,0.0,0.0,986.2354,20.55,23.66,288.0,286.3,-6.19,-6.125,-6.586,-6.065
2026-03-20 06:35:00,3582,12.52,,,0.0,0.0,0.0,986.1669,21.0,24.16,287.8,286.2,-6.226,-6.131,-6.605,-6.064
2026-03-20 06:36:00,3583,12.52,,,0.0,0.0,0.0,986.0984,21.41,24.68,287.9,286.3,-6.21,-6.137,-6.576,-6.063
2026-03-20 06:37:00,3584,12.52,,,0.0,0.0,0.0,986.1669,21.77,25.04,288.0,286.4,-6.178,-6.14,-6.551,-6.059
2026-03-20 06:38:00,3585,12.52,,,0.0,0.0,0.0,986.2354,22.13,25.42,288.0,286.4,-6.185,-6.141,-6.559,-6.053
2026-03-20 06:39:00,3586,12.52,,,0.0,0.0,0.0,986.1669,22.5,25.87,288.1,286.5,-6.159,-6.139,-6.539,-6.046
2026-03-20 06:40:00,3587,12.52,,,0.0,0.0,0.0,986.2354,22.9,26.42,288.2,286.5,-6.131,-6.13,-6.525,-6.036
2026-03-20 06:41:00,3588,12.52,,,0.0,0.0,0.0,986.1669,23.19,26.7,288.3,286.6,-6.112,-6.119,-6.516,-6.022
2026-03-20 06:42:00,3589,12.52,,,0.0,0.0,0.0,986.0984,23.32,26.88,288.3,286.6,-6.124,-6.106,-6.505,-6.006
2026-03-20 06:43:00,3590,12.52,,,0.0,0.0,0.0,986.0984,23.53,27.07,288.3,286.6,-6.124,-6.095,-6.507,-5.991
2026-03-20 06:44:00,3591,12.52,,,0.0,0.0,0.0,986.0299,23.53,27.11,288.3,286.6,-6.113,-6.082,-6.512,-5.976
2026-03-20 06:45:00,3592,12.52,,,0.0,0.0,0.0,985.9614,23.53,27.04,288.2,286.6,-6.141,-6.072,-6.504,-5.962
2026-03-20 06:46:00,3593,12.52,,,0.0,0.0,0.0,985.9614,23.59,27.14,288.1,286.5,-6.173,-6.068,-6.529,-5.953
2026-03-20 06:47:00,3594,12.52,,,0.0,0.0,0.0,985.9614,23.88,27.28,288.0,286.6,-6.182,-6.067,-6.511,-5.946
2026-03-20 06:48:00,3595,12.52,,,0.0,0.0,0.0,985.9614,24.06,27.58,288.3,286.6,-6.126,-6.064,-6.522,-5.937
2026-03-20 06:49:00,3596,12.52,,,0.0,0.0,0.0,985.9614,24.42,27.98,288.2,286.6,-6.134,-6.061,-6.522,-5.928
2026-03-20 06:50:00,3597,12.52,,,0.0,0.0,0.0,985.9614,24.79,28.46,288.4,286.6,-6.099,-6.056,-6.5,-5.917
2026-03-20 06:51:00,3598,12.52,,,0.0,0.0,0.0,985.9614,25.12,28.79,288.6,286.7,-6.054,-6.046,-6.48,-5.902
2026-03-20 06:52:00,3599,12.52,,,0.0,0.0,0.0,985.9614,25.41,29.12,288.6,286.7,-6.042,-6.031,-6.478,-5.884
2026-03-20 06:53:00,3600,12.52,,,0.0,0.0,0.0,985.9614,25.59,29.37,288.9,286.8,-5.984,-6.014,-6.462,-5.862
2026-03-20 06:54:00,3601,12.52,,,0.0,0.0,0.0,985.8929,25.61,29.5,289.0,286.8,-5.952,-5.994,-6.459,-5.838
2026-03-20 06:55:00,3602,12.52,,,0.0,0.0,0.0,985.8929,25.88,29.62,289.2,286.8,-5.91,-5.971,-6.456,-5.812
2026-03-20 06:56:00,3603,12.52,,,0.0,0.0,0.0,985.8245,26.07,29.89,289.3,287.0,-5.886,-5.948,-6.429,-5.786
2026-03-20 06:57:00,3604,12.52,,,0.0,0.0,0.0,985.8929,26.34,30.22,289.3,287.0,-5.884,-5.922,-6.429,-5.757
2026-03-20 06:58:00,3605,12.52,,,0.0,0.0,0.0,985.8245,26.62,30.54,289.3,287.0,-5.885,-5.896,-6.429,-5.727
2026-03-20 06:59:00,3606,12.52,,,0.0,0.0,0.0,985.8245,26.89,30.87,289.1,287.0,-5.921,-5.869,-6.421,-5.697
2026-03-20 07:00:00,3607,12.52,,,0.0,0.0,0.0,985.8245,27.21,31.23,289.0,286.8,-5.944,-5.843,-6.455,-5.672
2026-03-20 07:01:00,3608,12.52,,,0.0,0.0,0.0,985.8245,27.38,31.56,289.0,286.9,-5.961,-5.818,-6.451,-5.651
2026-03-20 07:02:00,3609,12.52,,,0.0,0.0,0.0,985.6875,27.65,31.77,289.1,286.9,-5.943,-5.795,-6.452,-5.633
2026-03-20 07:03:00,3610,12.52,,,0.0,0.0,0.0,985.5505,27.57,31.69,289.1,287.0,-5.925,-5.773,-6.423,-5.613
2026-03-20 07:04:00,3611,12.52,,,0.0,0.0,0.0,985.619,27.31,31.42,289.2,287.0,-5.902,-5.75,-6.422,-5.591
2026-03-20 07:05:00,3612,12.52,,,0.0,0.0,0.0,985.5505,27.02,31.09,289.4,287.2,-5.857,-5.727,-6.368,-5.567
2026-03-20 07:06:00,3613,12.52,,,0.0,0.0,0.0,985.5505,26.71,30.69,289.4,287.2,-5.87,-5.704,-6.378,-5.542
2026-03-20 07:07:00,3614,12.52,,,0.0,0.0,0.0,985.5505,26.38,30.23,289.3,287.1,-5.887,-5.679,-6.39,-5.517
2026-03-20 07:08:00,3615,12.52,,,0.0,0.0,0.0,985.5505,26.07,29.84,289.3,287.1,-5.89,-5.655,-6.406,-5.494
2026-03-20 07:09:00,3616,12.52,,,0.0,0.0,0.0,985.4821,25.88,29.53,289.4,287.1,-5.868,-5.632,-6.395,-5.471
2026-03-20 07:10:00,3617,12.52,,,0.0,0.0,0.0,985.4136,25.61,29.36,289.5,287.1,-5.842,-5.609,-6.394,-5.45
2026-03-20 07:11:00,3618,12.52,,,0.0,0.0,0.0,985.4136,25.59,29.2,289.5,287.1,-5.835,-5.586,-6.388,-5.431
2026-03-20 07:12:00,3619,12.52,,,0.0,0.0,0.0,985.4136,25.63,29.33,289.5,287.2,-5.833,-5.564,-6.369,-5.412
2026-03-20 07:13:00,3620,12.52,,,0.0,0.0,0.0,985.4136,25.91,29.51,289.6,287.2,-5.818,-5.542,-6.363,-5.393
2026-03-20 07:14:00,3621,12.52,,,0.0,0.0,0.0,985.4136,26.12,29.86,289.7,287.4,-5.802,-5.52,-6.316,-5.372
2026-03-20 07:15:00,3622,12.52,,,0.0,0.0,0.0,985.4136,26.44,30.21,289.8,287.6,-5.781,-5.498,-6.283,-5.348
2026-03-20 07:16:00,3623,12.52,,,0.0,0.0,0.0,985.4136,26.81,30.64,289.7,287.6,-5.796,-5.475,-6.277,-5.323
2026-03-20 07:17:00,3624,12.52,,,0.0,0.0,0.0,985.3451,27.28,31.19,289.7,287.5,-5.782,-5.452,-6.307,-5.298
2026-03-20 07:18:00,3625,12.52,,,0.0,0.0,0.0,985.2766,27.81,31.83,289.8,287.7,-5.772,-5.428,-6.266,-5.271
2026-03-20 07:19:00,3626,12.52,,,0.0,0.0,0.0,985.2081,28.27,32.4,289.9,287.8,-5.751,-5.404,-6.235,-5.244
2026-03-20 07:20:00,3627,12.52,,,0.0,0.0,0.0,985.1396,28.78,32.98,289.8,287.8,-5.775,-5.379,-6.226,-5.216
2026-03-20 07:21:00,3628,12.52,,,0.0,0.0,0.0,985.1396,29.2,33.45,289.7,287.8,-5.785,-5.356,-6.229,-5.188
2026-03-20 07:22:00,3629,12.52,,,0.0,0.0,0.0,985.1396,29.58,33.88,289.9,287.8,-5.747,-5.332,-6.24,-5.159
2026-03-20 07:23:00,3630,12.52,,,0.0,0.0,0.0,985.1396,29.96,34.31,289.9,287.9,-5.757,-5.308,-6.199,-5.131
2026-03-20 07:24:00,3631,12.52,,,0.0,0.0,0.0,985.1396,30.31,34.72,289.8,287.9,-5.768,-5.285,-6.214,-5.102
2026-03-20 07:25:00,3632,12.52,,,0.0,0.0,0.0,985.0712,30.61,35.02,289.8,287.9,-5.779,-5.264,-6.215,-5.075
2026-03-20 07:26:00,3633,12.52,,,0.0,0.0,0.0,985.0027,30.81,35.29,289.8,288.0,-5.777,-5.243,-6.18,-5.048
2026-03-20 07:27:00,3634,12.52,,,0.0,0.0,0.0,985.0027,31.06,35.55,289.7,288.0,-5.788,-5.221,-6.179,-5.021
2026-03-20 07:28:00,3635,12.52,,,0.0,0.0,0.0,985.0027,31.16,35.71,289.7,288.0,-5.798,-5.202,-6.177,-4.995
2026-03-20 07:29:00,3636,12.52,,,0.0,0.0,0.0,985.0027,31.4,35.9,289.8,288.0,-5.766,-5.183,-6.177,-4.972
2026-03-20 07:30:00,3637,12.52,,,0.0,0.0,0.0,984.9342,31.43,36.01,289.9,288.2,-5.747,-5.165,-6.14,-4.95
2026-03-20 07:31:00,3638,12.52,,,0.0,0.0,0.0,984.8657,31.46,36.07,289.9,288.3,-5.737,-5.146,-6.118,-4.927
2026-03-20 07:32:00,3639,12.52,,,0.0,0.0,0.0,984.8657,31.63,36.14,290.1,288.5,-5.711,-5.125,-6.07,-4.902
2026-03-20 07:33:00,3640,12.52,,,0.0,0.0,0.0,984.8657,31.77,36.27,290.2,288.5,-5.681,-5.103,-6.07,-4.876
2026-03-20 07:34:00,3641,12.52,,,0.0,0.0,0.0,984.8657,31.97,36.5,290.2,288.5,-5.683,-5.081,-6.065,-4.85
2026-03-20 07:35:00,3642,12.52,,,0.0,0.0,0.0,984.8657,32.33,36.91,290.3,288.7,-5.643,-5.058,-6.015,-4.823
2026-03-20 07:36:00,3643,12.52,,,0.0,0.0,0.0,984.7972,32.83,37.47,290.3,288.8,-5.647,-5.035,-6.007,-4.795
2026-03-20 07:37:00,3644,12.52,,,0.0,0.0,0.0,984.7972,33.3,38.01,290.3,288.8,-5.662,-5.014,-6.009,-4.769
2026-03-20 07:38:00,3645,12.52,,,0.0,0.0,0.0,984.7288,33.8,38.54,290.3,288.7,-5.644,-4.992,-6.013,-4.744
2026-03-20 07:39:00,3646,12.52,,,0.0,0.0,0.0,984.7288,34.46,39.22,290.3,288.8,-5.657,-4.969,-6.007,-4.721
2026-03-20 07:40:00,3647,12.52,,,0.0,0.0,0.0,984.7288,35.29,40.13,290.2,288.9,-5.671,-4.948,-5.977,-4.699
2026-03-20 07:41:00,3648,12.52,,,0.0,0.0,0.0,984.7288,36.41,41.39,290.2,288.8,-5.672,-4.929,-5.997,-4.678
2026-03-20 07:42:00,3649,12.52,,,0.0,0.0,0.0,984.7288,37.57,42.85,290.2,288.8,-5.667,-4.911,-5.991,-4.659
2026-03-20 07:43:00,3650,12.52,,,0.0,0.0,0.0,984.6603,38.71,44.25,290.3,288.9,-5.663,-4.892,-5.989,-4.642
2026-03-20 07:44:00,3651,12.52,,,0.0,0.0,0.0,984.5918,39.96,45.73,290.2,288.7,-5.668,-4.872,-6.02,-4.625
2026-03-20 07:45:00,3652,12.52,,,0.0,0.0,0.0,984.5918,41.07,47.19,290.3,288.7,-5.663,-4.852,-6.015,-4.612
2026-03-20 07:46:00,3653,12.52,,,0.0,0.0,0.0,984.5918,41.85,48.13,290.4,288.9,-5.635,-4.833,-5.979,-4.593
2026-03-20 07:47:00,3654,12.52,,,0.0,0.0,0.0,984.5918,42.28,48.46,290.3,288.9,-5.644,-4.814,-5.975,-4.57
2026-03-20 07:48:00,3655,12.52,,,0.0,0.0,0.0,984.5918,42.46,48.55,290.3,289.0,-5.662,-4.797,-5.951,-4.547
2026-03-20 07:49:00,3656,12.52,,,0.0,0.0,0.0,984.5233,42.46,48.22,290.1,288.8,-5.702,-4.777,-5.992,-4.523
2026-03-20 07:50:00,3657,12.52,,,0.0,0.0,0.0,984.4548,41.92,47.33,290.1,288.7,-5.699,-4.759,-6.024,-4.497
2026-03-20 07:51:00,3658,12.52,,,0.0,0.0,0.0,984.4548,41.49,46.48,290.0,288.5,-5.726,-4.739,-6.063,-4.472
2026-03-20 07:52:00,3659,12.52,,,0.0,0.0,0.0,984.4548,41.09,45.91,289.9,288.1,-5.755,-4.722,-6.167,-4.458
2026-03-20 07:53:00,3660,12.52,,,0.0,0.0,0.0,984.3179,41.19,45.83,289.8,287.8,-5.768,-4.706,-6.223,-4.452
2026-03-20 07:54:00,3661,12.52,,,0.0,0.0,0.0,984.3179,41.08,45.5,289.6,287.5,-5.808,-4.694,-6.304,-4.456
2026-03-20 07:55:00,3662,12.52,,,0.0,0.0,0.0,984.3179,41.1,45.31,289.6,287.5,-5.813,-4.686,-6.303,-4.46
2026-03-20 07:56:00,3663,12.52,,,0.0,0.0,0.0,984.3179,41.39,45.51,289.6,287.2,-5.81,-4.677,-6.373,-4.461
2026-03-20 07:57:00,3664,12.52,,,0.0,0.0,0.0,984.3179,41.46,45.51,289.5,287.1,-5.836,-4.669,-6.396,-4.453
2026-03-20 07:58:00,3665,12.52,,,0.0,0.0,0.0,984.3179,41.89,45.94,289.1,286.8,-5.92,-4.664,-6.466,-4.444
2026-03-20 07:59:00,3666,12.52,,,0.0,0.0,0.0,984.3179,42.61,46.83,289.1,286.4,-5.922,-4.658,-6.554,-4.442
2026-03-20 08:00:00,3667,12.52,,,0.0,0.0,0.0,984.3179,43.68,48.11,289.0,286.4,-5.956,-4.651,-6.562,-4.442
2026-03-20 08:01:00,3668,12.52,,,0.0,0.0,0.0,984.3179,44.67,49.35,289.2,286.4,-5.912,-4.647,-6.561,-4.44
2026-03-20 08:02:00,3669,12.52,,,0.0,0.0,0.0,984.3179,45.85,50.78,289.4,286.2,-5.866,-4.642,-6.613,-4.435
2026-03-20 08:03:00,3670,12.52,,,0.0,0.0,0.0,984.1809,47.18,52.49,289.2,285.8,-5.914,-4.636,-6.689,-4.437
2026-03-20 08:04:00,3671,12.52,,,0.0,0.0,0.0,984.1809,48.7,54.35,289.0,285.5,-5.966,-4.638,-6.764,-4.459
2026-03-20 08:05:00,3672,12.52,,,0.0,0.0,0.0,984.1809,50.56,56.7,288.6,285.1,-6.041,-4.651,-6.872,-4.508
2026-03-20 08:06:00,3673,12.52,,,0.0,0.0,0.0,984.1809,52.52,59.28,288.5,285.0,-6.074,-4.675,-6.875,-4.573
2026-03-20 08:07:00,3674,12.52,,,0.0,0.0,0.0,984.1809,54.34,61.71,288.7,285.2,-6.036,-4.7,-6.849,-4.629
2026-03-20 08:08:00,3675,12.52,,,0.0,0.0,0.0,984.1809,55.81,63.8,288.9,285.6,-5.98,-4.716,-6.746,-4.654
2026-03-20 08:09:00,3676,12.52,,,0.0,0.0,0.0,984.1809,57.13,65.75,288.9,285.7,-5.974,-4.723,-6.716,-4.652
2026-03-20 08:10:00,3677,12.52,,,0.0,0.0,0.0,984.1809,57.98,67.21,288.6,285.5,-6.048,-4.723,-6.775,-4.646
2026-03-20 08:11:00,3678,12.52,,,0.0,0.0,0.0,984.1809,58.45,67.92,288.3,285.2,-6.114,-4.722,-6.827,-4.651
2026-03-20 08:12:00,3679,12.52,,,0.0,0.0,0.0,984.1809,58.46,67.94,287.8,285.3,-6.241,-4.73,-6.81,-4.653
2026-03-20 08:13:00,3680,12.52,,,0.0,0.0,0.0,984.1809,57.62,67.01,287.8,285.1,-6.244,-4.75,-6.852,-4.65
2026-03-20 08:14:00,3681,12.52,,,0.0,0.0,0.0,984.1809,55.09,64.52,287.2,284.8,-6.364,-4.766,-6.941,-4.652
2026-03-20 08:15:00,3682,12.52,,,0.0,0.0,0.0,984.1809,52.44,61.58,286.1,284.2,-6.622,-4.8,-7.075,-4.677
2026-03-20 08:16:00,3683,12.52,,,0.0,0.0,0.0,984.1809,50.91,59.03,286.0,284.3,-6.64,-4.866,-7.053,-4.719
2026-03-20 08:17:00,3684,12.52,,,0.0,0.0,0.0,984.1809,46.03,53.78,286.4,284.6,-6.564,-4.93,-6.987,-4.75
2026-03-20 08:18:00,3685,12.52,,,0.0,0.0,0.0,984.1124,44.29,48.32,286.9,286.9,-6.44,-4.972,-6.448,-4.779
2026-03-20 08:19:00,3686,12.52,,,0.0,0.0,0.0,984.1809,42.56,45.61,287.1,289.2,-6.392,-4.997,-5.905,-4.803
2026-03-20 08:20:00,3687,12.52,,,0.0,0.0,0.0,984.1124,43.32,47.03,286.8,289.1,-6.467,-5.02,-5.938,-4.824
2026-03-20 08:21:00,3688,12.52,,,0.0,0.0,0.0,984.0439,45.79,54.34,286.4,288.9,-6.56,-5.055,-5.967,-4.858
2026-03-20 08:22:00,3689,12.52,,,0.0,0.0,0.0,984.0439,43.98,51.32,286.3,288.1,-6.571,-5.09,-6.159,-4.889
2026-03-20 08:23:00,3690,12.52,,,0.0,0.0,0.0,984.0439,43.13,50.06,286.2,287.2,-6.613,-5.127,-6.366,-4.917
2026-03-20 08:24:00,3691,12.52,,,0.0,0.0,0.0,984.0439,42.59,49.39,286.2,286.4,-6.595,-5.164,-6.551,-4.951
2026-03-20 08:25:00,3692,12.52,,,0.0,0.0,0.0,983.907,41.36,47.5,286.2,285.6,-6.599,-5.205,-6.752,-4.984
2026-03-20 08:26:00,3693,12.52,,,0.0,0.0,0.0,983.907,38.74,44.08,286.0,284.8,-6.653,-5.235,-6.934,-5.016
2026-03-20 08:27:00,3694,12.52,,,0.0,0.0,0.0,983.907,37.97,42.32,285.8,285.8,-6.706,-5.267,-6.696,-5.046
2026-03-20 08:28:00,3695,12.52,,,0.0,0.0,0.0,983.907,38.91,43.74,285.7,286.0,-6.721,-5.294,-6.642,-5.074
2026-03-20 08:29:00,3696,12.52,,,0.0,0.0,0.0,983.907,39.99,44.94,285.6,285.8,-6.736,-5.322,-6.686,-5.098
2026-03-20 08:30:00,3697,12.52,,,0.0,0.0,0.0,983.8385,41.19,46.58,285.4,285.8,-6.791,-5.347,-6.702,-5.125
2026-03-20 08:31:00,3698,12.52,,,0.0,0.0,0.0,983.77,42.13,47.66,285.6,285.8,-6.745,-5.373,-6.701,-5.162
2026-03-20 08:32:00,3699,12.52,,,0.0,0.0,0.0,983.77,44.02,50.22,286.2,286.1,-6.612,-5.394,-6.616,-5.189
2026-03-20 08:33:00,3700,12.52,,,0.0,0.0,0.0,983.77,44.85,50.63,286.5,286.0,-6.532,-5.42,-6.64,-5.224
2026-03-20 08:34:00,3701,12.52,,,0.0,0.0,0.0,983.77,47.07,54.48,287.1,286.1,-6.386,-5.439,-6.629,-5.246
2026-03-20 08:35:00,3702,12.52,,,0.0,0.0,0.0,983.7015,49.8,57.69,287.4,285.7,-6.329,-5.448,-6.716,-5.249
2026-03-20 08:36:00,3703,12.52,,,0.0,0.0,0.0,983.7015,53.81,61.18,287.6,285.5,-6.286,-5.451,-6.758,-5.245
2026-03-20 08:37:00,3704,12.52,,,0.0,0.0,0.0,983.6331,57.03,66.29,287.0,285.0,-6.428,-5.448,-6.877,-5.237
2026-03-20 08:38:00,3705,12.52,,,0.0,0.0,0.0,983.6331,58.87,68.75,286.9,284.7,-6.451,-5.442,-6.945,-5.226
2026-03-20 08:39:00,3706,12.52,,,0.0,0.0,0.0,983.6331,61.25,69.99,287.2,284.8,-6.365,-5.444,-6.935,-5.234
2026-03-20 08:40:00,3707,12.52,,,0.0,0.0,0.0,983.6331,65.46,78.31,287.8,285.4,-6.231,-5.441,-6.794,-5.227
2026-03-20 08:41:00,3708,12.52,,,0.0,0.0,0.0,983.6331,69.52,83.7,287.5,284.9,-6.302,-5.436,-6.905,-5.207
2026-03-20 08:42:00,3709,12.52,,,0.0,0.0,0.0,983.6331,73.4,88.8,287.5,284.7,-6.302,-5.433,-6.952,-5.189
2026-03-20 08:43:00,3710,12.52,,,0.0,0.0,0.0,983.6331,77.63,94.2,287.8,284.6,-6.238,-5.422,-6.975,-5.173
2026-03-20 08:44:00,3711,12.52,,,0.0,0.0,0.0,983.6331,82.3,100.3,287.8,284.8,-6.226,-5.405,-6.926,-5.148
2026-03-20 08:45:00,3712,12.52,,,0.0,0.0,0.0,983.6331,85.4,104.3,288.1,285.0,-6.164,-5.384,-6.885,-5.113
2026-03-20 08:46:00,3713,12.52,,,0.0,0.0,0.0,983.6331,87.6,107.1,288.0,285.2,-6.185,-5.359,-6.847,-5.071
2026-03-20 08:47:00,3714,12.52,,,0.0,0.0,0.0,983.5646,89.6,109.7,287.8,284.9,-6.236,-5.338,-6.906,-5.032
2026-03-20 08:48:00,3715,12.52,,,0.0,0.0,0.0,983.4961,91.0,111.2,287.5,284.8,-6.312,-5.334,-6.919,-5.006
2026-03-20 08:49:00,3716,12.52,,,0.0,0.0,0.0,983.4961,92.4,112.7,288.1,285.1,-6.171,-5.327,-6.851,-4.986
2026-03-20 08:50:00,3717,12.52,,,0.0,0.0,0.0,983.3591,92.6,112.7,288.5,285.3,-6.074,-5.297,-6.825,-4.96
2026-03-20 08:51:00,3718,12.52,,,0.0,0.0,0.0,983.3591,91.7,111.1,288.6,285.4,-6.043,-5.263,-6.789,-4.938
2026-03-20 08:52:00,3719,12.52,,,0.0,0.0,0.0,983.3591,90.9,109.8,288.8,285.7,-5.992,-5.226,-6.715,-4.912
2026-03-20 08:53:00,3720,12.52,,,0.0,0.0,0.0,983.2906,90.0,108.2,288.8,285.8,-5.991,-5.183,-6.697,-4.876
2026-03-20 08:54:00,3721,12.52,,,0.0,0.0,0.0,983.2156,88.7,106.3,288.6,285.7,-6.057,-5.145,-6.723,-4.842
2026-03-20 08:55:00,3722,12.52,,,0.0,0.0,0.0,983.2103,88.9,106.6,288.2,285.4,-6.132,-5.116,-6.801,-4.809
2026-03-20 08:56:00,3723,12.52,,,0.0,0.0,0.0,983.2126,90.5,109.1,288.0,285.2,-6.188,-5.09,-6.843,-4.778
2026-03-20 08:57:00,3724,12.52,,,0.0,0.0,0.0,983.216,96.4,118.5,288.0,285.0,-6.181,-5.071,-6.888,-4.748
2026-03-20 08:58:00,3725,12.52,,,0.0,0.0,0.0,983.2172,103.4,129.8,288.3,284.7,-6.126,-5.042,-6.95,-4.72
2026-03-20 08:59:00,3726,12.52,,,0.0,0.0,0.0,983.0812,103.5,129.9,288.2,284.4,-6.13,-5.017,-7.035,-4.714
2026-03-20 09:00:00,3727,12.52,,,0.0,0.0,0.0,983.082,102.7,128.6,288.0,284.0,-6.176,-5.008,-7.116,-4.733
2026-03-20 09:01:00,3728,12.52,,,0.0,0.0,0.0,983.1445,99.1,122.7,288.4,284.2,-6.105,-4.999,-7.068,-4.742
2026-03-20 09:02:00,3729,12.52,,,0.0,0.0,0.0,983.1464,94.9,115.8,288.6,284.4,-6.045,-4.975,-7.035,-4.728
2026-03-20 09:03:00,3730,12.52,,,0.0,0.0,0.0,983.0662,91.8,110.8,288.0,284.3,-6.19,-4.955,-7.056,-4.704
2026-03-20 09:04:00,3731,12.52,,,0.0,0.0,0.0,983.0599,90.9,109.2,287.4,284.0,-6.33,-4.965,-7.112,-4.69
2026-03-20 09:05:00,3732,12.52,,,0.0,0.0,0.0,983.0518,93.8,113.9,287.5,283.8,-6.302,-4.981,-7.154,-4.686
2026-03-20 09:06:00,3733,12.52,,,0.0,0.0,0.0,983.0519,93.0,112.6,288.2,284.3,-6.137,-4.987,-7.037,-4.679
2026-03-20 09:07:00,3734,12.52,,,0.0,0.0,0.0,982.9216,93.5,113.2,288.9,284.7,-5.98,-4.965,-6.961,-4.65
2026-03-20 09:08:00,3735,12.52,,,0.0,0.0,0.0,982.9204,92.2,110.7,289.0,284.6,-5.95,-4.927,-6.974,-4.606
2026-03-20 09:09:00,3736,12.52,,,0.0,0.0,0.0,982.9128,92.7,111.0,288.8,284.5,-6.005,-4.885,-6.999,-4.56
2026-03-20 09:10:00,3737,12.52,,,0.0,0.0,0.0,982.9072,92.4,109.8,287.7,284.0,-6.266,-4.866,-7.115,-4.526
2026-03-20 09:11:00,3738,12.52,,,0.0,0.0,0.0,982.9023,85.3,97.5,287.6,283.9,-6.282,-4.871,-7.131,-4.508
2026-03-20 09:12:00,3739,12.52,,,0.0,0.0,0.0,982.9049,85.4,97.3,287.4,283.8,-6.329,-4.867,-7.156,-4.485
2026-03-20 09:13:00,3740,12.52,,,0.0,0.0,0.0,982.9005,87.3,100.3,287.3,283.0,-6.338,-4.863,-7.364,-4.472
2026-03-20 09:14:00,3741,12.52,,,0.0,0.0,0.0,982.8903,89.2,102.8,287.9,283.3,-6.207,-4.859,-7.279,-4.467
2026-03-20 09:15:00,3742,12.52,,,0.0,0.0,0.0,982.8822,91.4,105.9,288.5,283.6,-6.077,-4.849,-7.222,-4.434
2026-03-20 09:16:00,3743,12.52,,,0.0,0.0,0.0,982.8757,103.7,125.4,288.6,283.7,-6.057,-4.827,-7.196,-4.394
2026-03-20 09:17:00,3744,12.52,,,0.0,0.0,0.0,982.7861,104.8,126.4,288.6,283.7,-6.05,-4.8,-7.199,-4.35
2026-03-20 09:18:00,3745,12.52,,,0.0,0.0,0.0,982.7102,98.4,115.3,288.5,283.7,-6.062,-4.773,-7.178,-4.304
2026-03-20 09:19:00,3746,12.52,,,0.0,0.0,0.0,982.7042,100.5,117.7,288.2,283.7,-6.148,-4.75,-7.2,-4.257
2026-03-20 09:20:00,3747,12.52,,,0.0,0.0,0.0,982.6994,103.3,120.6,288.1,283.8,-6.16,-4.724,-7.159,-4.212
2026-03-20 09:21:00,3748,12.52,,,0.0,0.0,0.0,982.6956,104.1,121.1,288.3,283.9,-6.111,-4.694,-7.139,-4.162
2026-03-20 09:22:00,3749,12.52,,,0.0,0.0,0.0,982.6925,103.5,119.4,288.8,284.0,-6.005,-4.661,-7.108,-4.111
2026-03-20 09:23:00,3750,12.52,,,0.0,0.0,0.0,982.6196,106.2,122.0,289.1,284.3,-5.94,-4.627,-7.05,-4.059
2026-03-20 09:24:00,3751,12.52,,,0.0,0.0,0.0,982.5496,109.6,125.9,289.3,284.4,-5.886,-4.598,-7.015,-4.002
2026-03-20 09:25:00,3752,12.52,,,0.0,0.0,0.0,982.5483,111.3,128.3,289.4,284.2,-5.868,-4.556,-7.066,-3.95
2026-03-20 09:26:00,3753,12.52,,,0.0,0.0,0.0,982.5474,110.0,128.3,289.2,284.0,-5.903,-4.514,-7.12,-3.922
2026-03-20 09:27:00,3754,12.52,,,0.0,0.0,0.0,982.4097,110.7,132.3,289.3,284.2,-5.884,-4.483,-7.075,-3.919
2026-03-20 09:28:00,3755,12.52,,,0.0,0.0,0.0,982.4089,108.8,130.2,289.1,284.1,-5.943,-4.456,-7.092,-3.927
2026-03-20 09:29:00,3756,12.52,,,0.0,0.0,0.0,982.4084,99.0,114.1,288.5,284.2,-6.075,-4.45,-7.074,-3.951
2026-03-20 09:30:00,3757,12.52,,,0.0,0.0,0.0,982.4077,98.2,111.9,288.6,284.3,-6.038,-4.441,-7.049,-3.967
2026-03-20 09:31:00,3758,12.52,,,0.0,0.0,0.0,982.4075,98.8,112.3,288.4,284.4,-6.086,-4.424,-7.035,-3.97
2026-03-20 09:32:00,3759,12.52,,,0.0,0.0,0.0,982.4072,96.1,108.2,286.7,283.7,-6.493,-4.432,-7.197,-3.983
2026-03-20 09:33:00,3760,12.52,,,0.0,0.0,0.0,982.2701,90.5,100.8,286.8,283.6,-6.459,-4.456,-7.211,-4.018
2026-03-20 09:34:00,3761,12.52,,,0.0,0.0,0.0,982.27,88.1,97.2,287.5,283.5,-6.292,-4.462,-7.241,-4.026
2026-03-20 09:35:00,3762,12.52,,,0.0,0.0,0.0,982.2699,86.1,94.2,287.9,283.2,-6.208,-4.467,-7.313,-4.048
2026-03-20 09:36:00,3763,12.52,,,0.0,0.0,0.0,982.2698,84.5,92.4,287.7,283.2,-6.253,-4.474,-7.306,-4.067
2026-03-20 09:37:00,3764,12.52,,,0.0,0.0,0.0,982.2697,83.8,92.3,287.4,283.0,-6.315,-4.495,-7.345,-4.079
2026-03-20 09:38:00,3765,12.52,,,0.0,0.0,0.0,982.2697,84.8,93.8,287.5,282.6,-6.304,-4.51,-7.436,-4.097
2026-03-20 09:39:00,3766,12.52,,,0.0,0.0,0.0,982.2697,83.5,92.8,287.4,282.6,-6.325,-4.517,-7.439,-4.112
2026-03-20 09:40:00,3767,12.52,,,0.0,0.0,0.0,982.1327,80.5,89.9,288.0,282.5,-6.198,-4.519,-7.467,-4.117
2026-03-20 09:41:00,3768,12.52,,,0.0,0.0,0.0,982.1326,77.01,86.3,287.5,281.9,-6.31,-4.529,-7.612,-4.153
2026-03-20 09:42:00,3769,12.52,,,0.0,0.0,0.0,982.1326,75.71,85.0,287.1,281.5,-6.403,-4.56,-7.695,-4.232
2026-03-20 09:43:00,3770,12.52,,,0.0,0.0,0.0,982.1326,75.73,85.3,287.3,282.0,-6.345,-4.602,-7.581,-4.319
2026-03-20 09:44:00,3771,12.52,,,0.0,0.0,0.0,982.1326,74.65,84.6,288.2,283.0,-6.134,-4.625,-7.36,-4.367
2026-03-20 09:45:00,3772,12.52,,,0.0,0.0,0.0,982.1326,71.82,81.5,287.5,283.0,-6.291,-4.635,-7.353,-4.383
2026-03-20 09:46:00,3773,12.52,,,0.0,0.0,0.0,982.1326,68.33,77.39,286.7,282.7,-6.488,-4.657,-7.428,-4.434
2026-03-20 09:47:00,3774,12.53,,,0.0,0.0,0.0,982.0642,64.52,72.85,287.5,283.4,-6.311,-4.679,-7.269,-4.49
2026-03-20 09:48:00,3775,12.53,,,0.0,0.0,0.0,981.9957,61.13,69.32,287.2,283.5,-6.365,-4.698,-7.247,-4.532
2026-03-20 09:49:00,3776,12.52,,,0.0,0.0,0.0,981.9957,58.91,67.11,286.9,283.6,-6.442,-4.73,-7.211,-4.572
2026-03-20 09:50:00,3777,12.53,,,0.0,0.0,0.0,981.9272,56.79,64.49,287.0,283.7,-6.42,-4.764,-7.186,-4.605
2026-03-20 09:51:00,3778,12.53,,,0.0,0.0,0.0,981.8588,54.38,61.37,287.0,283.0,-6.419,-4.813,-7.35,-4.664
2026-03-20 09:52:00,3779,12.53,,,0.0,0.0,0.0,981.9957,53.98,60.87,287.7,283.9,-6.263,-4.861,-7.151,-4.727
2026-03-20 09:53:00,3780,12.53,,,0.0,0.0,0.0,981.9957,55.51,62.83,286.9,283.7,-6.449,-4.9,-7.195,-4.759
2026-03-20 09:54:00,3781,12.53,,,0.0,0.0,0.0,981.8588,57.4,65.22,287.1,283.9,-6.387,-4.957,-7.137,-4.793
2026-03-20 09:55:00,3782,12.53,,,0.0,0.0,0.0,981.8588,57.24,65.16,287.4,283.8,-6.332,-4.979,-7.167,-4.808
2026-03-20 09:56:00,3783,12.53,,,0.0,0.0,0.0,981.7903,54.79,62.17,286.9,283.6,-6.434,-4.996,-7.217,-4.841
2026-03-20 09:57:00,3784,12.53,,,0.0,0.0,0.0,981.7219,52.54,59.54,287.1,283.9,-6.39,-5.014,-7.134,-4.885
2026-03-20 09:58:00,3785,12.53,,,0.0,0.0,0.0,981.7219,51.14,58.11,287.6,284.2,-6.268,-5.031,-7.063,-4.908
2026-03-20 09:59:00,3786,12.52,,,0.0,0.0,0.0,981.7219,51.31,58.57,287.9,284.5,-6.202,-5.039,-7.009,-4.913
2026-03-20 10:00:00,3787,12.53,,,0.0,0.0,0.0,981.7219,52.3,59.97,288.1,284.4,-6.158,-5.043,-7.029,-4.916
2026-03-20 10:01:00,3788,12.53,,,0.0,0.0,0.0,981.8588,52.93,60.57,287.6,284.3,-6.29,-5.053,-7.056,-4.931
2026-03-20 10:02:00,3789,12.53,,,0.0,0.0,0.0,981.7219,53.32,60.97,287.4,283.8,-6.324,-5.078,-7.173,-4.969
2026-03-20 10:03:00,3790,12.53,,,0.0,0.0,0.0,981.7219,54.08,62.35,287.6,284.0,-6.282,-5.111,-7.111,-5.031
2026-03-20 10:04:00,3791,12.53,,,0.0,0.0,0.0,981.7219,54.16,62.85,288.1,284.7,-6.162,-5.129,-6.951,-5.049
2026-03-20 10:05:00,3792,12.53,,,0.0,0.0,0.0,981.7219,53.8,62.68,288.4,284.6,-6.102,-5.136,-6.973,-5.053
2026-03-20 10:06:00,3793,12.53,,,0.0,0.0,0.0,981.6534,53.75,62.73,288.0,284.7,-6.193,-5.155,-6.955,-5.084
2026-03-20 10:07:00,3794,12.53,,,0.0,0.0,0.0,981.5165,53.85,62.93,288.2,284.8,-6.146,-5.172,-6.921,-5.105
2026-03-20 10:08:00,3795,12.53,,,0.0,0.0,0.0,981.4481,54.46,63.61,287.5,284.5,-6.313,-5.2,-6.999,-5.153
2026-03-20 10:09:00,3796,12.53,,,0.0,0.0,0.0,981.585,54.89,64.24,287.3,285.1,-6.349,-5.248,-6.862,-5.19
2026-03-20 10:10:00,3797,12.53,,,0.0,0.0,0.0,981.4481,55.26,64.65,286.3,284.6,-6.575,-5.281,-6.975,-5.227
2026-03-20 10:11:00,3798,12.53,,,0.0,0.0,0.0,981.4481,55.46,64.79,286.4,284.7,-6.563,-5.328,-6.965,-5.274
2026-03-20 10:12:00,3799,12.53,,,0.0,0.0,0.0,981.4481,55.28,64.42,286.8,285.0,-6.473,-5.366,-6.883,-5.305
2026-03-20 10:13:00,3800,12.53,,,0.0,0.0,0.0,981.4481,54.3,63.35,287.6,285.3,-6.283,-5.383,-6.816,-5.311
2026-03-20 10:14:00,3801,12.53,,,0.0,0.0,0.0,981.4481,53.63,62.68,288.0,285.1,-6.187,-5.389,-6.865,-5.309
2026-03-20 10:15:00,3802,12.53,,,0.0,0.0,0.0,981.3112,53.55,62.99,287.7,284.7,-6.245,-5.399,-6.966,-5.329
2026-03-20 10:16:00,3803,12.53,,,0.0,0.0,0.0,981.3796,53.4,62.96,287.7,284.7,-6.259,-5.427,-6.949,-5.375
2026-03-20 10:17:00,3804,12.53,,,0.0,0.0,0.0,981.3796,53.07,62.65,288.0,285.0,-6.197,-5.449,-6.875,-5.399
2026-03-20 10:18:00,3805,12.53,,,0.0,0.0,0.0,981.3112,52.56,61.98,287.9,284.9,-6.205,-5.469,-6.918,-5.421
2026-03-20 10:19:00,3806,12.53,,,0.0,0.0,0.0,981.3112,52.53,61.95,287.8,285.4,-6.233,-5.495,-6.78,-5.431
2026-03-20 10:20:00,3807,12.53,,,0.0,0.0,0.0,981.3112,53.15,62.69,287.9,285.6,-6.216,-5.508,-6.746,-5.422
2026-03-20 10:21:00,3808,12.53,,,0.0,0.0,0.0,981.3112,53.75,63.35,287.4,285.4,-6.332,-5.513,-6.79,-5.417
2026-03-20 10:22:00,3809,12.53,,,0.0,0.0,0.0,981.2427,53.75,63.29,287.4,285.4,-6.333,-5.519,-6.788,-5.413
2026-03-20 10:23:00,3810,12.52,,,0.0,0.0,0.0,981.1742,53.2,62.46,287.2,285.3,-6.364,-5.525,-6.809,-5.405
2026-03-20 10:24:00,3811,12.53,,,0.0,0.0,0.0,981.1742,52.92,62.13,286.8,284.9,-6.476,-5.55,-6.903,-5.412
2026-03-20 10:25:00,3812,12.52,,,0.0,0.0,0.0,981.1742,52.96,62.16,286.7,284.3,-6.497,-5.592,-7.057,-5.45
2026-03-20 10:26:00,3813,12.53,,,0.0,0.0,0.0,981.1058,52.49,61.46,286.7,284.7,-6.484,-5.645,-6.95,-5.504
2026-03-20 10:27:00,3814,12.53,,,0.0,0.0,0.0,981.0373,52.3,61.19,286.7,284.7,-6.478,-5.688,-6.956,-5.528
2026-03-20 10:28:00,3815,12.53,,,0.0,0.0,0.0,981.0373,52.37,61.17,286.4,284.2,-6.552,-5.74,-7.065,-5.577
2026-03-20 10:29:00,3816,12.53,,,0.0,0.0,0.0,981.0438,52.77,61.63,286.5,284.7,-6.529,-5.803,-6.959,-5.633
2026-03-20 10:30:00,3817,12.52,,,0.0,0.0,0.0,981.0425,53.57,62.85,287.1,285.0,-6.4,-5.838,-6.88,-5.644
2026-03-20 10:31:00,3818,12.52,,,0.0,0.0,0.0,980.973,54.32,63.91,287.4,285.3,-6.332,-5.853,-6.816,-5.645
2026-03-20 10:32:00,3819,12.52,,,0.0,0.0,0.0,980.9037,54.35,63.91,287.4,285.3,-6.321,-5.859,-6.819,-5.647
2026-03-20 10:33:00,3820,12.52,,,0.0,0.0,0.0,980.903,54.46,64.03,287.5,285.5,-6.308,-5.86,-6.771,-5.644
2026-03-20 10:34:00,3821,12.52,,,0.0,0.0,0.0,980.9089,55.03,64.69,287.3,285.2,-6.35,-5.866,-6.826,-5.64
2026-03-20 10:35:00,3822,12.52,,,0.0,0.0,0.0,980.9124,55.76,65.65,287.3,285.3,-6.352,-5.885,-6.803,-5.661
2026-03-20 10:36:00,3823,12.52,,,0.0,0.0,0.0,980.9164,55.76,66.75,287.4,285.3,-6.317,-5.905,-6.81,-5.682
2026-03-20 10:37:00,3824,12.52,,,0.0,0.0,0.0,980.8513,56.45,68.08,287.6,285.5,-6.288,-5.927,-6.769,-5.713
2026-03-20 10:38:00,3825,12.52,,,0.0,0.0,0.0,980.7919,57.59,69.67,287.6,285.8,-6.271,-5.95,-6.687,-5.742
2026-03-20 10:39:00,3826,12.52,,,0.0,0.0,0.0,980.7993,59.11,71.43,287.8,286.3,-6.241,-5.966,-6.584,-5.76
2026-03-20 10:40:00,3827,12.52,,,0.0,0.0,0.0,980.7986,60.51,72.96,288.0,286.7,-6.191,-5.973,-6.479,-5.764
2026-03-20 10:41:00,3828,12.52,,,0.0,0.0,0.0,980.7291,62.73,74.4,288.3,287.1,-6.108,-5.968,-6.394,-5.753
2026-03-20 10:42:00,3829,12.52,,,0.0,0.0,0.0,980.6669,63.97,75.84,288.5,287.4,-6.062,-5.955,-6.315,-5.732
2026-03-20 10:43:00,3830,12.52,,,0.0,0.0,0.0,980.6718,65.27,77.43,288.6,287.5,-6.042,-5.94,-6.302,-5.709
2026-03-20 10:44:00,3831,12.52,,,0.0,0.0,0.0,980.6692,66.5,78.95,288.2,287.4,-6.14,-5.92,-6.325,-5.692
2026-03-20 10:45:00,3832,12.52,,,0.0,0.0,0.0,980.6737,67.63,80.3,288.3,287.7,-6.116,-5.903,-6.249,-5.681
2026-03-20 10:46:00,3833,12.52,,,0.0,0.0,0.0,980.6838,68.53,81.4,288.6,288.1,-6.041,-5.881,-6.167,-5.66
2026-03-20 10:47:00,3834,12.52,,,0.0,0.0,0.0,980.6919,69.67,82.9,289.1,288.3,-5.934,-5.853,-6.112,-5.63
2026-03-20 10:48:00,3835,12.52,,,0.0,0.0,0.0,980.5601,72.05,86.0,289.2,288.5,-5.901,-5.824,-6.067,-5.594
2026-03-20 10:49:00,3836,12.52,,,0.0,0.0,0.0,980.5655,74.91,89.8,289.1,288.6,-5.94,-5.798,-6.05,-5.562
2026-03-20 10:50:00,3837,12.52,,,0.0,0.0,0.0,980.5698,77.82,93.6,289.2,288.8,-5.912,-5.783,-6.006,-5.554
2026-03-20 10:51:00,3838,12.52,,,0.0,0.0,0.0,980.4299,80.4,96.9,289.5,289.1,-5.844,-5.766,-5.932,-5.533
2026-03-20 10:52:00,3839,12.52,,,0.0,0.0,0.0,980.434,82.7,99.9,289.8,289.4,-5.774,-5.745,-5.854,-5.513
2026-03-20 10:53:00,3840,12.52,,,0.0,0.0,0.0,980.4242,85.1,102.9,290.0,289.9,-5.718,-5.719,-5.743,-5.487
2026-03-20 10:54:00,3841,12.52,,,0.0,0.0,0.0,980.4271,87.2,105.6,290.3,290.0,-5.663,-5.69,-5.722,-5.463
2026-03-20 10:55:00,3842,12.52,,,0.0,0.0,0.0,980.4252,89.2,108.3,290.2,290.1,-5.675,-5.668,-5.707,-5.458
2026-03-20 10:56:00,3843,12.52,,,0.0,0.0,0.0,980.4302,91.2,110.8,290.3,290.6,-5.649,-5.647,-5.595,-5.445
2026-03-20 10:57:00,3844,12.52,,,0.0,0.0,0.0,980.3593,92.4,112.3,290.7,291.2,-5.556,-5.617,-5.451,-5.41
2026-03-20 10:58:00,3845,12.52,,,0.0,0.0,0.0,980.2953,92.8,112.6,291.0,291.7,-5.49,-5.577,-5.339,-5.362
2026-03-20 10:59:00,3846,12.52,,,0.0,0.0,0.0,980.2989,92.4,112.2,291.1,292.0,-5.476,-5.533,-5.274,-5.309
2026-03-20 11:00:00,3847,12.52,,,0.0,0.0,0.0,980.2953,91.3,110.5,290.9,291.4,-5.524,-5.497,-5.406,-5.276
2026-03-20 11:01:00,3848,12.52,,,0.0,0.0,0.0,980.29,89.9,108.4,290.7,291.0,-5.557,-5.474,-5.493,-5.274
2026-03-20 11:02:00,3849,12.52,,,0.0,0.0,0.0,980.2882,88.4,106.4,290.4,290.9,-5.628,-5.469,-5.517,-5.288
2026-03-20 11:03:00,3850,12.52,,,0.0,0.0,0.0,980.1498,87.5,105.0,290.6,291.1,-5.584,-5.467,-5.473,-5.302
2026-03-20 11:04:00,3851,12.52,,,0.0,0.0,0.0,980.1486,87.2,104.5,291.0,291.4,-5.501,-5.457,-5.404,-5.305
2026-03-20 11:05:00,3852,12.52,,,0.0,0.0,0.0,980.1476,87.6,104.9,291.3,291.8,-5.435,-5.438,-5.309,-5.292
2026-03-20 11:06:00,3853,12.52,,,0.0,0.0,0.0,980.1469,87.9,105.4,291.7,292.2,-5.342,-5.408,-5.219,-5.266
2026-03-20 11:07:00,3854,12.52,,,0.0,0.0,0.0,980.1393,88.3,106.1,291.8,292.4,-5.299,-5.369,-5.162,-5.234
2026-03-20 11:08:00,3855,12.52,,,0.0,0.0,0.0,980.1337,88.6,106.6,292.2,292.7,-5.224,-5.326,-5.095,-5.2
2026-03-20 11:09:00,3856,12.52,,,0.0,0.0,0.0,979.9988,89.1,107.6,292.1,292.8,-5.251,-5.284,-5.082,-5.169
2026-03-20 11:10:00,3857,12.52,,,0.0,0.0,0.0,980.0004,89.8,108.6,292.1,293.1,-5.241,-5.243,-5.004,-5.135
2026-03-20 11:11:00,3858,12.52,,,0.0,0.0,0.0,980.0017,91.5,111.3,292.2,293.4,-5.214,-5.2,-4.946,-5.091
2026-03-20 11:12:00,3859,12.52,,,0.0,0.0,0.0,979.9962,92.8,113.2,292.4,293.7,-5.174,-5.153,-4.869,-5.037
2026-03-20 11:13:00,3860,12.52,,,0.0,0.0,0.0,979.9984,93.0,113.6,292.6,293.9,-5.135,-5.102,-4.827,-4.979
2026-03-20 11:14:00,3861,12.52,,,0.0,0.0,0.0,979.9845,92.8,113.5,292.7,294.1,-5.106,-5.05,-4.784,-4.919
2026-03-20 11:15:00,3862,12.52,,,0.0,0.0,0.0,979.976,90.8,111.2,292.6,294.0,-5.125,-5.001,-4.798,-4.865
2026-03-20 11:16:00,3863,12.52,,,0.0,0.0,0.0,979.9008,88.2,107.7,292.6,294.4,-5.119,-4.958,-4.717,-4.81
2026-03-20 11:17:00,3864,12.52,,,0.0,0.0,0.0,979.8333,85.6,104.2,292.6,294.4,-5.122,-4.917,-4.715,-4.752
2026-03-20 11:18:00,3865,12.52,,,0.0,0.0,0.0,979.8276,82.7,100.3,292.8,294.6,-5.078,-4.875,-4.68,-4.696
2026-03-20 11:19:00,3866,12.52,,,0.0,0.0,0.0,979.8231,79.53,96.0,292.9,294.8,-5.057,-4.828,-4.635,-4.637
2026-03-20 11:20:00,3867,12.52,,,0.0,0.0,0.0,979.8165,76.61,92.2,293.0,294.9,-5.046,-4.779,-4.598,-4.578
2026-03-20 11:21:00,3868,12.52,,,0.0,0.0,0.0,979.8142,74.21,89.2,293.1,295.1,-5.022,-4.733,-4.548,-4.523
2026-03-20 11:22:00,3869,12.52,,,0.0,0.0,0.0,979.8124,72.31,86.9,293.2,295.3,-4.983,-4.687,-4.507,-4.468
2026-03-20 11:23:00,3870,12.52,,,0.0,0.0,0.0,979.8109,70.39,84.6,293.2,295.4,-4.99,-4.643,-4.484,-4.414
2026-03-20 11:24:00,3871,12.52,,,0.0,0.0,0.0,979.8097,68.21,82.0,293.2,295.6,-4.98,-4.598,-4.438,-4.36
2026-03-20 11:25:00,3872,12.52,,,0.0,0.0,0.0,979.8087,66.24,79.59,293.3,295.7,-4.968,-4.555,-4.415,-4.311
2026-03-20 11:26:00,3873,12.52,,,0.0,0.0,0.0,979.7395,64.48,77.33,293.3,295.7,-4.956,-4.515,-4.43,-4.263
2026-03-20 11:27:00,3874,12.52,,,0.0,0.0,0.0,979.6699,62.68,74.98,293.2,295.6,-4.989,-4.478,-4.451,-4.224
2026-03-20 11:28:00,3875,12.52,,,0.0,0.0,0.0,979.6696,61.33,73.25,293.2,295.7,-4.995,-4.448,-4.422,-4.19
2026-03-20 11:29:00,3876,12.52,,,0.0,0.0,0.0,979.6693,60.17,71.83,293.3,295.7,-4.967,-4.419,-4.413,-4.152
2026-03-20 11:30:00,3877,12.52,,,0.0,0.0,0.0,979.6691,58.94,70.29,293.3,295.9,-4.973,-4.388,-4.383,-4.115
2026-03-20 11:31:00,3878,12.52,,,0.0,0.0,0.0,979.6688,57.83,68.89,293.5,296.0,-4.926,-4.36,-4.347,-4.083
2026-03-20 11:32:00,3879,12.52,,,0.0,0.0,0.0,979.6002,56.87,67.81,293.5,296.0,-4.914,-4.333,-4.355,-4.053
2026-03-20 11:33:00,3880,12.52,,,0.0,0.0,0.0,979.5316,56.04,66.78,293.8,296.2,-4.862,-4.304,-4.296,-4.022
2026-03-20 11:34:00,3881,12.52,,,0.0,0.0,0.0,979.5315,55.39,65.98,293.8,296.5,-4.852,-4.269,-4.247,-3.985
2026-03-20 11:35:00,3882,12.53,,,0.0,0.0,0.0,979.5314,54.63,65.12,293.9,296.6,-4.833,-4.235,-4.216,-3.949
2026-03-20 11:36:00,3883,12.52,,,0.0,0.0,0.0,979.4629,53.89,64.22,293.9,296.7,-4.822,-4.196,-4.189,-3.91
2026-03-20 11:37:00,3884,12.53,,,0.0,0.0,0.0,979.3944,53.17,63.36,294.0,296.8,-4.813,-4.157,-4.17,-3.878
2026-03-20 11:38:00,3885,12.52,,,0.0,0.0,0.0,979.3943,52.27,62.29,293.8,296.7,-4.852,-4.123,-4.197,-3.857
2026-03-20 11:39:00,3886,12.53,,,0.0,0.0,0.0,979.3943,50.79,60.5,293.7,296.3,-4.881,-4.103,-4.279,-3.857
2026-03-20 11:40:00,3887,12.52,,,0.0,0.0,0.0,979.3943,49.04,58.3,293.6,296.1,-4.905,-4.094,-4.338,-3.872
2026-03-20 11:41:00,3888,12.53,,,0.0,0.0,0.0,979.3943,47.64,56.57,293.6,296.2,-4.903,-4.093,-4.307,-3.893
2026-03-20 11:42:00,3889,12.52,,,0.0,0.0,0.0,979.3943,46.91,55.65,293.7,296.3,-4.885,-4.088,-4.286,-3.903
2026-03-20 11:43:00,3890,12.53,,,0.0,0.0,0.0,979.3943,46.58,55.38,293.7,296.6,-4.872,-4.079,-4.218,-3.902
2026-03-20 11:44:00,3891,12.53,,,0.0,0.0,0.0,979.2574,47.08,55.99,293.6,296.6,-4.89,-4.068,-4.217,-3.886
2026-03-20 11:45:00,3892,12.53,,,0.0,0.0,0.0,979.2574,47.95,57.21,293.7,296.6,-4.871,-4.056,-4.211,-3.864
2026-03-20 11:46:00,3893,12.53,,,0.0,0.0,0.0,979.2574,49.05,58.65,293.5,296.4,-4.92,-4.047,-4.252,-3.848
2026-03-20 11:47:00,3894,12.53,,,0.0,0.0,0.0,979.2574,50.23,60.1,293.3,295.9,-4.957,-4.047,-4.379,-3.848
2026-03-20 11:48:00,3895,12.53,,,0.0,0.0,0.0,979.2574,51.34,61.49,293.2,295.8,-4.988,-4.057,-4.401,-3.868
2026-03-20 11:49:00,3896,12.53,,,0.0,0.0,0.0,979.2574,52.7,63.23,293.3,295.6,-4.962,-4.07,-4.453,-3.894
2026-03-20 11:50:00,3897,12.53,,,0.0,0.0,0.0,979.2574,54.02,64.98,293.4,296.0,-4.942,-4.082,-4.352,-3.919
2026-03-20 11:51:00,3898,12.53,,,0.0,0.0,0.0,979.2574,55.29,66.68,293.5,296.1,-4.912,-4.084,-4.321,-3.915
2026-03-20 11:52:00,3899,12.53,,,0.0,0.0,0.0,979.2574,56.77,68.6,293.7,296.2,-4.886,-4.083,-4.316,-3.913
2026-03-20 11:53:00,3900,12.53,,,0.0,0.0,0.0,979.189,58.02,70.32,293.6,296.1,-4.89,-4.08,-4.319,-3.907
2026-03-20 11:54:00,3901,12.53,,,0.0,0.0,0.0,979.1205,58.96,71.59,293.6,296.2,-4.907,-4.077,-4.295,-3.893
2026-03-20 11:55:00,3902,12.53,,,0.0,0.0,0.0,979.1205,59.63,72.49,293.5,295.9,-4.92,-4.075,-4.363,-3.884
2026-03-20 11:56:00,3903,12.53,,,0.0,0.0,0.0,979.052,59.93,72.85,293.4,295.6,-4.933,-4.083,-4.433,-3.897
2026-03-20 11:57:00,3904,12.53,,,0.0,0.0,0.0,979.1205,59.54,72.42,293.7,296.2,-4.882,-4.09,-4.306,-3.912
2026-03-20 11:58:00,3905,12.53,,,0.0,0.0,0.0,979.1205,58.77,71.39,293.7,296.0,-4.875,-4.086,-4.345,-3.913
2026-03-20 11:59:00,3906,12.53,,,0.0,0.0,0.0,979.052,58.41,70.83,293.7,296.0,-4.87,-4.086,-4.352,-3.928
2026-03-20 12:00:00,3907,12.53,,,0.0,0.0,0.0,978.9835,57.92,70.13,293.8,296.1,-4.841,-4.087,-4.318,-3.944
2026-03-20 12:01:00,3908,12.53,,,0.0,0.0,0.0,979.052,57.48,69.46,293.9,296.1,-4.835,-4.085,-4.329,-3.956
2026-03-20 12:02:00,3909,12.53,,,0.0,0.0,0.0,978.9835,57.05,68.93,294.1,296.4,-4.79,-4.083,-4.266,-3.965
2026-03-20 12:03:00,3910,12.53,,,0.0,0.0,0.0,978.9835,56.48,68.16,294.1,296.4,-4.787,-4.079,-4.255,-3.969
2026-03-20 12:04:00,3911,12.53,,,0.0,0.0,0.0,978.8467,55.99,67.47,293.9,296.3,-4.832,-4.077,-4.28,-3.977
2026-03-20 12:05:00,3912,12.53,,,0.0,0.0,0.0,978.8467,55.96,67.38,294.1,296.7,-4.786,-4.079,-4.198,-3.986
2026-03-20 12:06:00,3913,12.53,,,0.0,0.0,0.0,978.8467,56.59,68.18,294.3,297.2,-4.727,-4.067,-4.08,-3.971
2026-03-20 12:07:00,3914,12.53,,,0.0,0.0,0.0,978.7097,57.44,69.27,295.4,298.5,-4.484,-4.036,-3.783,-3.931
2026-03-20 12:08:00,3915,12.53,,,0.0,0.0,0.0,978.7097,58.02,70.04,296.0,299.2,-4.35,-3.944,-3.618,-3.824
2026-03-20 12:09:00,3916,12.53,,,0.0,0.0,0.0,978.7782,58.21,70.17,294.3,297.6,-4.748,-3.905,-3.992,-3.801
2026-03-20 12:10:00,3917,12.53,,,0.0,0.0,0.0,978.7097,58.05,69.94,294.3,298.0,-4.746,-3.901,-3.893,-3.804
2026-03-20 12:11:00,3918,12.53,,,0.0,0.0,0.0,978.7097,57.74,69.5,294.0,297.4,-4.816,-3.894,-4.03,-3.792
2026-03-20 12:12:00,3919,12.53,,,0.0,0.0,0.0,978.7097,57.52,69.2,293.8,296.9,-4.846,-3.906,-4.151,-3.805
2026-03-20 12:13:00,3920,12.53,,,0.0,0.0,0.0,978.7097,57.52,69.2,293.7,296.8,-4.873,-3.924,-4.163,-3.825
2026-03-20 12:14:00,3921,12.53,,,0.0,0.0,0.0,978.7097,57.72,69.36,293.8,296.7,-4.846,-3.943,-4.201,-3.847
2026-03-20 12:15:00,3922,12.53,,,0.0,0.0,0.0,978.7097,58.31,70.09,293.8,296.7,-4.846,-3.96,-4.201,-3.868
2026-03-20 12:16:00,3923,12.53,,,0.0,0.0,0.0,978.7097,58.6,70.53,294.0,296.9,-4.814,-3.973,-4.137,-3.878
2026-03-20 12:17:00,3924,12.53,,,0.0,0.0,0.0,978.7097,58.88,70.83,294.1,296.7,-4.793,-3.978,-4.182,-3.875
2026-03-20 12:18:00,3925,12.53,,,0.0,0.0,0.0,978.7097,59.41,71.59,294.3,296.8,-4.748,-3.982,-4.166,-3.88
2026-03-20 12:19:00,3926,12.53,,,0.0,0.0,0.0,978.7097,60.14,72.58,294.5,297.3,-4.702,-3.979,-4.06,-3.873
2026-03-20 12:20:00,3927,12.53,,,0.0,0.0,0.0,978.6412,60.09,72.82,294.6,297.2,-4.672,-3.968,-4.082,-3.85
2026-03-20 12:21:00,3928,12.53,,,0.0,0.0,0.0,978.5728,60.12,72.75,294.4,297.0,-4.709,-3.959,-4.118,-3.84
2026-03-20 12:22:00,3929,12.53,,,0.0,0.0,0.0,978.5044,60.42,73.01,294.7,297.5,-4.649,-3.95,-4.013,-3.834
2026-03-20 12:23:00,3930,12.53,,,0.0,0.0,0.0,978.5044,61.17,73.95,295.3,298.3,-4.512,-3.923,-3.822,-3.806
2026-03-20 12:24:00,3931,12.53,,,0.0,0.0,0.0,978.4359,61.62,74.71,295.3,298.5,-4.507,-3.883,-3.78,-3.769
