TIMESTAMP,RECORD,BattV [V],T_1 [degC],T_2 [degC],RH_1 [%RH],RH_2 [%RH],Speed_wind_1 [m/s],Speed_wind_2 [m/s],Speed_gust_1 [m/s],Speed_gust_2 [m/s],Dir_wind [deg],p_air [hPa],SW_up [W/m^2],SW_down [W/m^2],LW_up [W/m^2],LW_down [W/m^2],T_cnr1_degc [degC],T_ground [degC]
2026-03-17 17:56:00,2,0.0,-4.417,-4.397,77.61,79.01,0.0,0.0,0.0,0.0,27.62,604.5208,0.6,0.257,165.4,157.7,-4.614,-4.013
2026-03-17 17:57:00,3,14.33,-7.409,-7.368,77.52,78.87,0.0,0.0,0.0,0.0,27.42,1012.89,0.968,0.254,277.0,264.2,-7.75,-6.718
2026-03-17 17:58:00,4,14.33,-7.398,-7.355,77.45,78.74,0.0,0.0,0.0,0.0,27.46,1012.898,0.91,0.229,276.9,264.3,-7.753,-6.661
2026-03-17 18:00:00,5,14.33,-7.365,-7.332,77.42,78.57,0.0,0.0,0.0,0.0,27.51,1012.923,0.913,0.222,276.7,264.7,-7.769,-6.525
2026-03-17 18:01:00,6,14.33,-7.342,-7.322,77.4,78.6,0.0,0.0,0.0,0.0,27.52,1012.944,0.976,0.31,276.7,265.6,-7.771,-6.466
2026-03-17 18:02:00,7,14.33,-7.313,-7.304,77.3,78.44,0.0,0.0,0.0,0.0,27.72,1012.95,0.757,0.231,276.7,266.2,-7.78,-6.494
2026-03-17 18:03:00,8,14.33,-7.289,-7.279,77.18,78.32,0.0,0.0,0.0,0.0,27.76,1012.96,0.805,0.3,276.8,265.9,-7.773,-6.502
2026-03-17 18:04:00,9,14.33,-7.27,-7.258,77.04,78.2,0.0,0.0,0.0,0.0,27.74,1012.947,0.81,0.379,276.9,265.7,-7.774,-6.46
2026-03-17 18:05:00,10,14.33,-7.251,-7.235,77.0,78.06,0.0,0.0,0.0,0.0,27.74,1012.927,0.785,0.335,276.9,265.9,-7.771,-6.419
2026-03-17 18:06:00,11,14.33,-7.23,-7.212,76.92,77.97,0.0,0.0,0.0,0.0,27.74,1012.921,0.819,0.359,276.8,266.4,-7.781,-6.359
2026-03-17 18:07:00,12,14.33,-7.219,-7.191,76.75,77.85,0.0,0.0,0.0,0.0,27.74,1012.922,0.666,0.259,277.0,267.5,-7.793,-6.335
2026-03-17 18:08:00,13,0.0,-6.64,-6.603,76.84,77.86,0.0,0.0,0.0,0.0,27.74,933.1819,0.596,0.166,255.4,247.3,-7.191,-5.816
2026-03-17 18:09:00,14,14.32,-7.195,-7.151,76.87,77.83,0.0,0.0,0.0,0.0,27.73,1012.89,0.646,0.258,277.2,268.8,-7.803,-6.33
2026-03-17 18:10:00,15,14.32,-7.169,-7.123,76.79,77.78,0.0,0.0,0.0,0.0,27.64,1012.868,0.636,0.307,277.3,269.1,-7.804,-6.369
2026-03-17 18:11:00,16,14.33,-7.16,-7.087,76.67,77.68,0.0,0.0,0.0,0.0,27.41,1012.854,0.56,0.177,277.4,268.7,-7.795,-6.433
2026-03-17 18:12:00,17,14.32,-7.121,-7.035,76.65,77.61,0.0,0.0,0.0,0.0,27.41,1012.85,0.728,0.469,277.5,268.0,-7.781,-6.304
2026-03-17 18:13:00,18,14.32,-7.086,-6.995,76.45,77.25,0.0,0.0,0.0,0.0,27.44,1012.852,0.747,0.446,277.4,266.8,-7.79,-6.186
2026-03-17 18:14:00,19,14.32,-7.069,-6.969,76.29,76.82,0.0,0.0,0.0,0.0,27.8,1012.862,0.547,0.187,277.4,265.8,-7.796,-6.128
2026-03-17 18:15:00,20,14.32,-7.05,-6.95,76.2,76.57,0.0,0.002,0.0,0.098,28.36,1012.868,0.55,0.11,277.4,264.9,-7.79,-6.109
2026-03-17 18:16:00,21,14.32,-7.029,-6.928,76.02,76.34,0.0,0.036,0.0,0.392,40.54,1012.877,0.698,0.153,277.5,264.4,-7.771,-6.288
2026-03-17 18:17:00,22,14.32,-7.007,-6.919,75.9,76.18,0.0,0.049,0.0,0.392,40.61,1012.876,0.881,0.325,277.6,264.2,-7.758,-6.429
2026-03-17 18:18:00,23,14.32,-6.988,-6.919,75.78,76.21,0.0,0.0,0.0,0.0,40.14,1012.881,0.915,0.34,277.3,264.2,-7.764,-6.48
2026-03-17 18:19:00,24,14.32,-6.967,-6.908,75.74,76.1,0.0,0.0,0.0,0.0,40.11,1012.854,0.862,0.273,277.0,264.0,-7.768,-6.498
2026-03-17 18:20:00,25,14.31,-6.936,-6.878,75.86,75.83,0.0,0.0,0.0,0.0,41.21,1012.86,0.906,0.277,276.8,263.6,-7.767,-6.513
2026-03-17 18:21:00,26,14.32,-6.883,-6.835,75.76,75.44,0.0,0.0,0.0,0.0,41.61,1012.858,0.909,0.244,276.7,263.2,-7.76,-6.545
2026-03-17 18:22:00,27,14.32,-6.837,-6.758,75.37,74.85,0.0,0.052,0.0,0.392,41.72,1012.875,0.996,0.307,276.9,262.8,-7.733,-6.602
2026-03-17 18:23:00,28,14.31,-6.797,-6.665,74.89,74.33,0.0,0.035,0.0,0.392,41.72,1012.875,1.134,0.426,277.0,262.9,-7.717,-6.683
2026-03-17 18:24:00,29,14.32,-6.789,-6.609,74.59,74.07,0.0,0.003,0.0,0.098,41.58,1012.875,1.044,0.374,276.9,262.9,-7.717,-6.755
2026-03-17 18:25:00,30,14.32,-6.795,-6.597,74.32,74.1,0.0,0.362,0.0,0.588,41.47,1012.854,0.958,0.245,277.0,262.8,-7.707,-6.837
2026-03-17 18:26:00,31,14.31,-6.811,-6.586,74.51,73.82,0.0,0.266,0.0,0.588,40.89,1012.833,0.9,0.192,277.0,262.9,-7.709,-6.962
2026-03-17 18:27:00,32,14.31,-6.777,-6.545,74.43,73.5,0.0,0.0,0.0,0.0,40.81,1012.79,0.781,0.185,277.1,263.1,-7.703,-7.149
2026-03-17 18:28:00,33,14.31,-6.725,-6.508,74.13,73.37,0.0,0.0,0.0,0.0,40.68,1012.771,0.737,0.254,277.0,263.4,-7.695,-7.295
2026-03-17 18:29:00,34,14.31,-6.673,-6.471,73.91,73.08,0.0,0.311,0.0,1.274,334.7,1012.761,0.773,0.337,276.9,263.5,-7.698,-7.39
2026-03-17 18:30:00,35,14.31,-6.622,-6.413,73.47,72.78,0.0,0.749,0.0,1.274,350.2,1012.752,0.394,0.005,277.2,263.9,-7.68,-7.406
2026-03-17 18:31:00,36,14.31,-6.582,-6.337,73.23,72.24,0.095,0.919,0.721,1.372,333.1,1012.742,0.721,0.229,277.7,265.5,-7.625,-7.303
2026-03-17 18:32:00,37,14.31,-6.523,-6.216,73.21,71.45,1.165,1.91,1.699,2.254,324.6,1012.726,0.81,0.378,278.3,267.2,-7.576,-7.223
2026-03-17 18:33:00,38,14.31,-6.369,-6.078,72.5,70.74,1.176,1.739,1.647,2.156,321.1,1012.728,1.057,0.665,279.1,268.1,-7.482,-7.091
2026-03-17 18:34:00,39,14.31,-6.261,-6.03,71.88,70.68,0.387,1.053,0.978,1.568,324.2,1012.761,1.34,1.014,279.4,269.1,-7.426,-7.029
2026-03-17 18:35:00,40,14.31,-6.243,-6.026,71.51,70.54,0.0,0.03,0.0,0.392,333.6,1012.784,1.423,1.111,279.4,270.2,-7.426,-6.996
2026-03-17 18:36:00,41,14.31,-6.301,-6.087,71.46,71.03,0.001,0.283,0.051,0.686,88.3,1012.794,1.073,0.714,279.5,270.8,-7.415,-6.991
2026-03-17 18:37:00,42,14.31,-6.374,-6.192,71.7,71.7,0.0,0.326,0.0,0.588,80.0,1012.798,1.053,0.637,279.8,270.3,-7.386,-6.972
2026-03-17 18:38:00,43,14.31,-6.427,-6.27,72.18,72.28,0.0,0.449,0.0,0.882,81.8,1012.804,1.038,0.617,279.9,270.1,-7.349,-6.96
2026-03-17 18:39:00,44,14.31,-6.422,-6.276,72.74,72.74,0.0,0.307,0.0,0.588,85.4,1012.805,1.149,0.791,280.0,269.8,-7.316,-6.923
2026-03-17 18:40:00,45,14.31,-6.371,-6.232,72.91,72.33,0.0,0.01,0.0,0.098,85.3,1012.783,1.149,0.728,279.9,269.4,-7.29,-6.88
2026-03-17 18:41:00,46,14.31,-6.293,-6.182,72.72,72.42,0.0,0.0,0.0,0.0,85.4,1012.771,1.325,0.842,280.2,270.5,-7.238,-6.824
2026-03-17 18:42:00,47,14.31,-6.223,-6.144,72.57,72.9,0.0,0.0,0.0,0.0,85.3,1012.748,1.489,1.144,280.4,273.1,-7.208,-6.821
2026-03-17 18:43:00,48,14.31,-6.178,-6.116,72.49,72.77,0.0,0.0,0.0,0.0,85.3,1012.728,1.436,1.111,280.4,273.7,-7.176,-6.857
2026-03-17 18:44:00,49,14.31,-6.143,-6.102,72.42,72.76,0.0,0.0,0.0,0.0,85.2,1012.734,1.212,0.977,280.5,274.1,-7.153,-6.84
2026-03-17 18:45:00,50,14.31,-6.112,-6.091,72.23,72.84,0.0,0.0,0.0,0.0,29.84,1012.734,1.24,1.048,280.9,276.7,-7.11,-6.818
2026-03-17 18:46:00,51,14.31,-6.085,-6.071,72.1,72.25,0.0,0.111,0.0,0.49,344.5,1012.73,1.154,1.054,281.4,278.5,-7.061,-6.805
2026-03-17 18:47:00,52,14.31,-6.035,-6.013,71.6,71.73,0.0,0.41,0.0,0.686,344.7,1012.718,1.378,1.291,282.1,278.6,-7.0,-6.72
2026-03-17 18:48:00,53,14.31,-6.01,-6.014,71.33,71.62,0.0,0.087,0.0,0.392,345.1,1012.718,1.384,1.365,282.2,279.0,-6.973,-6.671
2026-03-17 18:49:00,54,14.31,-6.059,-6.048,71.24,71.49,0.0,0.297,0.0,0.588,17.31,1012.725,1.078,1.093,282.4,280.3,-6.977,-6.698
2026-03-17 18:50:00,55,14.31,-6.149,-6.082,71.2,71.37,0.001,0.412,0.051,0.588,24.19,1012.729,0.685,0.676,282.5,280.7,-6.99,-6.721
2026-03-17 18:51:00,56,14.31,-6.208,-6.088,71.39,71.29,0.0,0.444,0.0,0.588,42.33,1012.724,0.46,0.484,282.7,281.0,-6.995,-6.717
2026-03-17 18:52:00,57,14.31,-6.215,-6.102,71.26,71.59,0.0,0.586,0.0,0.784,42.91,1012.731,0.278,0.287,283.0,281.6,-6.973,-6.699
2026-03-17 18:53:00,58,14.31,-6.228,-6.134,71.33,71.64,0.0,0.484,0.0,0.686,43.5,1012.733,0.473,0.492,283.3,282.3,-6.934,-6.661
2026-03-17 18:54:00,59,14.31,-6.235,-6.138,71.37,71.47,0.0,0.532,0.0,0.686,49.74,1012.715,0.579,0.689,283.5,282.8,-6.922,-6.616
2026-03-17 18:55:00,60,14.31,-6.236,-6.113,71.43,71.33,0.0,0.46,0.0,0.882,49.75,1012.704,0.513,0.574,283.5,283.1,-6.925,-6.581
2026-03-17 18:56:00,61,14.31,-6.241,-6.086,71.53,71.17,0.0,0.199,0.0,0.49,49.76,1012.693,0.273,0.365,283.7,283.4,-6.907,-6.567
2026-03-17 18:57:00,62,14.31,-6.206,-6.063,71.33,71.28,0.0,0.151,0.0,0.49,49.67,1012.686,0.401,0.464,283.9,283.5,-6.872,-6.538
2026-03-17 18:58:00,63,14.31,-6.159,-6.053,71.23,72.07,0.0,0.379,0.0,0.588,49.3,1012.672,0.574,0.67,284.1,283.5,-6.838,-6.525
2026-03-17 18:59:00,64,14.31,-6.121,-6.047,71.41,72.54,0.0,0.58,0.0,0.882,44.98,1012.641,0.693,0.832,284.2,283.4,-6.803,-6.513
2026-03-17 19:00:00,65,14.31,-6.119,-6.07,71.61,72.48,0.0,0.559,0.0,0.784,45.02,1012.631,0.7,0.772,284.4,283.4,-6.789,-6.499
2026-03-17 19:01:00,66,14.31,-6.131,-6.083,71.66,71.83,0.0,0.507,0.0,0.686,45.02,1012.619,0.584,0.699,284.5,283.6,-6.762,-6.479
2026-03-17 19:02:00,67,14.31,-6.132,-6.083,71.63,71.6,0.0,0.843,0.0,1.078,44.78,1012.618,0.585,0.833,284.6,283.7,-6.742,-6.447
2026-03-17 19:03:00,68,14.31,-6.149,-6.096,71.97,71.82,0.0,1.231,0.0,1.47,25.3,1012.616,0.579,0.747,284.7,283.6,-6.732,-6.433
2026-03-17 19:04:00,69,14.31,-6.196,-6.134,72.21,72.33,0.0,1.176,0.0,1.372,25.34,1012.611,0.551,0.574,284.8,283.7,-6.708,-6.429
2026-03-17 19:05:00,70,14.31,-6.243,-6.186,72.55,72.52,0.0,0.989,0.0,1.176,25.48,1012.621,0.532,0.574,284.9,283.9,-6.692,-6.424
2026-03-17 19:06:00,71,14.31,-6.287,-6.221,72.78,72.78,0.0,0.979,0.0,1.47,28.02,1012.621,0.355,0.508,284.9,284.2,-6.693,-6.421
2026-03-17 19:07:00,72,14.31,-6.329,-6.249,73.25,73.05,0.0,1.305,0.0,1.568,32.8,1012.623,0.287,0.35,284.9,284.1,-6.695,-6.425
2026-03-17 19:08:00,73,14.31,-6.366,-6.263,73.53,73.16,0.0,0.611,0.0,1.176,32.52,1012.622,0.263,0.326,285.0,284.3,-6.688,-6.414
2026-03-17 19:09:00,74,14.31,-6.37,-6.223,73.85,73.32,0.0,0.469,0.0,0.686,20.63,1012.626,0.283,0.363,285.1,284.3,-6.672,-6.399
2026-03-17 19:10:00,75,14.31,-6.351,-6.2,73.66,73.72,0.0,0.082,0.0,0.392,24.06,1012.629,0.306,0.383,285.1,284.1,-6.659,-6.375
2026-03-17 19:11:00,76,14.31,-6.346,-6.23,73.76,74.15,0.0,0.0,0.0,0.0,24.08,1012.628,0.379,0.431,285.1,284.2,-6.653,-6.364
2026-03-17 19:12:00,77,14.31,-6.355,-6.267,73.81,74.61,0.0,0.0,0.0,0.0,24.09,1012.626,0.335,0.398,285.2,284.2,-6.64,-6.357
2026-03-17 19:13:00,78,14.31,-6.359,-6.312,74.0,74.77,0.0,0.0,0.0,0.0,28.52,1012.641,0.374,0.426,285.2,284.2,-6.639,-6.346
2026-03-17 19:14:00,79,14.31,-6.366,-6.333,74.04,74.09,0.0,0.0,0.0,0.0,28.54,1012.656,0.311,0.388,285.2,284.3,-6.625,-6.329
2026-03-17 19:15:00,80,14.31,-6.336,-6.282,73.66,73.36,0.0,0.105,0.0,0.882,28.58,1012.662,0.377,0.407,285.3,284.5,-6.597,-6.313
2026-03-17 19:16:00,81,14.31,-6.251,-6.203,73.01,72.81,0.0,0.0,0.0,0.0,28.45,1012.648,0.527,0.564,285.4,284.8,-6.569,-6.294
2026-03-17 19:17:00,82,14.31,-6.157,-6.137,72.62,72.66,0.0,0.0,0.0,0.0,28.16,1012.635,0.565,0.617,285.5,284.9,-6.553,-6.279
2026-03-17 19:18:00,83,14.31,-6.092,-6.086,72.45,72.54,0.0,0.0,0.0,0.0,28.12,1012.609,0.574,0.689,285.7,285.3,-6.534,-6.266
2026-03-17 19:19:00,84,14.31,-6.049,-6.034,72.23,72.31,0.0,0.0,0.0,0.0,28.08,1012.604,0.584,0.747,285.8,285.5,-6.517,-6.242
2026-03-17 19:20:00,85,14.31,-6.004,-5.989,72.17,72.59,0.0,0.01,0.0,0.294,28.45,1012.605,0.626,0.803,285.9,285.3,-6.502,-6.216
2026-03-17 19:21:00,86,14.31,-5.98,-5.983,72.3,72.49,0.0,0.0,0.0,0.0,28.46,1012.603,0.681,0.852,285.9,285.2,-6.483,-6.189
2026-03-17 19:22:00,87,14.31,-5.988,-5.99,72.6,72.98,0.0,0.0,0.0,0.0,29.58,1012.607,0.574,0.623,285.8,285.1,-6.481,-6.182
2026-03-17 19:23:00,88,14.31,-5.989,-5.972,73.43,74.51,0.0,0.718,0.0,0.98,74.31,1012.618,0.45,0.551,285.9,284.9,-6.462,-6.173
2026-03-17 19:24:00,89,14.31,-5.978,-5.965,73.96,74.5,0.0,1.15,0.0,1.47,78.98,1012.643,0.474,0.545,286.0,284.8,-6.436,-6.16
2026-03-17 19:25:00,90,14.31,-5.982,-5.957,73.91,73.82,0.074,1.277,1.39,1.47,86.2,1012.661,0.335,0.412,286.1,285.0,-6.396,-6.133
2026-03-17 19:26:00,91,14.31,-5.917,-5.888,73.41,73.24,1.058,1.296,1.544,1.666,70.92,1012.663,0.449,0.516,286.3,285.1,-6.348,-6.095
2026-03-17 19:27:00,92,14.31,-5.839,-5.819,72.8,72.82,1.109,1.511,1.338,1.764,57.11,1012.661,0.617,0.684,286.4,285.2,-6.294,-6.064
2026-03-17 19:28:00,93,14.31,-5.787,-5.772,73.12,73.49,0.942,1.689,1.39,2.058,50.21,1012.664,0.847,0.876,286.5,285.2,-6.252,-6.056
2026-03-17 19:29:00,94,14.31,-5.787,-5.774,73.18,72.98,1.211,1.893,1.596,2.156,49.76,1012.655,0.622,0.719,286.6,285.3,-6.225,-6.039
2026-03-17 19:30:00,95,14.31,-5.788,-5.771,73.77,74.74,0.845,1.303,1.338,1.764,46.27,1012.643,0.58,0.618,286.7,285.4,-6.207,-6.018
2026-03-17 19:31:00,96,14.31,-5.797,-5.792,73.31,73.52,0.461,0.943,0.978,1.372,45.8,1012.629,0.574,0.574,286.8,285.8,-6.18,-6.003
2026-03-17 19:32:00,97,14.31,-5.809,-5.801,73.05,72.48,0.0,0.192,0.0,0.784,45.9,1012.618,0.574,0.574,286.8,286.1,-6.164,-5.997
2026-03-17 19:33:00,98,14.31,-5.803,-5.786,72.93,72.72,0.0,0.0,0.0,0.0,45.85,1012.619,0.56,0.603,286.8,286.4,-6.153,-5.996
2026-03-17 19:34:00,99,14.31,-5.79,-5.772,72.94,73.2,0.0,0.0,0.0,0.0,45.9,1012.612,0.531,0.579,286.8,286.3,-6.146,-5.989
2026-03-17 19:35:00,100,14.31,-5.785,-5.769,73.02,73.17,0.0,0.0,0.0,0.0,45.96,1012.61,0.431,0.565,286.9,286.3,-6.142,-5.981
2026-03-17 19:36:00,101,14.31,-5.78,-5.769,73.22,73.86,0.0,0.0,0.0,0.0,45.94,1012.613,0.459,0.569,286.9,286.3,-6.129,-5.979
2026-03-17 19:37:00,102,14.31,-5.79,-5.784,73.11,73.72,0.0,0.247,0.0,0.882,45.73,1012.607,0.33,0.412,286.9,286.1,-6.129,-5.985
2026-03-17 19:38:00,103,14.31,-5.853,-5.863,73.08,74.09,0.003,0.932,0.103,1.372,45.54,1012.609,0.283,0.297,286.8,285.9,-6.14,-6.006
2026-03-17 19:39:00,104,14.31,-5.962,-5.991,73.21,74.13,0.0,1.379,0.0,1.568,45.4,1012.606,0.144,0.168,286.7,285.8,-6.157,-6.05
2026-03-17 19:40:00,105,14.31,-6.079,-6.127,73.68,74.74,0.0,1.294,0.0,1.47,40.43,1012.617,-0.004,0.005,286.6,285.8,-6.179,-6.087
2026-03-17 19:41:00,106,14.31,-6.178,-6.197,74.13,73.8,0.0,1.227,0.0,1.372,40.67,1012.635,-0.129,-0.043,286.5,286.0,-6.204,-6.112
2026-03-17 19:42:00,107,14.31,-6.253,-6.192,74.59,74.75,0.0,1.036,0.0,1.274,41.51,1012.643,-0.206,-0.168,286.5,285.9,-6.216,-6.122
2026-03-17 19:43:00,108,14.31,-6.306,-6.24,75.02,74.49,0.0,1.013,0.0,1.176,41.52,1012.649,-0.282,-0.253,286.4,285.8,-6.236,-6.119
2026-03-17 19:44:00,109,14.31,-6.35,-6.292,75.31,74.83,0.0,0.741,0.0,0.98,41.54,1012.664,-0.254,-0.226,286.5,285.8,-6.246,-6.115
2026-03-17 19:45:00,110,14.31,-6.369,-6.317,75.55,74.71,0.0,0.434,0.0,0.588,41.47,1012.665,-0.177,-0.14,286.4,285.8,-6.254,-6.104
2026-03-17 19:46:00,111,14.31,-6.381,-6.31,75.71,74.24,0.0,0.572,0.0,0.686,41.43,1012.666,-0.139,-0.043,286.4,285.7,-6.258,-6.097
2026-03-17 19:47:00,112,14.31,-6.378,-6.284,75.72,74.71,0.0,0.716,0.0,0.882,41.23,1012.669,-0.005,-0.01,286.5,285.4,-6.261,-6.099
2026-03-17 19:48:00,113,14.31,-6.371,-6.275,75.79,75.38,0.0,0.644,0.0,0.882,41.3,1012.665,-0.014,0.0,286.4,285.2,-6.275,-6.108
2026-03-17 19:49:00,114,14.31,-6.364,-6.301,75.8,74.96,0.0,0.388,0.0,0.49,41.18,1012.662,-0.01,-0.01,286.4,285.5,-6.282,-6.112
2026-03-17 19:50:00,115,14.31,-6.359,-6.308,75.77,74.86,0.0,0.223,0.0,0.49,41.17,1012.648,-0.01,0.0,286.5,285.7,-6.284,-6.112
2026-03-17 19:51:00,116,14.31,-6.347,-6.302,75.69,74.27,0.0,0.601,0.0,0.882,41.03,1012.631,0.0,0.0,286.5,285.7,-6.289,-6.109
2026-03-17 19:52:00,117,14.31,-6.341,-6.274,75.68,74.08,0.0,1.028,0.0,1.274,40.7,1012.635,0.0,0.0,286.5,285.6,-6.296,-6.114
2026-03-17 19:53:00,118,14.31,-6.335,-6.249,75.76,74.49,0.0,1.173,0.0,1.372,40.61,1012.625,0.0,0.0,286.5,285.5,-6.305,-6.117
2026-03-17 19:54:00,119,14.31,-6.334,-6.248,75.81,74.54,0.0,1.139,0.0,1.274,40.87,1012.638,-0.014,-0.01,286.5,285.6,-6.31,-6.118
2026-03-17 19:55:00,120,14.31,-6.328,-6.243,75.98,75.46,0.0,1.195,0.0,1.764,41.51,1012.666,-0.01,-0.005,286.5,285.5,-6.315,-6.116
2026-03-17 19:56:00,121,14.31,-6.32,-6.243,76.3,75.8,0.0,1.591,0.0,1.96,49.1,1012.689,0.0,0.0,286.5,285.1,-6.314,-6.109
2026-03-17 19:57:00,122,14.31,-6.303,-6.234,76.16,75.21,0.002,1.63,0.051,1.96,45.76,1012.686,0.0,0.0,286.5,285.1,-6.307,-6.097
2026-03-17 19:58:00,123,14.31,-6.26,-6.209,75.8,75.04,0.0,1.408,0.0,1.666,45.4,1012.676,0.075,0.104,286.5,285.2,-6.289,-6.081
2026-03-17 19:59:00,124,14.31,-6.21,-6.189,75.37,74.54,0.004,1.448,0.206,1.666,42.23,1012.664,0.263,0.282,286.6,285.2,-6.274,-6.071
2026-03-17 20:00:00,125,14.31,-6.179,-6.179,75.02,74.15,0.0,1.369,0.051,1.666,41.91,1012.639,0.287,0.287,286.6,285.0,-6.264,-6.063
2026-03-17 20:01:00,126,14.31,-6.162,-6.172,74.87,74.38,0.0,1.047,0.0,1.274,41.81,1012.622,0.287,0.287,286.5,284.9,-6.262,-6.063
2026-03-17 20:02:00,127,14.31,-6.149,-6.166,74.92,74.55,0.0,0.72,0.0,1.078,40.84,1012.615,0.287,0.287,286.6,285.0,-6.258,-6.064
2026-03-17 20:03:00,128,14.31,-6.144,-6.159,75.07,74.64,0.0,0.349,0.0,0.588,40.7,1012.605,0.287,0.263,286.5,284.7,-6.26,-6.065
2026-03-17 20:04:00,129,14.31,-6.146,-6.155,74.98,74.21,0.0,0.2,0.0,0.49,40.66,1012.568,0.24,0.197,286.5,284.1,-6.264,-6.067
2026-03-17 20:05:00,130,14.31,-6.148,-6.145,74.91,73.81,0.0,0.488,0.0,1.274,12.2,1012.552,0.201,0.159,286.4,283.8,-6.265,-6.072
2026-03-17 20:06:00,131,14.31,-6.143,-6.122,74.56,73.8,0.0,1.338,0.0,1.568,13.63,1012.542,0.144,0.133,286.4,283.8,-6.261,-6.077
2026-03-17 20:07:00,132,14.31,-6.129,-6.101,74.65,74.07,0.0,1.59,0.0,1.96,19.77,1012.54,0.134,0.144,286.4,283.5,-6.26,-6.082
2026-03-17 20:08:00,133,13.52,-6.125,-6.103,74.88,74.38,0.0,1.957,0.0,2.156,28.56,1012.538,0.129,0.138,286.3,283.1,-6.262,-6.087
2026-03-17 20:09:00,134,13.45,-6.135,-6.11,75.07,74.26,0.001,2.202,0.051,2.45,34.36,1012.546,0.125,0.063,286.3,283.3,-6.259,-6.095
2026-03-17 20:10:00,135,13.46,-6.145,-6.113,75.19,74.53,0.0,1.83,0.0,2.156,27.42,1012.531,0.048,0.005,286.3,283.7,-6.262,-6.094
2026-03-17 20:11:00,136,13.47,-6.146,-6.113,75.17,74.74,0.141,1.486,0.927,1.96,17.36,1012.501,0.057,0.014,286.3,283.7,-6.264,-6.091
2026-03-17 20:12:00,137,13.46,-6.143,-6.116,75.04,74.61,0.0,1.309,0.0,1.568,7.994,1012.468,0.21,0.091,286.3,283.8,-6.259,-6.086
2026-03-17 20:13:00,138,13.46,-6.132,-6.11,74.86,73.89,0.0,1.426,0.0,1.666,5.615,1012.463,0.268,0.171,286.4,284.3,-6.255,-6.08
2026-03-17 20:14:00,139,13.46,-6.117,-6.085,74.58,73.4,0.185,1.727,0.875,1.862,4.988,1012.473,0.282,0.249,286.4,284.6,-6.244,-6.07
2026-03-17 20:15:00,140,13.45,-6.097,-6.06,74.61,73.37,0.387,1.827,1.03,2.058,12.3,1012.473,0.287,0.287,286.4,284.5,-6.24,-6.06
2026-03-17 20:16:00,141,13.48,-6.089,-6.057,74.19,73.1,0.574,1.909,1.338,2.156,14.53,1012.483,0.282,0.273,286.5,284.4,-6.237,-6.055
2026-03-17 20:17:00,142,13.46,-6.074,-6.049,74.14,73.79,0.02,1.445,0.515,1.96,16.3,1012.494,0.287,0.287,286.5,284.3,-6.232,-6.054
2026-03-17 20:18:00,143,13.46,-6.068,-6.06,74.16,74.14,0.0,1.391,0.0,1.666,13.25,1012.487,0.282,0.287,286.4,284.2,-6.23,-6.054
2026-03-17 20:19:00,144,13.46,-6.072,-6.077,74.26,74.43,0.011,1.442,0.309,1.764,7.799,1012.472,0.287,0.287,286.5,284.0,-6.217,-6.059
2026-03-17 20:20:00,145,13.46,-6.079,-6.094,74.35,74.11,0.0,1.456,0.0,1.862,4.089,1012.455,0.287,0.278,286.4,283.8,-6.224,-6.063
2026-03-17 20:21:00,146,13.46,-6.092,-6.098,74.32,74.32,0.0,1.214,0.0,1.666,0.071,1012.438,0.254,0.177,286.3,283.9,-6.225,-6.07
2026-03-17 20:22:00,147,13.46,-6.097,-6.108,74.55,74.94,0.001,1.075,0.051,1.372,0.083,1012.416,0.159,0.096,286.4,284.1,-6.221,-6.082
2026-03-17 20:23:00,148,13.46,-6.111,-6.135,74.73,75.28,0.0,0.973,0.0,1.176,0.077,1012.406,0.148,0.105,286.3,284.2,-6.224,-6.085
2026-03-17 20:24:00,149,13.46,-6.128,-6.158,74.78,75.34,0.0,1.171,0.0,1.372,2.148,1012.401,0.082,0.0,286.3,284.1,-6.231,-6.084
2026-03-17 20:25:00,150,13.46,-6.148,-6.178,75.05,75.96,0.0,1.212,0.0,1.47,12.44,1012.427,0.053,0.0,286.3,283.8,-6.234,-6.087
2026-03-17 20:26:00,151,13.46,-6.162,-6.204,75.27,76.21,0.0,1.517,0.0,1.764,17.55,1012.434,0.0,0.0,286.3,283.7,-6.236,-6.091
2026-03-17 20:27:00,152,13.46,-6.188,-6.224,75.52,76.14,0.0,1.584,0.0,1.862,16.76,1012.432,0.0,0.0,286.3,284.0,-6.248,-6.1
2026-03-17 20:28:00,153,13.46,-6.203,-6.236,75.61,76.05,0.0,1.613,0.0,1.862,7.639,1012.43,0.0,0.0,286.3,284.6,-6.251,-6.107
2026-03-17 20:29:00,154,13.46,-6.213,-6.242,75.81,76.28,0.334,1.558,1.081,1.96,354.5,1012.407,0.0,0.0,286.4,284.9,-6.252,-6.101
2026-03-17 20:30:00,155,13.46,-6.225,-6.251,75.95,76.37,1.028,1.875,1.39,2.156,351.0,1012.399,0.0,0.0,286.5,285.1,-6.251,-6.1
2026-03-17 20:31:00,156,13.46,-6.242,-6.264,76.08,76.12,1.277,2.098,1.493,2.254,352.8,1012.385,0.0,0.0,286.5,285.3,-6.256,-6.11
2026-03-17 20:32:00,157,13.46,-6.257,-6.271,76.29,76.14,1.334,2.188,1.544,2.352,1.586,1012.394,0.0,0.0,286.5,285.1,-6.266,-6.109
2026-03-17 20:33:00,158,13.46,-6.28,-6.284,76.36,76.38,1.22,2.06,1.596,2.254,2.16,1012.392,0.0,0.0,286.5,284.9,-6.272,-6.11
2026-03-17 20:34:00,159,13.45,-6.299,-6.306,76.57,76.76,0.951,1.812,1.184,1.96,2.154,1012.393,0.0,0.0,286.5,285.0,-6.269,-6.117
2026-03-17 20:35:00,160,13.46,-6.318,-6.33,76.63,77.04,0.522,1.506,0.978,1.862,10.62,1012.392,0.0,0.0,286.5,284.9,-6.276,-6.122
2026-03-17 20:36:00,161,13.46,-6.336,-6.35,76.87,77.67,0.006,1.16,0.309,1.372,10.95,1012.394,0.0,0.0,286.5,284.7,-6.288,-6.125
2026-03-17 20:37:00,162,13.46,-6.345,-6.371,76.98,77.26,0.0,1.454,0.0,1.666,14.41,1012.401,0.0,-0.019,286.4,284.7,-6.301,-6.125
2026-03-17 20:38:00,163,13.46,-6.352,-6.373,76.84,77.26,0.0,1.225,0.0,1.666,8.4,1012.398,0.0,-0.005,286.4,284.7,-6.305,-6.127
2026-03-17 20:39:00,164,13.46,-6.342,-6.373,76.8,77.18,0.003,0.868,0.103,1.176,2.905,1012.385,0.0,0.0,286.4,284.9,-6.303,-6.125
2026-03-17 20:40:00,165,13.46,-6.335,-6.367,76.79,77.43,0.0,0.574,0.0,0.784,346.4,1012.357,0.0,0.0,286.4,285.1,-6.306,-6.125
2026-03-17 20:41:00,166,13.45,-6.332,-6.37,76.78,77.28,0.0,0.676,0.0,0.882,341.5,1012.335,0.0,0.0,286.5,285.4,-6.306,-6.125
2026-03-17 20:42:00,167,13.46,-6.331,-6.337,76.6,75.77,0.0,0.678,0.0,0.882,341.4,1012.319,0.0,0.0,286.5,285.7,-6.306,-6.124
2026-03-17 20:43:00,168,13.47,-6.316,-6.242,76.56,74.84,0.0,0.494,0.0,0.686,341.2,1012.307,0.0,0.0,286.5,285.6,-6.307,-6.119
2026-03-17 20:44:00,169,13.47,-6.309,-6.185,76.69,75.63,0.0,0.408,0.0,0.49,341.3,1012.314,0.0,0.0,286.6,285.5,-6.309,-6.116
2026-03-17 20:45:00,170,13.46,-6.311,-6.203,76.93,76.39,0.0,0.096,0.0,0.49,341.6,1012.317,0.0,0.0,286.6,285.3,-6.314,-6.103
2026-03-17 20:46:00,171,13.46,-6.321,-6.238,77.13,77.06,0.0,0.124,0.0,0.392,342.2,1012.329,0.0,0.0,286.6,285.0,-6.321,-6.095
2026-03-17 20:47:00,172,13.46,-6.337,-6.285,77.29,77.38,0.0,0.352,0.0,0.49,342.4,1012.325,0.0,0.0,286.6,285.0,-6.325,-6.095
2026-03-17 20:48:00,173,13.46,-6.353,-6.325,77.36,77.58,0.0,0.01,0.0,0.098,342.4,1012.322,0.0,0.0,286.6,285.2,-6.336,-6.091
2026-03-17 20:49:00,174,13.46,-6.36,-6.353,77.48,77.78,0.0,0.0,0.0,0.0,342.4,1012.328,0.0,0.0,286.6,285.4,-6.338,-6.079
2026-03-17 20:50:00,175,13.47,-6.357,-6.37,77.56,77.84,0.0,0.0,0.0,0.0,342.4,1012.32,-0.01,-0.01,286.7,285.6,-6.338,-6.061
2026-03-17 20:51:00,176,13.47,-6.35,-6.378,77.59,77.9,0.0,0.0,0.0,0.0,342.4,1012.319,0.0,0.0,286.7,285.6,-6.34,-6.044
2026-03-17 20:52:00,177,13.46,-6.342,-6.378,77.59,77.99,0.0,0.0,0.0,0.0,342.4,1012.318,0.0,0.0,286.7,285.5,-6.341,-6.035
2026-03-17 20:53:00,178,13.46,-6.326,-6.377,77.61,78.16,0.0,0.0,0.0,0.0,342.4,1012.318,0.0,0.0,286.7,285.4,-6.342,-6.024
2026-03-17 20:54:00,179,13.47,-6.318,-6.377,77.64,78.32,0.0,0.077,0.0,0.392,342.4,1012.287,0.0,0.0,286.7,285.3,-6.344,-6.04
2026-03-17 20:55:00,180,13.46,-6.329,-6.396,77.54,78.0,0.0,0.478,0.0,0.686,341.9,1012.251,0.0,0.0,286.7,285.5,-6.352,-6.049
2026-03-17 20:56:00,181,13.46,-6.346,-6.408,77.47,77.8,0.0,0.597,0.0,0.784,341.6,1012.226,0.0,0.0,286.7,285.7,-6.346,-6.061
2026-03-17 20:57:00,182,13.46,-6.357,-6.409,77.44,77.6,0.0,0.526,0.0,0.784,341.6,1012.25,0.014,0.005,286.7,285.7,-6.349,-6.075
2026-03-17 20:58:00,183,13.46,-6.357,-6.402,77.19,77.5,0.0,0.091,0.0,0.392,341.6,1012.278,0.009,0.009,286.7,285.7,-6.346,-6.077
2026-03-17 20:59:00,184,13.46,-6.339,-6.39,77.22,77.41,0.0,0.0,0.0,0.0,341.6,1012.275,0.081,0.115,286.7,285.6,-6.344,-6.068
2026-03-17 21:00:00,185,13.46,-6.339,-6.387,77.33,77.54,0.0,0.0,0.0,0.0,341.5,1012.24,0.029,0.063,286.7,285.7,-6.346,-6.06
2026-03-17 21:01:00,186,13.46,-6.358,-6.406,77.57,77.91,0.0,0.0,0.0,0.0,341.4,1012.213,0.0,0.0,286.7,285.8,-6.357,-6.059
2026-03-17 21:02:00,187,13.47,-6.384,-6.432,77.81,78.2,0.0,0.0,0.0,0.0,341.4,1012.214,0.0,0.0,286.7,285.8,-6.358,-6.062
2026-03-17 21:03:00,188,13.46,-6.395,-6.447,77.96,78.17,0.0,0.0,0.0,0.0,341.4,1012.223,0.0,0.0,286.7,285.9,-6.362,-6.056
2026-03-17 21:04:00,189,13.46,-6.398,-6.445,78.11,78.17,0.0,0.0,0.0,0.0,341.4,1012.231,0.0,0.0,286.8,285.7,-6.364,-6.044
2026-03-17 21:05:00,190,13.46,-6.397,-6.44,78.16,78.08,0.0,0.0,0.0,0.0,341.4,1012.248,0.0,0.005,286.8,285.4,-6.365,-6.035
2026-03-17 21:06:00,191,13.46,-6.39,-6.419,78.17,77.79,0.0,0.0,0.0,0.0,341.4,1012.25,0.033,0.014,286.7,285.3,-6.366,-6.026
2026-03-17 21:07:00,192,13.47,-6.38,-6.384,78.11,77.25,0.0,0.0,0.0,0.0,341.4,1012.245,0.067,0.038,286.7,285.1,-6.364,-6.029
2026-03-17 21:08:00,193,13.46,-6.365,-6.343,77.92,76.76,0.0,0.0,0.0,0.0,341.4,1012.231,0.12,0.091,286.7,284.8,-6.363,-6.028
2026-03-17 21:09:00,194,13.46,-6.343,-6.322,77.72,76.98,0.0,0.0,0.0,0.0,341.4,1012.217,0.139,0.106,286.7,285.1,-6.363,-6.026
2026-03-17 21:10:00,195,13.46,-6.321,-6.295,77.68,77.55,0.0,0.0,0.0,0.0,341.4,1012.194,0.144,0.115,286.7,285.4,-6.36,-6.02
2026-03-17 21:11:00,196,13.46,-6.294,-6.26,77.8,77.95,0.0,0.0,0.0,0.0,341.3,1012.189,0.12,0.092,286.7,285.5,-6.352,-6.021
2026-03-17 21:12:00,197,13.46,-6.274,-6.241,77.97,78.29,0.0,0.006,0.0,0.49,315.8,1012.19,0.148,0.149,286.7,285.4,-6.353,-6.015
2026-03-17 21:13:00,198,13.46,-6.261,-6.225,78.24,78.66,0.001,0.565,0.051,0.784,280.3,1012.171,0.148,0.134,286.8,285.3,-6.345,-6.01
2026-03-17 21:14:00,199,13.46,-6.234,-6.202,78.34,78.71,0.001,0.726,0.051,1.078,280.8,1012.153,0.157,0.177,286.8,285.3,-6.333,-6.001
2026-03-17 21:15:00,200,13.46,-6.199,-6.179,78.33,78.52,0.001,0.844,0.051,1.176,289.7,1012.158,0.263,0.282,286.9,285.5,-6.31,-5.985
2026-03-17 21:16:00,201,13.46,-6.168,-6.158,78.36,78.56,0.001,0.759,0.051,0.98,307.8,1012.163,0.316,0.316,287.0,285.6,-6.294,-5.968
2026-03-17 21:17:00,202,13.46,-6.144,-6.138,78.24,78.33,0.001,0.769,0.051,1.078,317.9,1012.155,0.282,0.292,287.0,285.6,-6.282,-5.96
2026-03-17 21:18:00,203,13.46,-6.116,-6.112,78.01,78.13,0.004,0.753,0.103,1.176,36.95,1012.171,0.335,0.368,287.1,285.3,-6.262,-5.932
2026-03-17 21:19:00,204,13.46,-6.095,-6.118,77.71,78.58,0.002,0.393,0.206,1.176,42.52,1012.187,0.46,0.474,287.0,284.5,-6.259,-5.933
2026-03-17 21:20:00,205,13.46,-6.109,-6.158,77.7,78.8,0.228,0.371,0.824,1.372,14.22,1012.21,0.292,0.278,287.0,284.8,-6.256,-5.951
2026-03-17 21:21:00,206,13.46,-6.108,-6.169,77.67,78.81,0.0,0.0,0.0,0.0,14.24,1012.222,0.354,0.307,287.0,285.1,-6.249,-5.94
2026-03-17 21:22:00,207,13.46,-6.094,-6.16,77.5,78.18,0.0,0.0,0.0,0.0,77.01,1012.215,0.364,0.316,286.9,284.7,-6.244,-5.932
2026-03-17 21:23:00,208,13.46,-6.071,-6.143,77.29,77.83,0.0,0.0,0.0,0.0,77.15,1012.209,0.358,0.296,286.9,284.3,-6.237,-5.926
2026-03-17 21:24:00,209,13.46,-6.041,-6.118,77.06,77.63,0.0,0.0,0.0,0.0,77.13,1012.193,0.555,0.483,286.9,284.2,-6.223,-5.923
2026-03-17 21:25:00,210,13.46,-6.01,-6.095,76.83,77.54,0.0,0.0,0.0,0.0,3.065,1012.17,0.43,0.312,286.9,284.6,-6.21,-5.916
2026-03-17 21:26:00,211,13.46,-5.968,-6.043,76.54,77.15,0.0,0.301,0.0,0.882,288.6,1012.15,0.382,0.344,287.0,284.9,-6.181,-5.895
2026-03-17 21:27:00,212,13.46,-5.909,-5.984,76.2,76.75,0.0,0.471,0.0,0.686,290.0,1012.122,0.546,0.512,287.0,284.9,-6.149,-5.88
2026-03-17 21:28:00,213,13.46,-5.862,-5.955,75.86,76.49,0.001,0.538,0.051,1.078,314.2,1012.115,0.574,0.574,287.1,284.7,-6.119,-5.869
2026-03-17 21:29:00,214,13.46,-5.846,-5.947,75.71,76.53,0.0,0.829,0.0,1.176,318.5,1012.094,0.546,0.537,287.1,284.8,-6.109,-5.875
2026-03-17 21:30:00,215,13.45,-5.849,-5.959,75.62,76.67,0.0,0.539,0.0,0.784,315.6,1012.078,0.455,0.45,287.1,285.3,-6.091,-5.875
2026-03-17 21:31:00,216,13.46,-5.858,-5.97,75.7,76.94,0.0,0.271,0.0,0.588,315.0,1012.071,0.387,0.358,287.2,285.8,-6.083,-5.882
2026-03-17 21:32:00,217,13.46,-5.866,-5.966,75.8,76.96,0.0,0.0,0.0,0.0,315.1,1012.072,0.33,0.312,287.2,286.0,-6.081,-5.884
2026-03-17 21:33:00,218,13.45,-5.865,-5.959,75.91,76.79,0.0,0.0,0.0,0.0,315.3,1012.079,0.287,0.287,287.3,286.0,-6.079,-5.877
2026-03-17 21:34:00,219,13.46,-5.867,-5.947,76.01,76.78,0.0,0.0,0.0,0.0,315.4,1012.092,0.287,0.282,287.3,285.8,-6.085,-5.864
2026-03-17 21:35:00,220,13.46,-5.884,-5.944,76.05,76.63,0.0,0.0,0.0,0.0,315.4,1012.106,0.264,0.259,287.3,285.3,-6.087,-5.852
2026-03-17 21:36:00,221,13.46,-5.903,-5.944,76.19,76.49,0.0,0.0,0.0,0.0,315.4,1012.101,0.215,0.159,287.2,285.0,-6.09,-5.853
2026-03-17 21:37:00,222,13.46,-5.915,-5.946,76.31,76.07,0.0,0.0,0.0,0.0,315.4,1012.092,0.115,0.062,287.2,284.8,-6.09,-5.857
2026-03-17 21:38:00,223,13.46,-5.927,-5.942,76.45,75.84,0.0,0.0,0.0,0.0,315.4,1012.063,0.057,0.025,287.2,284.6,-6.097,-5.857
2026-03-17 21:39:00,224,13.46,-5.934,-5.936,76.55,75.96,0.0,0.0,0.0,0.0,315.4,1012.046,0.01,0.0,287.1,284.8,-6.105,-5.857
2026-03-17 21:40:00,225,13.46,-5.941,-5.929,76.64,76.04,0.0,0.0,0.0,0.0,315.4,1012.04,0.0,0.0,287.1,285.3,-6.111,-5.852
2026-03-17 21:41:00,226,13.46,-5.942,-5.925,76.69,76.02,0.0,0.0,0.0,0.0,315.4,1012.028,0.005,0.0,287.2,285.6,-6.109,-5.855
2026-03-17 21:42:00,227,13.46,-5.942,-5.921,76.74,76.29,0.0,0.0,0.0,0.0,315.4,1012.02,0.009,0.0,287.2,285.6,-6.109,-5.854
2026-03-17 21:43:00,228,13.46,-5.95,-5.929,76.71,75.83,0.0,0.0,0.0,0.0,315.5,1012.027,0.062,0.033,287.2,285.5,-6.112,-5.839
2026-03-17 21:44:00,229,13.46,-5.962,-5.954,76.19,74.82,0.0,0.236,0.0,0.686,39.87,1012.02,0.148,0.058,287.2,285.6,-6.106,-5.834
2026-03-17 21:45:00,230,13.46,-5.972,-5.914,75.57,73.71,0.0,0.267,0.0,0.686,39.86,1011.986,0.082,0.067,287.3,286.1,-6.108,-5.834
2026-03-17 21:46:00,231,13.46,-5.928,-5.831,75.13,73.43,0.0,0.0,0.0,0.0,39.7,1011.958,0.071,0.043,287.3,286.4,-6.11,-5.839
2026-03-17 21:47:00,232,13.46,-5.872,-5.763,74.69,73.22,0.0,0.0,0.0,0.0,39.29,1011.933,0.005,0.024,287.4,286.2,-6.106,-5.841
2026-03-17 21:48:00,233,13.46,-5.816,-5.707,74.35,73.12,0.0,0.322,0.0,0.588,27.79,1011.916,0.0,0.085,287.4,285.9,-6.112,-5.851
2026-03-17 21:49:00,234,13.46,-5.763,-5.663,74.04,73.09,0.0,0.649,0.0,0.98,27.86,1011.907,0.105,0.211,287.4,286.0,-6.099,-5.849
2026-03-17 21:50:00,235,13.46,-5.717,-5.633,73.9,73.15,0.0,0.976,0.0,1.176,28.65,1011.935,0.259,0.287,287.5,285.9,-6.078,-5.842
2026-03-17 21:51:00,236,13.46,-5.696,-5.622,74.15,73.43,0.001,1.511,0.051,1.96,51.87,1011.969,0.287,0.287,287.5,285.5,-6.071,-5.833
2026-03-17 21:52:00,237,13.45,-5.693,-5.62,74.41,74.37,0.0,1.011,0.0,1.862,66.45,1011.968,0.263,0.287,287.5,285.1,-6.052,-5.827
2026-03-17 21:53:00,238,13.46,-5.692,-5.658,74.84,75.12,0.0,0.578,0.0,0.882,73.88,1011.948,0.307,0.297,287.5,284.9,-6.04,-5.816
2026-03-17 21:54:00,239,13.46,-5.718,-5.707,75.27,75.87,0.0,0.747,0.0,0.98,67.28,1011.935,0.287,0.287,287.4,284.5,-6.034,-5.805
2026-03-17 21:55:00,240,13.47,-5.739,-5.744,75.47,75.98,0.0,0.78,0.0,1.078,63.79,1011.906,0.316,0.287,287.4,284.4,-6.017,-5.802
2026-03-17 21:56:00,241,13.46,-5.738,-5.762,75.51,76.32,0.0,0.766,0.0,1.078,61.05,1011.885,0.306,0.287,287.4,284.4,-6.005,-5.795
2026-03-17 21:57:00,242,13.46,-5.732,-5.77,75.51,76.17,0.0,0.887,0.0,1.176,44.13,1011.873,0.335,0.287,287.5,284.9,-5.99,-5.793
2026-03-17 21:58:00,243,13.46,-5.717,-5.76,75.51,76.19,0.0,0.834,0.0,0.98,32.71,1011.867,0.367,0.292,287.6,285.7,-5.974,-5.782
2026-03-17 21:59:00,244,13.46,-5.699,-5.739,75.54,76.01,0.0,0.77,0.0,1.078,31.78,1011.871,0.407,0.344,287.7,285.6,-5.965,-5.761
2026-03-17 22:00:00,245,13.46,-5.688,-5.715,75.48,75.69,0.003,0.985,0.154,1.47,29.44,1011.875,0.345,0.321,287.7,284.7,-5.949,-5.751
2026-03-17 22:01:00,246,13.45,-5.673,-5.699,75.35,75.79,0.0,1.001,0.0,1.568,29.22,1011.872,0.401,0.311,287.6,283.8,-5.937,-5.738
2026-03-17 22:02:00,247,13.46,-5.657,-5.688,75.39,76.11,0.0,0.507,0.0,1.078,28.87,1011.856,0.522,0.34,287.5,283.7,-5.932,-5.733
2026-03-17 22:03:00,248,13.46,-5.653,-5.692,75.51,76.39,0.0,0.032,0.0,0.392,18.55,1011.82,0.388,0.287,287.5,284.1,-5.934,-5.736
2026-03-17 22:04:00,249,13.47,-5.661,-5.707,75.7,76.62,0.0,0.126,0.0,0.588,3.917,1011.797,0.297,0.287,287.4,283.7,-5.922,-5.747
2026-03-17 22:05:00,250,13.46,-5.674,-5.72,75.86,76.94,0.0,0.16,0.0,0.49,3.887,1011.79,0.292,0.287,287.3,282.9,-5.923,-5.761
2026-03-17 22:06:00,251,13.46,-5.689,-5.737,76.08,77.14,0.0,0.0,0.0,0.0,3.887,1011.782,0.287,0.177,287.1,282.5,-5.935,-5.775
2026-03-17 22:07:00,252,13.47,-5.705,-5.754,76.24,77.22,0.0,0.0,0.0,0.0,3.887,1011.777,0.287,0.053,287.0,282.7,-5.936,-5.786
2026-03-17 22:08:00,253,13.46,-5.722,-5.766,76.36,77.27,0.0,0.0,0.0,0.0,3.887,1011.774,0.278,0.0,287.0,283.1,-5.935,-5.81
2026-03-17 22:09:00,254,13.47,-5.736,-5.777,76.45,77.34,0.0,0.0,0.0,0.0,3.887,1011.786,0.225,0.0,287.0,283.6,-5.946,-5.822
2026-03-17 22:10:00,255,13.46,-5.74,-5.78,76.5,77.41,0.0,0.0,0.0,0.0,3.97,1011.816,0.201,0.0,287.0,284.0,-5.95,-5.832
2026-03-17 22:11:00,256,13.47,-5.738,-5.782,76.49,77.3,0.0,0.015,0.0,0.294,4.059,1011.828,0.063,0.0,287.1,283.7,-5.951,-5.828
2026-03-17 22:12:00,257,13.46,-5.739,-5.787,76.44,77.62,0.109,0.817,1.338,2.156,17.65,1011.814,0.043,0.0,287.0,283.4,-5.951,-5.834
2026-03-17 22:13:00,258,13.46,-5.747,-5.807,76.37,77.54,1.51,1.959,2.265,2.548,9.66,1011.78,0.129,0.014,287.2,284.0,-5.945,-5.826
2026-03-17 22:14:00,259,13.46,-5.75,-5.817,76.24,77.4,0.333,0.934,1.338,1.666,6.212,1011.763,0.287,0.23,287.4,284.2,-5.925,-5.789
2026-03-17 22:15:00,260,13.46,-5.739,-5.817,76.37,77.61,0.0,0.052,0.0,0.49,5.816,1011.75,0.287,0.287,287.3,283.7,-5.924,-5.774
2026-03-17 22:16:00,261,13.46,-5.749,-5.828,76.58,77.96,0.0,0.0,0.0,0.0,0.13,1011.738,0.287,0.259,287.2,283.8,-5.933,-5.785
2026-03-17 22:17:00,262,13.46,-5.777,-5.847,76.78,78.13,0.0,0.01,0.0,0.196,0.071,1011.728,0.268,0.082,287.2,284.7,-5.938,-5.801
2026-03-17 22:18:00,263,13.46,-5.795,-5.862,76.95,78.26,0.0,0.0,0.0,0.0,0.071,1011.708,0.159,0.014,287.3,284.9,-5.933,-5.804
2026-03-17 22:19:00,264,13.46,-5.809,-5.87,77.03,78.3,0.0,0.0,0.0,0.0,0.071,1011.717,0.053,0.0,287.2,284.2,-5.945,-5.805
2026-03-17 22:20:00,265,13.46,-5.818,-5.871,77.12,78.37,0.0,0.0,0.0,0.0,0.071,1011.714,0.01,0.0,287.1,282.9,-5.959,-5.811
2026-03-17 22:21:00,266,13.46,-5.835,-5.885,77.22,78.54,0.0,0.0,0.0,0.0,0.071,1011.691,0.057,0.0,286.9,281.7,-5.967,-5.827
2026-03-17 22:22:00,267,13.46,-5.852,-5.9,77.3,78.66,0.0,0.0,0.0,0.0,0.065,1011.682,0.077,-0.014,286.8,281.4,-5.969,-5.837
2026-03-17 22:23:00,268,13.46,-5.858,-5.913,77.36,78.73,0.0,0.0,0.0,0.0,0.071,1011.676,0.014,-0.062,286.7,282.3,-5.976,-5.849
2026-03-17 22:24:00,269,13.46,-5.858,-5.925,77.42,78.86,0.0,0.0,0.0,0.0,0.071,1011.665,0.047,-0.033,286.7,282.6,-5.98,-5.863
2026-03-17 22:25:00,270,13.46,-5.857,-5.937,77.49,79.06,0.0,0.006,0.0,0.294,347.9,1011.65,0.02,-0.057,286.7,282.8,-5.991,-5.884
2026-03-17 22:26:00,271,13.46,-5.867,-5.957,77.59,79.19,0.0,0.52,0.0,0.882,326.1,1011.606,0.005,-0.029,286.8,283.7,-5.99,-5.887
2026-03-17 22:27:00,272,13.46,-5.887,-5.978,77.7,79.2,0.0,0.909,0.0,1.078,325.5,1011.56,0.0,-0.029,286.9,284.3,-5.998,-5.893
2026-03-17 22:28:00,273,13.46,-5.903,-5.985,77.75,79.14,0.0,0.511,0.0,0.882,326.0,1011.575,0.0,-0.01,287.0,284.4,-6.01,-5.893
2026-03-17 22:29:00,274,13.46,-5.914,-5.986,77.82,79.23,0.0,0.003,0.0,0.098,326.1,1011.588,0.0,-0.014,287.0,284.5,-6.007,-5.877
2026-03-17 22:30:00,275,13.46,-5.922,-5.99,77.9,79.39,0.0,0.0,0.0,0.0,326.1,1011.587,0.0,-0.005,287.1,284.5,-6.015,-5.861
2026-03-17 22:31:00,276,13.46,-5.934,-5.994,78.05,79.49,0.0,0.0,0.0,0.0,326.1,1011.583,0.0,-0.015,287.1,284.3,-6.027,-5.853
2026-03-17 22:32:00,277,13.46,-5.957,-6.006,78.23,79.63,0.0,0.0,0.0,0.0,326.1,1011.571,0.0,-0.033,287.0,284.3,-6.036,-5.849
2026-03-17 22:33:00,278,13.46,-5.983,-6.014,78.43,79.79,0.0,0.0,0.0,0.0,326.1,1011.555,0.0,-0.144,287.0,283.8,-6.047,-5.846
2026-03-17 22:34:00,279,13.46,-6.008,-6.026,78.61,80.1,0.0,0.0,0.0,0.0,326.1,1011.538,-0.005,-0.244,286.9,282.7,-6.059,-5.841
2026-03-17 22:35:00,280,13.45,-6.028,-6.05,78.8,80.2,0.0,0.0,0.0,0.0,326.1,1011.51,-0.009,-0.282,286.8,282.3,-6.067,-5.854
2026-03-17 22:36:00,281,13.45,-6.041,-6.069,78.96,80.3,0.0,0.119,0.0,0.392,326.1,1011.482,-0.005,-0.287,286.7,282.8,-6.077,-5.865
2026-03-17 22:37:00,282,13.46,-6.054,-6.083,79.05,80.3,0.0,0.323,0.0,0.49,326.1,1011.48,-0.023,-0.264,286.7,283.7,-6.087,-5.887
2026-03-17 22:38:00,283,13.46,-6.06,-6.087,79.12,80.3,0.0,0.003,0.0,0.196,326.1,1011.473,-0.02,-0.196,286.8,284.1,-6.088,-5.893
2026-03-17 22:39:00,284,13.46,-6.059,-6.088,79.14,80.2,0.0,0.0,0.0,0.0,326.1,1011.457,0.0,-0.077,286.8,283.8,-6.094,-5.892
2026-03-17 22:40:00,285,13.46,-6.054,-6.088,79.12,80.2,0.0,0.0,0.0,0.0,326.2,1011.453,0.029,-0.057,286.9,283.6,-6.101,-5.887
2026-03-17 22:41:00,286,13.46,-6.055,-6.088,79.17,80.4,0.0,0.098,0.0,0.392,37.08,1011.458,0.0,-0.138,286.8,283.3,-6.113,-5.871
2026-03-17 22:42:00,287,13.46,-6.075,-6.113,79.34,80.8,0.0,0.0,0.0,0.0,37.06,1011.443,0.043,-0.144,286.8,283.4,-6.123,-5.866
2026-03-17 22:43:00,288,13.46,-6.101,-6.139,79.49,80.9,0.0,0.358,0.0,0.98,37.06,1011.427,0.0,-0.144,286.9,283.6,-6.128,-5.88
2026-03-17 22:44:00,289,13.46,-6.131,-6.159,79.69,81.0,0.0,0.931,0.0,1.372,36.98,1011.432,-0.062,-0.172,286.8,283.3,-6.145,-5.894
2026-03-17 22:45:00,290,13.46,-6.156,-6.176,79.85,81.0,0.0,1.313,0.0,1.568,21.97,1011.412,-0.134,-0.229,286.8,283.1,-6.153,-5.908
2026-03-17 22:46:00,291,13.46,-6.171,-6.168,79.94,80.8,0.0,0.624,0.0,1.372,0.065,1011.384,-0.139,-0.272,286.9,283.6,-6.154,-5.918
2026-03-17 22:47:00,292,13.46,-6.157,-6.163,79.97,80.8,0.0,0.4,0.0,0.784,312.5,1011.346,-0.01,-0.139,286.9,283.8,-6.156,-5.915
2026-03-17 22:48:00,293,13.47,-6.154,-6.142,79.98,80.6,0.0,0.585,0.0,0.882,268.5,1011.312,0.043,-0.091,286.8,283.3,-6.164,-5.922
2026-03-17 22:49:00,294,13.46,-6.164,-6.155,80.1,80.9,0.306,0.584,0.875,0.882,256.4,1011.316,0.044,-0.072,286.8,283.0,-6.18,-5.929
2026-03-17 22:50:00,295,13.47,-6.182,-6.177,80.2,81.1,0.0,0.032,0.0,0.392,256.5,1011.328,0.014,-0.081,286.8,283.3,-6.176,-5.928
2026-03-17 22:51:00,296,13.47,-6.184,-6.193,80.2,81.2,0.0,0.0,0.0,0.0,256.6,1011.333,0.0,-0.057,286.8,283.7,-6.182,-5.927
2026-03-17 22:52:00,297,13.46,-6.179,-6.192,80.3,81.2,0.0,0.0,0.0,0.0,256.6,1011.324,0.005,0.0,286.8,284.1,-6.183,-5.92
2026-03-17 22:53:00,298,13.47,-6.169,-6.183,80.3,81.1,0.0,0.0,0.0,0.0,256.6,1011.325,0.029,0.0,286.8,284.2,-6.184,-5.912
2026-03-17 22:54:00,299,13.46,-6.153,-6.169,80.3,81.0,0.0,0.0,0.0,0.0,256.6,1011.325,0.109,0.0,286.8,284.0,-6.187,-5.9
2026-03-17 22:55:00,300,13.46,-6.137,-6.156,80.2,80.9,0.0,0.0,0.0,0.0,256.6,1011.323,0.1,0.0,286.8,283.8,-6.186,-5.889
2026-03-17 22:56:00,301,13.46,-6.123,-6.148,80.1,80.8,0.0,0.0,0.0,0.0,256.6,1011.311,0.101,0.0,286.8,283.8,-6.191,-5.886
2026-03-17 22:57:00,302,13.47,-6.115,-6.147,80.0,80.7,0.0,0.0,0.0,0.0,256.6,1011.302,0.13,0.0,286.8,284.0,-6.192,-5.892
2026-03-17 22:58:00,303,13.47,-6.114,-6.139,79.95,80.6,0.0,0.0,0.0,0.0,256.6,1011.315,0.139,-0.005,286.9,284.4,-6.192,-5.893
2026-03-17 22:59:00,304,13.46,-6.107,-6.117,79.87,80.4,0.0,0.0,0.0,0.0,256.6,1011.324,0.144,0.042,286.9,284.6,-6.195,-5.892
2026-03-17 23:00:00,305,13.46,-6.088,-6.087,79.75,80.1,0.0,0.0,0.0,0.0,256.6,1011.345,0.144,0.129,286.9,284.4,-6.189,-5.888
2026-03-17 23:01:00,306,13.46,-6.07,-6.062,79.67,79.76,0.0,0.0,0.0,0.0,256.6,1011.335,0.154,0.101,286.9,284.1,-6.194,-5.886
2026-03-17 23:02:00,307,13.46,-6.059,-6.049,79.61,79.59,0.0,0.0,0.0,0.0,256.6,1011.308,0.129,0.0,287.0,284.4,-6.196,-5.892
2026-03-17 23:03:00,308,13.46,-6.06,-6.028,79.48,79.29,0.0,0.0,0.0,0.0,256.6,1011.296,0.105,0.0,287.0,284.9,-6.192,-5.89
2026-03-17 23:04:00,309,13.46,-6.04,-6.006,79.28,79.09,0.0,0.0,0.0,0.0,256.6,1011.291,0.071,0.043,287.0,285.0,-6.192,-5.888
2026-03-17 23:05:00,310,13.47,-6.012,-5.985,79.1,78.93,0.0,0.0,0.0,0.0,256.6,1011.289,0.148,0.139,287.0,284.9,-6.193,-5.879
2026-03-17 23:06:00,311,13.47,-5.983,-5.963,78.94,78.75,0.0,0.0,0.0,0.0,256.6,1011.269,0.168,0.167,287.1,285.0,-6.188,-5.87
2026-03-17 23:07:00,312,13.46,-5.981,-5.938,78.8,78.4,0.001,0.0,0.051,0.0,256.3,1011.248,0.062,0.039,287.1,284.9,-6.192,-5.881
2026-03-17 23:08:00,313,13.45,-5.994,-5.936,78.67,78.0,0.0,0.0,0.0,0.0,256.3,1011.238,0.067,0.076,287.1,284.7,-6.186,-5.889
2026-03-17 23:09:00,314,13.45,-5.988,-5.923,78.6,77.68,0.0,0.0,0.0,0.0,256.2,1011.194,0.063,0.034,287.1,284.6,-6.193,-5.891
2026-03-17 23:10:00,315,13.46,-6.009,-5.899,78.65,78.06,0.0,0.0,0.0,0.0,256.2,1011.164,0.081,0.033,287.1,284.8,-6.192,-5.895
2026-03-17 23:11:00,316,13.46,-5.973,-5.863,78.55,78.02,0.0,0.0,0.0,0.0,256.2,1011.15,0.01,0.01,287.1,285.1,-6.19,-5.893
2026-03-17 23:12:00,317,13.46,-5.898,-5.836,78.4,78.01,0.0,0.013,0.0,0.196,256.2,1011.133,0.115,0.148,287.1,285.2,-6.184,-5.883
2026-03-17 23:13:00,318,13.46,-5.849,-5.82,78.22,78.13,0.0,0.0,0.0,0.0,256.3,1011.13,0.229,0.253,287.2,285.2,-6.18,-5.863
2026-03-17 23:14:00,319,13.46,-5.826,-5.808,78.16,78.24,0.0,0.0,0.0,0.0,256.3,1011.127,0.273,0.287,287.2,285.0,-6.18,-5.85
2026-03-17 23:15:00,320,13.46,-5.816,-5.81,78.11,78.35,0.0,0.0,0.0,0.0,256.3,1011.124,0.282,0.287,287.2,284.8,-6.172,-5.835
2026-03-17 23:16:00,321,13.46,-5.815,-5.811,78.14,78.52,0.0,0.0,0.0,0.0,256.3,1011.121,0.287,0.287,287.2,284.2,-6.163,-5.83
2026-03-17 23:17:00,322,13.47,-5.822,-5.825,78.2,78.7,0.0,0.0,0.0,0.0,256.3,1011.11,0.287,0.287,287.1,283.8,-6.158,-5.825
2026-03-17 23:18:00,323,13.46,-5.836,-5.838,78.25,78.81,0.0,0.0,0.0,0.0,256.3,1011.095,0.287,0.287,287.1,283.9,-6.146,-5.825
2026-03-17 23:19:00,324,13.46,-5.835,-5.848,78.27,78.92,0.0,0.0,0.0,0.0,256.3,1011.058,0.287,0.273,287.1,284.1,-6.145,-5.822
2026-03-17 23:20:00,325,13.46,-5.83,-5.858,78.33,79.14,0.002,0.314,0.103,0.784,256.1,1011.03,0.287,0.282,287.0,283.9,-6.146,-5.819
2026-03-17 23:21:00,326,13.46,-5.828,-5.864,78.51,79.49,0.001,0.753,0.051,1.078,256.0,1011.02,0.287,0.287,287.1,283.7,-6.131,-5.814
2026-03-17 23:22:00,327,13.46,-5.831,-5.879,78.7,79.92,0.0,0.946,0.0,1.176,249.3,1011.026,0.297,0.287,287.1,283.4,-6.117,-5.802
2026-03-17 23:23:00,328,13.47,-5.845,-5.893,78.92,80.3,0.0,0.609,0.0,0.784,249.5,1011.03,0.359,0.287,287.1,283.0,-6.115,-5.798
2026-03-17 23:24:00,329,13.46,-5.855,-5.899,79.18,80.6,0.0,0.466,0.0,0.784,249.7,1011.012,0.34,0.287,287.0,282.9,-6.112,-5.795
2026-03-17 23:25:00,330,13.46,-5.853,-5.901,79.37,80.8,0.0,0.652,0.0,0.882,249.9,1010.992,0.287,0.201,287.0,282.9,-6.102,-5.786
2026-03-17 23:26:00,331,13.46,-5.856,-5.915,79.59,81.1,0.0,0.872,0.0,1.47,251.3,1010.978,0.287,0.182,287.0,282.9,-6.095,-5.78
2026-03-17 23:27:00,332,13.46,-5.865,-5.928,79.87,81.6,0.002,1.502,0.051,1.764,248.7,1010.993,0.287,0.106,287.0,282.8,-6.093,-5.779
2026-03-17 23:28:00,333,13.46,-5.875,-5.926,80.1,81.9,0.0,1.19,0.0,1.47,248.9,1011.025,0.287,0.106,287.1,282.7,-6.079,-5.77
2026-03-17 23:29:00,334,13.46,-5.878,-5.913,80.3,81.9,0.0,1.024,0.0,1.176,248.7,1011.057,0.287,0.115,287.1,283.0,-6.077,-5.76
2026-03-17 23:30:00,335,13.46,-5.875,-5.901,80.4,81.9,0.003,0.837,0.051,1.176,225.8,1011.054,0.302,0.153,287.2,283.2,-6.067,-5.756
2026-03-17 23:31:00,336,13.46,-5.894,-5.908,80.5,81.8,0.272,0.644,0.927,1.274,203.4,1011.061,0.321,0.192,287.2,283.1,-6.068,-5.768
2026-03-17 23:32:00,337,13.46,-5.937,-5.95,80.5,82.0,0.396,1.037,1.338,1.372,201.7,1011.049,0.192,0.053,287.2,283.3,-6.069,-5.789
2026-03-17 23:33:00,338,13.46,-5.944,-5.979,80.7,82.1,0.892,1.166,1.441,1.47,226.1,1011.03,0.205,0.081,287.2,283.6,-6.065,-5.786
2026-03-17 23:34:00,339,13.45,-5.961,-6.001,80.7,82.2,0.681,1.485,1.081,1.764,249.4,1011.022,0.235,0.134,287.3,284.1,-6.059,-5.781
2026-03-17 23:35:00,340,13.46,-5.954,-5.956,80.8,81.8,1.14,1.711,1.441,1.862,257.5,1011.017,0.144,0.077,287.4,284.5,-6.051,-5.773
2026-03-17 23:36:00,341,13.46,-5.91,-5.875,80.7,81.3,0.927,1.561,1.184,1.666,258.2,1011.019,0.234,0.215,287.5,284.5,-6.03,-5.757
2026-03-17 23:37:00,342,13.46,-5.864,-5.805,80.5,80.9,0.89,1.577,1.184,1.666,264.4,1011.019,0.287,0.273,287.5,284.5,-6.014,-5.743
2026-03-17 23:38:00,343,13.46,-5.817,-5.742,80.4,80.5,0.848,1.5,1.184,1.666,267.8,1011.021,0.292,0.287,287.6,284.4,-6.001,-5.725
2026-03-17 23:39:00,344,13.46,-5.776,-5.708,80.2,80.4,0.302,1.27,0.772,1.372,268.1,1011.026,0.334,0.287,287.6,284.5,-5.982,-5.707
2026-03-17 23:40:00,345,13.46,-5.752,-5.696,80.2,80.4,0.494,1.352,0.978,1.568,264.2,1011.022,0.315,0.292,287.7,284.5,-5.971,-5.697
2026-03-17 23:41:00,346,13.46,-5.737,-5.687,80.2,80.5,1.191,1.65,1.544,1.96,252.3,1011.012,0.316,0.287,287.8,284.9,-5.951,-5.693
2026-03-17 23:42:00,347,13.46,-5.723,-5.675,80.2,80.5,1.656,2.082,1.905,2.254,241.6,1011.013,0.287,0.287,287.8,284.5,-5.945,-5.681
2026-03-17 23:43:00,348,13.46,-5.71,-5.671,80.2,80.6,1.379,1.752,1.596,2.058,229.9,1011.021,0.292,0.292,287.9,284.4,-5.929,-5.675
2026-03-17 23:44:00,349,13.46,-5.715,-5.695,80.3,80.9,0.939,1.67,1.39,1.862,253.6,1011.009,0.292,0.287,287.9,284.3,-5.922,-5.673
2026-03-17 23:45:00,350,13.46,-5.719,-5.699,80.5,81.3,0.576,1.824,1.596,2.156,274.6,1010.993,0.287,0.245,287.9,284.1,-5.903,-5.659
2026-03-17 23:46:00,351,13.46,-5.683,-5.636,80.6,80.9,1.327,2.002,1.544,2.156,276.5,1010.958,0.278,0.224,288.0,284.0,-5.876,-5.634
2026-03-17 23:47:00,352,13.46,-5.63,-5.546,80.5,80.4,1.638,2.224,2.162,2.352,271.1,1010.922,0.34,0.287,288.1,284.3,-5.85,-5.599
2026-03-17 23:48:00,353,13.46,-5.564,-5.385,80.2,79.07,1.937,2.222,2.214,2.352,271.4,1010.883,0.359,0.292,288.2,284.6,-5.833,-5.582
2026-03-17 23:49:00,354,13.46,-5.456,-5.184,79.69,77.5,1.996,2.291,2.162,2.45,267.2,1010.855,0.349,0.306,288.3,284.9,-5.803,-5.565
2026-03-17 23:50:00,355,13.46,-5.393,-5.122,79.12,76.88,1.916,2.322,2.214,2.45,263.8,1010.882,0.364,0.33,288.4,284.5,-5.777,-5.553
2026-03-17 23:51:00,356,13.46,-5.423,-5.252,78.87,77.74,1.518,2.242,2.059,2.744,259.1,1010.908,0.445,0.422,288.3,284.3,-5.767,-5.549
2026-03-17 23:52:00,357,13.46,-5.509,-5.41,78.92,78.49,1.897,2.637,2.368,2.842,263.7,1010.932,0.379,0.335,288.3,284.6,-5.765,-5.563
2026-03-17 23:53:00,358,13.46,-5.585,-5.508,79.08,78.74,1.625,2.516,2.008,2.744,274.6,1010.977,0.282,0.254,288.2,284.6,-5.766,-5.585
2026-03-17 23:54:00,359,13.46,-5.636,-5.574,79.26,79.13,1.246,2.039,1.596,2.45,277.7,1011.026,0.249,0.163,288.2,284.1,-5.767,-5.609
2026-03-17 23:55:00,360,13.46,-5.675,-5.641,79.43,79.49,1.209,1.839,1.544,2.058,275.4,1011.039,0.154,0.053,288.1,284.1,-5.767,-5.634
2026-03-17 23:56:00,361,13.46,-5.705,-5.684,79.56,79.81,1.114,1.744,1.39,1.96,269.6,1011.031,0.148,0.01,288.1,284.3,-5.77,-5.644
2026-03-17 23:57:00,362,13.46,-5.721,-5.661,79.63,79.71,1.399,1.989,1.699,2.156,262.9,1010.995,0.115,-0.005,288.0,284.7,-5.78,-5.655
2026-03-17 23:58:00,363,13.46,-5.714,-5.607,79.55,79.18,1.167,1.859,1.441,2.058,262.3,1010.981,0.11,0.014,288.0,284.7,-5.783,-5.657
2026-03-17 23:59:00,364,13.46,-5.715,-5.61,79.54,79.23,1.216,1.96,1.493,2.058,265.6,1010.962,0.106,0.005,288.1,284.8,-5.78,-5.658
2026-03-18 00:00:00,365,13.46,-5.719,-5.521,79.54,78.8,1.393,2.212,1.75,2.352,273.2,1010.942,0.048,0.005,288.1,285.0,-5.783,-5.66
2026-03-18 00:01:00,366,13.35,-5.688,-5.317,79.52,77.82,1.887,2.373,2.317,2.94,279.1,1010.917,0.005,0.0,288.2,285.3,-5.776,-5.644
2026-03-18 00:02:00,367,13.37,-5.574,-4.92,79.29,75.19,2.155,2.193,2.317,2.352,284.6,1010.891,0.033,0.0,288.3,285.5,-5.744,-5.606
2026-03-18 00:03:00,368,13.45,-5.379,-4.636,78.3,73.43,1.901,2.308,2.214,2.45,286.3,1010.887,0.272,0.258,288.4,285.2,-5.714,-5.574
2026-03-18 00:04:00,369,13.45,-5.332,-4.528,77.65,72.68,1.697,2.48,2.111,2.646,288.4,1010.884,0.297,0.287,288.4,284.8,-5.703,-5.562
2026-03-18 00:05:00,370,13.45,-5.377,-4.755,77.71,74.44,1.306,2.163,1.699,2.45,293.5,1010.898,0.287,0.287,288.3,284.3,-5.703,-5.569
2026-03-18 00:06:00,371,13.45,-5.449,-5.011,78.06,76.11,1.11,1.818,1.493,2.156,296.1,1010.898,0.282,0.144,288.3,284.3,-5.703,-5.587
2026-03-18 00:07:00,372,13.36,-5.5,-5.17,78.32,76.78,1.259,2.03,1.544,2.352,287.8,1010.888,0.172,0.029,288.3,284.6,-5.697,-5.592
2026-03-18 00:08:00,373,13.45,-5.513,-5.257,78.41,77.23,1.38,2.184,1.596,2.45,278.6,1010.865,0.244,0.076,288.3,284.7,-5.684,-5.588
2026-03-18 00:09:00,374,13.37,-5.508,-5.266,78.45,77.27,1.757,2.581,2.162,2.842,281.3,1010.84,0.273,0.177,288.3,284.7,-5.679,-5.579
2026-03-18 00:10:00,375,13.45,-5.495,-5.198,78.39,76.54,2.005,2.792,2.265,2.94,282.4,1010.817,0.282,0.174,288.4,284.8,-5.674,-5.569
2026-03-18 00:11:00,376,13.45,-5.503,-5.195,78.41,76.64,1.683,2.477,2.008,2.744,276.1,1010.824,0.259,0.168,288.4,284.7,-5.676,-5.573
2026-03-18 00:12:00,377,13.36,-5.532,-5.264,78.6,77.26,0.939,1.935,1.544,2.254,275.2,1010.832,0.163,0.024,288.3,284.5,-5.681,-5.577
2026-03-18 00:13:00,378,13.45,-5.567,-5.318,78.83,77.74,1.034,1.792,1.287,1.96,272.5,1010.837,0.102,0.0,288.2,284.3,-5.693,-5.584
2026-03-18 00:14:00,379,13.45,-5.563,-5.205,78.9,77.5,0.576,1.599,1.133,1.764,273.5,1010.829,0.024,0.0,288.2,284.0,-5.691,-5.587
2026-03-18 00:15:00,380,13.45,-5.548,-5.066,78.93,76.47,0.326,1.585,0.824,1.764,273.6,1010.826,0.076,0.0,288.1,283.7,-5.696,-5.59
2026-03-18 00:16:00,381,13.45,-5.547,-5.08,79.04,76.66,0.882,1.627,1.544,1.862,298.7,1010.782,0.148,0.005,288.1,283.7,-5.696,-5.598
2026-03-18 00:17:00,382,13.45,-5.559,-5.193,79.09,77.5,1.097,1.651,1.39,1.96,299.4,1010.764,0.057,-0.019,288.1,283.5,-5.692,-5.607
2026-03-18 00:18:00,383,13.45,-5.583,-5.331,79.26,78.79,1.337,2.006,1.699,2.352,291.9,1010.74,0.115,0.005,288.0,283.5,-5.707,-5.622
2026-03-18 00:19:00,384,13.45,-5.595,-5.124,79.49,77.89,1.365,2.021,1.699,2.45,285.7,1010.736,0.005,-0.139,288.1,284.2,-5.709,-5.631
2026-03-18 00:20:00,385,13.45,-5.563,-4.883,79.5,76.65,1.039,1.818,1.338,2.058,290.1,1010.736,0.0,0.0,288.1,284.2,-5.708,-5.622
2026-03-18 00:21:00,386,13.45,-5.536,-4.645,79.79,75.56,0.875,1.637,1.39,1.862,294.8,1010.734,0.0,0.0,288.1,284.4,-5.709,-5.61
2026-03-18 00:22:00,387,13.45,-5.306,-4.347,79.75,73.61,1.232,1.617,1.441,1.764,294.9,1010.732,0.0,-0.086,288.2,284.7,-5.677,-5.576
2026-03-18 00:23:00,388,13.36,-4.994,-4.214,78.26,72.57,0.646,1.609,1.184,1.764,290.8,1010.727,0.424,0.381,288.4,284.6,-5.64,-5.52
2026-03-18 00:24:00,389,13.45,-4.994,-4.255,77.45,73.14,0.202,1.515,1.081,1.666,293.8,1010.72,0.46,0.422,288.3,284.4,-5.644,-5.514
2026-03-18 00:25:00,390,13.42,-5.03,-4.318,77.53,73.66,0.972,1.434,1.133,1.666,294.6,1010.705,0.287,0.239,288.4,284.5,-5.627,-5.518
2026-03-18 00:26:00,391,13.45,-4.991,-4.255,77.43,73.55,0.637,1.516,0.927,1.666,294.5,1010.698,0.349,0.292,288.4,284.9,-5.604,-5.499
2026-03-18 00:27:00,392,13.45,-4.955,-4.035,77.32,72.49,0.676,1.419,1.03,1.666,281.9,1010.698,0.374,0.296,288.4,285.1,-5.606,-5.497
2026-03-18 00:28:00,393,13.45,-4.843,-3.824,77.55,71.64,0.684,1.15,1.133,1.47,263.5,1010.696,0.159,0.087,288.4,285.4,-5.606,-5.498
2026-03-18 00:29:00,394,13.44,-4.625,-3.671,76.64,70.92,0.033,1.015,0.206,1.176,263.5,1010.693,0.248,0.248,288.5,285.2,-5.59,-5.49
2026-03-18 00:30:00,395,13.45,-4.575,-3.591,76.0,70.19,0.0,0.71,0.0,0.98,266.6,1010.699,0.373,0.325,288.5,285.1,-5.575,-5.471
2026-03-18 00:31:00,396,13.45,-4.621,-3.684,75.83,70.77,0.0,0.141,0.0,0.588,293.3,1010.722,0.407,0.402,288.4,284.3,-5.57,-5.472
2026-03-18 00:32:00,397,13.45,-4.706,-3.905,76.1,72.07,0.0,0.632,0.0,0.98,293.3,1010.734,0.287,0.268,288.4,284.3,-5.57,-5.471
2026-03-18 00:33:00,398,13.44,-4.755,-4.044,76.26,72.52,0.0,0.018,0.0,0.294,293.3,1010.736,0.382,0.292,288.4,284.3,-5.555,-5.454
2026-03-18 00:34:00,399,13.45,-4.793,-4.184,76.41,73.24,0.0,0.002,0.0,0.098,293.3,1010.728,0.508,0.345,288.4,284.4,-5.539,-5.436
2026-03-18 00:35:00,400,13.36,-4.817,-4.29,76.44,73.91,0.0,0.175,0.0,0.588,293.3,1010.714,0.53,0.345,288.5,284.5,-5.524,-5.412
2026-03-18 00:36:00,401,13.45,-4.858,-4.345,76.53,74.2,0.0,0.443,0.0,0.686,293.2,1010.695,0.565,0.379,288.4,284.6,-5.523,-5.413
2026-03-18 00:37:00,402,13.45,-4.891,-4.283,76.81,74.32,0.0,0.463,0.0,0.784,290.6,1010.687,0.502,0.321,288.4,284.8,-5.523,-5.423
2026-03-18 00:38:00,403,13.45,-4.845,-4.135,76.91,73.33,0.0,0.503,0.0,0.686,290.7,1010.679,0.269,0.173,288.3,284.8,-5.527,-5.441
2026-03-18 00:39:00,404,13.45,-4.805,-4.142,76.69,73.15,0.0,0.592,0.0,0.784,290.7,1010.677,0.305,0.238,288.4,284.6,-5.506,-5.449
2026-03-18 00:40:00,405,13.37,-4.842,-4.279,76.64,74.0,0.0,0.488,0.0,0.784,290.9,1010.677,0.378,0.287,288.3,284.3,-5.502,-5.46
2026-03-18 00:41:00,406,13.45,-4.919,-4.431,76.89,74.93,0.0,0.549,0.0,0.686,290.9,1010.66,0.302,0.235,288.2,284.2,-5.52,-5.476
2026-03-18 00:42:00,407,13.45,-4.992,-4.512,77.22,75.54,0.0,0.17,0.0,0.392,290.9,1010.659,0.192,0.015,288.2,284.5,-5.517,-5.493
2026-03-18 00:43:00,408,13.45,-5.021,-4.469,77.48,75.46,0.0,0.0,0.0,0.0,290.9,1010.653,0.239,0.01,288.1,284.4,-5.526,-5.493
2026-03-18 00:44:00,409,13.45,-5.025,-4.398,77.6,75.07,0.0,0.0,0.0,0.0,290.9,1010.655,0.116,0.0,288.0,284.2,-5.539,-5.499
2026-03-18 00:45:00,410,13.45,-5.028,-4.349,77.7,75.03,0.0,0.0,0.0,0.0,290.9,1010.65,0.009,0.0,288.0,284.4,-5.551,-5.504
2026-03-18 00:46:00,411,13.45,-5.016,-4.259,77.79,74.71,0.0,0.0,0.0,0.0,290.9,1010.633,0.153,0.0,288.0,284.6,-5.557,-5.506
2026-03-18 00:47:00,412,13.45,-4.974,-4.15,77.94,74.06,0.0,0.0,0.0,0.0,290.9,1010.609,0.205,0.01,288.0,284.7,-5.555,-5.51
2026-03-18 00:48:00,413,13.45,-4.873,-4.069,77.91,73.45,0.0,0.003,0.0,0.098,290.9,1010.591,0.287,0.111,287.9,284.5,-5.548,-5.517
2026-03-18 00:49:00,414,13.45,-4.747,-4.056,77.5,73.28,0.0,0.56,0.0,0.98,290.8,1010.566,0.287,0.277,288.0,284.1,-5.527,-5.533
2026-03-18 00:50:00,415,13.45,-4.686,-4.118,77.02,73.56,0.0,1.005,0.0,1.176,290.9,1010.536,0.344,0.296,288.0,283.7,-5.498,-5.535
2026-03-18 00:51:00,416,13.37,-4.706,-4.145,76.89,73.67,0.006,1.142,0.206,1.274,290.4,1010.523,0.508,0.46,288.1,284.0,-5.498,-5.533
2026-03-18 00:52:00,417,13.45,-4.725,-4.071,76.96,73.09,0.085,1.245,0.36,1.47,289.5,1010.51,0.287,0.287,288.1,284.3,-5.504,-5.554
2026-03-18 00:53:00,418,13.45,-4.684,-4.026,76.76,72.69,0.193,1.331,0.515,1.47,290.8,1010.511,0.268,0.173,288.2,284.4,-5.504,-5.543
2026-03-18 00:54:00,419,13.45,-4.667,-4.045,76.55,72.9,0.043,1.294,0.206,1.372,303.2,1010.521,0.244,0.134,288.2,284.1,-5.505,-5.516
2026-03-18 00:55:00,420,13.45,-4.724,-4.057,76.68,72.93,0.065,1.348,0.257,1.47,320.6,1010.531,0.253,0.038,288.4,284.0,-5.49,-5.485
2026-03-18 00:56:00,421,13.45,-4.779,-4.054,76.93,73.02,0.036,1.255,0.257,1.372,324.4,1010.527,0.254,0.162,288.4,283.9,-5.487,-5.461
2026-03-18 00:57:00,422,13.45,-4.801,-4.074,77.2,73.41,0.112,1.268,0.309,1.47,328.1,1010.513,0.205,0.095,288.4,283.6,-5.489,-5.436
2026-03-18 00:58:00,423,13.45,-4.765,-4.044,77.15,72.89,0.079,1.252,0.309,1.372,326.0,1010.464,0.268,0.229,288.4,283.5,-5.473,-5.408
2026-03-18 00:59:00,424,13.45,-4.693,-3.957,77.07,72.51,0.121,1.12,0.309,1.274,307.5,1010.435,0.321,0.268,288.4,283.7,-5.46,-5.4
2026-03-18 01:00:00,425,13.45,-4.521,-3.836,76.5,72.26,0.014,0.977,0.257,1.176,292.5,1010.436,0.335,0.282,288.3,283.9,-5.456,-5.407
2026-03-18 01:01:00,426,13.45,-4.342,-3.714,75.85,71.62,0.003,0.624,0.051,0.882,292.3,1010.436,0.32,0.287,288.2,283.8,-5.453,-5.422
2026-03-18 01:02:00,427,13.45,-4.197,-3.642,75.2,71.51,0.001,0.822,0.051,1.078,267.0,1010.431,0.373,0.296,288.2,283.6,-5.441,-5.435
2026-03-18 01:03:00,428,13.45,-4.131,-3.55,74.64,71.19,0.011,1.115,0.154,1.274,267.1,1010.422,0.559,0.564,288.1,283.4,-5.416,-5.439
2026-03-18 01:04:00,429,13.45,-4.128,-3.458,74.33,70.87,0.005,0.998,0.154,1.176,267.2,1010.418,0.594,0.589,288.0,282.5,-5.419,-5.433
2026-03-18 01:05:00,430,13.36,-4.166,-3.404,74.2,70.32,0.0,0.897,0.0,0.98,268.5,1010.414,0.518,0.398,287.8,280.5,-5.423,-5.443
2026-03-18 01:06:00,431,13.45,-4.242,-3.424,74.44,70.33,0.005,0.921,0.206,1.078,287.4,1010.396,0.272,0.115,287.4,278.6,-5.436,-5.461
2026-03-18 01:07:00,432,13.45,-4.305,-3.55,74.67,71.13,0.008,1.161,0.154,1.47,291.4,1010.373,0.321,0.076,287.2,277.7,-5.42,-5.485
2026-03-18 01:08:00,433,13.45,-4.374,-3.735,75.0,72.45,0.406,1.467,1.03,1.666,305.4,1010.348,0.287,-0.005,287.1,277.8,-5.435,-5.521
2026-03-18 01:09:00,434,13.45,-4.456,-3.857,75.48,73.29,0.949,1.842,1.184,2.058,304.1,1010.333,0.287,0.0,287.1,277.8,-5.43,-5.525
2026-03-18 01:10:00,435,13.45,-4.462,-3.786,75.83,72.63,1.123,1.869,1.287,1.96,304.6,1010.319,0.153,-0.21,287.0,277.1,-5.433,-5.544
2026-03-18 01:11:00,436,13.44,-4.399,-3.773,75.46,72.86,0.701,1.767,1.081,1.96,304.2,1010.31,0.306,-0.01,286.9,276.3,-5.415,-5.514
2026-03-18 01:12:00,437,13.45,-4.435,-3.722,75.63,72.48,0.934,1.811,1.081,1.96,299.4,1010.293,0.441,0.014,286.9,276.3,-5.411,-5.504
2026-03-18 01:13:00,438,13.45,-4.463,-3.588,75.85,71.69,0.784,1.742,0.927,1.862,297.8,1010.292,0.438,0.005,286.8,276.3,-5.414,-5.518
2026-03-18 01:14:00,439,13.35,-4.49,-3.475,75.67,70.99,0.047,1.537,0.36,1.764,305.8,1010.291,0.441,0.005,286.6,275.9,-5.426,-5.559
2026-03-18 01:15:00,440,13.45,-4.57,-3.577,75.97,71.95,0.007,1.079,0.154,1.47,312.1,1010.306,0.287,-0.181,286.2,274.3,-5.45,-5.608
2026-03-18 01:16:00,441,13.36,-4.622,-3.728,76.17,72.75,0.009,0.699,0.154,0.784,312.1,1010.289,0.111,-0.34,285.5,271.6,-5.479,-5.652
2026-03-18 01:17:00,442,13.45,-4.665,-3.853,76.28,73.46,0.0,0.583,0.0,0.686,312.2,1010.278,0.01,-0.574,284.8,267.8,-5.506,-5.707
2026-03-18 01:18:00,443,13.45,-4.716,-3.942,76.56,73.91,0.0,0.698,0.0,0.882,312.2,1010.249,0.014,-0.612,284.0,264.3,-5.527,-5.772
2026-03-18 01:19:00,444,13.45,-4.746,-3.982,76.82,74.08,0.003,1.018,0.051,1.274,312.2,1010.228,0.22,-0.641,283.4,262.2,-5.528,-5.844
2026-03-18 01:20:00,445,13.45,-4.738,-3.938,77.18,73.65,0.0,0.935,0.0,1.078,312.2,1010.216,0.321,-0.579,283.0,260.9,-5.549,-5.893
2026-03-18 01:21:00,446,13.45,-4.652,-3.874,77.12,73.4,0.0,0.835,0.0,0.98,312.2,1010.245,0.468,-0.561,282.4,260.8,-5.546,-5.945
2026-03-18 01:22:00,447,13.45,-4.556,-3.791,76.76,72.82,0.0,0.69,0.0,0.784,312.3,1010.25,0.574,-0.378,281.9,261.7,-5.563,-6.013
2026-03-18 01:23:00,448,13.45,-4.478,-3.69,76.52,72.35,0.0,0.838,0.0,0.882,312.2,1010.235,0.537,-0.483,281.3,261.9,-5.587,-6.061
2026-03-18 01:24:00,449,13.45,-4.385,-3.547,76.42,71.68,0.0,0.872,0.0,0.98,312.2,1010.217,0.383,-0.542,281.0,261.0,-5.586,-6.085
2026-03-18 01:25:00,450,13.45,-4.203,-3.407,75.4,70.99,0.0,0.908,0.0,0.98,312.2,1010.2,0.675,-0.196,280.7,260.7,-5.608,-6.111
2026-03-18 01:26:00,451,13.45,-4.134,-3.3,74.84,70.51,0.0,1.009,0.0,1.078,312.2,1010.179,0.221,-0.697,280.5,261.3,-5.651,-6.25
2026-03-18 01:27:00,452,13.45,-4.109,-3.213,74.43,69.55,0.018,0.902,0.36,1.078,307.8,1010.162,0.376,-0.49,280.5,260.9,-5.642,-6.359
2026-03-18 01:28:00,453,13.45,-4.2,-3.336,73.7,70.29,0.039,0.886,0.412,1.274,307.8,1010.149,0.107,-0.726,280.6,259.3,-5.682,-6.447
2026-03-18 01:29:00,454,13.45,-4.353,-3.482,73.98,70.23,0.018,0.744,0.257,1.274,307.6,1010.15,0.492,-0.374,280.8,257.9,-5.677,-6.362
2026-03-18 01:30:00,455,13.45,-4.505,-3.733,74.34,71.36,0.006,0.453,0.103,0.784,307.6,1010.143,0.293,-0.583,280.2,257.1,-5.722,-6.391
2026-03-18 01:31:00,456,13.45,-4.606,-3.943,74.83,72.42,0.02,0.131,0.257,0.392,307.6,1010.135,0.415,-0.551,279.8,256.7,-5.742,-6.471
2026-03-18 01:32:00,457,13.44,-4.686,-4.113,75.43,73.59,0.0,0.248,0.0,0.784,307.6,1010.117,0.245,-0.725,279.4,257.4,-5.818,-6.544
2026-03-18 01:33:00,458,13.45,-4.737,-4.149,76.05,74.54,0.0,0.718,0.0,0.882,307.6,1010.107,-0.162,-1.181,279.1,259.6,-5.898,-6.653
2026-03-18 01:34:00,459,13.37,-4.704,-3.989,76.41,73.87,0.0,0.537,0.0,0.784,307.7,1010.091,-0.57,-1.488,279.1,262.0,-5.952,-6.758
2026-03-18 01:35:00,460,13.45,-4.633,-3.883,75.7,73.0,0.0,0.092,0.0,0.392,307.8,1010.086,-0.425,-1.253,279.0,262.6,-6.011,-6.801
2026-03-18 01:36:00,461,13.45,-4.711,-3.871,75.78,73.01,0.0,0.421,0.0,0.49,307.8,1010.066,-0.656,-1.474,278.9,260.9,-6.075,-6.825
2026-03-18 01:37:00,462,13.45,-4.715,-3.848,75.25,72.64,0.0,0.524,0.0,0.98,291.3,1010.04,-0.701,-1.534,278.5,257.8,-6.158,-6.847
2026-03-18 01:38:00,463,13.45,-4.734,-3.863,76.26,73.01,0.0,0.881,0.0,1.372,292.4,1010.007,-0.965,-1.894,279.0,258.7,-6.131,-6.806
2026-03-18 01:39:00,464,13.45,-4.623,-3.885,74.74,72.41,0.439,1.055,1.03,1.47,297.2,1010.006,0.142,-0.753,279.4,260.0,-6.123,-6.682
2026-03-18 01:40:00,465,13.45,-4.819,-4.007,73.96,72.87,0.661,0.824,0.978,0.98,299.1,1010.019,0.246,-0.502,279.6,261.6,-6.208,-6.703
2026-03-18 01:41:00,466,13.45,-5.033,-4.086,75.22,73.75,0.011,0.599,0.154,0.98,299.1,1010.02,-0.292,-1.047,279.5,262.2,-6.276,-6.8
2026-03-18 01:42:00,467,13.44,-5.13,-4.138,74.93,73.2,0.0,0.457,0.0,0.784,288.2,1010.017,-0.363,-1.148,279.2,261.3,-6.326,-6.862
2026-03-18 01:43:00,468,13.45,-5.366,-4.317,74.68,73.85,0.003,0.505,0.051,0.784,288.2,1010.019,-0.545,-1.415,278.6,258.1,-6.388,-6.871
2026-03-18 01:44:00,469,13.45,-5.537,-4.387,75.81,74.47,0.0,0.07,0.0,0.392,288.2,1010.003,-0.588,-1.645,277.8,252.9,-6.446,-6.883
2026-03-18 01:45:00,470,13.45,-5.618,-4.418,76.14,75.1,0.0,0.375,0.0,0.784,288.2,1009.987,-0.651,-1.8,276.8,247.2,-6.503,-6.979
2026-03-18 01:46:00,471,13.45,-5.687,-4.435,76.63,74.93,0.001,0.678,0.051,0.98,300.9,1009.966,-0.331,-1.694,276.0,244.1,-6.551,-7.138
2026-03-18 01:47:00,472,13.45,-5.668,-4.442,77.54,74.71,0.001,0.72,0.051,0.882,300.7,1009.951,-0.292,-1.79,275.4,244.6,-6.6,-7.233
2026-03-18 01:48:00,473,13.45,-5.547,-4.443,78.23,75.57,0.321,0.765,0.772,0.882,300.9,1009.942,-0.144,-1.661,275.5,248.6,-6.597,-7.316
2026-03-18 01:49:00,474,13.45,-5.341,-4.33,77.65,75.37,0.015,0.738,0.206,0.882,301.0,1009.951,0.243,-1.15,275.8,253.8,-6.622,-7.344
2026-03-18 01:50:00,475,13.38,-5.241,-4.194,76.85,74.63,0.176,0.788,0.978,0.98,301.0,1009.948,0.174,-0.961,276.3,258.9,-6.685,-7.415
2026-03-18 01:51:00,476,13.45,-5.236,-4.111,77.25,73.95,0.164,0.73,0.875,0.98,301.0,1009.94,-0.278,-1.25,277.0,264.5,-6.711,-7.442
2026-03-18 01:52:00,477,13.45,-5.216,-4.138,75.53,73.37,0.0,0.96,0.0,1.176,301.0,1009.952,0.01,-0.665,277.8,268.4,-6.745,-7.418
2026-03-18 01:53:00,478,13.45,-5.345,-4.246,76.09,73.98,0.035,0.741,0.412,0.98,301.0,1009.942,-0.416,-0.918,278.3,271.0,-6.803,-7.401
2026-03-18 01:54:00,479,13.38,-5.384,-4.316,76.43,73.29,0.039,0.751,0.309,0.882,283.3,1009.923,-0.508,-0.858,278.9,271.0,-6.813,-7.343
2026-03-18 01:55:00,480,13.38,-5.494,-4.46,74.9,73.77,0.3,0.887,1.133,1.078,274.3,1009.904,-0.159,-0.436,279.3,269.3,-6.84,-7.283
2026-03-18 01:56:00,481,13.45,-5.811,-4.565,76.08,76.08,0.884,0.993,1.184,1.176,274.5,1009.865,-0.481,-0.754,279.3,266.8,-6.897,-7.248
2026-03-18 01:57:00,482,13.45,-5.743,-4.3,77.2,75.58,1.118,1.079,1.287,1.274,276.8,1009.846,-0.508,-0.867,279.5,266.1,-6.908,-7.195
2026-03-18 01:58:00,483,13.45,-5.706,-4.042,77.72,74.15,1.119,1.196,1.441,1.372,285.0,1009.845,-0.182,-0.541,280.0,269.3,-6.923,-7.141
2026-03-18 01:59:00,484,13.45,-5.559,-3.908,78.17,72.32,1.2,1.467,1.39,1.764,301.2,1009.857,-0.058,-0.397,280.5,273.0,-6.939,-7.112
2026-03-18 02:00:00,485,13.45,-5.385,-3.902,77.83,72.27,1.422,1.665,1.596,1.862,309.7,1009.856,-0.109,-0.297,281.0,275.1,-6.948,-7.094
2026-03-18 02:01:00,486,13.45,-5.272,-3.938,76.82,71.77,1.454,1.683,1.699,1.862,308.1,1009.854,-0.144,-0.216,281.4,275.2,-6.946,-7.057
2026-03-18 02:02:00,487,13.35,-5.287,-4.106,76.55,72.69,1.423,1.746,1.596,1.862,303.5,1009.838,-0.028,-0.144,281.7,274.3,-6.946,-6.992
2026-03-18 02:03:00,488,13.45,-5.27,-4.136,76.73,73.82,1.249,1.714,1.441,1.862,295.1,1009.832,-0.029,-0.163,281.6,271.7,-6.94,-6.94
2026-03-18 02:04:00,489,13.44,-5.221,-4.021,76.61,73.09,0.977,1.447,1.133,1.764,295.1,1009.846,0.143,-0.067,281.4,268.1,-6.926,-6.896
2026-03-18 02:05:00,490,13.45,-5.224,-3.999,75.97,72.6,0.144,0.918,0.772,1.176,295.2,1009.873,0.335,0.047,281.1,265.6,-6.908,-6.862
2026-03-18 02:06:00,491,13.45,-5.354,-4.003,75.41,73.2,0.02,1.172,0.154,1.372,295.3,1009.868,0.449,0.02,280.6,265.6,-6.926,-6.88
2026-03-18 02:07:00,492,13.37,-5.504,-3.91,75.94,72.71,0.203,1.32,0.721,1.666,295.7,1009.861,0.355,-0.187,280.5,269.0,-6.928,-6.917
2026-03-18 02:08:00,493,13.45,-5.588,-3.848,75.69,71.33,0.768,1.357,1.184,1.666,295.6,1009.866,0.382,-0.101,281.0,272.0,-6.905,-6.911
2026-03-18 02:09:00,494,13.45,-5.719,-3.949,76.96,72.92,1.112,1.529,1.287,1.862,295.6,1009.843,0.288,-0.086,281.3,273.0,-6.911,-6.907
2026-03-18 02:10:00,495,13.45,-5.603,-3.87,77.73,72.73,1.232,1.745,1.39,1.96,296.0,1009.846,0.262,-0.029,281.6,273.9,-6.902,-6.909
2026-03-18 02:11:00,496,13.45,-5.522,-3.791,76.4,71.96,0.695,1.657,1.338,1.862,296.7,1009.851,0.264,0.101,281.9,275.2,-6.919,-6.892
2026-03-18 02:12:00,497,13.45,-5.655,-3.796,76.33,72.53,0.617,1.557,1.081,1.764,296.4,1009.86,0.091,-0.129,282.1,277.7,-6.926,-6.879
2026-03-18 02:13:00,498,13.45,-5.74,-3.717,76.1,71.98,0.254,1.508,0.927,1.764,295.3,1009.863,0.144,0.061,282.6,279.1,-6.913,-6.831
2026-03-18 02:14:00,499,13.45,-5.837,-3.709,76.32,70.26,0.034,1.062,0.257,1.47,284.8,1009.888,0.12,0.048,282.7,279.4,-6.923,-6.776
2026-03-18 02:15:00,500,13.45,-5.943,-4.001,75.94,67.94,0.0,0.053,0.0,0.588,291.5,1009.872,0.143,0.143,283.0,279.2,-6.913,-6.707
2026-03-18 02:16:00,501,13.45,-6.093,-4.45,76.57,72.17,0.019,0.764,0.206,1.176,291.7,1009.829,0.106,0.005,283.2,279.3,-6.917,-6.673
2026-03-18 02:17:00,502,13.45,-6.172,-4.665,77.21,74.3,0.035,1.172,0.206,1.372,291.2,1009.785,0.153,0.09,283.4,280.3,-6.894,-6.62
2026-03-18 02:18:00,503,13.45,-6.178,-4.67,77.96,74.59,0.069,1.094,0.309,1.274,291.3,1009.758,0.239,0.187,283.7,281.0,-6.878,-6.579
2026-03-18 02:19:00,504,13.36,-6.077,-4.647,78.31,74.38,0.033,0.997,0.206,1.176,291.3,1009.754,0.301,0.316,283.9,281.4,-6.855,-6.55
2026-03-18 02:20:00,505,13.45,-5.978,-4.643,78.34,74.41,0.19,1.104,0.927,1.372,291.2,1009.747,0.302,0.378,284.1,281.6,-6.833,-6.516
2026-03-18 02:21:00,506,13.38,-5.825,-4.597,78.78,74.7,0.916,1.232,1.133,1.47,281.3,1009.726,0.355,0.398,284.3,281.9,-6.8,-6.482
2026-03-18 02:22:00,507,13.45,-5.577,-4.57,78.4,74.0,0.958,1.281,1.03,1.372,281.3,1009.717,0.434,0.505,284.6,282.2,-6.728,-6.412
2026-03-18 02:23:00,508,13.45,-5.391,-4.605,77.55,74.42,0.687,1.172,0.927,1.372,276.2,1009.716,0.818,0.976,284.8,282.4,-6.687,-6.372
2026-03-18 02:24:00,509,13.36,-5.298,-4.623,76.73,73.88,0.271,1.105,0.824,1.274,276.2,1009.717,0.57,0.728,284.9,282.5,-6.674,-6.355
2026-03-18 02:25:00,510,13.45,-5.294,-4.722,75.99,74.08,0.599,1.347,0.824,1.568,276.0,1009.693,0.598,0.77,285.1,283.0,-6.638,-6.327
2026-03-18 02:26:00,511,13.38,-5.39,-4.797,75.65,75.9,0.893,1.741,1.03,1.862,275.6,1009.668,0.603,0.8,285.3,283.4,-6.607,-6.296
2026-03-18 02:27:00,512,13.45,-5.503,-4.602,76.04,76.7,0.839,1.78,0.978,1.862,276.0,1009.646,0.574,0.688,285.4,283.6,-6.584,-6.263
2026-03-18 02:28:00,513,13.45,-5.564,-4.287,76.21,75.81,0.631,1.783,0.824,1.862,276.0,1009.656,0.527,0.579,285.6,284.0,-6.56,-6.231
2026-03-18 02:29:00,514,13.45,-5.639,-4.02,76.52,74.53,0.341,1.757,0.927,1.862,276.0,1009.657,0.569,0.574,285.8,284.1,-6.534,-6.191
2026-03-18 02:30:00,515,13.37,-5.688,-3.86,77.68,72.74,1.136,1.747,1.287,1.862,289.7,1009.661,0.398,0.517,285.9,284.1,-6.505,-6.156
2026-03-18 02:31:00,516,13.45,-5.574,-3.884,78.23,73.14,0.959,1.729,1.184,1.862,304.7,1009.648,0.545,0.57,286.1,283.8,-6.448,-6.088
2026-03-18 02:32:00,517,13.45,-5.464,-3.944,77.71,71.4,0.886,1.702,1.236,2.156,329.9,1009.65,0.669,0.784,286.3,283.1,-6.398,-6.009
2026-03-18 02:33:00,518,13.45,-5.491,-4.272,77.63,74.7,0.936,1.879,1.133,2.058,312.4,1009.62,0.781,0.838,286.4,282.7,-6.361,-5.958
2026-03-18 02:34:00,519,13.45,-5.482,-4.344,78.6,74.88,1.108,1.765,1.287,1.96,308.5,1009.614,0.604,0.651,286.5,282.9,-6.307,-5.928
2026-03-18 02:35:00,520,13.45,-5.305,-4.292,78.74,75.43,0.993,1.563,1.184,1.764,302.2,1009.636,0.736,0.727,286.8,283.3,-6.229,-5.841
2026-03-18 02:36:00,521,13.45,-5.035,-4.104,78.49,75.04,0.755,1.488,0.927,1.666,296.9,1009.63,1.023,1.023,287.0,283.7,-6.142,-5.755
2026-03-18 02:37:00,522,13.45,-4.745,-3.886,77.69,73.86,0.934,1.715,1.236,1.96,294.2,1009.602,1.186,1.239,287.2,284.1,-6.057,-5.69
2026-03-18 02:38:00,523,13.45,-4.531,-3.758,76.49,72.71,1.065,1.844,1.236,1.96,294.3,1009.578,1.393,1.436,287.4,284.3,-5.991,-5.647
2026-03-18 02:39:00,524,13.45,-4.428,-3.791,75.45,72.75,1.16,1.744,1.287,1.96,295.4,1009.556,1.264,1.37,287.5,284.3,-5.946,-5.636
2026-03-18 02:40:00,525,13.45,-4.439,-3.879,74.97,72.96,1.3,1.818,1.441,1.96,296.5,1009.533,1.072,1.121,287.6,284.5,-5.912,-5.644
2026-03-18 02:41:00,526,13.36,-4.517,-3.965,74.87,73.76,1.082,1.833,1.338,1.96,296.7,1009.533,0.861,0.904,287.6,284.4,-5.889,-5.648
2026-03-18 02:42:00,527,13.45,-4.646,-3.964,75.18,73.93,0.204,1.669,0.978,1.862,302.0,1009.542,0.829,0.843,287.6,284.2,-5.882,-5.653
2026-03-18 02:43:00,528,13.36,-4.783,-3.933,75.82,73.86,0.03,1.587,0.206,1.764,308.6,1009.533,0.579,0.575,287.6,284.0,-5.865,-5.653
2026-03-18 02:44:00,529,13.45,-4.864,-3.95,76.34,73.42,0.003,1.332,0.154,1.666,310.6,1009.516,0.57,0.574,287.5,283.7,-5.852,-5.645
2026-03-18 02:45:00,530,13.45,-4.923,-4.111,76.55,74.13,0.0,0.707,0.0,0.98,310.5,1009.52,0.608,0.574,287.5,283.4,-5.849,-5.635
2026-03-18 02:46:00,531,13.45,-5.002,-4.316,76.87,74.89,0.0,0.279,0.0,0.882,284.5,1009.528,0.574,0.555,287.4,283.0,-5.844,-5.648
2026-03-18 02:47:00,532,13.45,-5.131,-4.58,77.18,75.52,0.006,0.284,0.103,0.784,242.9,1009.526,0.379,0.274,287.3,282.8,-5.854,-5.682
2026-03-18 02:48:00,533,13.45,-5.185,-4.715,77.97,77.64,0.028,0.797,0.206,1.47,287.6,1009.538,0.292,0.239,287.4,283.5,-5.828,-5.658
2026-03-18 02:49:00,534,13.37,-5.088,-4.514,78.62,77.6,0.008,1.352,0.154,1.47,287.6,1009.546,0.55,0.464,287.6,283.9,-5.765,-5.61
2026-03-18 02:50:00,535,13.45,-4.908,-4.212,78.7,76.01,0.06,1.295,0.257,1.372,287.3,1009.533,0.755,0.755,287.7,284.0,-5.709,-5.56
2026-03-18 02:51:00,536,13.45,-4.684,-3.961,78.57,74.71,0.221,1.305,0.36,1.47,287.7,1009.519,0.871,0.866,287.8,284.0,-5.653,-5.515
2026-03-18 02:52:00,537,13.39,-4.396,-3.718,77.67,73.13,0.251,1.473,0.772,1.568,287.3,1009.509,1.091,1.138,287.9,283.8,-5.597,-5.476
2026-03-18 02:53:00,538,13.45,-4.211,-3.621,76.06,72.4,0.497,1.354,0.927,1.666,278.1,1009.506,1.139,1.149,288.0,283.2,-5.554,-5.44
2026-03-18 02:54:00,539,13.45,-4.272,-3.655,75.61,72.76,0.972,1.588,1.184,1.764,278.5,1009.473,0.977,0.991,288.1,283.1,-5.536,-5.413
2026-03-18 02:55:00,540,13.44,-4.317,-3.597,75.72,72.13,0.991,1.609,1.133,1.764,274.2,1009.474,0.857,0.861,288.2,283.1,-5.497,-5.404
2026-03-18 02:56:00,541,13.45,-4.381,-3.699,75.63,73.18,0.892,1.494,1.03,1.666,283.3,1009.482,0.828,0.79,288.2,282.7,-5.485,-5.401
2026-03-18 02:57:00,542,13.37,-4.471,-3.636,76.09,72.34,0.955,1.503,1.184,1.666,286.1,1009.474,0.642,0.594,288.1,282.8,-5.474,-5.416
2026-03-18 02:58:00,543,13.45,-4.52,-3.585,75.99,72.1,1.1,1.768,1.39,2.156,283.9,1009.464,0.584,0.512,288.1,282.6,-5.466,-5.422
2026-03-18 02:59:00,544,13.45,-4.662,-3.713,76.44,73.04,1.288,2.3,1.493,2.548,294.0,1009.437,0.46,0.359,288.2,282.4,-5.464,-5.436
2026-03-18 03:00:00,545,13.37,-4.752,-3.732,77.27,72.79,1.547,2.414,1.802,2.646,295.2,1009.397,0.249,0.148,288.2,282.0,-5.461,-5.437
2026-03-18 03:01:00,546,13.45,-4.709,-3.736,77.32,72.81,1.786,2.829,2.111,3.234,295.9,1009.349,0.291,0.158,288.3,281.1,-5.434,-5.412
2026-03-18 03:02:00,547,13.45,-4.653,-3.745,77.08,72.89,2.064,3.038,2.42,3.332,294.5,1009.295,0.273,0.134,288.3,280.0,-5.422,-5.392
2026-03-18 03:03:00,548,13.45,-4.639,-3.879,76.87,73.67,1.981,2.951,2.265,3.234,289.8,1009.271,0.335,0.162,288.4,278.9,-5.391,-5.36
2026-03-18 03:04:00,549,13.45,-4.671,-4.047,76.96,74.37,1.333,2.468,1.905,2.94,294.6,1009.286,0.468,0.278,288.3,277.8,-5.369,-5.322
2026-03-18 03:05:00,550,13.45,-4.72,-4.22,77.09,75.39,0.468,1.729,1.03,2.254,302.0,1009.297,0.579,0.282,288.0,277.3,-5.363,-5.32
2026-03-18 03:06:00,551,13.36,-4.772,-4.371,77.35,76.32,0.049,1.525,0.309,1.764,303.8,1009.287,0.546,0.168,287.6,277.0,-5.364,-5.345
2026-03-18 03:07:00,552,13.45,-4.816,-4.478,77.55,76.9,0.001,1.336,0.051,1.568,311.6,1009.273,0.497,0.019,287.4,276.6,-5.366,-5.375
2026-03-18 03:08:00,553,13.45,-4.853,-4.569,77.74,77.6,0.059,1.637,0.36,1.862,319.4,1009.252,0.441,0.0,287.1,276.1,-5.375,-5.391
2026-03-18 03:09:00,554,13.45,-4.877,-4.61,78.03,77.96,0.561,1.497,0.875,1.764,325.4,1009.214,0.326,-0.124,287.1,275.5,-5.372,-5.387
2026-03-18 03:10:00,555,13.45,-4.879,-4.604,78.31,77.97,0.306,1.8,0.927,2.254,327.5,1009.193,0.392,-0.124,287.0,276.4,-5.363,-5.406
2026-03-18 03:11:00,556,13.45,-4.84,-4.491,78.29,76.84,0.395,1.869,0.875,2.156,322.8,1009.188,0.427,-0.024,287.0,277.1,-5.363,-5.433
2026-03-18 03:12:00,557,13.45,-4.773,-4.312,78.1,75.6,0.884,1.952,1.287,2.254,321.2,1009.191,0.339,-0.067,287.1,278.3,-5.342,-5.448
2026-03-18 03:13:00,558,13.45,-4.65,-4.118,77.79,74.71,0.979,1.859,1.287,2.058,317.4,1009.195,0.409,0.044,287.2,280.0,-5.326,-5.417
2026-03-18 03:14:00,559,13.45,-4.464,-3.945,77.03,73.67,1.096,1.935,1.338,2.058,322.0,1009.19,0.367,0.117,287.7,280.6,-5.261,-5.371
2026-03-18 03:15:00,560,13.45,-4.27,-3.815,75.93,72.8,1.029,1.968,1.236,2.352,338.7,1009.185,0.832,0.612,287.9,279.9,-5.216,-5.319
2026-03-18 03:16:00,561,13.45,-4.195,-3.793,74.51,71.57,1.524,2.518,2.059,2.94,0.172,1009.172,0.757,0.594,287.9,278.9,-5.218,-5.325
2026-03-18 03:17:00,562,13.45,-4.268,-3.979,73.82,72.48,1.512,2.376,1.905,2.646,1.319,1009.143,0.665,0.445,288.1,277.2,-5.206,-5.282
2026-03-18 03:18:00,563,13.45,-4.427,-4.169,74.15,73.34,0.658,1.781,1.544,2.254,352.8,1009.124,0.614,0.341,287.7,275.7,-5.22,-5.297
2026-03-18 03:19:00,564,13.45,-4.533,-4.161,74.77,73.82,0.039,1.029,0.309,1.47,319.2,1009.114,0.374,0.024,287.3,275.2,-5.238,-5.347
2026-03-18 03:20:00,565,13.45,-4.503,-4.027,74.82,72.77,0.0,0.704,0.0,0.882,313.3,1009.097,0.344,-0.009,286.9,275.0,-5.23,-5.382
2026-03-18 03:21:00,566,13.45,-4.441,-3.934,74.55,72.61,0.005,0.948,0.103,1.078,302.0,1009.079,0.484,-0.005,286.6,275.8,-5.237,-5.425
2026-03-18 03:22:00,567,13.38,-4.376,-3.85,74.29,71.99,0.013,1.089,0.206,1.274,298.2,1009.056,0.316,-0.038,286.4,275.8,-5.246,-5.495
2026-03-18 03:23:00,568,13.45,-4.301,-3.839,73.76,71.7,0.085,1.141,0.257,1.372,300.0,1009.047,0.349,-0.009,286.2,274.2,-5.243,-5.541
2026-03-18 03:24:00,569,13.45,-4.299,-3.908,73.35,71.3,0.08,1.052,0.257,1.372,317.9,1009.052,0.301,-0.005,286.0,273.7,-5.259,-5.602
2026-03-18 03:25:00,570,13.45,-4.379,-3.991,73.14,71.82,0.024,1.002,0.206,1.176,319.3,1009.045,0.349,-0.066,285.8,274.2,-5.283,-5.677
2026-03-18 03:26:00,571,13.45,-4.481,-4.029,73.44,72.42,0.006,0.831,0.154,0.98,319.3,1009.049,0.048,-0.287,285.6,274.1,-5.313,-5.743
2026-03-18 03:27:00,572,13.45,-4.542,-4.026,73.98,72.61,0.0,0.771,0.0,0.882,319.3,1009.046,-0.019,-0.535,285.3,272.4,-5.351,-5.788
2026-03-18 03:28:00,573,13.45,-4.51,-4.023,74.0,72.83,0.003,0.555,0.051,0.784,319.3,1009.063,-0.043,-0.574,284.8,270.7,-5.387,-5.815
2026-03-18 03:29:00,574,13.45,-4.467,-4.029,73.64,72.78,0.0,0.144,0.0,0.588,319.4,1009.076,-0.095,-0.65,284.4,269.0,-5.422,-5.834
2026-03-18 03:30:00,575,13.45,-4.497,-4.069,72.97,71.04,0.032,0.564,0.36,1.274,71.44,1009.074,-0.182,-0.795,284.1,267.9,-5.473,-5.877
2026-03-18 03:31:00,576,13.38,-4.699,-4.318,73.23,73.3,0.048,0.747,0.36,1.372,56.1,1009.052,-0.424,-1.071,283.9,266.5,-5.541,-5.918
2026-03-18 03:32:00,577,13.45,-4.933,-4.618,73.96,74.54,0.0,0.618,0.0,0.784,38.32,1009.021,-0.331,-1.144,283.7,265.1,-5.58,-5.956
2026-03-18 03:33:00,578,13.45,-5.104,-4.806,74.93,76.43,0.001,0.49,0.051,0.784,20.4,1008.994,-0.339,-1.191,283.2,265.7,-5.621,-6.026
2026-03-18 03:34:00,579,13.45,-5.161,-4.793,75.65,76.87,0.0,0.003,0.0,0.294,20.26,1008.995,-0.268,-1.102,283.0,269.2,-5.635,-6.078
2026-03-18 03:35:00,580,13.45,-5.144,-4.676,75.9,76.38,0.0,0.0,0.0,0.0,20.26,1008.989,-0.096,-0.843,283.1,272.1,-5.657,-6.099
2026-03-18 03:36:00,581,13.45,-5.113,-4.617,75.69,75.31,0.0,0.0,0.0,0.0,20.28,1008.988,0.019,-0.598,283.0,273.2,-5.691,-6.119
2026-03-18 03:37:00,582,13.36,-5.124,-4.667,75.21,74.78,0.0,0.0,0.0,0.0,20.35,1008.986,-0.296,-0.813,283.2,273.6,-5.734,-6.192
2026-03-18 03:38:00,583,13.45,-5.252,-4.81,74.96,74.52,0.001,0.052,0.051,0.49,301.8,1008.97,-0.354,-0.866,283.2,272.4,-5.78,-6.236
2026-03-18 03:39:00,584,13.45,-5.365,-5.0,75.72,75.49,0.001,0.0,0.051,0.0,255.8,1008.955,-0.593,-1.076,283.2,271.2,-5.824,-6.248
2026-03-18 03:40:00,585,13.45,-5.401,-5.096,76.01,75.95,0.0,0.0,0.0,0.0,256.1,1008.946,-0.465,-1.03,283.3,269.6,-5.842,-6.229
2026-03-18 03:41:00,586,13.45,-5.398,-5.117,76.77,77.13,0.0,0.064,0.0,0.49,320.3,1008.929,-0.211,-0.795,283.3,270.0,-5.839,-6.131
2026-03-18 03:42:00,587,13.45,-5.329,-5.08,76.92,77.07,0.0,0.002,0.0,0.098,320.2,1008.928,0.123,-0.489,283.5,273.7,-5.827,-5.991
2026-03-18 03:43:00,588,13.45,-5.272,-5.063,76.85,77.01,0.0,0.0,0.0,0.0,320.2,1008.921,0.334,-0.135,283.9,277.0,-5.807,-5.957
2026-03-18 03:44:00,589,13.45,-5.233,-5.056,76.7,77.07,0.0,0.0,0.0,0.0,320.2,1008.895,0.564,0.181,284.3,277.4,-5.795,-5.954
2026-03-18 03:45:00,590,13.45,-5.212,-5.042,76.6,77.07,0.0,0.0,0.0,0.0,320.2,1008.876,0.57,0.268,284.2,276.0,-5.799,-5.971
2026-03-18 03:46:00,591,13.45,-5.191,-5.037,76.52,76.9,0.0,0.0,0.0,0.0,320.3,1008.864,0.574,0.287,284.1,274.9,-5.798,-6.003
2026-03-18 03:47:00,592,13.45,-5.179,-5.046,76.4,77.04,0.0,0.0,0.0,0.0,320.3,1008.852,0.574,0.278,284.0,274.5,-5.793,-6.027
2026-03-18 03:48:00,593,13.37,-5.173,-5.037,76.49,77.2,0.0,0.068,0.0,0.392,320.2,1008.816,0.556,0.178,283.9,273.8,-5.81,-6.034
2026-03-18 03:49:00,594,13.45,-5.155,-5.012,76.51,77.08,0.0,0.365,0.0,0.49,320.3,1008.78,0.426,0.0,283.9,273.8,-5.816,-6.043
2026-03-18 03:50:00,595,13.45,-5.135,-4.997,76.49,77.05,0.0,0.72,0.0,0.98,320.4,1008.751,0.407,0.005,283.8,275.1,-5.828,-6.077
2026-03-18 03:51:00,596,13.45,-5.113,-4.985,76.48,76.9,0.0,0.816,0.0,0.98,320.6,1008.729,0.25,-0.019,284.0,277.0,-5.829,-6.142
2026-03-18 03:52:00,597,13.45,-5.086,-4.987,76.31,76.86,0.0,0.841,0.0,0.98,320.6,1008.722,0.229,0.099,284.2,277.9,-5.807,-6.153
2026-03-18 03:53:00,598,13.37,-5.082,-5.001,76.21,77.03,0.0,0.926,0.0,0.98,320.1,1008.698,0.506,0.321,284.4,277.3,-5.795,-6.134
2026-03-18 03:54:00,599,13.45,-5.091,-5.01,76.13,76.99,0.0,0.906,0.0,0.98,319.9,1008.678,0.527,0.306,284.4,276.7,-5.806,-6.112
2026-03-18 03:55:00,600,13.44,-5.114,-5.014,76.11,77.05,0.0,0.884,0.0,0.98,319.7,1008.667,0.444,0.287,284.4,276.2,-5.828,-6.114
2026-03-18 03:56:00,601,13.45,-5.146,-5.038,76.06,77.12,0.0,0.841,0.0,0.98,319.7,1008.648,0.278,0.054,284.3,276.3,-5.849,-6.117
2026-03-18 03:57:00,602,13.37,-5.184,-5.067,76.21,77.03,0.0,0.796,0.0,0.98,320.5,1008.629,0.081,-0.133,284.3,276.2,-5.872,-6.128
2026-03-18 03:58:00,603,13.45,-5.22,-5.128,75.99,76.94,0.0,0.587,0.0,0.784,336.5,1008.615,0.052,-0.183,284.4,275.6,-5.884,-6.113
2026-03-18 03:59:00,604,13.45,-5.305,-5.228,75.95,77.53,0.0,0.861,0.0,1.078,343.9,1008.607,0.043,-0.162,284.4,276.5,-5.913,-6.113
2026-03-18 04:00:00,605,13.45,-5.421,-5.305,76.29,78.05,0.0,0.766,0.0,1.078,350.0,1008.607,-0.028,-0.292,284.5,277.9,-5.946,-6.112
2026-03-18 04:01:00,606,13.45,-5.527,-5.331,76.86,78.38,0.0,0.964,0.0,1.176,348.9,1008.612,-0.21,-0.435,284.6,277.8,-5.969,-6.112
2026-03-18 04:02:00,607,13.45,-5.567,-5.313,77.56,78.56,0.0,1.144,0.0,1.568,345.1,1008.605,-0.135,-0.345,284.7,275.4,-5.974,-6.081
2026-03-18 04:03:00,608,13.45,-5.528,-5.242,77.94,78.67,0.0,1.609,0.0,1.862,345.9,1008.585,0.085,-0.135,284.6,271.4,-5.97,-6.004
2026-03-18 04:04:00,609,13.36,-5.455,-5.146,77.76,77.58,0.471,1.955,1.544,2.45,13.22,1008.582,0.435,0.157,284.5,268.8,-5.972,-5.955
2026-03-18 04:05:00,610,13.37,-5.449,-5.164,77.46,77.65,0.959,2.142,1.596,2.548,27.72,1008.581,0.512,0.101,284.3,267.0,-5.99,-5.974
2026-03-18 04:06:00,611,13.45,-5.446,-5.152,77.62,77.07,0.575,1.774,1.236,2.254,15.79,1008.563,0.402,-0.086,284.2,267.0,-5.986,-5.972
2026-03-18 04:07:00,612,13.45,-5.354,-5.055,77.45,76.93,0.208,1.763,1.03,2.156,352.6,1008.534,0.727,0.144,284.1,267.1,-5.971,-5.936
2026-03-18 04:08:00,613,13.45,-5.23,-4.849,77.14,75.94,0.037,1.382,0.257,1.666,346.7,1008.503,0.894,0.3,284.1,268.1,-5.943,-5.874
2026-03-18 04:09:00,614,13.45,-5.098,-4.659,76.54,75.03,0.0,1.25,0.0,1.372,347.6,1008.495,1.134,0.546,283.9,270.3,-5.94,-5.873
2026-03-18 04:10:00,615,13.37,-5.019,-4.531,76.03,74.3,0.0,0.743,0.0,1.078,354.5,1008.492,1.144,0.579,283.7,270.4,-5.951,-5.911
2026-03-18 04:11:00,616,13.37,-4.991,-4.48,75.55,73.63,0.0,0.14,0.0,0.49,354.5,1008.471,0.934,0.451,283.0,267.3,-5.981,-5.976
2026-03-18 04:12:00,617,13.45,-5.017,-4.526,75.22,74.0,0.0,0.115,0.0,0.49,32.66,1008.459,0.685,0.12,282.5,264.2,-5.994,-6.048
2026-03-18 04:13:00,618,13.45,-5.086,-4.618,75.31,74.67,0.0,0.066,0.0,0.392,32.63,1008.454,0.756,-0.005,281.9,263.3,-6.013,-6.103
2026-03-18 04:14:00,619,13.45,-5.132,-4.645,75.82,75.03,0.0,0.194,0.0,0.588,5.207,1008.428,0.626,-0.029,281.5,263.6,-6.028,-6.146
2026-03-18 04:15:00,620,13.45,-5.101,-4.614,76.18,74.75,0.0,0.682,0.0,0.882,4.698,1008.419,0.78,0.0,281.4,265.1,-6.033,-6.168
2026-03-18 04:16:00,621,13.44,-5.032,-4.576,75.85,74.38,0.0,1.102,0.0,1.372,4.999,1008.418,0.98,0.253,281.7,268.3,-6.018,-6.223
2026-03-18 04:17:00,622,13.45,-5.0,-4.542,75.59,74.29,0.0,1.457,0.0,1.666,5.201,1008.422,1.021,0.545,282.1,268.9,-6.041,-6.232
2026-03-18 04:18:00,623,13.45,-4.976,-4.499,75.51,73.67,0.0,1.287,0.0,1.47,5.556,1008.417,0.824,0.469,282.2,268.1,-6.064,-6.231
2026-03-18 04:19:00,624,13.36,-4.917,-4.463,75.25,73.22,0.0,1.051,0.0,1.274,13.22,1008.406,0.651,0.312,282.0,267.5,-6.094,-6.245
2026-03-18 04:20:00,625,13.45,-4.887,-4.501,74.62,73.25,0.0,0.755,0.0,0.98,12.92,1008.408,0.565,0.22,281.7,267.1,-6.111,-6.285
2026-03-18 04:21:00,626,13.45,-4.93,-4.612,74.17,73.37,0.0,0.417,0.0,0.686,12.89,1008.406,0.584,0.287,281.3,266.6,-6.133,-6.295
2026-03-18 04:22:00,627,13.45,-5.007,-4.75,74.03,74.39,0.0,0.394,0.0,0.686,11.58,1008.388,0.594,0.235,281.1,266.2,-6.153,-6.294
2026-03-18 04:23:00,628,13.45,-5.101,-4.836,74.23,74.96,0.0,0.111,0.0,0.392,11.51,1008.38,0.579,0.058,281.0,267.0,-6.172,-6.309
2026-03-18 04:24:00,629,13.45,-5.189,-4.836,74.59,74.8,0.0,0.0,0.0,0.0,11.49,1008.364,0.626,0.133,281.2,269.1,-6.182,-6.33
2026-03-18 04:25:00,630,13.36,-5.255,-4.744,75.16,74.67,0.0,0.0,0.0,0.0,11.39,1008.355,0.789,0.292,281.5,272.1,-6.182,-6.367
2026-03-18 04:26:00,631,13.45,-5.255,-4.543,75.53,73.28,0.0,0.0,0.0,0.0,11.4,1008.353,0.861,0.496,281.8,275.8,-6.172,-6.385
2026-03-18 04:27:00,632,13.45,-5.188,-4.388,75.57,72.35,0.0,0.0,0.0,0.0,11.39,1008.328,0.976,0.856,282.4,278.1,-6.171,-6.367
2026-03-18 04:28:00,633,13.45,-5.099,-4.265,75.22,71.97,0.0,0.199,0.0,0.882,353.2,1008.309,1.091,1.071,282.8,278.4,-6.17,-6.355
2026-03-18 04:29:00,634,13.45,-5.053,-4.169,74.52,70.67,0.0,1.115,0.0,1.372,354.5,1008.28,1.144,1.153,283.0,277.2,-6.167,-6.363
2026-03-18 04:30:00,635,13.45,-5.148,-4.345,73.73,71.42,0.0,1.157,0.0,1.764,0.834,1008.288,1.139,1.173,283.1,275.3,-6.194,-6.391
2026-03-18 04:31:00,636,13.45,-5.393,-4.679,73.88,73.28,0.001,0.884,0.051,1.274,8.44,1008.295,0.852,0.915,283.1,275.0,-6.238,-6.391
2026-03-18 04:32:00,637,13.36,-5.646,-4.953,74.72,74.04,0.086,0.328,0.515,0.98,104.5,1008.295,0.505,0.477,283.1,274.4,-6.289,-6.4
2026-03-18 04:33:00,638,13.37,-5.817,-5.223,76.01,75.71,0.032,0.433,0.257,0.882,90.6,1008.284,0.419,0.334,283.5,273.9,-6.281,-6.345
2026-03-18 04:34:00,639,13.45,-5.859,-5.388,76.92,76.61,0.002,0.0,0.051,0.0,88.2,1008.257,1.003,0.86,283.7,274.7,-6.266,-6.224
2026-03-18 04:35:00,640,13.45,-5.833,-5.453,77.2,76.91,0.0,0.0,0.0,0.0,88.2,1008.256,1.406,1.234,283.7,276.2,-6.255,-6.169
2026-03-18 04:36:00,641,13.36,-5.807,-5.491,77.31,77.13,0.0,0.0,0.0,0.0,88.1,1008.282,1.436,1.43,283.7,276.9,-6.251,-6.164
2026-03-18 04:37:00,642,13.45,-5.795,-5.538,77.14,77.07,0.0,0.0,0.0,0.0,89.0,1008.295,1.483,1.436,283.8,277.0,-6.249,-6.171
2026-03-18 04:38:00,643,13.45,-5.821,-5.608,77.2,77.29,0.0,0.0,0.0,0.0,89.2,1008.303,1.278,1.283,283.9,277.3,-6.261,-6.18
2026-03-18 04:39:00,644,13.45,-5.777,-5.625,77.47,77.62,0.09,0.1,0.36,0.882,200.4,1008.295,1.497,1.487,284.2,277.1,-6.249,-6.154
2026-03-18 04:40:00,645,13.45,-5.739,-5.636,77.36,77.83,0.693,1.18,1.184,1.47,245.4,1008.247,1.694,1.698,284.2,275.7,-6.242,-6.167
2026-03-18 04:41:00,646,13.45,-5.735,-5.627,77.49,78.06,0.104,0.744,0.412,0.98,245.5,1008.214,1.597,1.646,284.2,275.3,-6.238,-6.178
2026-03-18 04:42:00,647,13.45,-5.698,-5.569,77.6,78.07,0.046,0.561,0.309,1.078,245.6,1008.221,1.494,1.613,284.2,276.7,-6.246,-6.175
2026-03-18 04:43:00,648,13.45,-5.7,-5.556,77.04,78.11,0.182,1.421,0.669,1.764,245.4,1008.212,1.688,1.723,284.4,278.5,-6.247,-6.177
2026-03-18 04:44:00,649,13.37,-5.83,-5.58,77.27,78.64,0.077,0.829,0.36,1.176,245.6,1008.194,1.513,1.685,284.6,279.5,-6.26,-6.19
2026-03-18 04:45:00,650,13.45,-5.905,-5.543,77.7,78.21,0.188,1.246,0.772,1.764,245.1,1008.191,1.454,1.684,284.7,278.8,-6.27,-6.194
2026-03-18 04:46:00,651,13.36,-5.995,-5.659,77.75,77.82,0.548,1.619,1.03,1.764,245.4,1008.212,1.637,1.78,284.7,277.5,-6.285,-6.193
2026-03-18 04:47:00,652,13.45,-6.115,-5.754,78.02,78.56,0.896,1.671,1.236,1.764,245.5,1008.197,1.703,1.804,284.6,276.0,-6.314,-6.219
2026-03-18 04:48:00,653,13.45,-6.199,-5.811,78.43,78.91,1.093,1.752,1.544,1.96,251.4,1008.161,1.627,1.741,284.4,275.3,-6.334,-6.238
2026-03-18 04:49:00,654,13.45,-6.229,-5.799,78.8,78.92,0.822,1.523,1.39,1.862,250.8,1008.15,1.709,1.833,284.5,276.4,-6.345,-6.251
2026-03-18 04:50:00,655,13.45,-6.241,-5.808,78.96,78.39,0.099,1.167,0.515,1.568,251.3,1008.189,1.794,2.01,284.5,277.2,-6.352,-6.262
2026-03-18 04:51:00,656,13.45,-6.261,-5.904,79.07,78.56,0.0,0.88,0.0,1.078,273.2,1008.191,2.001,2.215,284.4,276.2,-6.372,-6.258
2026-03-18 04:52:00,657,13.43,-6.271,-5.99,79.23,79.13,0.086,1.244,0.36,1.568,285.5,1008.156,2.019,2.297,284.1,273.9,-6.389,-6.257
2026-03-18 04:53:00,658,13.45,-6.267,-6.03,79.41,79.61,0.827,1.739,1.338,2.156,289.8,1008.124,2.196,2.312,284.0,272.4,-6.39,-6.263
2026-03-18 04:54:00,659,13.45,-6.236,-5.982,79.59,79.48,1.345,1.961,1.544,2.156,279.8,1008.071,2.24,2.297,283.9,271.3,-6.391,-6.275
2026-03-18 04:55:00,660,13.45,-6.185,-5.984,79.34,79.09,0.535,1.385,1.39,2.058,263.4,1008.069,2.331,2.465,283.6,269.2,-6.399,-6.277
2026-03-18 04:56:00,661,13.35,-6.204,-6.034,79.28,79.39,1.012,1.689,1.287,1.96,247.9,1008.114,2.297,2.302,283.5,271.1,-6.414,-6.295
2026-03-18 04:57:00,662,13.35,-6.242,-6.08,79.37,79.78,1.283,1.829,1.493,2.058,248.1,1008.142,2.311,2.383,283.7,274.0,-6.42,-6.315
2026-03-18 04:58:00,663,13.45,-6.262,-6.095,79.41,80.4,1.72,2.189,2.317,2.45,247.3,1008.13,2.33,2.579,284.1,277.3,-6.419,-6.319
2026-03-18 04:59:00,664,13.45,-6.258,-5.865,79.5,80.5,2.112,1.98,2.317,2.254,244.7,1008.116,2.464,2.736,284.6,279.9,-6.423,-6.298
2026-03-18 05:00:00,665,13.45,-6.234,-5.635,79.38,78.53,2.117,2.224,2.317,2.45,243.1,1008.087,2.57,2.981,284.9,279.2,-6.417,-6.26
2026-03-18 05:01:00,666,13.36,-6.211,-5.495,79.5,77.96,1.939,2.059,2.214,2.352,246.5,1008.062,2.622,3.158,285.0,278.4,-6.408,-6.232
2026-03-18 05:02:00,667,13.45,-6.155,-5.352,79.5,77.48,1.375,1.711,1.802,2.156,244.0,1008.088,2.847,3.364,285.1,278.5,-6.395,-6.208
2026-03-18 05:03:00,668,13.44,-6.107,-5.215,79.48,76.68,0.429,1.349,1.184,1.568,242.0,1008.121,3.023,3.512,285.0,277.9,-6.389,-6.175
2026-03-18 05:04:00,669,13.45,-6.061,-5.223,79.45,75.82,0.0,0.602,0.0,1.372,244.9,1008.138,3.158,3.718,285.0,277.0,-6.372,-6.146
2026-03-18 05:05:00,670,13.45,-6.04,-5.358,79.31,76.23,0.008,0.093,0.103,0.49,327.1,1008.142,3.21,3.737,284.9,275.4,-6.361,-6.116
2026-03-18 05:06:00,671,13.45,-6.031,-5.489,79.15,76.89,0.697,1.044,1.236,1.666,18.83,1008.152,3.364,3.838,284.8,274.8,-6.356,-6.099
2026-03-18 05:07:00,672,13.45,-6.068,-5.654,79.02,78.18,0.604,1.047,1.081,1.666,351.4,1008.165,3.308,3.805,284.7,275.2,-6.376,-6.141
2026-03-18 05:08:00,673,13.45,-6.099,-5.778,79.63,79.48,0.002,0.124,0.051,0.49,313.0,1008.147,3.315,3.799,285.0,276.9,-6.341,-6.072
2026-03-18 05:09:00,674,13.45,-5.994,-5.702,79.86,79.67,0.003,0.322,0.154,0.49,296.6,1008.115,3.675,4.178,285.1,278.4,-6.301,-6.003
2026-03-18 05:10:00,675,13.45,-5.798,-5.55,79.37,78.65,0.006,0.848,0.206,1.274,265.7,1008.092,3.795,4.373,285.1,279.3,-6.279,-6.03
2026-03-18 05:11:00,676,13.45,-5.748,-5.603,78.53,77.87,0.115,1.055,1.287,1.372,259.4,1008.095,3.914,4.561,285.4,280.0,-6.262,-6.046
2026-03-18 05:12:00,677,13.45,-5.811,-5.704,78.18,78.09,1.356,1.533,1.544,1.764,251.8,1008.093,3.776,4.479,285.6,281.3,-6.252,-6.056
2026-03-18 05:13:00,678,13.45,-5.871,-5.778,78.25,78.59,1.278,1.483,1.493,1.764,243.5,1008.084,3.958,4.723,285.9,281.4,-6.228,-6.031
2026-03-18 05:14:00,679,13.45,-5.913,-5.826,78.31,78.48,1.303,1.504,1.493,1.666,229.6,1008.068,4.12,4.944,285.9,279.5,-6.214,-6.019
2026-03-18 05:15:00,680,13.36,-5.959,-5.9,78.4,78.79,1.162,1.384,1.39,1.666,225.0,1008.073,4.164,4.996,285.7,278.1,-6.217,-6.021
2026-03-18 05:16:00,681,13.45,-6.015,-5.922,78.58,79.12,0.451,0.923,0.875,1.176,225.3,1008.073,4.164,4.944,285.6,278.7,-6.216,-6.03
2026-03-18 05:17:00,682,13.45,-6.044,-5.922,78.76,79.22,0.04,0.176,0.515,0.882,225.3,1008.071,4.221,4.967,285.6,279.5,-6.215,-6.033
2026-03-18 05:18:00,683,13.45,-6.045,-5.911,78.92,79.51,1.091,1.422,2.111,2.646,34.71,1008.083,4.321,5.063,285.6,277.9,-6.217,-6.034
2026-03-18 05:19:00,684,13.45,-6.029,-5.927,79.55,80.3,0.903,1.547,2.008,2.254,45.62,1008.102,4.393,5.091,285.9,277.0,-6.189,-5.972
2026-03-18 05:20:00,685,13.45,-5.914,-5.831,80.0,80.4,0.367,0.691,1.338,1.666,9.43,1008.082,4.756,5.478,286.2,278.7,-6.125,-5.864
2026-03-18 05:21:00,686,13.45,-5.706,-5.636,79.87,79.82,0.001,0.0,0.051,0.0,9.31,1008.035,5.678,6.597,286.7,279.7,-6.065,-5.731
2026-03-18 05:22:00,687,13.45,-5.44,-5.417,79.26,78.92,0.015,0.174,0.103,0.686,206.0,1007.999,5.958,6.939,286.5,278.5,-6.037,-5.64
2026-03-18 05:23:00,688,13.45,-5.294,-5.247,78.21,78.21,0.081,0.495,0.36,0.882,228.2,1007.989,5.997,6.973,286.3,277.6,-6.003,-5.658
2026-03-18 05:24:00,689,13.45,-5.187,-5.108,77.52,77.12,0.49,0.723,0.978,1.372,221.0,1007.983,5.957,6.929,286.2,277.1,-5.955,-5.679
2026-03-18 05:25:00,690,13.45,-5.179,-5.077,76.75,76.44,0.001,0.518,0.051,0.784,214.2,1008.008,6.102,7.169,286.2,277.5,-5.931,-5.7
2026-03-18 05:26:00,691,13.45,-5.286,-5.155,76.31,76.04,0.0,0.729,0.0,0.98,214.2,1008.006,5.982,6.988,286.0,278.6,-5.928,-5.74
2026-03-18 05:27:00,692,13.45,-5.408,-5.263,76.46,76.46,0.0,0.132,0.0,0.49,220.3,1007.985,5.824,6.892,286.0,280.0,-5.925,-5.772
2026-03-18 05:28:00,693,13.45,-5.473,-5.3,76.74,76.73,0.001,0.0,0.051,0.0,221.1,1007.981,5.743,6.892,286.1,280.6,-5.924,-5.791
2026-03-18 05:29:00,694,13.45,-5.522,-5.313,77.03,77.0,0.001,0.0,0.051,0.0,221.2,1007.98,5.743,6.892,286.2,280.3,-5.923,-5.822
2026-03-18 05:30:00,695,13.45,-5.559,-5.311,77.25,76.85,0.0,0.0,0.0,0.0,221.2,1008.001,5.781,7.029,286.2,279.5,-5.922,-5.837
2026-03-18 05:31:00,696,13.44,-5.575,-5.321,77.39,77.03,0.0,0.158,0.0,0.588,221.2,1008.023,6.025,7.179,286.1,278.5,-5.923,-5.83
2026-03-18 05:32:00,697,13.45,-5.593,-5.333,77.73,77.48,0.473,1.198,1.338,1.96,35.6,1008.012,6.096,7.369,286.1,277.1,-5.912,-5.821
2026-03-18 05:33:00,698,13.45,-5.604,-5.386,77.99,78.07,0.607,1.763,1.03,2.156,33.57,1008.001,6.264,7.508,286.2,277.5,-5.91,-5.804
2026-03-18 05:34:00,699,13.45,-5.59,-5.355,78.22,77.82,0.007,0.609,0.154,1.372,0.42,1007.963,6.479,7.799,286.3,279.4,-5.9,-5.776
2026-03-18 05:35:00,700,13.45,-5.531,-5.251,78.02,77.37,0.001,0.444,0.051,0.686,351.8,1007.919,6.69,8.09,286.3,280.1,-5.891,-5.767
2026-03-18 05:36:00,701,13.45,-5.47,-5.119,78.23,77.15,0.0,0.086,0.0,0.49,351.7,1007.916,6.858,8.3,286.2,279.9,-5.889,-5.798
2026-03-18 05:37:00,702,13.45,-5.324,-4.943,78.03,76.25,0.003,0.0,0.051,0.0,352.1,1007.923,7.014,8.63,286.2,278.8,-5.876,-5.786
2026-03-18 05:38:00,703,13.45,-5.171,-4.814,77.56,75.63,0.0,0.0,0.0,0.0,352.1,1007.899,7.54,9.19,286.1,277.0,-5.845,-5.715
2026-03-18 05:39:00,704,13.45,-5.065,-4.739,77.04,75.05,0.0,0.0,0.0,0.0,43.16,1007.91,7.839,9.45,285.7,275.0,-5.843,-5.704
2026-03-18 05:40:00,705,13.45,-5.033,-4.7,76.42,74.73,0.0,0.0,0.0,0.0,51.12,1007.897,7.782,9.34,285.3,273.9,-5.85,-5.759
2026-03-18 05:41:00,706,13.45,-5.026,-4.683,76.18,74.78,0.0,0.0,0.0,0.0,51.05,1007.878,7.601,9.05,285.1,274.6,-5.854,-5.809
2026-03-18 05:42:00,707,13.45,-5.019,-4.66,75.98,74.48,0.0,0.0,0.0,0.0,50.1,1007.899,7.586,9.03,285.0,275.2,-5.865,-5.837
2026-03-18 05:43:00,708,13.45,-5.036,-4.656,75.86,74.44,0.0,0.357,0.0,0.686,25.98,1007.929,7.47,8.93,285.0,275.4,-5.883,-5.893
2026-03-18 05:44:00,709,13.45,-5.083,-4.651,75.9,74.57,0.0,0.718,0.0,1.078,20.07,1007.953,7.466,9.0,285.1,276.5,-5.881,-5.9
2026-03-18 05:45:00,710,13.45,-5.102,-4.596,76.21,74.23,0.0,0.008,0.0,0.294,19.99,1007.958,7.656,9.33,285.3,278.9,-5.873,-5.894
2026-03-18 05:46:00,711,13.44,-5.075,-4.533,75.72,72.9,0.0,0.0,0.0,0.0,6.727,1007.981,7.911,9.65,285.3,278.5,-5.875,-5.903
2026-03-18 05:47:00,712,13.45,-5.162,-4.669,75.3,73.66,0.0,0.33,0.0,0.784,343.2,1007.954,8.14,9.98,285.2,275.9,-5.887,-5.947
2026-03-18 05:48:00,713,13.45,-5.316,-4.896,75.93,74.86,0.007,0.0,0.206,0.0,341.2,1007.932,8.08,10.0,285.1,275.3,-5.908,-5.971
2026-03-18 05:49:00,714,13.36,-5.39,-5.029,76.52,75.84,0.431,0.542,1.184,1.078,296.0,1007.895,8.32,10.24,285.1,275.4,-5.908,-5.989
2026-03-18 05:50:00,715,13.45,-5.388,-5.019,76.77,75.68,1.18,1.155,1.441,1.47,296.2,1007.846,9.2,11.32,285.2,274.8,-5.9,-6.025
2026-03-18 05:51:00,716,13.45,-5.396,-5.044,76.57,75.52,1.367,1.453,1.75,1.764,310.1,1007.805,9.91,12.38,285.0,271.8,-5.917,-6.036
2026-03-18 05:52:00,717,13.45,-5.475,-5.106,76.68,76.39,0.723,1.8,1.287,2.352,310.2,1007.793,9.63,12.07,284.5,267.2,-5.938,-6.015
2026-03-18 05:53:00,718,13.44,-5.559,-5.035,77.1,75.58,1.77,2.632,2.265,2.842,296.0,1007.753,9.54,11.68,284.4,268.5,-5.951,-5.976
2026-03-18 05:54:00,719,13.38,-5.593,-4.964,77.35,75.35,1.628,2.264,2.059,2.45,294.6,1007.751,9.91,12.09,284.8,274.2,-5.951,-5.978
2026-03-18 05:55:00,720,13.45,-5.606,-4.878,77.65,75.6,1.545,2.348,1.802,2.646,287.5,1007.74,10.02,12.32,285.2,276.4,-5.957,-5.972
2026-03-18 05:56:00,721,13.45,-5.511,-4.746,77.99,75.33,0.944,1.79,1.853,3.038,251.3,1007.741,9.88,12.43,285.7,276.9,-5.915,-5.904
2026-03-18 05:57:00,722,13.45,-5.078,-4.376,77.92,73.51,1.714,2.071,2.111,2.646,274.2,1007.693,11.22,14.0,286.9,279.9,-5.729,-5.661
2026-03-18 05:58:00,723,13.45,-4.752,-4.026,75.68,72.26,1.367,2.086,2.008,2.646,274.7,1007.675,12.2,15.17,287.2,281.4,-5.67,-5.567
2026-03-18 05:59:00,724,13.45,-4.638,-3.659,75.07,70.52,1.122,1.741,1.544,2.352,301.9,1007.685,11.49,14.4,287.3,282.0,-5.636,-5.547
2026-03-18 06:00:00,725,13.45,-4.596,-3.64,73.39,69.57,1.08,2.029,1.956,2.842,10.84,1007.733,11.33,14.12,287.2,280.6,-5.634,-5.559
2026-03-18 06:01:00,726,13.45,-4.901,-4.162,74.43,73.15,1.279,2.162,1.647,2.646,30.81,1007.74,11.14,14.03,287.1,279.8,-5.651,-5.625
2026-03-18 06:02:00,727,13.45,-5.06,-4.485,75.39,73.28,0.844,1.604,1.441,2.254,342.6,1007.696,10.75,13.55,287.6,280.4,-5.601,-5.547
2026-03-18 06:03:00,728,13.45,-5.067,-4.649,75.95,74.45,0.876,1.838,1.905,2.646,338.6,1007.651,10.64,13.33,287.5,280.5,-5.575,-5.502
2026-03-18 06:04:00,729,13.45,-5.039,-4.763,74.82,74.02,1.706,2.606,2.059,2.94,321.0,1007.605,11.38,13.99,287.8,280.7,-5.515,-5.438
2026-03-18 06:05:00,730,13.45,-5.193,-4.96,75.34,74.85,1.26,2.377,1.699,2.842,332.8,1007.609,11.14,13.73,287.5,281.9,-5.556,-5.522
2026-03-18 06:06:00,731,13.45,-5.343,-5.033,75.91,74.84,0.71,1.86,1.905,2.646,43.62,1007.638,10.62,13.06,287.5,282.4,-5.573,-5.576
2026-03-18 06:07:00,732,13.45,-5.5,-5.215,76.27,76.23,1.328,2.14,2.008,2.842,51.85,1007.616,10.5,13.02,287.4,282.1,-5.605,-5.61
2026-03-18 06:08:00,733,13.45,-5.645,-5.428,76.98,77.22,0.107,1.007,0.566,1.47,43.81,1007.565,10.5,13.05,287.5,283.0,-5.613,-5.632
2026-03-18 06:09:00,734,13.45,-5.672,-5.498,77.46,77.33,0.054,0.586,0.412,1.176,350.8,1007.516,10.33,12.76,287.8,284.0,-5.59,-5.601
2026-03-18 06:10:00,735,13.45,-5.593,-5.47,77.15,76.92,0.535,1.226,0.927,1.568,344.5,1007.504,10.74,13.25,288.0,284.1,-5.554,-5.516
2026-03-18 06:11:00,736,13.36,-5.533,-5.469,76.76,77.0,1.042,1.615,1.39,1.96,329.0,1007.462,11.06,13.64,288.0,284.2,-5.554,-5.515
2026-03-18 06:12:00,737,13.45,-5.547,-5.494,76.55,77.22,1.034,1.612,1.287,1.96,323.6,1007.443,11.19,13.78,288.0,284.6,-5.561,-5.556
2026-03-18 06:13:00,738,13.45,-5.591,-5.497,77.0,78.16,0.908,1.294,1.081,1.568,323.6,1007.436,10.93,13.51,288.0,285.3,-5.586,-5.603
2026-03-18 06:14:00,739,13.45,-5.591,-5.38,76.92,76.96,0.954,1.406,1.081,1.666,331.7,1007.419,10.91,13.5,288.0,285.6,-5.589,-5.623
2026-03-18 06:15:00,740,13.45,-5.629,-5.377,77.01,77.13,0.673,1.251,0.927,1.47,331.7,1007.393,10.91,13.5,288.0,285.6,-5.615,-5.642
2026-03-18 06:16:00,741,13.45,-5.693,-5.358,77.52,76.92,0.86,1.406,1.699,2.352,354.4,1007.371,10.83,13.49,288.0,285.9,-5.633,-5.656
2026-03-18 06:17:00,742,13.45,-5.707,-5.349,77.59,76.93,1.504,2.504,1.853,2.842,352.8,1007.354,10.89,13.5,288.1,285.2,-5.635,-5.65
2026-03-18 06:18:00,743,13.45,-5.709,-5.384,77.78,77.11,1.229,2.11,1.441,2.45,337.5,1007.315,11.01,13.66,288.2,286.2,-5.634,-5.627
2026-03-18 06:19:00,744,13.45,-5.689,-5.336,77.81,76.62,1.23,2.051,1.544,2.352,329.7,1007.275,11.19,13.81,288.3,286.4,-5.634,-5.604
2026-03-18 06:20:00,745,13.45,-5.655,-5.339,77.97,77.51,0.916,1.903,1.338,2.156,342.0,1007.282,11.3,14.04,288.3,285.9,-5.636,-5.589
2026-03-18 06:21:00,746,13.36,-5.646,-5.37,78.4,78.09,0.801,1.919,1.493,2.548,4.266,1007.279,11.35,14.04,288.4,285.7,-5.628,-5.541
2026-03-18 06:22:00,747,13.45,-5.593,-5.294,78.56,77.05,1.253,2.119,1.544,2.548,5.047,1007.277,11.62,14.37,288.6,286.1,-5.597,-5.476
2026-03-18 06:23:00,748,13.45,-5.45,-5.092,78.1,75.74,0.354,1.494,0.824,1.862,0.065,1007.263,12.08,14.75,288.8,286.4,-5.573,-5.411
2026-03-18 06:24:00,749,13.45,-5.347,-4.949,77.66,75.1,0.001,1.191,0.051,1.372,350.7,1007.255,12.42,15.24,288.9,286.7,-5.541,-5.381
2026-03-18 06:25:00,750,13.45,-5.277,-4.856,77.24,74.8,0.0,1.015,0.0,1.176,345.3,1007.237,12.54,15.36,288.9,287.1,-5.519,-5.368
2026-03-18 06:26:00,751,13.45,-5.25,-4.822,77.15,75.05,0.003,0.603,0.103,1.176,308.5,1007.245,12.38,15.07,288.9,286.7,-5.506,-5.367
2026-03-18 06:27:00,752,13.45,-5.274,-4.934,77.25,75.75,0.001,1.031,0.051,1.372,308.5,1007.267,12.3,14.83,288.9,285.9,-5.487,-5.365
2026-03-18 06:28:00,753,13.45,-5.283,-5.034,77.2,76.17,0.0,0.666,0.0,0.98,315.4,1007.266,12.29,14.81,289.0,285.8,-5.463,-5.351
2026-03-18 06:29:00,754,13.45,-5.266,-5.091,77.17,76.44,0.001,0.628,0.051,0.882,302.3,1007.227,12.09,14.69,288.9,286.0,-5.448,-5.352
2026-03-18 06:30:00,755,13.45,-5.235,-5.131,77.0,76.64,0.438,0.869,1.236,1.274,295.2,1007.178,12.18,14.74,289.1,286.5,-5.411,-5.319
2026-03-18 06:31:00,756,13.45,-5.234,-5.131,76.96,76.55,1.041,1.221,1.236,1.47,301.9,1007.14,12.33,14.83,289.2,287.1,-5.404,-5.32
2026-03-18 06:32:00,757,13.45,-5.214,-5.02,76.9,76.3,1.09,1.465,1.236,1.666,307.1,1007.096,12.27,14.79,289.4,287.8,-5.364,-5.316
2026-03-18 06:33:00,758,13.45,-5.083,-4.667,76.6,74.68,1.132,1.536,1.39,1.764,295.8,1007.056,12.33,14.92,289.5,288.3,-5.329,-5.277
2026-03-18 06:34:00,759,13.45,-4.902,-4.329,75.71,72.15,1.341,1.663,1.853,2.254,284.7,1007.044,12.57,15.21,289.7,288.2,-5.297,-5.236
2026-03-18 06:35:00,760,13.45,-4.851,-4.314,75.24,72.11,1.283,1.768,2.162,2.94,270.7,1007.026,12.62,15.3,289.8,288.3,-5.273,-5.204
2026-03-18 06:36:00,761,13.38,-4.844,-4.378,75.31,72.69,1.506,2.143,1.802,2.352,272.7,1007.02,12.93,15.63,289.9,287.9,-5.235,-5.169
2026-03-18 06:37:00,762,13.45,-4.859,-4.456,75.73,73.79,1.105,1.966,1.338,2.254,284.7,1007.019,13.2,15.93,290.0,287.7,-5.203,-5.14
2026-03-18 06:38:00,763,13.45,-4.833,-4.499,75.92,74.51,1.235,1.835,1.441,2.058,278.7,1006.987,13.6,16.42,290.1,287.9,-5.165,-5.095
2026-03-18 06:39:00,764,13.45,-4.823,-4.554,76.22,75.21,1.222,1.868,1.441,2.058,275.6,1006.975,14.18,17.19,290.2,288.1,-5.138,-5.069
2026-03-18 06:40:00,765,13.45,-4.773,-4.449,76.35,74.62,1.379,2.09,1.699,2.45,274.9,1006.934,14.75,18.21,290.4,288.6,-5.089,-5.028
2026-03-18 06:41:00,766,13.45,-4.645,-4.175,76.24,72.87,1.692,2.25,2.111,2.744,281.3,1006.857,15.01,18.6,290.8,288.9,-5.018,-4.951
2026-03-18 06:42:00,767,13.36,-4.403,-3.964,75.59,72.12,2.521,3.397,3.089,4.018,299.7,1006.798,15.37,19.04,291.3,288.7,-4.912,-4.826
2026-03-18 06:43:00,768,13.45,-4.177,-3.812,74.08,70.57,2.553,3.065,2.934,3.528,300.5,1006.764,15.81,19.55,291.9,289.1,-4.785,-4.667
2026-03-18 06:44:00,769,13.45,-3.961,-3.607,72.96,69.63,2.07,2.728,2.574,3.234,282.5,1006.758,16.12,19.85,292.2,289.5,-4.66,-4.546
2026-03-18 06:45:00,770,13.45,-3.734,-3.429,72.02,69.5,2.2,2.907,2.831,3.43,269.2,1006.747,16.49,20.32,292.6,289.2,-4.522,-4.443
2026-03-18 06:46:00,771,13.45,-3.635,-3.458,71.39,69.61,1.547,2.252,2.111,2.842,264.6,1006.75,17.09,21.04,292.6,289.0,-4.431,-4.349
2026-03-18 06:47:00,772,13.45,-3.63,-3.514,71.72,70.94,1.092,2.08,2.471,4.018,280.9,1006.72,17.19,21.18,292.6,288.8,-4.37,-4.329
2026-03-18 06:48:00,773,13.45,-3.554,-3.395,70.57,66.79,3.614,4.429,5.457,6.37,307.6,1006.629,16.58,20.62,294.0,290.5,-4.187,-4.211
2026-03-18 06:49:00,774,13.38,-3.08,-2.943,68.19,65.4,1.666,2.129,3.81,4.704,286.6,1006.649,18.59,22.87,295.1,290.7,-3.875,-3.84
2026-03-18 06:50:00,775,13.45,-2.785,-2.77,66.63,65.44,3.332,3.789,4.118,4.508,283.1,1006.583,20.63,25.33,294.9,290.2,-3.732,-3.666
2026-03-18 06:51:00,776,13.45,-2.911,-2.932,67.2,67.59,2.433,3.111,2.934,3.528,304.3,1006.614,21.63,26.94,294.4,289.2,-3.692,-3.8
2026-03-18 06:52:00,777,13.45,-3.156,-3.183,68.49,69.22,2.297,2.937,2.78,3.43,284.2,1006.575,21.55,27.07,294.0,289.2,-3.697,-3.954
2026-03-18 06:53:00,778,13.43,-3.326,-3.318,69.22,69.73,2.657,3.535,3.346,4.214,266.1,1006.492,20.86,26.34,294.1,289.1,-3.679,-4.029
2026-03-18 06:54:00,779,13.45,-3.446,-3.429,69.65,69.68,2.549,3.064,3.295,3.626,272.8,1006.456,20.45,25.72,293.9,289.0,-3.683,-4.077
2026-03-18 06:55:00,780,13.45,-3.574,-3.565,70.32,71.05,1.428,2.293,2.523,3.43,266.8,1006.453,20.19,25.33,293.6,288.7,-3.714,-4.152
2026-03-18 06:56:00,781,13.45,-3.672,-3.555,70.9,70.38,2.428,3.122,3.346,3.92,275.3,1006.448,20.27,25.45,293.5,289.7,-3.734,-4.222
2026-03-18 06:57:00,782,13.45,-3.562,-3.379,70.29,69.18,2.117,2.688,2.986,3.332,265.2,1006.453,20.57,26.02,293.7,289.4,-3.712,-4.191
2026-03-18 06:58:00,783,13.45,-3.549,-3.5,70.12,70.2,1.811,2.348,2.317,2.744,270.4,1006.477,21.42,26.95,293.5,288.9,-3.73,-4.162
2026-03-18 06:59:00,784,13.45,-3.674,-3.582,70.48,70.52,1.585,1.989,2.625,2.45,259.5,1006.46,21.26,26.94,293.4,289.3,-3.743,-4.218
2026-03-18 07:00:00,785,13.45,-3.705,-3.483,70.65,69.44,1.448,1.65,1.75,2.156,280.6,1006.448,22.04,27.86,293.3,289.5,-3.767,-4.256
2026-03-18 07:01:00,786,13.45,-3.696,-3.342,70.75,69.09,0.921,1.445,1.647,2.156,261.7,1006.466,21.79,27.75,293.1,288.9,-3.789,-4.328
2026-03-18 07:02:00,787,13.45,-3.638,-3.408,70.47,69.45,0.999,1.663,1.39,2.058,256.5,1006.462,22.7,28.65,293.3,288.4,-3.755,-4.284
2026-03-18 07:03:00,788,13.37,-3.81,-3.654,70.94,70.99,1.469,1.801,1.75,2.058,259.9,1006.436,23.43,29.5,293.0,288.7,-3.807,-4.331
2026-03-18 07:04:00,789,13.45,-3.972,-3.719,71.93,71.45,1.418,1.995,1.75,2.548,268.1,1006.403,23.91,30.13,292.8,288.9,-3.848,-4.412
2026-03-18 07:05:00,790,13.45,-3.974,-3.72,71.98,71.33,1.225,1.785,1.647,2.156,252.9,1006.396,24.01,30.4,292.9,288.9,-3.854,-4.413
2026-03-18 07:06:00,791,13.45,-4.011,-3.789,72.55,72.44,0.517,1.459,1.647,2.646,289.8,1006.382,24.2,30.78,292.8,288.7,-3.862,-4.416
2026-03-18 07:07:00,792,13.45,-3.805,-3.481,71.62,68.89,1.087,1.5,1.802,2.156,313.8,1006.342,24.22,30.96,293.6,289.6,-3.743,-4.268
2026-03-18 07:08:00,793,13.45,-3.412,-3.127,70.44,67.35,0.176,0.646,0.36,1.078,344.5,1006.347,25.6,32.48,293.8,289.3,-3.679,-4.047
2026-03-18 07:09:00,794,13.45,-3.214,-2.926,69.54,66.71,0.222,0.88,0.515,1.372,2.254,1006.344,25.5,32.29,293.9,288.7,-3.63,-3.983
2026-03-18 07:10:00,795,13.45,-3.084,-2.818,68.93,66.79,0.069,0.406,0.36,0.98,348.8,1006.33,25.54,32.33,293.7,288.5,-3.604,-3.938
2026-03-18 07:11:00,796,13.45,-2.979,-2.756,68.58,66.88,0.0,0.0,0.0,0.0,348.4,1006.341,25.99,33.04,293.9,288.1,-3.546,-3.915
2026-03-18 07:12:00,797,13.45,-2.899,-2.725,68.13,66.66,0.076,0.41,0.309,0.784,264.0,1006.359,26.2,33.25,293.7,287.7,-3.503,-3.899
2026-03-18 07:13:00,798,13.45,-2.828,-2.717,67.79,66.78,0.239,0.643,0.618,1.078,266.1,1006.305,26.42,33.24,293.8,287.8,-3.438,-3.865
2026-03-18 07:14:00,799,13.45,-2.824,-2.79,67.94,67.85,0.472,1.054,0.618,1.274,300.7,1006.254,27.1,34.03,293.9,288.1,-3.398,-3.859
2026-03-18 07:15:00,800,13.38,-2.898,-2.911,68.13,68.55,1.216,1.674,1.647,2.058,302.7,1006.261,28.42,35.87,293.9,288.2,-3.379,-3.892
2026-03-18 07:16:00,801,13.45,-3.023,-3.051,68.81,69.52,1.175,1.443,1.596,1.96,272.1,1006.227,30.42,38.81,294.1,288.6,-3.367,-3.923
2026-03-18 07:17:00,802,13.38,-3.136,-3.131,68.98,69.3,1.189,1.888,2.214,2.842,256.4,1006.146,31.81,41.03,294.1,288.0,-3.355,-3.947
2026-03-18 07:18:00,803,13.45,-3.262,-3.227,69.68,70.0,1.834,2.523,2.831,3.234,260.5,1006.072,31.86,41.18,294.1,287.1,-3.357,-3.992
2026-03-18 07:19:00,804,13.45,-3.152,-2.963,68.4,66.72,1.775,2.104,2.78,3.038,264.5,1006.038,31.09,40.25,294.7,286.9,-3.262,-3.889
2026-03-18 07:20:00,805,13.45,-3.039,-2.931,68.2,67.89,1.016,1.525,2.317,3.136,267.2,1005.994,32.04,41.07,294.3,285.3,-3.263,-3.852
2026-03-18 07:21:00,806,13.45,-3.178,-3.078,68.94,69.03,1.503,1.95,2.523,2.94,261.1,1005.943,31.48,40.42,294.1,285.7,-3.275,-3.922
2026-03-18 07:22:00,807,13.45,-3.162,-3.053,68.75,67.97,1.464,2.024,2.625,2.94,275.5,1005.952,31.98,41.12,294.1,286.1,-3.256,-3.939
2026-03-18 07:23:00,808,13.45,-3.087,-2.934,68.63,68.09,1.504,2.173,1.853,2.548,277.5,1005.922,32.24,41.46,294.2,285.3,-3.228,-3.878
2026-03-18 07:24:00,809,13.45,-3.051,-2.907,68.61,67.48,2.114,2.835,3.449,4.018,348.8,1005.905,31.69,40.78,294.5,284.7,-3.183,-3.82
2026-03-18 07:25:00,810,13.45,-3.048,-2.856,69.01,68.73,0.484,0.732,1.081,1.862,317.9,1005.941,31.86,40.91,294.1,283.2,-3.176,-3.847
2026-03-18 07:26:00,811,13.45,-3.165,-2.958,69.32,68.63,0.466,0.917,1.75,2.352,297.4,1005.915,31.31,40.24,294.0,283.7,-3.168,-3.888
2026-03-18 07:27:00,812,13.37,-3.164,-2.996,68.94,68.37,1.568,1.925,2.059,2.352,288.3,1005.893,30.94,39.56,294.1,284.2,-3.143,-3.838
2026-03-18 07:28:00,813,13.45,-3.124,-3.007,68.83,68.22,1.501,1.872,1.853,2.156,258.8,1005.853,30.69,39.07,294.1,285.0,-3.135,-3.84
2026-03-18 07:29:00,814,13.45,-3.116,-2.992,68.97,68.69,1.437,1.839,1.699,2.058,272.1,1005.827,31.32,39.94,294.0,285.6,-3.14,-3.87
2026-03-18 07:30:00,815,13.45,-3.191,-3.061,69.47,68.68,1.123,1.872,1.441,2.156,283.3,1005.832,30.84,39.38,293.9,285.4,-3.169,-3.92
2026-03-18 07:31:00,816,13.45,-3.236,-3.044,69.84,68.99,1.028,1.834,1.39,2.156,278.0,1005.824,30.78,39.34,293.8,284.6,-3.176,-3.944
2026-03-18 07:32:00,817,13.45,-3.248,-3.042,69.54,68.39,1.021,1.302,1.544,1.96,275.5,1005.817,32.68,42.03,293.8,284.8,-3.178,-3.95
2026-03-18 07:33:00,818,13.45,-3.153,-2.921,68.95,67.51,0.451,0.808,0.566,1.078,275.2,1005.818,32.94,42.52,293.7,284.7,-3.169,-3.961
2026-03-18 07:34:00,819,13.45,-3.051,-2.826,68.62,66.87,0.464,1.091,0.772,1.47,295.2,1005.747,32.2,41.57,293.6,284.6,-3.159,-3.975
2026-03-18 07:35:00,820,13.45,-2.973,-2.726,67.91,65.77,0.297,0.846,0.618,1.078,292.4,1005.722,32.46,41.75,293.6,285.5,-3.123,-3.947
2026-03-18 07:36:00,821,13.45,-2.812,-2.568,67.12,65.37,0.94,1.311,1.75,1.862,310.3,1005.702,32.96,42.27,294.2,286.3,-3.026,-3.788
2026-03-18 07:37:00,822,13.45,-2.694,-2.543,67.26,65.94,1.222,1.785,1.699,2.058,271.3,1005.707,33.47,42.67,294.4,286.2,-2.996,-3.682
2026-03-18 07:38:00,823,13.45,-2.696,-2.556,66.78,65.8,1.241,1.6,1.493,1.96,264.9,1005.701,33.02,42.09,294.5,286.9,-2.978,-3.704
2026-03-18 07:39:00,824,13.45,-2.67,-2.583,66.89,66.31,0.737,1.237,1.441,1.96,250.2,1005.718,33.28,42.38,294.6,287.0,-2.943,-3.684
2026-03-18 07:40:00,825,13.45,-2.695,-2.66,67.2,66.91,0.217,0.972,0.618,1.764,250.6,1005.754,33.51,42.59,294.5,286.7,-2.918,-3.699
2026-03-18 07:41:00,826,13.45,-2.723,-2.697,66.83,66.61,0.755,1.278,1.236,1.764,219.2,1005.753,33.06,41.94,294.5,286.6,-2.894,-3.707
2026-03-18 07:42:00,827,13.45,-2.714,-2.692,66.87,66.95,0.733,1.151,1.184,1.568,214.2,1005.734,33.28,42.02,294.5,286.3,-2.867,-3.695
2026-03-18 07:43:00,828,13.45,-2.738,-2.729,67.15,67.52,0.78,1.354,1.338,1.96,211.7,1005.744,33.45,42.33,294.4,286.1,-2.848,-3.713
2026-03-18 07:44:00,829,13.45,-2.784,-2.795,67.53,68.18,1.273,1.629,2.42,2.45,234.4,1005.734,33.37,42.06,294.5,286.5,-2.842,-3.71
2026-03-18 07:45:00,830,13.38,-2.901,-2.923,68.17,69.07,1.034,1.354,1.647,2.058,259.6,1005.707,34.07,42.87,294.6,287.2,-2.847,-3.712
2026-03-18 07:46:00,831,13.45,-3.063,-3.077,68.7,69.81,0.498,1.145,1.03,2.352,255.0,1005.666,35.49,44.82,294.6,287.1,-2.858,-3.762
2026-03-18 07:47:00,832,13.45,-3.175,-3.188,69.3,70.12,2.141,3.033,2.728,3.724,264.6,1005.598,37.15,47.13,294.6,286.1,-2.889,-3.788
2026-03-18 07:48:00,833,13.45,-3.254,-3.241,69.84,70.48,2.323,3.003,2.934,3.724,262.5,1005.574,37.95,48.07,294.5,284.8,-2.941,-3.817
2026-03-18 07:49:00,834,13.45,-3.321,-3.315,70.69,71.46,1.728,2.585,2.265,3.038,262.9,1005.582,38.73,49.07,294.5,285.4,-2.972,-3.834
2026-03-18 07:50:00,835,13.45,-3.405,-3.375,70.98,70.9,2.186,3.122,3.192,3.92,268.4,1005.557,39.59,50.02,294.5,285.7,-2.998,-3.851
2026-03-18 07:51:00,836,13.45,-3.332,-3.182,70.37,69.05,2.519,3.316,2.986,3.724,273.1,1005.554,41.88,52.9,294.9,286.7,-2.978,-3.771
2026-03-18 07:52:00,837,13.45,-3.204,-3.084,69.98,69.16,2.527,3.265,3.089,3.724,270.1,1005.532,44.74,56.5,295.1,287.3,-2.95,-3.689
2026-03-18 07:53:00,838,13.45,-3.171,-3.051,69.95,68.51,2.595,3.507,3.552,4.41,258.1,1005.51,47.43,60.18,295.3,287.2,-2.94,-3.659
2026-03-18 07:54:00,839,13.45,-3.088,-2.901,69.06,67.06,3.155,4.023,3.861,4.606,257.6,1005.471,49.84,63.89,295.4,281.8,-2.891,-3.611
2026-03-18 07:55:00,840,13.45,-2.91,-2.706,68.64,66.69,2.759,3.637,3.295,4.116,261.7,1005.431,50.43,64.57,295.0,272.6,-2.838,-3.546
2026-03-18 07:56:00,841,13.45,-2.868,-2.71,69.06,68.31,2.001,2.83,3.089,3.528,273.5,1005.42,50.85,64.87,293.9,264.3,-2.832,-3.588
2026-03-18 07:57:00,842,13.45,-2.913,-2.754,69.32,68.9,1.918,2.377,2.523,3.136,290.4,1005.401,49.83,63.35,292.8,259.7,-2.851,-3.708
2026-03-18 07:58:00,843,13.45,-2.975,-2.872,69.47,69.62,1.634,2.463,2.523,3.234,263.8,1005.35,46.34,58.42,291.6,255.9,-2.883,-3.834
2026-03-18 07:59:00,844,13.37,-3.069,-2.929,69.54,68.65,2.113,2.814,2.574,3.626,264.3,1005.283,45.84,57.2,291.0,258.1,-2.939,-3.988
2026-03-18 08:00:00,845,13.45,-3.097,-2.915,69.7,69.0,2.132,2.996,2.78,3.626,260.4,1005.251,53.35,65.83,291.1,261.4,-2.959,-4.076
2026-03-18 08:01:00,846,13.45,-3.157,-2.944,69.75,69.01,2.359,3.186,2.831,3.626,262.5,1005.198,58.14,71.57,291.0,261.9,-2.979,-4.126
2026-03-18 08:02:00,847,13.45,-3.181,-2.971,69.72,68.81,2.093,2.696,2.42,3.136,266.7,1005.167,67.21,82.6,291.1,260.3,-2.969,-4.159
2026-03-18 08:03:00,848,13.45,-3.179,-3.015,69.45,69.08,1.8,2.716,2.471,3.234,262.8,1005.165,70.3,85.6,290.7,256.1,-2.934,-4.154
2026-03-18 08:04:00,849,13.45,-3.223,-3.034,69.55,68.15,2.085,2.719,2.471,3.332,270.0,1005.141,74.58,90.3,289.8,249.7,-2.919,-4.172
2026-03-18 08:05:00,850,13.38,-3.281,-3.038,69.65,68.31,1.845,2.707,2.42,3.528,266.0,1005.114,66.76,82.1,289.1,245.6,-2.922,-4.258
2026-03-18 08:06:00,851,13.45,-3.321,-3.034,69.62,68.63,2.264,3.037,2.677,3.724,274.8,1005.064,53.48,67.34,288.7,245.0,-2.949,-4.328
2026-03-18 08:07:00,852,13.45,-3.32,-3.071,69.49,68.49,2.036,2.911,2.625,3.43,277.0,1005.041,56.67,70.31,288.2,241.2,-3.007,-4.364
2026-03-18 08:08:00,853,13.45,-3.334,-3.037,69.46,67.81,2.293,3.093,3.037,3.822,278.5,1004.998,71.46,86.1,287.0,233.0,-3.044,-4.45
2026-03-18 08:09:00,854,13.45,-3.274,-3.011,69.12,68.32,2.092,3.101,2.574,3.528,285.3,1004.971,71.96,84.7,285.8,226.7,-3.046,-4.484
2026-03-18 08:10:00,855,13.45,-3.344,-3.074,69.53,68.94,1.931,2.656,2.265,3.234,292.8,1004.953,68.73,80.1,284.7,224.2,-3.09,-4.66
2026-03-18 08:11:00,856,13.37,-3.39,-3.103,69.46,68.29,1.807,2.523,2.162,2.744,280.2,1004.901,69.55,80.5,283.2,223.0,-3.13,-4.912
2026-03-18 08:12:00,857,13.45,-3.366,-3.067,68.8,67.79,2.04,3.229,2.78,3.92,277.2,1004.856,73.13,84.3,283.4,222.1,-3.092,-4.989
2026-03-18 08:13:00,858,13.45,-3.37,-3.051,68.82,67.68,2.266,3.11,2.883,3.626,273.1,1004.894,75.07,86.8,282.9,221.9,-3.108,-4.971
2026-03-18 08:14:00,859,13.37,-3.39,-3.065,68.76,67.58,1.627,2.259,2.265,2.842,262.1,1004.922,76.17,88.4,282.6,222.0,-3.106,-5.065
2026-03-18 08:15:00,860,13.45,-3.427,-3.158,67.88,67.14,0.806,1.842,1.133,2.254,264.2,1004.961,79.01,91.9,281.1,221.9,-3.081,-5.253
2026-03-18 08:16:00,861,13.45,-3.609,-3.319,68.94,68.62,1.874,2.836,2.574,3.332,252.8,1004.954,80.5,93.8,280.4,221.7,-3.07,-5.395
2026-03-18 08:17:00,862,13.45,-3.618,-3.337,68.67,68.24,1.984,2.585,2.831,3.234,258.4,1004.921,83.7,97.9,280.7,221.1,-3.091,-5.457
2026-03-18 08:18:00,863,13.45,-3.617,-3.378,68.32,68.31,1.644,2.365,2.214,2.94,267.3,1004.904,81.5,94.9,281.1,220.9,-3.074,-5.432
2026-03-18 08:19:00,864,13.35,-3.675,-3.451,68.36,68.69,1.348,2.239,2.008,2.744,254.4,1004.906,80.4,92.8,280.4,220.6,-3.072,-5.496
2026-03-18 08:20:00,865,13.37,-3.762,-3.545,68.31,67.94,1.09,2.007,1.596,2.744,271.4,1004.872,79.88,92.0,279.8,219.0,-3.076,-5.54
2026-03-18 08:21:00,866,13.45,-3.854,-3.635,69.16,69.07,2.253,3.023,3.346,3.724,265.8,1004.794,82.4,94.8,279.9,218.1,-3.122,-5.558
2026-03-18 08:22:00,867,13.45,-3.86,-3.611,67.95,67.99,1.534,2.482,2.059,3.136,274.5,1004.768,85.6,98.7,280.3,216.5,-3.142,-5.547
2026-03-18 08:23:00,868,13.45,-4.019,-3.69,70.0,69.15,2.283,3.221,3.552,4.214,263.8,1004.759,86.5,100.1,279.3,216.4,-3.214,-5.708
2026-03-18 08:24:00,869,13.45,-3.771,-3.441,68.7,67.85,2.031,2.806,2.883,3.626,283.7,1004.769,86.5,99.8,280.0,215.5,-3.162,-5.591
2026-03-18 08:25:00,870,13.45,-3.64,-3.433,68.08,68.12,1.733,2.5,2.728,3.92,269.3,1004.766,85.7,98.9,279.8,214.9,-3.135,-5.456
2026-03-18 08:26:00,871,13.45,-3.613,-3.462,67.33,67.64,1.611,2.429,2.368,3.136,274.5,1004.74,86.5,99.7,279.5,215.1,-3.106,-5.388
2026-03-18 08:27:00,872,13.45,-3.638,-3.415,67.73,66.93,1.62,2.413,2.728,3.528,272.6,1004.706,87.2,100.9,279.7,215.3,-3.071,-5.359
2026-03-18 08:28:00,873,13.45,-3.634,-3.421,67.4,67.57,2.295,3.537,3.449,4.214,272.9,1004.678,83.2,96.5,279.4,215.9,-3.063,-5.311
2026-03-18 08:29:00,874,13.45,-3.608,-3.216,67.0,65.54,2.714,3.756,3.295,4.214,271.9,1004.623,67.94,78.23,280.7,216.1,-3.097,-5.399
2026-03-18 08:30:00,875,13.45,-3.566,-3.154,67.13,65.13,3.125,4.077,4.015,4.704,286.0,1004.581,63.79,74.3,280.9,216.0,-3.165,-5.401
2026-03-18 08:31:00,876,13.45,-3.494,-3.086,66.34,65.14,2.719,3.361,3.552,3.92,280.0,1004.572,57.26,66.51,280.9,216.1,-3.257,-5.357
2026-03-18 08:32:00,877,13.45,-3.482,-3.08,66.37,65.15,2.384,3.098,2.934,3.626,291.1,1004.557,40.61,47.74,280.7,217.0,-3.343,-5.447
2026-03-18 08:33:00,878,13.45,-3.39,-3.02,65.64,64.15,1.933,2.647,2.986,3.528,286.4,1004.518,44.02,51.14,281.1,217.7,-3.361,-5.333
2026-03-18 08:34:00,879,13.45,-3.364,-3.201,64.5,64.32,1.002,1.698,1.699,2.548,287.3,1004.551,50.03,59.0,280.2,217.7,-3.41,-5.142
2026-03-18 08:35:00,880,13.45,-3.63,-3.584,64.51,66.02,0.635,1.813,1.287,2.45,281.8,1004.508,44.04,51.91,278.4,217.6,-3.577,-5.429
2026-03-18 08:36:00,881,13.45,-4.002,-3.903,64.78,67.32,0.604,2.157,1.236,2.842,274.3,1004.487,43.75,52.03,276.9,218.9,-3.719,-5.823
2026-03-18 08:37:00,882,0.0,-3.425,-3.066,66.34,68.06,0.495,2.025,0.686,2.94,292.7,771.8341,42.73,50.42,211.2,169.3,-3.006,-4.745
2026-03-18 08:38:00,883,14.31,-4.555,-4.043,68.0,68.45,0.987,1.925,1.75,2.45,282.7,1004.511,53.99,64.96,275.8,221.2,-3.953,-6.286
2026-03-18 08:39:00,884,14.31,-4.542,-4.034,68.32,67.35,0.856,1.451,1.596,2.352,257.4,1004.454,48.57,59.16,276.0,223.4,-3.996,-6.371
2026-03-18 08:40:00,885,14.31,-4.57,-4.2,67.54,68.08,0.998,1.681,2.059,2.646,260.8,1004.432,47.31,57.74,275.4,226.2,-4.069,-6.458
2026-03-18 08:41:00,886,14.31,-4.648,-4.251,68.08,67.88,1.375,1.82,2.008,2.45,214.8,1004.381,49.23,60.83,276.4,229.8,-4.172,-6.451
2026-03-18 08:42:00,887,14.31,-4.639,-4.156,69.62,68.59,2.38,3.129,3.089,3.822,243.0,1004.352,61.97,75.63,277.5,235.6,-4.254,-6.401
2026-03-18 08:43:00,888,14.31,-4.444,-4.034,67.65,66.92,1.466,1.974,1.905,2.842,246.5,1004.387,88.3,109.0,279.1,240.0,-4.237,-6.214
2026-03-18 08:44:00,889,14.31,-4.541,-4.168,67.51,67.69,0.555,1.212,1.081,1.764,288.9,1004.411,54.16,69.58,279.4,243.9,-4.254,-6.243
2026-03-18 08:45:00,890,14.31,-4.616,-4.241,67.76,67.8,0.188,0.962,0.515,1.764,273.3,1004.418,52.68,67.31,279.2,247.4,-4.297,-6.259
2026-03-18 08:46:00,891,14.31,-4.654,-4.286,68.71,69.04,0.641,1.68,1.493,2.45,258.1,1004.397,53.37,68.22,279.6,250.5,-4.318,-6.227
2026-03-18 08:47:00,892,14.31,-4.585,-4.215,68.59,68.78,1.532,2.557,1.905,3.136,249.8,1004.348,54.26,69.31,280.6,252.6,-4.346,-6.082
2026-03-18 08:48:00,893,14.31,-4.507,-4.025,69.26,68.46,2.182,3.096,2.574,3.43,252.0,1004.307,54.3,69.53,281.7,253.5,-4.363,-5.942
2026-03-18 08:49:00,894,14.31,-4.286,-3.646,68.55,66.27,2.39,3.158,2.625,3.43,244.8,1004.301,55.15,70.13,282.7,253.0,-4.358,-5.759
2026-03-18 08:50:00,895,14.31,-4.061,-3.346,67.74,64.72,2.108,2.689,2.265,3.136,240.6,1004.329,55.68,70.93,283.1,254.5,-4.364,-5.684
2026-03-18 08:51:00,896,14.31,-3.927,-3.224,67.41,65.31,2.227,2.887,2.574,3.43,256.5,1004.34,53.14,68.47,283.7,256.5,-4.369,-5.641
2026-03-18 08:52:00,897,14.31,-3.788,-3.025,67.23,64.32,2.533,3.593,3.14,4.312,253.2,1004.295,51.02,66.26,284.1,254.6,-4.376,-5.584
2026-03-18 08:53:00,898,14.31,-3.677,-2.948,66.34,64.49,2.176,3.527,3.037,3.92,255.8,1004.29,47.81,61.13,284.6,250.3,-4.331,-5.353
2026-03-18 08:54:00,899,14.31,-3.677,-2.899,66.99,63.72,2.582,3.181,3.192,3.724,250.4,1004.31,47.92,61.14,284.8,250.4,-4.31,-5.283
2026-03-18 08:55:00,900,14.31,-3.502,-2.841,66.16,63.93,1.792,2.485,2.162,3.038,246.0,1004.358,49.88,63.7,284.9,252.1,-4.266,-5.203
2026-03-18 08:56:00,901,14.31,-3.521,-2.956,66.08,64.36,1.258,1.992,1.75,2.45,245.9,1004.39,49.42,63.21,284.7,252.3,-4.231,-5.187
2026-03-18 08:57:00,902,14.31,-3.599,-3.111,66.87,65.47,2.031,2.942,3.604,4.312,256.4,1004.352,47.67,60.85,284.6,250.6,-4.207,-5.181
2026-03-18 08:58:00,903,14.31,-3.485,-3.048,66.47,64.99,2.806,3.825,3.604,4.312,254.9,1004.289,46.18,58.41,285.7,248.3,-4.127,-5.012
2026-03-18 08:59:00,904,14.31,-3.46,-3.096,66.26,65.31,2.964,3.921,3.295,4.116,264.5,1004.266,46.55,58.96,286.0,248.4,-4.104,-4.896
2026-03-18 09:00:00,905,14.31,-3.573,-3.081,66.44,64.47,2.65,3.382,3.14,3.92,262.7,1004.3,44.92,56.93,285.8,248.3,-4.127,-4.927
2026-03-18 09:01:00,906,14.31,-3.748,-3.106,67.01,64.89,2.255,3.466,2.523,3.92,271.6,1004.294,43.32,54.71,285.4,249.7,-4.166,-5.067
2026-03-18 09:02:00,907,14.31,-3.916,-3.242,67.26,65.6,2.075,3.663,3.089,4.508,269.3,1004.273,41.66,52.45,285.1,251.9,-4.225,-5.189
2026-03-18 09:03:00,908,14.31,-4.042,-3.222,68.25,65.12,3.166,4.299,3.604,4.508,264.8,1004.238,39.91,49.94,285.6,255.2,-4.268,-5.251
2026-03-18 09:04:00,909,14.31,-3.986,-3.068,68.38,64.27,3.101,4.206,3.604,4.606,267.9,1004.217,40.7,51.06,286.2,259.2,-4.265,-5.206
2026-03-18 09:05:00,910,14.31,-3.778,-2.88,67.06,62.98,2.306,3.237,3.243,4.018,260.6,1004.233,41.97,52.96,286.8,262.7,-4.236,-5.105
2026-03-18 09:06:00,911,14.31,-3.732,-3.019,66.85,64.07,1.768,2.68,2.162,3.038,258.9,1004.268,44.5,56.59,286.9,265.2,-4.214,-5.027
2026-03-18 09:07:00,912,14.31,-3.775,-3.103,66.85,64.42,0.961,1.883,2.008,3.234,249.2,1004.283,45.64,58.39,287.1,267.5,-4.182,-5.008
2026-03-18 09:08:00,913,14.31,-3.788,-3.245,67.1,64.93,0.237,0.804,1.081,1.47,284.9,1004.273,45.28,58.04,287.4,269.6,-4.135,-4.907
2026-03-18 09:09:00,914,14.31,-3.782,-3.33,67.32,65.7,1.622,2.526,2.831,3.626,258.2,1004.207,46.87,59.87,287.8,272.8,-4.103,-4.822
2026-03-18 09:10:00,915,14.31,-3.657,-3.212,66.28,65.33,1.507,2.814,1.853,3.136,257.6,1004.171,46.84,60.26,288.0,275.9,-4.1,-4.902
2026-03-18 09:11:00,916,14.31,-3.7,-3.146,66.85,65.03,1.584,2.646,2.059,3.038,266.8,1004.152,46.86,60.47,288.6,277.5,-4.087,-4.92
2026-03-18 09:12:00,917,14.31,-3.714,-3.189,67.05,65.4,1.181,2.551,1.647,3.136,263.6,1004.167,46.88,60.31,289.1,278.9,-4.049,-4.811
2026-03-18 09:13:00,918,14.31,-3.73,-3.102,67.55,64.92,1.774,3.101,2.111,3.332,266.8,1004.16,46.77,59.86,289.5,281.1,-4.021,-4.75
2026-03-18 09:14:00,919,14.31,-3.659,-2.906,67.31,63.95,1.842,3.148,2.111,3.332,263.5,1004.143,48.45,62.19,290.4,283.7,-3.961,-4.631
2026-03-18 09:15:00,920,14.31,-3.597,-2.766,67.42,63.47,1.971,3.351,2.523,3.626,265.2,1004.114,49.35,63.66,290.9,285.2,-3.913,-4.52
2026-03-18 09:16:00,921,14.31,-3.49,-2.7,67.2,63.3,2.085,3.281,2.471,3.626,266.7,1004.093,48.03,61.88,291.7,285.4,-3.83,-4.39
2026-03-18 09:17:00,922,14.31,-3.384,-2.734,67.15,64.39,1.791,3.013,2.265,3.43,265.5,1004.08,48.08,61.64,292.1,285.5,-3.748,-4.232
2026-03-18 09:18:00,923,14.31,-3.319,-2.729,67.08,63.78,1.973,3.067,2.42,3.626,264.5,1004.082,48.55,62.3,292.5,286.1,-3.679,-4.14
2026-03-18 09:19:00,924,14.31,-3.201,-2.735,66.61,63.87,1.804,2.802,2.111,3.234,272.0,1004.081,48.77,62.56,293.0,286.3,-3.579,-4.023
2026-03-18 09:20:00,925,14.31,-3.149,-2.794,66.52,65.16,1.228,2.142,1.699,2.744,280.6,1004.077,48.11,61.59,293.2,286.1,-3.512,-3.938
2026-03-18 09:21:00,926,14.31,-3.185,-2.971,66.99,66.25,1.087,2.083,1.699,2.548,292.4,1004.065,47.69,60.9,293.2,286.0,-3.466,-3.911
2026-03-18 09:22:00,927,14.31,-3.306,-3.114,67.64,66.38,1.565,2.772,2.574,3.528,277.1,1004.04,47.05,60.17,293.1,286.1,-3.459,-3.963
2026-03-18 09:23:00,928,14.31,-3.331,-2.959,67.18,64.06,2.399,3.163,2.728,3.43,273.3,1003.996,47.15,60.33,293.4,286.8,-3.419,-3.967
2026-03-18 09:24:00,929,14.31,-3.24,-2.821,66.37,63.71,2.103,3.1,2.574,3.234,271.1,1003.968,47.75,61.21,293.6,287.0,-3.381,-3.921
2026-03-18 09:25:00,930,14.31,-3.213,-2.819,66.9,65.15,1.492,2.569,1.905,3.136,273.6,1003.968,47.81,61.35,293.6,286.8,-3.353,-3.9
2026-03-18 09:26:00,931,14.31,-3.278,-2.931,67.82,66.38,1.44,2.541,2.111,3.234,284.6,1003.953,47.0,60.25,293.5,286.1,-3.338,-3.91
2026-03-18 09:27:00,932,14.31,-3.322,-2.995,67.94,66.8,1.691,2.41,2.42,3.136,297.3,1003.939,46.83,60.01,293.6,285.4,-3.314,-3.891
2026-03-18 09:28:00,933,14.31,-3.294,-3.065,68.46,66.85,1.283,2.154,2.317,3.136,288.6,1003.936,47.12,60.32,293.8,285.0,-3.269,-3.821
2026-03-18 09:29:00,934,14.31,-3.272,-3.054,66.94,65.84,1.323,1.84,2.317,2.842,282.2,1003.91,47.6,60.84,293.9,285.6,-3.219,-3.78
2026-03-18 09:30:00,935,14.31,-3.206,-3.098,67.4,67.1,0.655,1.666,1.133,2.744,281.0,1003.93,49.95,63.93,293.9,286.2,-3.18,-3.731
2026-03-18 09:31:00,936,14.31,-3.253,-3.161,66.93,66.39,1.43,2.188,1.956,2.744,283.5,1003.907,51.33,65.95,293.9,286.6,-3.169,-3.768
2026-03-18 09:32:00,937,14.31,-3.287,-3.238,67.79,68.22,1.077,1.96,1.544,2.254,284.1,1003.877,50.79,65.33,293.9,286.4,-3.152,-3.793
2026-03-18 09:33:00,938,14.31,-3.401,-3.288,68.55,66.63,1.342,2.386,1.544,2.548,294.3,1003.858,51.63,66.23,293.8,287.2,-3.174,-3.85
2026-03-18 09:34:00,939,14.31,-3.52,-3.177,68.59,66.76,1.419,2.127,1.647,2.45,295.6,1003.846,54.73,70.56,293.9,287.8,-3.193,-3.911
2026-03-18 09:35:00,940,14.31,-3.526,-3.196,69.25,67.5,0.925,1.988,1.236,2.352,293.9,1003.848,56.41,73.2,294.0,287.7,-3.185,-3.919
2026-03-18 09:36:00,941,14.31,-3.546,-3.16,68.91,66.04,1.305,2.015,1.441,2.254,287.6,1003.841,57.26,74.4,294.0,287.9,-3.19,-3.915
2026-03-18 09:37:00,942,14.31,-3.442,-3.029,68.05,64.92,1.505,2.285,1.75,2.45,282.9,1003.804,58.04,75.57,294.2,288.1,-3.161,-3.882
2026-03-18 09:38:00,943,14.31,-3.256,-2.841,67.43,64.2,1.537,2.317,1.905,2.548,271.2,1003.742,59.38,77.24,294.4,288.3,-3.12,-3.818
2026-03-18 09:39:00,944,14.31,-3.121,-2.745,67.16,64.8,1.28,2.315,1.75,2.548,275.8,1003.709,61.28,79.97,294.7,288.2,-3.078,-3.76
2026-03-18 09:40:00,945,14.31,-3.111,-2.741,67.76,64.15,1.042,2.12,1.338,2.352,271.7,1003.695,61.56,80.4,294.8,287.9,-3.04,-3.714
2026-03-18 09:41:00,946,14.31,-3.164,-2.728,67.86,64.81,1.175,1.882,1.338,2.058,269.1,1003.674,60.02,78.33,294.8,287.8,-3.035,-3.71
2026-03-18 09:42:00,947,14.31,-3.179,-2.727,67.56,64.01,1.549,2.39,2.059,2.744,273.9,1003.649,58.74,76.51,294.8,288.2,-3.024,-3.722
2026-03-18 09:43:00,948,14.31,-3.052,-2.541,66.35,62.99,1.919,2.459,2.162,2.94,279.3,1003.603,58.6,76.43,294.9,287.8,-2.995,-3.724
2026-03-18 09:44:00,949,14.31,-2.87,-2.449,66.22,63.63,1.66,2.447,1.956,2.744,280.3,1003.585,58.25,76.15,294.9,286.0,-2.966,-3.688
2026-03-18 09:45:00,950,14.31,-2.794,-2.395,65.79,62.96,1.581,2.23,1.853,2.548,283.8,1003.585,55.69,72.48,295.0,284.7,-2.915,-3.626
2026-03-18 09:46:00,951,14.31,-2.679,-2.326,65.99,64.37,0.76,1.375,1.338,1.96,271.3,1003.635,54.14,69.75,295.0,285.6,-2.854,-3.521
2026-03-18 09:47:00,952,14.31,-2.588,-2.25,65.11,62.57,1.088,1.946,1.596,2.254,275.3,1003.614,55.49,71.22,295.3,287.9,-2.764,-3.433
2026-03-18 09:48:00,953,14.31,-2.418,-2.124,64.8,62.72,0.934,1.83,1.338,2.352,272.9,1003.566,56.7,72.86,295.7,288.2,-2.664,-3.283
2026-03-18 09:49:00,954,14.31,-2.313,-2.046,63.84,61.59,1.538,2.304,2.111,2.94,252.7,1003.525,55.89,71.78,295.9,288.2,-2.593,-3.225
2026-03-18 09:50:00,955,14.31,-2.093,-1.805,62.3,59.55,2.323,2.712,3.089,3.234,253.8,1003.493,55.05,70.44,296.5,289.4,-2.47,-3.093
2026-03-18 09:51:00,956,14.31,-1.764,-1.469,61.22,57.65,1.975,2.606,2.78,3.234,262.0,1003.523,55.9,71.1,297.0,290.2,-2.32,-2.93
2026-03-18 09:52:00,957,14.31,-1.455,-1.152,60.57,57.3,0.285,0.225,1.905,1.176,319.5,1003.545,56.39,71.46,297.3,290.2,-2.161,-2.808
2026-03-18 09:53:00,958,14.31,-1.272,-1.048,60.48,59.23,0.472,0.858,1.03,1.372,352.6,1003.507,56.31,71.38,297.1,288.9,-2.092,-2.772
2026-03-18 09:54:00,959,14.31,-1.395,-1.208,60.98,59.72,0.121,0.221,0.463,0.882,348.1,1003.469,53.84,68.39,297.0,288.0,-2.044,-2.853
2026-03-18 09:55:00,960,14.31,-1.518,-1.326,60.57,58.83,0.011,0.0,0.154,0.0,341.8,1003.42,52.21,66.19,296.6,287.6,-1.996,-2.889
2026-03-18 09:56:00,961,14.31,-1.523,-1.311,60.37,58.34,0.003,0.057,0.051,0.588,320.6,1003.383,51.42,65.07,296.4,287.8,-1.941,-2.955
2026-03-18 09:57:00,962,14.31,-1.469,-1.203,60.41,58.08,0.0,0.578,0.0,0.98,305.7,1003.369,50.71,64.04,296.3,287.7,-1.893,-2.999
2026-03-18 09:58:00,963,14.31,-1.355,-1.097,59.87,57.74,0.0,0.016,0.0,0.392,299.2,1003.354,50.07,63.27,296.2,288.1,-1.851,-2.993
2026-03-18 09:59:00,964,14.31,-1.24,-0.996,59.66,57.12,0.0,0.0,0.0,0.0,299.2,1003.349,49.92,62.92,296.3,288.6,-1.798,-2.973
2026-03-18 10:00:00,965,14.31,-1.169,-0.888,59.12,56.71,0.0,0.0,0.0,0.0,299.2,1003.336,51.08,64.29,296.5,290.3,-1.731,-2.95
2026-03-18 10:01:00,966,14.31,-1.067,-0.766,59.35,56.08,0.0,0.0,0.0,0.0,299.2,1003.309,51.85,65.26,296.7,290.5,-1.665,-2.911
2026-03-18 10:02:00,967,14.31,-1.017,-0.659,59.08,56.56,0.003,0.015,0.051,0.392,145.7,1003.278,50.72,63.88,296.9,290.4,-1.622,-2.934
2026-03-18 10:03:00,968,14.31,-0.996,-0.615,59.25,56.39,0.003,0.031,0.103,0.49,104.8,1003.294,49.94,62.85,297.3,290.9,-1.558,-2.899
2026-03-18 10:04:00,969,14.31,-0.97,-0.639,58.53,56.79,0.231,0.545,0.566,1.078,286.3,1003.307,50.98,64.1,297.5,290.2,-1.492,-2.785
2026-03-18 10:05:00,970,14.31,-0.985,-0.75,59.11,57.82,0.014,0.053,0.154,0.588,286.1,1003.312,53.02,66.88,297.4,289.5,-1.447,-2.682
2026-03-18 10:06:00,971,14.31,-1.029,-0.821,58.93,57.66,0.115,0.473,0.463,1.078,252.5,1003.25,55.79,70.8,297.7,290.0,-1.396,-2.665
2026-03-18 10:07:00,972,14.31,-1.134,-0.945,58.68,57.63,1.065,1.405,1.596,1.764,248.1,1003.236,59.22,75.63,297.8,288.6,-1.37,-2.624
2026-03-18 10:08:00,973,14.31,-1.376,-1.149,59.83,59.4,0.946,1.329,1.699,1.764,227.4,1003.245,56.95,72.7,297.6,288.0,-1.395,-2.723
2026-03-18 10:09:00,974,14.31,-1.689,-1.509,61.27,61.54,0.989,1.626,1.853,2.254,221.9,1003.237,56.21,71.62,297.5,288.9,-1.439,-2.829
2026-03-18 10:10:00,975,14.31,-2.06,-1.899,63.37,64.58,2.191,2.396,2.625,2.744,202.0,1003.229,57.95,74.0,297.1,288.4,-1.512,-2.963
2026-03-18 10:11:00,976,14.31,-2.392,-2.232,64.9,65.71,1.104,1.771,2.059,2.254,224.0,1003.237,60.96,78.69,297.1,287.7,-1.585,-3.073
2026-03-18 10:12:00,977,14.31,-2.603,-2.443,66.2,66.86,0.731,1.453,1.133,1.666,234.2,1003.237,63.95,83.1,296.9,287.0,-1.628,-3.12
2026-03-18 10:13:00,978,14.31,-2.746,-2.468,66.8,65.4,0.859,1.117,1.184,1.568,234.9,1003.219,66.72,87.0,297.1,288.4,-1.686,-3.177
2026-03-18 10:14:00,979,14.31,-2.643,-2.232,65.7,63.13,0.788,1.097,1.133,1.47,238.6,1003.191,67.25,87.5,297.2,289.5,-1.739,-3.215
2026-03-18 10:15:00,980,14.31,-2.414,-2.021,64.7,62.29,1.095,1.439,1.441,1.764,244.1,1003.193,65.93,85.8,297.3,290.1,-1.757,-3.214
2026-03-18 10:16:00,981,14.31,-2.331,-1.856,64.73,61.91,0.943,1.382,1.441,1.862,228.9,1003.221,66.66,86.8,297.5,290.6,-1.766,-3.144
2026-03-18 10:17:00,982,14.31,-2.342,-1.803,65.31,61.74,0.747,1.39,1.184,1.666,242.3,1003.249,67.38,87.9,297.6,290.6,-1.767,-3.086
2026-03-18 10:18:00,983,14.31,-2.411,-1.819,64.82,61.3,0.651,1.274,0.978,1.47,240.2,1003.232,66.36,86.0,297.8,291.0,-1.766,-3.045
2026-03-18 10:19:00,984,14.31,-2.366,-1.777,65.24,61.02,0.483,1.065,0.927,1.274,257.6,1003.214,65.76,85.0,297.8,291.3,-1.764,-3.017
2026-03-18 10:20:00,985,14.31,-2.337,-1.762,64.91,61.49,0.743,1.359,1.133,1.666,265.7,1003.16,64.91,84.2,297.8,290.6,-1.77,-2.998
2026-03-18 10:21:00,986,14.31,-2.327,-1.827,65.23,61.37,0.21,1.008,0.669,1.274,252.0,1003.156,63.33,82.0,297.7,288.5,-1.77,-2.961
2026-03-18 10:22:00,987,14.31,-2.314,-1.759,65.31,60.62,0.28,0.799,0.515,1.078,247.4,1003.135,61.5,79.21,297.5,287.9,-1.767,-2.975
2026-03-18 10:23:00,988,14.31,-2.318,-1.634,65.43,59.6,0.348,0.881,0.875,1.078,233.4,1003.105,62.14,79.51,297.3,288.0,-1.768,-2.999
2026-03-18 10:24:00,989,14.31,-2.301,-1.432,64.42,58.59,0.875,1.037,1.236,1.47,214.9,1003.083,65.02,83.3,297.2,287.7,-1.774,-3.018
2026-03-18 10:25:00,990,14.31,-2.139,-1.28,63.92,58.3,1.517,1.748,2.059,2.45,217.8,1003.065,68.06,87.6,297.2,287.2,-1.77,-3.023
2026-03-18 10:26:00,991,14.31,-2.14,-1.217,63.95,58.32,1.816,2.303,3.089,2.94,129.8,1003.006,67.97,88.0,297.6,288.8,-1.771,-3.041
2026-03-18 10:27:00,992,14.31,-1.508,-0.719,61.76,56.1,0.376,0.86,2.111,2.058,198.1,1002.958,69.34,89.6,299.8,289.6,-1.558,-2.691
2026-03-18 10:28:00,993,14.31,-1.174,-0.679,61.4,57.89,1.428,2.278,2.317,3.038,221.4,1002.947,71.28,91.5,299.1,287.5,-1.459,-2.316
2026-03-18 10:29:00,994,14.31,-1.683,-1.003,62.37,57.24,1.823,2.455,2.059,2.744,226.4,1002.923,68.45,88.0,298.3,287.9,-1.515,-2.5
2026-03-18 10:30:00,995,14.31,-1.916,-1.087,62.6,57.9,1.711,2.023,2.265,2.548,220.3,1002.919,67.54,87.0,298.2,286.8,-1.55,-2.633
2026-03-18 10:31:00,996,14.31,-2.014,-1.27,63.99,60.76,1.654,2.602,2.214,2.94,238.5,1002.907,65.64,84.5,297.7,282.4,-1.567,-2.675
2026-03-18 10:32:00,997,14.28,-2.266,-1.669,65.3,63.65,1.579,2.646,2.111,2.94,235.6,1002.878,64.49,82.7,297.2,281.2,-1.637,-2.784
2026-03-18 10:33:00,998,14.31,-2.483,-2.023,66.32,65.32,1.861,2.769,2.317,3.038,241.0,1002.854,63.62,81.0,297.0,283.3,-1.711,-2.93
2026-03-18 10:34:00,999,14.31,-2.633,-2.285,67.18,66.58,1.325,2.305,1.699,2.646,243.5,1002.865,61.85,78.69,297.0,286.3,-1.772,-3.048
2026-03-18 10:35:00,1000,14.32,-2.719,-2.418,67.75,66.63,0.866,1.862,1.338,2.254,247.4,1002.888,62.42,79.53,297.1,288.6,-1.804,-3.084
2026-03-18 10:36:00,1001,14.31,-2.734,-2.42,67.73,65.27,1.355,2.336,1.802,2.646,248.2,1002.84,63.45,81.3,297.3,289.6,-1.819,-3.071
2026-03-18 10:37:00,1002,14.31,-2.724,-2.277,67.9,64.31,1.79,2.715,2.059,3.038,250.3,1002.779,62.01,79.53,297.3,290.2,-1.869,-3.067
2026-03-18 10:38:00,1003,14.31,-2.753,-2.243,68.33,65.81,1.833,2.589,2.265,3.136,237.9,1002.763,60.52,77.65,297.2,289.5,-1.916,-3.096
2026-03-18 10:39:00,1004,14.31,-2.825,-2.299,68.85,66.23,0.772,1.7,1.39,2.156,241.2,1002.79,60.0,77.21,297.1,288.5,-1.955,-3.12
2026-03-18 10:40:00,1005,14.31,-2.88,-2.39,69.35,67.31,0.278,1.146,0.463,1.372,261.7,1002.79,61.1,78.93,297.0,287.4,-1.957,-3.124
2026-03-18 10:41:00,1006,14.31,-2.926,-2.566,69.95,68.38,0.44,1.357,0.772,1.862,251.2,1002.754,60.95,79.11,296.8,285.5,-1.978,-3.149
2026-03-18 10:42:00,1007,14.31,-2.99,-2.619,69.77,66.93,1.215,2.175,1.596,2.45,251.1,1002.697,58.19,75.51,296.5,282.8,-2.02,-3.191
2026-03-18 10:43:00,1008,14.31,-2.974,-2.543,69.75,66.39,1.361,2.195,1.905,2.548,251.0,1002.693,55.64,72.05,296.2,281.1,-2.073,-3.234
2026-03-18 10:44:00,1009,14.31,-2.946,-2.436,69.34,65.95,1.602,2.317,1.956,2.646,248.1,1002.653,55.94,72.33,295.9,281.7,-2.127,-3.285
2026-03-18 10:45:00,1010,14.31,-2.924,-2.403,69.77,66.26,1.137,2.037,1.647,2.45,251.1,1002.622,58.14,75.14,295.8,282.4,-2.168,-3.313
2026-03-18 10:46:00,1011,14.31,-3.013,-2.434,69.84,65.69,2.086,2.793,2.368,2.94,251.9,1002.557,59.8,77.36,295.7,284.4,-2.224,-3.36
2026-03-18 10:47:00,1012,14.31,-3.032,-2.396,70.23,66.81,1.662,2.451,2.214,2.842,258.9,1002.539,59.6,77.39,295.9,284.9,-2.294,-3.405
2026-03-18 10:48:00,1013,14.31,-3.079,-2.539,70.6,68.05,0.856,1.525,1.493,2.254,275.3,1002.58,56.79,73.73,295.6,282.3,-2.343,-3.421
2026-03-18 10:49:00,1014,13.46,-3.097,-2.675,70.44,68.31,0.425,1.282,0.824,1.764,283.8,1002.605,53.69,69.43,295.2,280.3,-2.355,-3.396
2026-03-18 10:50:00,1015,13.46,-3.044,-2.658,69.4,66.5,1.829,2.494,2.574,3.038,274.5,1002.49,50.91,65.54,295.1,279.4,-2.36,-3.364
2026-03-18 10:51:00,1016,13.46,-2.758,-2.367,67.41,64.2,1.863,2.222,2.677,3.038,291.7,1002.487,48.21,61.55,295.5,278.6,-2.307,-3.255
2026-03-18 10:52:00,1017,13.46,-2.509,-2.212,66.4,63.44,1.587,2.227,1.956,2.646,303.9,1002.509,47.17,59.8,295.2,278.2,-2.309,-3.193
2026-03-18 10:53:00,1018,13.46,-2.388,-2.063,65.47,62.42,1.456,1.858,3.037,2.94,297.6,1002.461,46.34,58.75,295.1,279.0,-2.296,-3.191
2026-03-18 10:54:00,1019,13.45,-2.155,-1.781,64.69,60.25,1.496,1.847,2.677,3.43,320.7,1002.401,44.76,56.56,296.1,280.5,-2.197,-3.06
2026-03-18 10:55:00,1020,13.45,-1.662,-1.307,62.76,58.35,0.386,0.54,1.441,1.666,320.8,1002.404,45.96,57.55,297.5,282.1,-1.986,-2.642
2026-03-18 10:56:00,1021,13.46,-1.14,-0.935,60.63,57.06,0.215,0.216,0.669,0.784,123.4,1002.383,46.65,58.08,297.4,281.8,-1.856,-2.296
2026-03-18 10:57:00,1022,13.46,-0.794,-0.684,59.11,56.14,0.047,0.031,0.309,0.392,178.9,1002.364,46.65,57.73,297.2,281.9,-1.762,-2.298
2026-03-18 10:58:00,1023,13.46,-0.505,-0.468,57.88,55.56,0.06,0.0,0.309,0.0,138.7,1002.354,47.57,59.01,297.5,283.3,-1.664,-2.332
2026-03-18 10:59:00,1024,13.46,-0.336,-0.309,57.49,55.57,0.011,0.0,0.103,0.0,136.4,1002.343,48.94,60.86,297.3,285.1,-1.586,-2.321
2026-03-18 11:00:00,1025,13.46,-0.38,-0.244,57.41,55.74,0.008,0.0,0.154,0.0,140.0,1002.299,48.95,61.23,297.0,287.0,-1.541,-2.433
2026-03-18 11:01:00,1026,13.46,-0.439,-0.269,57.13,55.69,0.053,0.264,0.772,1.274,40.63,1002.275,48.92,61.69,297.1,287.2,-1.495,-2.46
2026-03-18 11:02:00,1027,13.46,-0.459,-0.26,56.45,53.51,1.234,2.112,4.427,4.704,47.22,1002.232,48.04,60.84,297.7,289.1,-1.447,-2.51
2026-03-18 11:03:00,1028,13.46,-0.193,0.046,54.35,51.13,3.192,3.906,4.736,5.488,68.32,1002.161,48.51,61.08,300.1,291.1,-1.209,-2.265
2026-03-18 11:04:00,1029,13.46,0.268,0.42,52.78,50.44,3.065,3.77,4.633,5.488,81.9,1002.173,50.65,63.54,301.7,292.3,-0.891,-1.984
2026-03-18 11:05:00,1030,13.46,0.561,0.628,55.41,55.33,2.415,3.521,3.707,4.508,78.3,1002.168,51.94,65.09,302.1,292.1,-0.678,-1.841
2026-03-18 11:06:00,1031,13.46,0.517,0.558,55.76,54.6,2.93,3.896,4.221,4.9,42.23,1002.119,50.57,63.3,302.1,291.4,-0.605,-1.816
2026-03-18 11:07:00,1032,13.46,0.326,0.407,54.34,52.97,2.026,2.52,2.78,3.234,29.67,1002.102,47.89,59.99,301.9,291.0,-0.567,-1.821
2026-03-18 11:08:00,1033,13.46,0.293,0.33,54.78,55.07,0.89,1.42,1.596,2.156,344.2,1002.119,47.03,58.55,301.4,289.7,-0.513,-1.816
2026-03-18 11:09:00,1034,13.46,0.04,0.054,55.87,54.7,0.703,1.298,1.03,1.862,346.7,1002.126,46.52,58.15,300.3,289.3,-0.579,-1.941
2026-03-18 11:10:00,1035,13.46,-0.308,-0.117,55.74,54.33,0.416,0.94,0.824,1.47,15.2,1002.12,46.67,58.92,299.7,289.6,-0.653,-2.106
2026-03-18 11:11:00,1036,13.46,-0.416,-0.117,56.17,54.05,0.645,1.458,1.133,2.254,34.58,1002.086,46.63,59.31,299.3,289.7,-0.658,-2.234
2026-03-18 11:12:00,1037,13.46,-0.381,-0.052,55.29,53.62,0.316,0.79,0.618,1.47,0.071,1002.021,46.9,59.8,299.9,290.0,-0.6,-2.21
2026-03-18 11:13:00,1038,13.46,-0.252,0.015,54.75,53.47,0.162,0.189,0.412,0.588,304.2,1001.958,47.6,60.38,299.8,290.2,-0.539,-2.086
2026-03-18 11:14:00,1039,13.46,-0.172,0.021,54.46,53.26,0.127,0.25,0.309,0.686,301.7,1001.928,47.8,60.5,299.7,290.6,-0.502,-2.032
2026-03-18 11:15:00,1040,13.46,-0.127,0.063,55.12,53.39,0.007,0.0,0.103,0.0,301.7,1001.964,48.08,60.72,299.5,291.0,-0.469,-2.014
2026-03-18 11:16:00,1041,13.46,-0.107,0.127,54.8,53.61,0.002,0.0,0.051,0.0,303.5,1001.984,47.63,60.28,299.3,290.8,-0.463,-2.053
2026-03-18 11:17:00,1042,13.46,-0.063,0.159,54.0,52.87,0.0,0.158,0.0,0.882,32.5,1001.955,46.93,59.4,298.9,290.2,-0.444,-2.124
2026-03-18 11:18:00,1043,13.46,-0.016,0.166,53.76,52.9,0.128,1.039,0.515,1.372,35.05,1001.924,46.74,59.04,298.8,289.7,-0.408,-2.179
2026-03-18 11:19:00,1044,13.46,0.011,0.155,53.68,53.39,0.496,1.26,0.721,1.568,41.38,1001.907,45.96,58.18,298.6,289.2,-0.423,-2.275
2026-03-18 11:20:00,1045,13.45,0.006,0.113,53.85,53.55,0.242,0.874,0.772,1.47,58.58,1001.87,44.97,56.97,298.8,289.7,-0.415,-2.343
2026-03-18 11:21:00,1046,13.46,0.002,0.085,54.24,52.86,0.487,1.359,1.03,2.352,56.33,1001.837,45.17,57.21,299.2,289.8,-0.398,-2.323
2026-03-18 11:22:00,1047,13.46,0.01,0.13,52.49,50.8,1.162,1.932,1.956,2.744,43.38,1001.784,45.32,57.39,300.0,290.1,-0.341,-2.254
2026-03-18 11:23:00,1048,13.46,0.148,0.274,53.98,53.19,2.28,3.142,3.14,4.508,38.89,1001.779,45.3,57.09,300.7,290.2,-0.263,-2.099
2026-03-18 11:24:00,1049,13.46,0.144,0.245,54.25,53.83,2.682,3.473,3.758,4.41,57.41,1001.794,44.67,56.14,301.0,290.0,-0.275,-2.03
2026-03-18 11:25:00,1050,13.46,0.095,0.245,52.41,50.38,2.647,3.478,3.501,4.312,44.66,1001.779,44.02,55.41,301.6,290.3,-0.251,-2.011
2026-03-18 11:26:00,1051,13.46,0.228,0.375,52.01,49.43,2.386,3.107,2.934,3.626,46.36,1001.791,44.02,55.27,302.2,290.8,-0.131,-1.876
2026-03-18 11:27:00,1052,13.46,0.444,0.57,49.85,48.56,2.296,2.934,3.398,4.018,41.46,1001.771,44.5,55.84,302.2,290.8,-0.061,-1.799
2026-03-18 11:28:00,1053,13.46,0.643,0.719,51.35,50.36,0.53,1.109,1.338,2.156,111.7,1001.735,43.25,54.27,302.0,290.2,-0.01,-1.723
2026-03-18 11:29:00,1054,13.46,0.722,0.766,49.8,48.99,0.349,0.51,0.824,1.274,0.071,1001.708,41.41,51.81,301.6,288.2,0.02,-1.729
2026-03-18 11:30:00,1055,13.46,0.766,0.795,49.04,48.42,1.127,1.774,2.008,2.94,12.81,1001.676,40.41,50.34,301.6,288.0,0.087,-1.624
2026-03-18 11:31:00,1056,13.46,0.78,0.793,49.27,49.62,1.11,1.7,2.471,3.136,61.73,1001.674,39.2,48.66,301.8,290.7,0.141,-1.562
2026-03-18 11:32:00,1057,13.46,0.772,0.769,48.94,48.49,1.051,1.625,1.905,2.548,76.0,1001.677,38.27,47.31,301.9,292.1,0.182,-1.583
2026-03-18 11:33:00,1058,13.46,0.778,0.778,48.84,48.13,1.22,1.769,1.956,2.45,79.36,1001.681,37.25,45.96,302.1,292.4,0.223,-1.605
2026-03-18 11:34:00,1059,13.46,0.813,0.812,49.05,48.29,1.479,1.954,2.111,2.646,53.82,1001.678,36.19,44.45,302.1,292.6,0.248,-1.585
2026-03-18 11:35:00,1060,13.46,0.818,0.824,48.98,48.79,1.556,2.081,1.802,2.548,51.42,1001.646,35.38,43.47,302.0,292.3,0.261,-1.613
2026-03-18 11:36:00,1061,13.46,0.772,0.791,49.16,49.75,3.223,4.005,5.817,6.566,54.6,1001.536,34.44,42.38,301.9,290.5,0.222,-1.673
2026-03-18 11:37:00,1062,13.46,0.663,0.679,50.23,50.74,2.533,3.079,4.427,4.998,36.98,1001.444,33.69,41.42,302.2,288.4,0.224,-1.688
2026-03-18 11:38:00,1063,13.46,0.513,0.509,52.88,53.59,4.846,6.099,7.671,9.31,46.29,1001.366,34.33,41.99,302.1,287.5,0.188,-1.706
2026-03-18 11:39:00,1064,13.46,0.397,0.436,51.14,50.59,6.902,8.07,8.8,10.0,48.46,1001.277,34.59,42.71,302.7,286.8,0.142,-1.667
2026-03-18 11:40:00,1065,13.46,0.432,0.499,50.65,50.85,6.065,7.435,8.13,8.92,42.65,1001.255,36.22,44.89,302.7,282.5,0.137,-1.639
2026-03-18 11:41:00,1066,13.46,0.375,0.477,52.0,52.07,5.416,6.651,6.744,8.43,39.62,1001.214,35.32,43.93,302.1,273.5,0.081,-1.641
2026-03-18 11:42:00,1067,13.46,0.315,0.419,53.16,51.8,4.943,6.07,5.869,7.154,39.75,1001.217,34.43,42.56,301.3,267.5,0.013,-1.679
2026-03-18 11:43:00,1068,13.46,0.238,0.371,52.69,51.46,5.778,7.003,6.95,8.43,40.25,1001.2,35.06,43.3,301.4,269.0,-0.034,-1.75
2026-03-18 11:44:00,1069,13.46,0.235,0.414,49.92,48.52,4.832,6.082,6.384,7.644,12.52,1001.21,34.98,43.07,301.4,270.3,-0.066,-1.766
2026-03-18 11:45:00,1070,13.45,0.36,0.506,51.01,50.22,3.068,3.891,3.707,4.704,32.01,1001.27,34.34,41.86,301.0,273.0,-0.06,-1.716
2026-03-18 11:46:00,1071,13.46,0.36,0.479,51.74,49.72,2.666,3.805,3.295,4.508,36.07,1001.322,34.32,41.58,300.6,275.7,-0.081,-1.774
2026-03-18 11:47:00,1072,13.46,0.301,0.482,50.44,48.78,3.961,5.018,5.199,6.37,46.07,1001.312,33.83,40.97,300.8,276.3,-0.079,-1.801
2026-03-18 11:48:00,1073,13.46,0.357,0.511,49.76,49.41,3.94,4.894,4.891,6.174,52.32,1001.324,33.63,40.77,300.9,275.2,-0.081,-1.759
2026-03-18 11:49:00,1074,13.46,0.322,0.45,52.08,51.86,3.288,4.274,5.354,6.37,55.91,1001.326,33.18,40.18,300.5,275.0,-0.113,-1.787
2026-03-18 11:50:00,1075,13.46,0.148,0.285,52.52,52.65,3.651,4.528,5.457,6.174,55.97,1001.321,32.6,39.53,300.5,276.4,-0.177,-1.87
2026-03-18 11:51:00,1076,13.46,-0.004,0.127,54.72,55.22,2.838,3.703,4.582,5.684,46.95,1001.301,33.38,40.62,300.2,278.7,-0.237,-1.929
2026-03-18 11:52:00,1077,13.46,-0.176,-0.051,55.57,53.53,4.515,5.847,7.413,8.43,42.48,1001.249,34.44,42.14,300.3,281.0,-0.329,-1.99
2026-03-18 11:53:00,1078,13.46,-0.213,-0.035,50.91,49.24,7.461,8.57,9.63,10.58,42.74,1001.175,34.03,42.02,301.3,282.0,-0.369,-1.958
2026-03-18 11:54:00,1079,13.46,0.042,0.156,51.71,51.49,5.846,6.869,7.053,8.23,55.34,1001.221,34.95,43.06,302.0,280.8,-0.266,-1.831
2026-03-18 11:55:00,1080,13.45,0.098,0.172,53.19,53.22,5.64,6.84,7.053,8.23,49.73,1001.25,35.4,43.45,301.8,278.5,-0.249,-1.797
2026-03-18 11:56:00,1081,13.46,0.054,0.187,51.11,49.6,5.742,6.891,7.413,8.53,53.58,1001.254,36.25,44.82,301.8,277.6,-0.276,-1.803
2026-03-18 11:57:00,1082,13.46,0.238,0.381,49.54,48.16,5.363,6.258,7.568,8.43,65.05,1001.227,37.91,47.21,302.4,275.8,-0.144,-1.679
2026-03-18 11:58:00,1083,13.46,0.456,0.574,51.23,49.75,4.3,5.079,5.766,7.154,65.4,1001.238,39.35,48.84,302.2,273.4,-0.06,-1.581
2026-03-18 11:59:00,1084,13.46,0.486,0.607,51.21,49.96,3.017,3.999,3.81,5.096,57.8,1001.183,39.45,48.85,301.6,269.7,-0.031,-1.636
2026-03-18 12:00:00,1085,13.46,0.426,0.586,50.53,50.75,4.537,5.515,6.435,6.958,70.44,1001.159,39.99,49.6,301.1,265.2,-0.035,-1.705
2026-03-18 12:01:00,1086,13.46,0.456,0.579,48.92,48.6,3.574,4.367,5.714,6.468,60.37,1001.129,39.98,49.64,300.7,262.8,-0.037,-1.71
2026-03-18 12:02:00,1087,13.46,0.509,0.592,49.9,50.18,2.777,3.589,3.398,4.41,81.0,1001.124,39.22,48.44,300.2,259.5,0.008,-1.676
2026-03-18 12:03:00,1088,13.46,0.515,0.585,50.37,50.28,3.2,4.424,3.912,5.096,76.1,1001.082,39.61,48.79,299.3,253.8,-0.014,-1.721
2026-03-18 12:04:00,1089,13.46,0.408,0.544,51.67,49.9,2.836,3.928,3.861,4.704,64.76,1001.036,42.12,51.98,298.5,252.5,-0.076,-1.828
2026-03-18 12:05:00,1090,13.46,0.251,0.477,52.11,51.02,3.005,3.788,4.221,4.802,63.82,1001.059,46.97,58.69,297.9,256.9,-0.195,-1.927
2026-03-18 12:06:00,1091,13.46,0.2,0.451,51.85,50.26,2.033,2.606,2.986,3.43,61.13,1001.053,52.74,66.83,298.5,263.5,-0.187,-1.974
2026-03-18 12:07:00,1092,13.46,0.17,0.384,50.71,49.44,2.191,3.265,3.295,4.802,40.31,1001.036,59.01,75.85,298.4,266.8,-0.187,-2.019
2026-03-18 12:08:00,1093,13.46,0.145,0.399,49.7,48.12,3.189,4.322,4.427,5.586,60.4,1000.99,63.02,82.0,299.3,265.6,-0.153,-1.974
2026-03-18 12:09:00,1094,13.46,0.348,0.559,48.17,47.43,2.953,3.631,5.457,5.39,67.57,1000.951,63.14,82.3,300.2,262.9,-0.034,-1.836
2026-03-18 12:10:00,1095,13.46,0.597,0.698,47.15,47.01,2.177,2.607,3.861,4.312,45.66,1000.903,63.23,82.1,300.2,259.4,0.11,-1.689
2026-03-18 12:11:00,1096,13.46,0.747,0.77,48.69,49.57,1.318,2.283,2.059,3.332,42.65,1000.897,61.44,79.55,298.6,251.2,0.165,-1.661
2026-03-18 12:12:00,1097,13.46,0.652,0.655,48.17,47.75,1.765,2.572,2.677,3.626,73.85,1000.852,59.83,76.88,296.9,247.7,0.091,-1.786
2026-03-18 12:13:00,1098,13.46,0.5,0.601,49.04,49.19,2.853,3.771,4.53,5.39,57.55,1000.854,61.02,78.75,297.0,248.7,0.057,-1.931
2026-03-18 12:14:00,1099,13.46,0.387,0.51,48.88,49.02,3.378,4.054,5.354,6.272,63.61,1000.847,62.58,81.5,297.9,247.4,0.012,-1.972
2026-03-18 12:15:00,1100,13.46,0.381,0.508,47.55,46.84,2.951,3.696,5.457,5.39,70.12,1000.826,62.32,81.1,297.3,246.3,0.009,-1.968
2026-03-18 12:16:00,1101,13.46,0.503,0.647,48.14,46.94,2.657,3.387,3.243,4.018,54.75,1000.849,62.41,80.7,297.3,245.6,0.05,-1.963
2026-03-18 12:17:00,1102,13.46,0.6,0.74,47.09,46.85,2.51,3.298,3.552,4.116,48.45,1000.855,60.16,77.45,296.8,245.3,0.027,-1.906
2026-03-18 12:18:00,1103,13.46,0.621,0.741,47.67,47.88,2.404,3.41,3.758,4.9,47.47,1000.842,58.44,74.85,296.4,246.6,0.012,-1.951
2026-03-18 12:19:00,1104,13.46,0.445,0.553,49.88,49.05,4.385,5.78,6.023,7.35,22.66,1000.772,58.55,75.09,296.5,247.5,-0.075,-2.046
2026-03-18 12:20:00,1105,13.46,0.26,0.464,48.48,47.22,4.02,5.164,5.457,6.468,53.62,1000.76,58.61,75.91,297.6,248.4,-0.143,-2.091
2026-03-18 12:21:00,1106,13.46,0.297,0.478,47.9,46.84,4.022,5.291,5.508,7.154,43.14,1000.757,61.37,79.79,297.7,249.1,-0.157,-2.057
2026-03-18 12:22:00,1107,13.46,0.307,0.508,48.55,47.87,3.56,4.586,4.582,5.684,56.32,1000.732,61.18,79.62,298.2,249.5,-0.144,-2.009
2026-03-18 12:23:00,1108,13.46,0.329,0.505,49.49,48.68,3.705,4.755,4.736,5.88,53.02,1000.733,59.75,77.4,297.8,249.2,-0.158,-2.019
2026-03-18 12:24:00,1109,13.46,0.279,0.454,47.75,47.07,2.733,3.593,3.81,4.508,82.9,1000.699,58.33,75.5,297.5,250.2,-0.187,-2.053
2026-03-18 12:25:00,1110,13.46,0.347,0.478,49.67,48.19,2.251,3.248,2.934,3.822,60.16,1000.684,55.54,71.32,296.9,247.5,-0.168,-1.979
2026-03-18 12:26:00,1111,13.46,0.284,0.453,49.13,48.1,2.806,3.872,3.655,4.704,51.43,1000.655,52.09,66.17,296.5,245.3,-0.19,-2.08
2026-03-18 12:27:00,1112,13.46,0.218,0.43,49.1,48.47,3.443,4.319,4.376,5.194,63.79,1000.636,52.87,67.18,296.7,248.4,-0.205,-2.13
2026-03-18 12:28:00,1113,13.46,0.246,0.437,48.91,49.22,3.169,4.071,4.015,4.9,49.02,1000.633,54.94,70.08,297.2,252.6,-0.2,-2.091
2026-03-18 12:29:00,1114,13.46,0.23,0.378,49.27,48.44,3.043,4.232,4.427,5.782,45.63,1000.63,57.11,72.94,297.2,257.9,-0.224,-2.115
2026-03-18 12:30:00,1115,13.46,0.165,0.331,53.33,53.98,4.342,5.401,5.56,6.37,69.59,1000.614,61.13,78.8,298.4,263.4,-0.25,-2.106
2026-03-18 12:31:00,1116,13.46,0.025,0.23,50.82,48.74,4.075,5.107,5.251,6.174,84.8,1000.576,63.44,82.7,299.2,266.2,-0.268,-2.083
2026-03-18 12:32:00,1117,13.46,0.036,0.28,51.43,50.93,3.379,4.248,5.405,6.174,52.15,1000.574,64.22,83.8,299.7,268.7,-0.231,-2.072
2026-03-18 12:33:00,1118,13.46,0.009,0.193,50.63,49.8,2.606,3.306,3.346,4.9,86.4,1000.598,66.56,86.7,299.7,272.4,-0.224,-2.03
2026-03-18 12:34:00,1119,13.46,0.046,0.211,48.33,47.43,2.38,3.338,3.192,4.312,65.62,1000.579,66.58,86.9,300.0,273.2,-0.143,-1.992
2026-03-18 12:35:00,1120,13.46,0.262,0.368,50.61,50.49,1.888,2.661,2.934,3.43,81.9,1000.523,65.96,86.5,299.8,269.0,-0.043,-1.881
2026-03-18 12:36:00,1121,13.46,0.323,0.417,47.87,47.19,2.506,3.239,3.604,4.41,64.74,1000.46,62.82,82.1,299.3,265.4,-0.018,-1.878
2026-03-18 12:37:00,1122,13.46,0.377,0.475,49.01,47.92,2.856,3.721,4.427,4.802,82.2,1000.448,62.76,81.6,299.4,263.9,0.001,-1.789
2026-03-18 12:38:00,1123,13.46,0.371,0.502,47.34,46.24,4.739,5.431,7.825,8.23,99.8,1000.414,61.09,79.36,300.1,262.9,0.065,-1.843
2026-03-18 12:39:00,1124,13.46,0.532,0.625,47.88,48.86,3.721,4.355,5.92,6.664,98.3,1000.404,65.2,84.7,300.8,265.5,0.189,-1.741
2026-03-18 12:40:00,1125,13.46,0.638,0.684,48.57,48.27,4.426,5.358,6.435,6.86,91.1,1000.405,68.94,90.1,301.0,266.9,0.231,-1.627
2026-03-18 12:41:00,1126,13.46,0.631,0.69,46.94,47.13,2.933,3.822,5.92,6.566,84.1,1000.409,70.06,92.1,301.1,266.7,0.279,-1.608
2026-03-18 12:42:00,1127,13.46,0.665,0.711,46.91,47.6,1.892,2.477,2.523,3.332,48.9,1000.364,71.94,94.9,300.5,266.1,0.333,-1.634
2026-03-18 12:43:00,1128,13.46,0.629,0.642,47.44,48.44,1.689,2.539,2.368,3.528,53.03,1000.391,70.67,93.5,299.7,263.0,0.313,-1.669
2026-03-18 12:44:00,1129,13.46,0.515,0.525,48.64,48.23,1.936,3.076,3.604,4.508,39.83,1000.388,65.55,86.5,298.6,259.1,0.251,-1.737
2026-03-18 12:45:00,1130,13.46,0.344,0.406,48.37,48.86,2.56,3.387,3.758,4.704,28.34,1000.358,65.86,87.1,298.8,260.0,0.192,-1.801
2026-03-18 12:46:00,1131,13.46,0.365,0.417,46.23,46.31,2.25,2.97,3.14,4.312,48.97,1000.347,69.77,92.4,299.0,265.0,0.207,-1.773
2026-03-18 12:47:00,1132,13.46,0.451,0.472,45.61,45.9,2.517,3.531,4.891,5.782,53.76,1000.337,74.39,99.0,299.7,270.3,0.244,-1.683
2026-03-18 12:48:00,1133,13.46,0.51,0.499,47.64,47.77,3.439,4.58,7.979,8.72,39.98,1000.285,74.67,99.7,300.1,270.4,0.259,-1.589
2026-03-18 12:49:00,1134,13.46,0.417,0.459,49.31,49.6,5.789,6.929,7.516,8.33,59.74,1000.241,71.56,95.4,300.9,271.3,0.199,-1.594
2026-03-18 12:50:00,1135,13.46,0.295,0.4,50.8,50.78,5.242,6.303,6.281,7.252,77.63,1000.283,67.59,90.1,301.4,273.2,0.139,-1.638
2026-03-18 12:51:00,1136,13.46,0.189,0.337,52.65,51.35,3.442,4.545,4.788,5.39,78.41,1000.292,65.44,86.7,301.4,275.4,0.097,-1.658
2026-03-18 12:52:00,1137,13.46,0.116,0.349,47.75,46.37,3.848,4.551,6.075,6.664,88.7,1000.286,64.13,84.9,301.8,278.6,0.106,-1.708
2026-03-18 12:53:00,1138,13.46,0.31,0.484,46.76,45.71,3.31,4.032,4.788,5.39,115.7,1000.248,65.43,86.0,302.5,282.5,0.244,-1.613
2026-03-18 12:54:00,1139,13.46,0.483,0.586,47.26,45.69,3.511,4.25,4.736,5.096,77.33,1000.301,64.38,84.3,302.8,284.9,0.322,-1.503
2026-03-18 12:55:00,1140,13.46,0.553,0.621,47.21,46.21,2.756,3.798,5.045,5.782,92.4,1000.319,62.84,81.9,302.6,287.1,0.345,-1.468
2026-03-18 12:56:00,1141,13.46,0.544,0.625,45.83,45.55,4.517,5.065,6.435,6.958,86.4,1000.275,58.82,76.64,303.0,288.5,0.356,-1.455
2026-03-18 12:57:00,1142,13.46,0.619,0.662,45.96,45.03,1.956,2.681,2.934,3.43,81.7,1000.32,56.73,73.59,303.0,288.3,0.426,-1.441
2026-03-18 12:58:00,1143,13.46,0.648,0.681,46.53,47.41,1.532,2.171,2.728,2.94,33.87,1000.324,54.95,71.01,302.8,288.4,0.453,-1.449
2026-03-18 12:59:00,1144,13.46,0.629,0.628,46.05,45.86,2.062,3.049,4.17,4.704,46.12,1000.289,52.46,67.25,302.6,289.2,0.459,-1.397
2026-03-18 13:00:00,1145,13.46,0.526,0.543,47.01,45.71,3.699,4.655,4.479,5.39,39.74,1000.287,50.77,64.87,302.5,289.6,0.4,-1.414
2026-03-18 13:01:00,1146,13.46,0.455,0.487,50.05,50.21,3.204,4.111,3.964,4.802,64.4,1000.354,50.11,64.19,302.5,289.9,0.359,-1.475
2026-03-18 13:02:00,1147,13.46,0.282,0.349,50.7,47.11,3.195,4.376,4.118,5.194,68.37,1000.352,49.33,63.21,302.4,289.9,0.274,-1.563
2026-03-18 13:03:00,1148,13.46,0.114,0.263,49.54,48.02,3.08,4.17,4.53,5.096,65.78,1000.314,47.05,60.41,302.3,289.6,0.197,-1.597
2026-03-18 13:04:00,1149,13.46,0.082,0.228,49.94,49.74,2.481,3.237,3.861,4.802,76.76,1000.257,44.62,57.32,302.1,287.9,0.168,-1.598
2026-03-18 13:05:00,1150,13.46,0.112,0.223,48.38,46.48,1.885,2.639,2.728,3.038,79.39,1000.228,43.68,55.97,301.8,286.9,0.153,-1.656
2026-03-18 13:06:00,1151,13.46,0.15,0.27,48.36,48.53,2.055,2.745,3.501,3.822,95.5,1000.217,43.53,55.75,301.7,287.9,0.125,-1.741
2026-03-18 13:07:00,1152,13.46,0.206,0.296,47.67,46.37,1.682,2.517,3.192,3.234,72.23,1000.19,43.07,54.97,301.9,288.1,0.143,-1.719
2026-03-18 13:08:00,1153,13.46,0.264,0.341,48.89,49.0,1.769,2.582,2.42,3.626,101.0,1000.165,41.55,52.86,301.7,287.0,0.143,-1.685
2026-03-18 13:09:00,1154,13.46,0.287,0.369,46.61,45.8,3.974,4.793,6.692,8.43,100.3,1000.138,38.91,49.21,301.9,287.6,0.159,-1.678
2026-03-18 13:10:00,1155,13.46,0.406,0.453,46.16,45.39,5.476,6.281,8.39,8.92,58.47,1000.11,37.11,46.6,302.7,288.5,0.209,-1.6
2026-03-18 13:11:00,1156,13.46,0.49,0.519,47.36,46.26,3.752,4.634,4.788,5.586,77.11,1000.142,35.56,44.32,302.9,290.1,0.264,-1.533
2026-03-18 13:12:00,1157,13.46,0.454,0.501,49.66,49.51,3.717,4.768,4.582,5.586,92.5,1000.11,33.45,41.4,302.7,290.5,0.219,-1.555
2026-03-18 13:13:00,1158,13.46,0.333,0.414,46.04,45.46,5.511,6.23,11.99,12.05,94.2,1000.051,31.67,39.33,302.8,289.9,0.198,-1.625
2026-03-18 13:14:00,1159,13.46,0.419,0.473,47.37,47.05,3.657,4.623,5.56,7.448,74.4,1000.086,33.07,41.16,302.9,288.2,0.255,-1.552
2026-03-18 13:15:00,1160,13.46,0.453,0.47,47.06,46.34,4.748,5.896,6.229,7.056,75.93,1000.079,35.23,44.16,302.6,286.8,0.227,-1.533
2026-03-18 13:16:00,1161,13.46,0.388,0.437,50.02,50.64,5.078,6.188,6.384,7.644,69.86,1000.099,34.58,43.47,302.6,287.4,0.171,-1.549
2026-03-18 13:17:00,1162,13.46,0.285,0.367,47.16,46.41,5.279,6.418,7.465,7.938,83.1,1000.095,31.76,39.68,302.7,288.0,0.119,-1.61
2026-03-18 13:18:00,1163,13.46,0.272,0.374,48.81,48.85,4.202,5.357,5.199,6.37,94.7,1000.105,30.19,37.37,302.7,287.4,0.128,-1.642
2026-03-18 13:19:00,1164,13.46,0.287,0.357,48.65,48.06,4.126,4.916,5.663,6.076,87.9,1000.073,29.01,35.82,302.5,285.2,0.121,-1.65
2026-03-18 13:20:00,1165,13.46,0.259,0.324,46.95,46.67,5.036,5.932,7.773,8.82,66.63,1000.086,29.04,35.79,302.4,284.4,0.104,-1.647
2026-03-18 13:21:00,1166,13.46,0.315,0.375,45.34,45.36,2.607,3.265,4.891,5.39,104.8,1000.104,29.61,36.72,302.3,285.5,0.123,-1.636
2026-03-18 13:22:00,1167,13.46,0.419,0.437,46.59,47.44,2.241,3.145,3.089,4.312,50.99,1000.086,30.44,37.61,302.1,286.2,0.168,-1.597
2026-03-18 13:23:00,1168,13.46,0.393,0.376,47.77,46.31,2.018,3.062,3.14,3.92,38.87,1000.106,29.84,36.78,301.7,287.3,0.124,-1.611
2026-03-18 13:24:00,1169,13.46,0.262,0.296,49.85,48.61,2.13,3.158,2.625,3.822,46.74,1000.104,28.17,34.59,301.3,288.3,0.041,-1.723
2026-03-18 13:25:00,1170,13.46,0.076,0.188,49.27,49.71,3.254,4.369,4.53,5.684,82.0,1000.09,27.06,33.44,301.3,287.8,-0.065,-1.834
2026-03-18 13:26:00,1171,13.46,0.025,0.163,48.79,48.96,2.087,2.875,6.229,5.782,72.71,1000.075,26.76,33.12,301.5,286.4,-0.048,-1.768
2026-03-18 13:27:00,1172,13.45,0.102,0.204,46.97,46.89,4.78,5.481,6.641,7.056,100.8,1000.006,26.93,33.26,301.8,284.7,-0.016,-1.73
2026-03-18 13:28:00,1173,13.46,0.226,0.262,47.58,48.15,4.891,5.723,7.156,7.546,89.0,999.9586,27.21,33.48,302.0,284.1,0.027,-1.672
2026-03-18 13:29:00,1174,13.46,0.227,0.222,46.94,47.05,3.855,4.735,5.354,6.076,52.34,999.9716,27.08,33.2,301.8,282.2,0.008,-1.631
2026-03-18 13:30:00,1175,13.46,0.149,0.165,46.95,46.47,2.138,3.139,3.604,3.92,32.85,999.9431,26.62,32.72,301.1,281.2,-0.062,-1.68
2026-03-18 13:31:00,1176,13.46,0.08,0.132,48.24,47.23,2.422,3.485,3.655,4.606,45.88,999.9509,26.95,33.07,300.8,283.0,-0.08,-1.788
2026-03-18 13:32:00,1177,13.46,0.028,0.113,48.24,47.74,3.858,5.101,5.199,6.664,79.54,999.9409,27.74,34.16,300.9,285.2,-0.149,-1.872
2026-03-18 13:33:00,1178,13.46,0.003,0.1,48.49,48.87,4.663,5.82,5.92,7.154,59.59,999.912,28.05,34.68,301.5,285.5,-0.154,-1.828
2026-03-18 13:34:00,1179,13.46,0.012,0.1,49.12,48.0,4.677,6.024,5.869,7.644,68.62,999.9008,28.14,34.81,301.6,286.5,-0.184,-1.795
2026-03-18 13:35:00,1180,13.46,0.008,0.113,49.4,47.21,4.092,4.962,5.663,6.37,74.77,999.8902,28.4,35.14,301.6,286.8,-0.228,-1.755
2026-03-18 13:36:00,1181,13.46,0.006,0.122,49.45,48.03,3.606,4.614,4.891,5.782,87.8,999.8602,28.43,35.32,301.4,286.3,-0.273,-1.774
2026-03-18 13:37:00,1182,13.46,0.015,0.143,48.31,47.05,3.023,3.95,4.015,4.606,95.0,999.8406,28.41,35.32,301.4,285.8,-0.257,-1.85
2026-03-18 13:38:00,1183,13.46,0.027,0.126,47.37,46.33,3.276,4.173,4.53,5.194,103.2,999.81,28.72,35.7,301.4,285.9,-0.247,-1.836
2026-03-18 13:39:00,1184,13.46,0.114,0.185,45.94,45.66,2.358,3.078,3.758,4.018,79.11,999.8204,29.04,36.04,301.6,286.3,-0.201,-1.759
2026-03-18 13:40:00,1185,13.46,0.225,0.252,48.86,47.96,1.88,2.872,2.574,3.724,27.48,999.8441,29.5,36.5,301.2,286.2,-0.171,-1.706
2026-03-18 13:41:00,1186,13.46,0.13,0.165,48.14,47.04,2.483,3.688,3.192,4.41,26.17,999.8632,28.41,34.96,300.7,285.9,-0.249,-1.804
2026-03-18 13:42:00,1187,13.46,-0.062,0.028,49.32,49.95,2.571,3.756,5.766,6.272,23.11,999.8513,27.74,34.28,300.3,285.1,-0.337,-1.916
2026-03-18 13:43:00,1188,13.46,-0.243,-0.122,48.35,47.0,4.485,5.695,5.714,6.664,41.71,999.7796,28.31,35.09,300.2,284.6,-0.421,-1.986
2026-03-18 13:44:00,1189,13.46,-0.285,-0.158,49.2,49.67,3.3,4.307,4.17,5.39,34.09,999.774,28.47,35.47,300.5,285.2,-0.443,-1.998
2026-03-18 13:45:00,1190,13.46,-0.282,-0.182,49.15,47.91,2.405,3.523,3.861,4.508,17.22,999.7648,28.74,35.81,300.3,285.9,-0.482,-1.999
2026-03-18 13:46:00,1191,13.46,-0.249,-0.149,49.62,49.09,2.956,4.14,3.758,5.39,23.74,999.7699,28.19,35.05,300.4,286.6,-0.49,-1.97
2026-03-18 13:47:00,1192,13.46,-0.301,-0.191,51.16,50.45,2.924,4.278,3.398,5.488,51.69,999.7494,28.07,34.8,300.1,285.9,-0.539,-1.982
2026-03-18 13:48:00,1193,13.46,-0.449,-0.298,49.23,47.38,4.537,5.592,6.589,7.84,75.31,999.7332,27.45,34.15,300.1,285.3,-0.619,-2.056
2026-03-18 13:49:00,1194,13.46,-0.406,-0.249,49.91,48.91,3.879,5.003,5.148,6.174,26.09,999.7662,27.39,33.92,300.6,285.0,-0.583,-1.968
2026-03-18 13:50:00,1195,13.46,-0.345,-0.223,47.4,46.44,3.613,4.643,4.53,5.88,35.43,999.7767,28.11,34.73,300.5,285.1,-0.589,-1.96
2026-03-18 13:51:00,1196,13.46,-0.26,-0.137,49.97,50.52,2.536,3.617,3.449,4.704,58.3,999.7844,29.39,36.33,300.5,284.8,-0.563,-1.953
2026-03-18 13:52:00,1197,13.46,-0.298,-0.208,51.84,49.93,2.39,3.437,2.986,3.822,51.92,999.7723,30.39,37.74,300.3,284.2,-0.592,-2.02
2026-03-18 13:53:00,1198,13.46,-0.478,-0.318,51.59,50.5,1.542,2.702,2.677,3.724,32.26,999.7507,30.77,38.31,299.9,284.8,-0.645,-2.125
2026-03-18 13:54:00,1199,13.46,-0.544,-0.37,49.76,48.62,1.795,2.871,2.78,3.724,52.3,999.7141,31.13,38.89,299.3,284.8,-0.696,-2.169
2026-03-18 13:55:00,1200,13.46,-0.552,-0.398,51.93,50.72,2.501,3.652,3.912,5.194,31.28,999.6769,31.94,40.11,299.4,284.1,-0.724,-2.16
2026-03-18 13:56:00,1201,13.46,-0.575,-0.438,50.8,49.7,2.903,3.954,3.81,4.9,78.47,999.6436,31.93,40.13,299.6,284.3,-0.74,-2.142
2026-03-18 13:57:00,1202,13.46,-0.518,-0.399,51.66,50.24,3.518,4.673,5.766,6.566,17.7,999.625,31.49,39.25,300.0,285.0,-0.72,-2.107
2026-03-18 13:58:00,1203,13.46,-0.431,-0.348,46.6,46.34,3.821,4.751,5.92,7.056,4.115,999.6046,31.66,39.44,300.5,285.4,-0.685,-1.982
2026-03-18 13:59:00,1204,13.46,-0.229,-0.212,45.96,45.72,3.081,4.145,4.633,5.586,7.266,999.6051,33.43,41.83,300.7,286.2,-0.603,-1.826
2026-03-18 14:00:00,1205,13.46,-0.099,-0.117,46.89,47.01,2.528,3.464,3.14,4.116,21.07,999.5798,34.95,44.03,300.6,286.1,-0.558,-1.784
2026-03-18 14:01:00,1206,13.46,-0.1,-0.134,48.11,46.77,1.403,2.288,1.956,2.94,32.54,999.5528,35.8,45.27,299.9,284.4,-0.587,-1.885
2026-03-18 14:02:00,1207,13.46,-0.185,-0.158,48.73,48.75,1.531,2.603,2.368,3.724,34.3,999.5214,35.87,45.69,299.4,283.0,-0.628,-2.027
2026-03-18 14:03:00,1208,13.46,-0.274,-0.217,48.83,47.4,2.411,3.491,3.037,4.41,32.26,999.4797,36.36,46.22,299.4,283.5,-0.649,-2.075
2026-03-18 14:04:00,1209,13.46,-0.332,-0.243,49.68,49.14,2.495,3.638,3.501,5.39,50.33,999.4335,36.0,45.57,299.6,285.2,-0.675,-2.086
2026-03-18 14:05:00,1210,13.46,-0.387,-0.279,48.76,48.23,3.508,4.667,4.53,5.88,40.52,999.3911,35.78,45.16,299.8,285.1,-0.695,-2.113
2026-03-18 14:06:00,1211,13.46,-0.388,-0.305,50.37,50.09,3.099,4.21,4.633,5.488,48.83,999.383,36.34,45.78,299.8,285.3,-0.71,-2.074
2026-03-18 14:07:00,1212,13.46,-0.48,-0.402,51.56,51.91,2.233,3.232,2.677,3.822,49.02,999.3682,36.72,46.33,299.5,285.3,-0.758,-2.132
2026-03-18 14:08:00,1213,13.46,-0.645,-0.553,53.55,52.83,2.205,3.205,2.677,3.724,54.4,999.3552,36.73,46.3,299.3,284.9,-0.83,-2.222
2026-03-18 14:09:00,1214,13.46,-0.851,-0.709,53.42,50.28,2.158,3.478,3.655,4.998,32.69,999.3386,36.42,46.03,299.0,285.6,-0.922,-2.313
2026-03-18 14:10:00,1215,13.46,-0.886,-0.686,49.42,48.22,2.736,3.635,4.839,5.782,56.77,999.2838,35.89,45.43,299.6,286.5,-0.907,-2.244
2026-03-18 14:11:00,1216,13.46,-0.682,-0.568,51.81,52.73,2.583,3.567,4.015,5.194,43.62,999.2724,37.04,46.65,299.9,286.8,-0.836,-2.063
2026-03-18 14:12:00,1217,13.46,-0.69,-0.661,54.0,52.87,3.951,5.473,5.508,6.86,32.72,999.227,38.8,48.93,299.8,286.8,-0.861,-2.05
2026-03-18 14:13:00,1218,13.46,-0.865,-0.753,53.65,52.3,4.437,5.89,5.457,6.86,28.0,999.1536,39.67,50.48,299.9,287.3,-0.941,-2.152
2026-03-18 14:14:00,1219,13.46,-0.96,-0.81,54.72,54.13,3.687,5.175,4.891,6.174,25.26,999.1282,40.35,51.5,299.8,287.1,-0.983,-2.212
2026-03-18 14:15:00,1220,13.46,-0.937,-0.761,51.64,49.22,3.626,4.912,4.479,6.174,26.33,999.0764,39.95,51.16,300.1,287.5,-0.979,-2.179
2026-03-18 14:16:00,1221,13.46,-0.682,-0.564,47.99,47.15,3.259,4.379,4.582,5.39,19.3,999.038,40.02,51.19,300.4,287.4,-0.894,-2.019
2026-03-18 14:17:00,1222,13.46,-0.488,-0.434,51.68,50.95,2.004,3.254,3.861,4.704,22.34,999.0175,40.83,51.85,300.2,286.7,-0.826,-1.946
2026-03-18 14:18:00,1223,13.46,-0.591,-0.509,53.68,54.59,2.965,4.077,4.427,5.586,32.68,998.9767,40.26,51.27,299.8,286.1,-0.875,-2.073
2026-03-18 14:19:00,1224,13.46,-0.807,-0.716,52.69,50.8,3.188,4.578,5.199,7.448,15.56,998.93,39.7,50.72,299.7,286.6,-0.94,-2.163
2026-03-18 14:20:00,1225,13.46,-0.892,-0.746,51.81,50.91,4.213,5.607,5.56,7.056,32.4,998.8834,39.41,50.47,300.1,287.7,-0.932,-2.144
2026-03-18 14:21:00,1226,13.46,-0.81,-0.673,50.55,49.24,3.277,4.473,4.582,5.586,36.26,998.8617,38.91,49.8,300.3,288.0,-0.904,-2.09
2026-03-18 14:22:00,1227,13.46,-0.718,-0.627,49.39,47.62,3.131,4.362,3.912,4.998,23.01,998.8247,39.28,50.15,300.2,287.4,-0.889,-2.06
2026-03-18 14:23:00,1228,13.46,-0.679,-0.587,51.61,51.4,3.183,4.348,4.221,5.488,23.57,998.7706,39.36,50.38,300.1,286.8,-0.883,-2.054
2026-03-18 14:24:00,1229,13.46,-0.724,-0.645,53.56,53.38,2.378,3.567,4.067,5.39,24.47,998.7602,39.4,50.62,299.8,286.4,-0.899,-2.112
2026-03-18 14:25:00,1230,13.46,-0.86,-0.757,52.05,49.57,3.154,4.521,4.067,5.684,30.57,998.7049,38.87,50.08,299.7,286.1,-0.952,-2.168
2026-03-18 14:26:00,1231,13.46,-0.868,-0.736,51.55,50.02,4.365,5.466,5.663,7.252,51.89,998.5957,38.06,49.23,300.0,285.9,-0.958,-2.11
2026-03-18 14:27:00,1232,13.46,-0.797,-0.702,50.3,48.54,5.582,7.34,8.19,10.88,0.077,998.5246,37.96,48.92,300.2,285.5,-0.952,-2.022
2026-03-18 14:28:00,1233,13.46,-0.668,-0.546,50.64,50.01,6.029,7.316,9.32,10.68,28.23,998.5065,37.37,48.05,300.8,286.0,-0.886,-1.933
2026-03-18 14:29:00,1234,13.46,-0.529,-0.413,46.98,45.26,5.036,6.509,6.384,7.938,25.8,998.4828,37.06,47.63,301.0,286.7,-0.833,-1.892
2026-03-18 14:30:00,1235,13.46,-0.325,-0.24,48.44,46.18,3.992,5.282,4.891,6.174,43.2,998.5325,36.94,47.26,301.1,287.0,-0.734,-1.778
2026-03-18 14:31:00,1236,13.46,-0.301,-0.222,48.78,48.26,3.489,4.64,4.273,5.292,27.49,998.5442,36.28,46.37,300.9,287.1,-0.714,-1.822
2026-03-18 14:32:00,1237,13.46,-0.353,-0.282,48.27,46.75,2.39,3.496,3.398,4.508,0.183,998.4826,34.95,44.62,300.6,287.1,-0.714,-1.866
2026-03-18 14:33:00,1238,13.46,-0.392,-0.33,49.01,48.08,3.116,4.309,4.53,5.978,0.231,998.421,33.66,42.91,300.3,287.5,-0.715,-1.838
2026-03-18 14:34:00,1239,13.46,-0.473,-0.375,51.68,49.5,2.589,3.91,3.295,4.9,354.4,998.3959,32.21,41.07,300.1,287.4,-0.746,-1.86
2026-03-18 14:35:00,1240,13.46,-0.569,-0.436,51.0,47.9,2.279,3.41,2.883,4.018,354.5,998.398,31.0,39.39,299.7,287.1,-0.783,-1.892
2026-03-18 14:36:00,1241,13.46,-0.648,-0.453,48.65,46.65,1.873,2.944,3.037,4.214,10.21,998.439,29.33,37.24,299.5,286.9,-0.828,-1.978
2026-03-18 14:37:00,1242,13.46,-0.59,-0.409,49.43,46.87,3.566,4.88,5.56,6.664,19.01,998.43,29.02,36.77,299.8,287.0,-0.809,-1.943
2026-03-18 14:38:00,1243,13.46,-0.473,-0.337,48.25,47.76,3.573,4.875,4.479,5.88,14.14,998.4398,28.67,36.33,300.3,287.6,-0.766,-1.876
2026-03-18 14:39:00,1244,13.46,-0.424,-0.32,49.76,50.08,3.512,4.937,4.427,5.488,1.786,998.4524,28.38,35.86,300.2,287.8,-0.756,-1.888
2026-03-18 14:40:00,1245,13.46,-0.567,-0.45,53.22,51.84,2.751,4.145,3.501,4.9,354.5,998.4623,27.39,34.74,299.8,287.6,-0.824,-2.004
2026-03-18 14:41:00,1246,13.45,-0.824,-0.626,52.96,51.03,2.537,3.881,3.964,5.782,8.66,998.4141,25.8,32.79,299.5,287.8,-0.879,-2.109
2026-03-18 14:42:00,1247,13.45,-0.919,-0.687,53.74,52.04,1.643,2.977,2.883,4.116,2.637,998.329,25.04,31.7,299.3,287.8,-0.907,-2.095
2026-03-18 14:43:00,1248,13.44,-0.968,-0.743,51.14,48.03,2.699,4.32,5.869,7.84,0.142,998.2208,24.32,30.68,299.3,288.1,-0.923,-2.054
2026-03-18 14:44:00,1249,13.45,-0.758,-0.548,47.33,46.09,2.87,4.072,5.663,7.056,340.4,998.207,23.81,29.98,300.2,288.9,-0.863,-1.754
2026-03-18 14:45:00,1250,13.45,-0.459,-0.342,45.87,44.85,2.672,3.964,3.346,5.096,0.225,998.2855,24.0,29.97,300.3,289.4,-0.791,-1.469
2026-03-18 14:46:00,1251,13.45,-0.294,-0.234,48.55,48.47,2.893,4.189,4.273,5.488,23.21,998.2355,23.66,29.39,300.4,289.5,-0.742,-1.391
2026-03-18 14:47:00,1252,13.45,-0.386,-0.305,49.91,46.96,3.5,5.158,4.273,5.978,17.41,998.1815,23.18,28.82,300.2,289.7,-0.774,-1.566
2026-03-18 14:48:00,1253,13.45,-0.535,-0.363,49.36,47.48,4.498,6.347,6.589,8.53,18.88,998.0475,22.27,27.81,300.2,289.9,-0.811,-1.74
2026-03-18 14:49:00,1254,13.45,-0.514,-0.346,47.84,47.57,3.952,5.254,5.354,6.86,17.17,998.0214,21.35,26.72,300.7,290.4,-0.782,-1.666
2026-03-18 14:50:00,1255,13.45,-0.414,-0.314,46.87,45.3,4.732,6.366,8.34,9.31,4.216,998.0108,21.65,26.88,300.8,290.2,-0.741,-1.542
2026-03-18 14:52:00,1256,0.0,-0.231,-0.186,45.73,45.52,3.558,4.986,4.788,6.468,0.071,959.5,20.87,26.06,289.2,278.7,-0.65,-1.431
2026-03-18 14:53:00,1257,13.45,-0.276,-0.226,47.79,46.86,2.566,3.922,3.243,4.508,14.66,998.0193,21.6,26.93,300.4,289.7,-0.689,-1.54
2026-03-18 14:54:00,1258,13.45,-0.37,-0.313,50.93,50.98,2.613,4.076,5.457,6.664,23.46,997.9322,21.29,26.59,300.1,289.5,-0.719,-1.712
2026-03-18 14:55:00,1259,13.45,-0.492,-0.412,46.62,45.47,5.631,7.311,8.39,9.9,23.65,997.9098,20.48,25.67,300.6,290.1,-0.736,-1.91
2026-03-18 14:56:00,1260,13.45,-0.382,-0.315,49.34,47.99,4.609,6.536,6.023,7.644,26.71,997.9232,21.34,26.54,300.9,289.9,-0.695,-2.648
2026-03-18 14:57:00,1261,13.45,-0.479,-0.374,48.38,45.99,4.077,6.029,5.457,7.35,31.02,997.9405,21.28,26.62,300.6,289.4,-0.754,-2.987
2026-03-18 14:58:00,1262,13.45,-0.489,-0.336,48.49,47.79,4.109,5.636,6.384,8.13,24.76,997.9249,20.64,25.89,300.9,289.7,-0.721,-3.115
2026-03-18 14:59:00,1263,13.41,-0.437,-0.34,50.21,48.95,3.1,4.724,4.324,6.37,33.67,997.9757,21.1,26.18,300.5,289.0,-0.735,-3.169
2026-03-18 15:00:00,1264,13.45,-0.527,-0.4,47.51,46.15,3.485,5.041,5.354,6.958,43.59,997.9833,19.91,24.83,300.5,289.3,-0.763,-3.194
2026-03-18 15:01:00,1265,13.45,-0.457,-0.333,49.06,48.8,3.264,4.464,4.685,6.566,52.19,997.9379,19.97,24.68,300.7,289.7,-0.712,-3.208
2026-03-18 15:02:00,1266,13.46,-0.427,-0.335,49.43,49.17,5.346,6.769,8.13,9.31,42.86,997.8955,19.82,24.47,300.6,289.7,-0.735,-3.217
2026-03-18 15:03:00,1267,13.46,-0.508,-0.401,52.36,52.4,6.158,7.705,7.825,10.29,31.19,997.8564,19.62,24.16,300.7,289.5,-0.774,-3.226
2026-03-18 15:04:00,1268,13.46,-0.616,-0.471,51.79,49.16,8.16,10.31,11.22,13.43,48.34,997.7552,19.18,23.61,301.0,289.5,-0.805,-3.239
2026-03-18 15:05:00,1269,13.46,-0.559,-0.38,46.89,45.2,6.719,8.04,11.53,12.45,51.68,997.7974,18.75,23.17,301.3,289.5,-0.768,-3.267
2026-03-18 15:06:00,1270,13.46,-0.418,-0.322,50.21,48.8,5.598,7.216,7.156,8.82,16.11,997.8135,19.7,24.09,300.9,288.9,-0.753,-3.284
2026-03-18 15:07:00,1271,13.45,-0.483,-0.382,47.04,45.34,6.672,8.02,10.09,12.05,46.13,997.7371,18.84,23.24,300.9,289.2,-0.804,-3.295
2026-03-18 15:08:00,1272,13.46,-0.384,-0.308,45.72,44.48,6.06,7.09,8.19,9.41,55.35,997.7422,18.31,22.72,301.2,289.5,-0.739,-3.304
2026-03-18 15:09:00,1273,13.46,-0.247,-0.201,46.38,45.02,5.33,6.81,8.49,11.47,12.68,997.7721,18.84,23.18,301.3,289.4,-0.634,-3.313
2026-03-18 15:10:00,1274,13.46,-0.158,-0.093,44.65,44.94,7.401,8.74,9.88,11.37,6.901,997.7139,18.81,23.18,301.5,288.9,-0.595,-3.318
2026-03-18 15:11:00,1275,13.46,-0.203,-0.177,48.48,48.53,5.903,7.04,8.55,9.31,43.99,997.8329,19.09,23.47,301.0,288.2,-0.633,-3.312
2026-03-18 15:12:00,1276,13.46,-0.422,-0.347,47.42,47.02,4.727,5.943,5.817,7.252,42.17,997.8585,17.49,21.63,300.7,288.4,-0.736,-3.311
2026-03-18 15:13:00,1277,13.46,-0.412,-0.318,47.57,45.95,6.385,7.923,9.27,10.78,36.18,997.802,16.7,20.59,300.9,289.2,-0.74,-3.311
2026-03-18 15:14:00,1278,13.46,-0.278,-0.185,43.95,43.54,5.031,6.033,7.516,8.33,41.45,997.8568,16.14,19.92,301.4,289.6,-0.654,-3.318
2026-03-18 15:15:00,1279,13.46,-0.062,-0.038,44.45,44.16,1.468,2.365,2.523,3.43,51.16,997.8162,17.25,20.99,301.2,289.8,-0.561,-3.315
2026-03-18 15:16:00,1280,13.46,-0.028,-0.051,46.46,46.94,3.133,4.355,4.685,5.488,29.66,997.7878,16.99,20.68,300.7,289.7,-0.59,-3.309
2026-03-18 15:17:00,1281,13.46,-0.186,-0.183,47.71,46.62,3.52,4.651,5.714,7.056,61.52,997.7955,16.21,19.76,300.6,289.9,-0.641,-3.305
2026-03-18 15:18:00,1282,13.46,-0.246,-0.212,44.41,44.26,2.219,3.108,3.089,4.116,29.64,997.7938,15.34,18.85,300.5,290.0,-0.658,-3.304
2026-03-18 15:19:00,1283,13.46,-0.262,-0.252,48.63,50.56,3.736,4.902,6.744,7.35,47.18,997.7699,15.43,18.81,300.4,289.5,-0.66,-3.3
2026-03-18 15:20:00,1284,13.46,-0.406,-0.388,47.33,46.02,5.972,7.727,7.722,9.41,31.61,997.6591,15.06,18.42,300.5,289.6,-0.72,-3.309
2026-03-18 15:21:00,1285,13.46,-0.41,-0.339,49.51,49.3,7.073,8.57,9.99,10.39,40.29,997.6111,15.12,18.48,300.9,289.6,-0.718,-3.325
2026-03-18 15:22:00,1286,13.46,-0.494,-0.415,52.17,50.05,5.066,6.386,7.516,8.53,65.31,997.6693,14.99,18.48,300.8,289.4,-0.779,-3.344
2026-03-18 15:23:00,1287,13.46,-0.533,-0.417,47.72,47.08,4.709,5.82,5.611,6.958,22.23,997.6744,15.02,18.39,300.8,289.1,-0.772,-3.353
2026-03-18 15:24:00,1288,13.46,-0.51,-0.424,49.71,48.77,3.726,5.18,5.817,7.644,35.1,997.6929,15.46,18.94,300.5,288.8,-0.79,-3.351
2026-03-18 15:25:00,1289,13.46,-0.592,-0.485,50.44,48.19,5.482,7.068,6.692,8.33,40.8,997.6332,15.26,18.84,300.4,288.8,-0.849,-3.351
2026-03-18 15:26:00,1290,13.46,-0.593,-0.464,49.61,48.52,4.955,5.964,7.156,8.04,65.56,997.6558,15.34,19.01,300.7,289.0,-0.844,-3.351
2026-03-18 15:27:00,1291,13.46,-0.54,-0.437,50.55,49.55,4.663,5.889,6.538,7.546,52.62,997.6296,16.05,19.83,300.9,288.7,-0.802,-3.353
2026-03-18 15:28:00,1292,13.46,-0.559,-0.445,50.5,47.95,3.703,4.836,5.457,5.88,62.99,997.5762,16.51,20.42,300.7,289.1,-0.819,-3.356
2026-03-18 15:29:00,1293,13.46,-0.606,-0.449,51.55,50.32,5.296,6.85,7.259,9.51,31.14,997.5197,16.69,20.61,300.7,288.8,-0.846,-3.356
2026-03-18 15:30:00,1294,13.46,-0.675,-0.518,48.47,45.61,7.612,9.33,11.38,13.43,25.76,997.4683,16.43,20.44,300.8,289.0,-0.891,-3.369
2026-03-18 15:31:00,1295,13.46,-0.598,-0.451,49.73,48.37,5.195,6.712,6.281,7.742,18.75,997.5112,16.69,20.74,300.7,288.7,-0.892,-3.379
2026-03-18 15:32:00,1296,13.46,-0.511,-0.385,46.19,45.0,4.341,5.471,6.229,7.35,9.27,997.4814,16.73,20.89,300.7,288.7,-0.88,-3.38
2026-03-18 15:33:00,1297,13.46,-0.402,-0.329,49.7,49.18,4.106,5.504,4.736,6.076,12.85,997.4506,17.76,22.25,300.4,287.9,-0.875,-3.368
2026-03-18 15:34:00,1298,13.46,-0.513,-0.398,46.95,45.85,4.49,5.93,7.207,8.82,16.5,997.3912,17.51,22.16,300.2,287.7,-0.925,-3.357
2026-03-18 15:35:00,1299,13.46,-0.455,-0.356,48.21,48.28,4.041,5.168,7.259,7.938,40.68,997.3514,17.84,22.6,300.6,287.2,-0.863,-3.351
2026-03-18 15:36:00,1300,13.46,-0.469,-0.414,49.28,47.94,5.874,7.42,7.825,9.41,47.09,997.3219,18.88,23.71,300.5,286.6,-0.854,-3.349
2026-03-18 15:37:00,1301,13.46,-0.434,-0.332,48.64,47.66,6.488,7.866,8.44,10.19,52.43,997.3173,18.86,23.85,300.9,286.7,-0.828,-3.355
2026-03-18 15:38:00,1302,13.46,-0.381,-0.307,48.01,46.81,6.394,7.707,9.01,10.29,48.88,997.3352,19.07,24.1,300.9,286.5,-0.802,-3.363
2026-03-18 15:39:00,1303,13.46,-0.393,-0.347,50.68,51.91,6.485,7.756,9.06,10.29,32.36,997.2433,19.35,24.39,300.8,286.3,-0.8,-3.376
2026-03-18 15:40:00,1304,13.46,-0.54,-0.473,49.94,48.91,8.91,10.73,12.3,14.11,34.28,997.0989,18.72,23.69,301.0,286.5,-0.856,-3.379
2026-03-18 15:41:00,1305,13.46,-0.437,-0.331,49.03,47.9,7.605,9.27,10.35,11.96,31.25,997.1776,18.71,23.67,301.4,286.4,-0.793,-3.39
2026-03-18 15:42:00,1306,13.46,-0.367,-0.261,45.79,45.23,6.797,8.22,8.85,10.88,39.62,997.204,19.03,24.16,301.3,285.7,-0.775,-3.395
2026-03-18 15:43:00,1307,13.46,-0.324,-0.253,48.44,48.32,5.135,6.419,7.156,8.23,34.53,997.203,19.64,24.83,301.0,285.3,-0.739,-3.39
2026-03-18 15:44:00,1308,13.46,-0.369,-0.29,47.66,46.32,6.437,7.346,8.8,9.8,61.27,997.1608,19.02,24.25,301.2,287.0,-0.751,-3.382
2026-03-18 15:45:00,1309,13.46,-0.215,-0.132,46.11,45.87,4.769,5.782,6.075,6.762,73.2,997.1765,19.16,24.36,301.6,288.1,-0.639,-3.378
2026-03-18 15:46:00,1310,13.46,-0.047,0.015,44.46,44.05,2.839,3.656,4.427,5.292,46.21,997.1929,19.29,24.33,301.7,288.1,-0.519,-3.368
2026-03-18 15:47:00,1311,13.46,0.097,0.117,44.36,44.03,2.922,3.851,4.376,5.488,38.02,997.1973,19.19,24.09,301.6,288.3,-0.441,-3.36
2026-03-18 15:48:00,1312,13.46,0.158,0.15,46.11,44.39,0.698,1.971,1.287,2.744,10.56,997.2062,18.94,23.68,301.0,287.8,-0.435,-3.347
2026-03-18 15:49:00,1313,13.46,0.078,0.071,45.79,45.43,2.878,4.014,4.17,5.292,354.5,997.1852,18.23,22.82,300.4,287.1,-0.476,-3.333
2026-03-18 15:50:00,1314,13.46,-0.092,-0.082,45.48,46.0,3.391,4.323,5.508,6.37,33.31,997.139,17.7,22.33,300.4,286.9,-0.524,-3.317
2026-03-18 15:51:00,1315,13.46,-0.193,-0.166,45.8,44.83,5.255,6.385,7.568,8.82,47.86,997.0616,17.6,22.26,300.7,287.2,-0.523,-3.315
2026-03-18 15:52:00,1316,13.46,-0.065,-0.032,46.66,46.53,4.893,6.13,6.898,7.546,30.39,997.0506,17.82,22.61,301.4,287.5,-0.461,-3.32
2026-03-18 15:53:00,1317,13.46,-0.094,-0.096,48.61,48.08,5.937,7.372,7.671,9.21,36.72,996.9945,18.46,23.35,300.9,286.7,-0.535,-3.332
2026-03-18 15:54:00,1318,13.46,-0.319,-0.216,46.91,45.4,5.253,6.563,6.847,8.23,52.11,997.0092,17.05,21.76,300.8,287.1,-0.632,-3.342
2026-03-18 15:55:00,1319,13.46,-0.364,-0.226,49.89,49.92,4.439,5.575,5.714,7.056,49.52,997.065,16.76,21.31,300.7,287.0,-0.655,-3.341
2026-03-18 15:56:00,1320,13.45,-0.496,-0.372,50.47,49.56,5.012,6.249,6.538,7.644,55.94,997.022,16.63,21.17,300.6,287.3,-0.736,-3.341
2026-03-18 15:57:00,1321,13.46,-0.497,-0.341,48.07,47.33,6.782,8.12,9.06,9.9,47.73,996.9529,16.1,20.6,301.2,287.9,-0.719,-3.343
2026-03-18 15:58:00,1322,13.46,-0.433,-0.32,48.01,47.03,5.738,6.951,6.898,7.742,43.36,996.9908,17.0,21.52,300.9,288.0,-0.726,-3.351
2026-03-18 15:59:00,1323,13.46,-0.509,-0.399,50.15,49.75,4.914,6.137,5.972,7.448,28.27,997.0031,16.62,21.18,300.6,287.6,-0.794,-3.356
2026-03-18 16:00:00,1324,13.46,-0.604,-0.489,50.0,48.71,3.981,5.344,5.354,6.566,14.38,996.9706,16.22,20.71,300.3,287.3,-0.855,-3.359
2026-03-18 16:01:00,1325,13.46,-0.618,-0.476,48.89,46.35,5.949,7.547,7.053,9.02,27.36,996.8677,16.09,20.6,300.5,287.2,-0.877,-3.356
2026-03-18 16:02:00,1326,13.46,-0.586,-0.425,48.06,46.8,4.569,5.776,5.869,7.252,36.3,996.8237,16.07,20.72,300.5,287.1,-0.875,-3.351
2026-03-18 16:03:00,1327,13.46,-0.576,-0.459,51.52,51.44,4.249,5.589,5.405,6.468,18.83,996.7794,16.73,21.52,300.2,286.5,-0.892,-3.35
2026-03-18 16:04:00,1328,13.46,-0.705,-0.587,49.95,47.78,4.269,5.743,5.714,6.664,29.01,996.7803,16.71,21.7,300.0,286.6,-0.977,-3.35
2026-03-18 16:05:00,1329,13.45,-0.749,-0.555,49.41,47.95,4.849,6.284,6.126,7.644,43.1,996.769,16.15,21.09,300.3,287.6,-0.987,-3.348
2026-03-18 16:06:00,1330,13.46,-0.641,-0.458,46.24,44.97,5.612,6.779,7.259,8.72,34.12,996.7532,15.62,20.3,300.7,287.8,-0.935,-3.351
2026-03-18 16:07:00,1331,13.46,-0.407,-0.307,47.42,47.14,3.972,5.093,6.435,6.958,29.7,996.763,16.14,20.6,300.8,288.1,-0.841,-3.357
2026-03-18 16:08:00,1332,13.46,-0.377,-0.344,50.03,49.23,5.244,6.627,6.847,8.04,35.15,996.6992,15.94,20.29,300.5,288.5,-0.867,-3.354
2026-03-18 16:09:00,1333,13.45,-0.486,-0.41,47.4,46.13,5.474,6.712,7.001,8.53,51.28,996.6698,14.89,19.09,300.7,288.9,-0.885,-3.359
2026-03-18 16:10:00,1334,13.46,-0.455,-0.375,47.45,46.7,4.65,5.802,6.126,7.056,27.01,996.7435,14.72,18.69,300.7,287.9,-0.863,-3.36
2026-03-18 16:11:00,1335,13.46,-0.471,-0.407,48.01,47.44,3.73,4.962,4.479,5.782,0.16,996.7897,14.58,18.36,300.3,287.0,-0.889,-3.358
2026-03-18 16:12:00,1336,13.46,-0.53,-0.44,47.2,47.12,3.245,4.199,4.324,5.586,354.5,996.7298,14.01,17.76,300.0,286.6,-0.924,-3.353
2026-03-18 16:13:00,1337,13.46,-0.539,-0.468,48.19,47.03,2.326,3.025,2.986,4.018,321.6,996.6917,14.26,18.08,299.7,286.7,-0.93,-3.341
2026-03-18 16:14:00,1338,13.46,-0.593,-0.529,49.68,49.98,2.865,3.931,4.633,5.488,59.31,996.6922,13.97,17.76,299.6,286.2,-0.956,-3.335
2026-03-18 16:15:00,1339,13.46,-0.672,-0.61,50.33,49.64,3.272,4.351,4.839,5.488,42.04,996.6503,13.77,17.5,299.4,283.9,-1.007,-3.334
2026-03-18 16:16:00,1340,13.46,-0.72,-0.666,49.15,48.15,3.724,4.825,4.942,6.272,32.18,996.5988,13.76,17.45,299.3,282.1,-1.035,-3.336
2026-03-18 16:17:00,1341,13.45,-0.752,-0.68,48.27,47.38,5.002,6.27,7.516,8.13,42.17,996.5856,13.37,17.06,299.6,283.3,-1.043,-3.345
2026-03-18 16:18:00,1342,13.46,-0.693,-0.631,50.85,49.99,4.571,5.789,6.795,7.644,28.7,996.584,13.44,17.04,299.9,283.9,-1.024,-3.355
2026-03-18 16:19:00,1343,13.46,-0.734,-0.642,49.08,46.65,3.74,4.946,4.53,5.586,27.83,996.61,13.04,16.52,299.3,283.7,-1.096,-3.364
2026-03-18 16:20:00,1344,13.46,-0.666,-0.533,47.27,46.1,3.472,4.53,6.589,8.04,41.07,996.6227,11.76,14.94,299.8,284.8,-1.05,-3.37
2026-03-18 16:21:00,1345,13.46,-0.466,-0.375,45.25,45.02,1.994,2.595,3.552,4.312,34.52,996.5414,11.99,14.9,300.0,284.9,-0.95,-3.375
2026-03-18 16:22:00,1346,13.46,-0.294,-0.263,46.36,46.35,2.535,3.605,5.045,6.076,28.16,996.5378,12.27,15.02,300.0,285.7,-0.885,-3.368
2026-03-18 16:23:00,1347,13.45,-0.272,-0.274,45.4,45.67,3.23,4.058,4.427,5.292,0.189,996.5321,11.99,14.83,299.9,286.5,-0.895,-3.365
2026-03-18 16:24:00,1348,13.46,-0.288,-0.273,45.16,45.78,2.438,3.241,3.964,4.998,24.43,996.4728,11.2,14.15,299.9,287.2,-0.879,-3.357
2026-03-18 16:25:00,1349,13.46,-0.264,-0.275,46.85,46.91,2.286,3.315,3.964,4.802,34.09,996.4785,11.26,14.25,299.9,287.9,-0.858,-3.356
2026-03-18 16:26:00,1350,13.46,-0.345,-0.343,49.37,49.98,3.378,4.346,4.015,5.096,49.07,996.4882,10.93,13.88,299.9,288.2,-0.879,-3.354
2026-03-18 16:27:00,1351,13.46,-0.505,-0.483,49.34,48.74,4.137,5.488,6.126,7.546,27.11,996.4719,9.98,12.7,299.8,288.2,-0.961,-3.363
2026-03-18 16:28:00,1352,13.46,-0.579,-0.507,49.39,48.91,5.585,7.088,7.825,9.9,30.64,996.3829,9.12,11.61,300.3,288.6,-0.962,-3.369
2026-03-18 16:29:00,1353,13.46,-0.602,-0.507,51.4,49.23,8.32,10.05,10.6,12.64,40.36,996.2541,8.69,11.09,300.7,289.6,-0.974,-3.384
2026-03-18 16:30:00,1354,13.46,-0.616,-0.468,50.88,47.77,7.579,9.0,9.63,10.19,52.85,996.3579,8.56,10.87,300.9,289.2,-0.991,-3.396
2026-03-18 16:31:00,1355,13.46,-0.54,-0.381,47.74,46.18,6.07,7.178,9.78,10.39,42.66,996.441,7.779,9.83,301.3,288.7,-0.929,-3.408
2026-03-18 16:32:00,1356,13.46,-0.437,-0.32,46.96,46.28,3.323,4.218,4.891,5.39,60.33,996.4136,8.07,9.98,300.9,288.0,-0.88,-3.416
2026-03-18 16:33:00,1357,13.45,-0.394,-0.319,51.37,51.69,4.289,5.527,8.13,8.82,60.11,996.3996,7.973,9.75,300.8,287.9,-0.848,-3.41
2026-03-18 16:34:00,1358,13.46,-0.525,-0.45,54.54,53.59,5.999,7.393,7.876,9.31,47.96,996.3278,7.926,9.63,300.9,287.7,-0.894,-3.412
2026-03-18 16:35:00,1359,13.46,-0.77,-0.634,52.74,51.95,5.62,6.859,8.29,9.51,37.06,996.3002,7.021,8.75,300.6,288.1,-1.011,-3.421
2026-03-18 16:36:00,1360,13.46,-0.737,-0.579,51.56,50.03,7.598,9.31,9.47,11.47,35.89,996.1993,6.401,7.955,301.0,288.9,-0.982,-3.428
2026-03-18 16:37:00,1361,13.46,-0.707,-0.549,52.26,51.4,7.19,8.74,9.27,10.58,44.11,996.2075,6.858,8.48,300.9,288.1,-1.028,-3.436
2026-03-18 16:38:00,1362,13.45,-0.745,-0.591,50.33,49.24,4.521,5.548,6.847,7.154,5.269,996.2236,6.189,7.732,300.8,287.8,-1.04,-3.444
2026-03-18 16:39:00,1363,13.45,-0.705,-0.594,50.75,48.79,4.17,5.387,8.85,10.49,34.82,996.1614,6.331,7.781,300.5,288.2,-1.038,-3.433
2026-03-18 16:40:00,1364,13.46,-0.575,-0.468,47.76,45.84,6.291,7.763,8.19,9.41,25.55,996.0503,5.863,7.2,301.2,289.0,-0.975,-3.428
2026-03-18 16:41:00,1365,13.46,-0.397,-0.304,48.55,48.16,5.239,6.349,6.178,7.448,29.54,996.0367,6.08,7.425,301.4,289.0,-0.875,-3.424
2026-03-18 16:42:00,1366,13.45,-0.369,-0.325,48.62,46.9,5.27,6.547,7.979,9.41,58.41,995.9915,6.457,7.812,301.0,289.7,-0.877,-3.417
2026-03-18 16:43:00,1367,13.46,-0.326,-0.254,51.21,51.7,5.909,6.764,7.773,8.33,51.84,995.9519,6.0,7.266,301.3,289.8,-0.85,-3.417
2026-03-18 16:44:00,1368,13.46,-0.356,-0.288,50.49,49.33,7.979,9.62,10.6,12.15,52.28,995.908,5.502,6.724,301.3,290.0,-0.889,-3.42
2026-03-18 16:45:00,1369,13.46,-0.421,-0.291,48.85,46.38,6.931,8.21,8.39,10.09,28.38,995.9863,5.035,6.165,301.4,290.4,-0.899,-3.426
2026-03-18 16:46:00,1370,13.46,-0.388,-0.263,48.29,47.13,5.663,7.055,7.362,8.62,16.83,995.9869,4.747,5.749,301.5,291.0,-0.855,-3.427
2026-03-18 16:47:00,1371,13.46,-0.336,-0.22,46.67,45.79,5.274,6.624,7.259,8.53,26.72,995.9745,4.412,5.366,301.5,291.2,-0.85,-3.42
2026-03-18 16:48:00,1372,13.46,-0.256,-0.164,48.63,46.78,4.911,6.246,6.126,7.35,35.96,995.9861,4.576,5.437,301.5,291.3,-0.795,-3.401
2026-03-18 16:49:00,1373,13.46,-0.258,-0.179,49.18,49.26,6.234,7.546,7.619,9.31,31.93,995.957,4.142,4.941,301.5,291.4,-0.789,-3.387
2026-03-18 16:50:00,1374,13.46,-0.289,-0.212,46.1,45.46,6.887,8.06,8.65,10.0,27.61,995.963,3.729,4.423,301.6,292.0,-0.798,-3.385
2026-03-18 16:51:00,1375,13.46,-0.247,-0.196,50.94,49.85,5.059,6.373,6.538,7.938,39.16,996.0471,4.097,4.835,301.5,291.8,-0.773,-3.38
2026-03-18 16:52:00,1376,13.46,-0.373,-0.285,47.69,45.87,6.153,7.361,8.55,10.58,50.87,996.0467,3.192,3.86,301.6,292.2,-0.791,-3.381
2026-03-18 16:53:00,1377,13.46,-0.257,-0.148,46.11,44.97,5.686,6.507,7.362,7.84,65.61,996.0748,3.007,3.62,302.1,292.4,-0.691,-3.377
2026-03-18 16:54:00,1378,13.46,-0.076,-0.013,45.06,44.49,3.361,4.321,4.324,5.586,24.69,996.1226,3.721,4.299,301.9,292.2,-0.609,-3.371
2026-03-18 16:55:00,1379,13.46,-0.004,0.022,47.35,47.82,2.539,3.446,3.449,4.508,42.04,996.1536,4.042,4.587,301.5,291.7,-0.58,-3.363
2026-03-18 16:56:00,1380,13.46,-0.099,-0.102,49.43,48.87,2.43,3.455,3.449,4.41,22.06,996.1639,3.78,4.33,301.0,291.2,-0.647,-3.353
2026-03-18 16:57:00,1381,13.46,-0.32,-0.258,50.27,49.06,1.282,2.189,1.956,2.744,30.3,996.1385,3.016,3.518,300.4,291.2,-0.757,-3.345
2026-03-18 16:58:00,1382,13.46,-0.502,-0.379,49.05,47.02,1.82,2.449,2.42,3.234,32.89,996.1293,2.511,3.003,300.0,291.4,-0.86,-3.339
2026-03-18 16:59:00,1383,13.46,-0.588,-0.423,49.09,48.34,1.132,1.933,2.317,2.842,4.441,996.0533,1.92,2.349,300.3,292.1,-0.875,-3.328
2026-03-18 17:00:00,1384,13.46,-0.552,-0.424,51.66,49.87,1.712,2.637,2.008,3.234,41.97,996.0515,2.983,3.486,299.8,291.4,-0.923,-3.322
2026-03-18 17:01:00,1385,13.46,-0.655,-0.507,50.59,50.08,3.243,4.296,4.685,5.978,31.0,995.9744,2.015,2.569,300.0,292.1,-0.999,-3.321
2026-03-18 17:02:00,1386,13.46,-0.629,-0.474,49.46,48.65,3.178,4.263,4.015,4.998,29.0,995.9688,2.591,3.141,300.3,292.1,-0.991,-3.328
2026-03-18 17:03:00,1387,13.46,-0.525,-0.396,50.3,49.77,4.708,5.956,7.156,8.72,44.74,995.9208,2.468,3.102,300.8,292.3,-0.974,-3.334
2026-03-18 17:04:00,1388,13.46,-0.452,-0.337,50.48,47.25,6.719,7.891,8.96,9.51,74.88,995.8691,2.988,3.603,301.3,292.0,-0.918,-3.338
2026-03-18 17:05:00,1389,13.46,-0.334,-0.194,48.04,47.2,5.288,5.948,7.362,7.938,64.3,995.9001,3.105,3.733,301.7,291.7,-0.83,-3.347
2026-03-18 17:06:00,1390,13.46,-0.198,-0.118,49.66,49.87,3.264,4.007,4.53,5.684,70.86,995.9431,3.727,4.457,301.6,291.7,-0.774,-3.346
2026-03-18 17:07:00,1391,13.46,-0.176,-0.094,47.68,45.64,4.473,5.817,6.589,7.546,82.8,995.9116,3.588,4.248,301.8,292.2,-0.746,-3.344
2026-03-18 17:08:00,1392,13.46,-0.147,-0.038,50.22,48.04,5.948,7.096,8.19,9.11,16.3,995.8199,3.825,4.628,301.9,292.0,-0.696,-3.343
2026-03-18 17:09:00,1393,13.46,-0.237,-0.12,50.49,48.12,3.998,5.375,4.788,6.076,7.415,995.8428,3.999,4.897,301.5,291.5,-0.74,-3.351
2026-03-18 17:10:00,1394,13.46,-0.364,-0.221,51.61,48.9,4.516,5.941,5.817,6.566,0.106,995.812,3.801,4.851,301.2,291.7,-0.8,-3.347
2026-03-18 17:11:00,1395,13.46,-0.49,-0.288,51.9,50.77,4.128,5.485,5.251,6.958,20.63,995.7917,3.499,4.672,301.1,291.0,-0.847,-3.336
2026-03-18 17:12:00,1396,13.46,-0.543,-0.369,51.65,50.0,4.692,6.006,6.126,7.742,53.98,995.7381,3.711,4.95,301.0,289.5,-0.882,-3.323
2026-03-18 17:13:00,1397,13.46,-0.498,-0.316,48.73,47.2,4.267,5.247,5.405,6.37,70.37,995.7177,3.244,4.44,301.5,291.0,-0.843,-3.321
2026-03-18 17:14:00,1398,13.46,-0.238,-0.105,49.38,47.74,4.13,5.017,5.199,6.076,64.84,995.7413,4.274,5.401,302.1,292.9,-0.712,-3.323
2026-03-18 17:15:00,1399,13.46,-0.136,-0.044,50.03,47.58,4.416,5.414,6.332,6.762,39.62,995.7635,4.673,5.998,302.0,293.6,-0.707,-3.326
2026-03-18 17:16:00,1400,13.46,-0.12,-0.035,49.51,47.27,4.046,5.104,4.942,5.88,51.95,995.741,4.451,5.8,301.9,292.5,-0.715,-3.326
2026-03-18 17:17:00,1401,13.46,-0.109,0.026,48.18,47.38,4.015,4.886,4.839,5.586,59.46,995.7692,4.21,5.628,301.8,292.7,-0.719,-3.324
2026-03-18 17:18:00,1402,13.46,-0.036,0.114,48.09,47.31,3.016,3.968,3.81,4.802,79.29,995.7537,4.248,5.683,302.2,293.1,-0.653,-3.326
2026-03-18 17:19:00,1403,13.45,0.029,0.172,48.58,47.04,2.74,3.695,3.346,4.312,51.2,995.7055,4.94,6.52,302.0,290.6,-0.588,-3.324
2026-03-18 17:20:00,1404,13.46,0.01,0.125,50.16,49.51,3.013,3.874,4.015,4.998,62.3,995.6752,5.549,7.304,301.6,289.9,-0.591,-3.315
2026-03-18 17:21:00,1405,13.46,-0.118,0.004,50.07,49.48,3.27,4.193,4.067,5.096,51.35,995.6638,4.806,6.469,301.6,290.5,-0.629,-3.315
2026-03-18 17:22:00,1406,13.46,-0.246,-0.133,53.68,52.79,4.756,5.87,7.104,7.742,26.02,995.6753,4.536,6.167,301.6,291.3,-0.673,-3.317
2026-03-18 17:23:00,1407,13.46,-0.279,-0.148,51.62,50.31,6.093,7.36,8.34,9.21,33.21,995.5719,4.115,5.705,302.3,292.7,-0.651,-3.318
2026-03-18 17:24:00,1408,13.46,-0.172,-0.062,50.89,50.11,4.506,5.668,5.611,7.154,43.84,995.5771,4.395,5.989,302.2,290.8,-0.627,-3.323
2026-03-18 17:25:00,1409,13.46,-0.188,-0.103,50.93,50.31,5.088,6.374,6.384,7.546,51.35,995.5631,4.545,6.103,301.9,288.9,-0.635,-3.325
2026-03-18 17:26:00,1410,13.46,-0.298,-0.158,51.08,50.24,6.65,8.2,8.29,10.0,35.83,995.473,4.343,5.918,301.9,289.3,-0.68,-3.323
2026-03-18 17:27:00,1411,13.46,-0.298,-0.168,49.54,48.23,7.236,8.62,13.08,13.92,46.93,995.3968,3.766,5.328,302.3,290.1,-0.664,-3.327
2026-03-18 17:28:00,1412,13.45,-0.119,-0.058,50.62,50.68,6.117,7.501,7.362,8.82,36.81,995.4508,4.476,6.01,302.5,288.5,-0.571,-3.33
2026-03-18 17:29:00,1413,13.46,-0.2,-0.158,50.62,50.99,6.294,7.716,8.34,9.8,38.59,995.3856,4.653,6.207,301.8,286.0,-0.637,-3.331
2026-03-18 17:30:00,1414,13.46,-0.319,-0.26,52.17,53.02,7.377,8.6,9.68,11.17,28.02,995.3116,4.215,5.798,301.7,285.0,-0.693,-3.323
2026-03-18 17:31:00,1415,13.46,-0.411,-0.361,54.59,53.5,8.15,9.89,9.73,12.15,47.32,995.2811,4.355,5.988,301.9,285.9,-0.732,-3.321
2026-03-18 17:32:00,1416,13.46,-0.567,-0.467,54.44,52.42,9.56,11.48,11.38,13.33,33.32,995.2404,4.212,5.812,301.8,284.9,-0.811,-3.324
2026-03-18 17:33:00,1417,13.46,-0.557,-0.414,55.21,55.34,8.06,9.43,9.58,10.88,44.78,995.3109,3.805,5.36,301.8,282.6,-0.835,-3.33
2026-03-18 17:34:00,1418,13.46,-0.6,-0.495,56.52,55.5,7.258,8.92,8.75,10.29,44.24,995.301,4.086,5.62,301.6,283.3,-0.907,-3.33
2026-03-18 17:35:00,1419,13.46,-0.738,-0.623,57.53,56.81,6.443,7.758,8.08,9.41,45.44,995.2867,4.05,5.554,301.3,285.0,-0.996,-3.326
2026-03-18 17:36:00,1420,13.46,-0.891,-0.758,56.63,54.37,6.45,7.957,8.85,10.39,51.2,995.2719,3.339,4.769,301.2,287.5,-1.081,-3.323
2026-03-18 17:37:00,1421,13.46,-0.873,-0.689,52.97,50.3,7.046,8.46,10.4,10.68,44.38,995.2602,2.925,4.226,301.8,290.3,-1.053,-3.321
2026-03-18 17:38:00,1422,13.46,-0.626,-0.504,53.87,54.25,6.415,7.595,9.32,10.78,45.12,995.2033,3.161,4.36,302.0,291.8,-0.965,-3.32
2026-03-18 17:39:00,1423,13.46,-0.579,-0.53,54.93,52.55,8.22,9.92,10.45,12.05,44.55,995.0825,3.416,4.558,302.0,291.9,-0.971,-3.32
2026-03-18 17:40:00,1424,13.46,-0.586,-0.473,54.15,52.41,7.441,8.76,9.11,10.49,44.83,995.128,2.995,4.083,302.1,292.1,-0.947,-3.322
2026-03-18 17:41:00,1425,13.46,-0.532,-0.41,51.56,50.39,7.197,8.62,9.47,11.56,23.11,995.101,2.39,3.403,302.4,292.9,-0.91,-3.322
2026-03-18 17:42:00,1426,13.46,-0.36,-0.278,53.03,52.51,7.024,8.62,8.8,10.09,33.7,995.1467,3.175,4.152,302.3,292.6,-0.854,-3.316
2026-03-18 17:43:00,1427,13.46,-0.473,-0.394,54.14,54.23,7.613,9.36,9.21,11.07,47.27,995.1057,2.86,3.87,302.1,292.9,-0.906,-3.309
2026-03-18 17:44:00,1428,13.46,-0.585,-0.484,54.54,53.58,7.396,8.78,9.73,10.88,51.77,995.1412,2.354,3.309,302.1,293.4,-0.942,-3.306
2026-03-18 17:45:00,1429,13.46,-0.641,-0.532,54.71,53.41,8.12,9.87,11.63,13.72,29.44,994.9926,2.216,3.106,302.2,293.5,-0.955,-3.304
2026-03-18 17:46:00,1430,13.45,-0.645,-0.508,52.41,49.54,8.97,10.87,11.12,12.25,36.45,995.0024,1.925,2.753,302.4,293.5,-0.946,-3.307
2026-03-18 17:47:00,1431,13.46,-0.454,-0.324,51.43,49.26,6.628,7.943,9.94,11.17,38.42,995.0305,1.673,2.373,302.8,293.5,-0.831,-3.307
2026-03-18 17:48:00,1432,13.46,-0.28,-0.209,51.71,49.63,6.194,7.778,9.42,10.98,41.85,994.9777,2.335,3.01,302.7,293.6,-0.758,-3.291
2026-03-18 17:49:00,1433,13.45,-0.26,-0.17,53.25,52.97,7.936,9.66,9.83,11.66,30.96,994.8865,2.195,2.859,302.8,293.8,-0.744,-3.273
2026-03-18 17:50:00,1434,13.45,-0.278,-0.156,49.96,48.88,7.097,8.48,10.45,12.15,45.86,994.9161,1.657,2.342,302.8,293.9,-0.731,-3.269
2026-03-18 17:51:00,1435,13.46,-0.188,-0.091,52.21,52.3,7.477,9.05,10.4,11.27,18.0,994.888,1.994,2.57,302.9,294.1,-0.652,-3.26
2026-03-18 17:52:00,1436,13.46,-0.233,-0.151,51.93,49.99,6.586,7.968,8.75,10.19,41.4,994.8766,1.884,2.489,302.6,293.8,-0.698,-3.245
2026-03-18 17:53:00,1437,13.46,-0.264,-0.186,50.43,49.58,6.597,7.829,8.49,9.6,48.61,994.8844,1.371,1.931,302.5,293.3,-0.696,-3.23
2026-03-18 17:54:00,1438,13.46,-0.321,-0.25,49.49,48.4,5.428,6.755,8.34,9.51,31.57,994.8962,1.342,1.766,302.3,291.8,-0.726,-3.221
2026-03-18 17:55:00,1439,13.46,-0.312,-0.245,49.75,49.24,6.025,7.194,7.619,8.53,45.06,994.8889,1.058,1.416,302.2,290.0,-0.707,-3.216
2026-03-18 17:56:00,1440,13.46,-0.288,-0.215,52.7,52.77,6.917,8.12,9.42,10.39,43.83,994.8551,1.109,1.368,302.2,289.6,-0.716,-3.207
2026-03-18 17:57:00,1441,13.46,-0.346,-0.271,50.57,50.01,6.948,8.5,9.32,10.68,46.92,994.7955,1.056,1.206,302.1,290.4,-0.749,-3.212
2026-03-18 17:58:00,1442,13.46,-0.369,-0.277,52.44,50.51,6.938,8.41,8.49,9.6,46.58,994.7869,1.107,1.262,302.0,289.9,-0.778,-3.219
2026-03-18 17:59:00,1443,13.46,-0.48,-0.349,53.15,53.32,5.333,6.406,6.744,7.938,48.12,994.7953,0.781,0.87,301.5,287.4,-0.863,-3.222
2026-03-18 18:00:00,1444,13.46,-0.612,-0.469,54.35,53.44,4.377,5.728,5.199,6.468,44.27,994.7847,0.574,0.569,301.2,288.1,-0.932,-3.218
2026-03-18 18:01:00,1445,13.46,-0.71,-0.543,52.94,52.05,5.948,7.391,8.08,9.41,40.01,994.7463,-0.009,-0.091,301.4,289.6,-0.95,-3.214
2026-03-18 18:02:00,1446,13.46,-0.663,-0.527,52.86,51.07,7.096,8.74,9.52,11.56,44.71,994.675,0.524,0.447,301.6,288.5,-0.944,-3.217
2026-03-18 18:03:00,1447,13.46,-0.619,-0.477,52.93,50.61,7.888,9.44,10.76,12.54,29.19,994.6396,0.308,0.188,301.8,288.0,-0.941,-3.222
2026-03-18 18:04:00,1448,13.45,-0.484,-0.352,49.97,48.87,7.439,8.79,8.91,10.39,55.56,994.6191,0.221,0.101,302.2,287.5,-0.887,-3.23
2026-03-18 18:05:00,1449,13.46,-0.339,-0.242,52.57,52.8,5.674,6.865,8.03,8.43,39.93,994.6365,0.838,0.714,302.1,286.3,-0.822,-3.234
2026-03-18 18:06:00,1450,13.46,-0.394,-0.298,53.11,52.58,5.189,6.469,6.178,7.35,47.47,994.6268,0.811,0.653,301.8,285.9,-0.842,-3.233
2026-03-18 18:07:00,1451,13.46,-0.415,-0.29,52.56,52.07,6.242,7.498,7.671,8.62,37.3,994.5934,0.399,0.188,301.8,284.7,-0.833,-3.229
2026-03-18 18:08:00,1452,13.46,-0.376,-0.238,51.24,49.78,5.254,6.624,7.259,8.33,16.3,994.5999,0.662,0.383,301.6,282.0,-0.803,-3.227
2026-03-18 18:09:00,1453,13.46,-0.384,-0.26,52.35,51.87,4.816,6.198,7.516,8.82,41.62,994.619,0.771,0.509,301.1,282.4,-0.836,-3.226
2026-03-18 18:10:00,1454,13.46,-0.411,-0.27,50.8,49.69,5.268,6.501,7.516,8.92,34.85,994.5954,0.239,-0.1,301.5,286.7,-0.827,-3.218
2026-03-18 18:11:00,1455,13.46,-0.388,-0.297,52.92,53.36,4.091,5.349,5.92,7.938,36.04,994.6247,0.935,0.689,301.3,290.1,-0.838,-3.219
2026-03-18 18:12:00,1456,13.46,-0.517,-0.407,52.25,51.44,5.867,7.194,7.156,8.04,43.43,994.5715,0.056,-0.162,301.6,291.6,-0.879,-3.211
2026-03-18 18:13:00,1457,13.46,-0.531,-0.397,54.55,52.78,5.999,7.554,8.19,8.53,47.08,994.5681,0.417,0.26,301.7,291.7,-0.883,-3.216
2026-03-18 18:14:00,1458,13.46,-0.55,-0.41,52.87,52.76,6.31,7.609,8.13,9.51,50.13,994.5165,-0.132,-0.32,302.1,292.2,-0.858,-3.221
2026-03-18 18:15:00,1459,13.45,-0.455,-0.349,51.96,51.04,7.091,8.36,9.16,10.29,43.81,994.5043,0.348,0.261,302.1,291.3,-0.847,-3.223
2026-03-18 18:16:00,1460,13.46,-0.384,-0.273,51.21,50.09,6.567,7.898,8.24,9.6,40.27,994.4922,0.376,0.239,302.0,290.2,-0.842,-3.229
2026-03-18 18:17:00,1461,13.46,-0.369,-0.248,50.28,48.64,7.43,8.85,8.85,11.17,33.63,994.4446,0.192,0.042,302.2,289.9,-0.832,-3.229
2026-03-18 18:18:00,1462,13.46,-0.271,-0.166,50.51,50.27,5.706,6.862,7.31,8.53,32.82,994.4732,0.221,0.051,302.4,290.5,-0.763,-3.232
2026-03-18 18:19:00,1463,13.46,-0.235,-0.176,50.04,49.35,4.654,5.837,6.589,8.23,12.55,994.4693,0.607,0.462,302.0,289.1,-0.761,-3.232
2026-03-18 18:20:00,1464,13.46,-0.242,-0.182,50.24,49.71,5.944,7.332,6.641,8.72,22.71,994.4207,0.447,0.299,302.0,288.3,-0.761,-3.223
2026-03-18 18:21:00,1465,13.46,-0.234,-0.169,49.82,48.86,4.663,5.727,6.229,7.154,30.15,994.4761,0.279,0.176,302.0,289.5,-0.775,-3.204
2026-03-18 18:22:00,1466,13.46,-0.237,-0.169,53.2,53.46,4.538,5.78,5.354,6.37,46.1,994.4956,0.593,0.434,301.8,290.3,-0.77,-3.195
2026-03-18 18:23:00,1467,13.46,-0.405,-0.29,52.32,50.76,3.891,5.018,5.354,6.468,34.47,994.4756,0.083,-0.074,301.5,290.5,-0.847,-3.19
2026-03-18 18:24:00,1468,13.45,-0.486,-0.349,53.44,51.86,3.936,5.081,4.994,5.88,27.37,994.4556,0.234,-0.014,301.5,290.3,-0.853,-3.183
2026-03-18 18:25:00,1469,13.46,-0.583,-0.415,53.39,51.39,3.918,5.341,4.685,5.978,30.12,994.4512,0.013,-0.212,301.1,290.4,-0.935,-3.181
2026-03-18 18:26:00,1470,13.46,-0.571,-0.384,53.09,52.85,5.332,6.545,8.03,9.21,20.21,994.3892,-0.388,-0.65,301.4,290.9,-0.939,-3.183
2026-03-18 18:27:00,1471,13.46,-0.546,-0.409,53.9,53.57,5.969,7.467,7.362,8.13,23.45,994.3901,0.148,-0.039,301.5,291.0,-0.939,-3.184
2026-03-18 18:28:00,1472,13.46,-0.624,-0.464,54.5,53.46,4.919,6.284,6.589,8.04,12.93,994.4207,0.103,-0.045,301.3,291.4,-0.984,-3.186
2026-03-18 18:29:00,1473,13.45,-0.633,-0.44,53.0,52.45,5.857,7.297,8.8,10.39,54.56,994.3807,-0.726,-0.91,301.8,292.0,-0.958,-3.184
2026-03-18 18:30:00,1474,13.46,-0.406,-0.259,49.93,48.32,6.727,7.847,9.11,10.58,61.6,994.3961,-0.336,-0.521,302.5,292.4,-0.815,-3.184
2026-03-18 18:31:00,1475,13.46,-0.148,-0.057,50.87,50.79,4.769,5.592,6.898,7.84,50.79,994.4572,0.658,0.503,302.8,292.6,-0.672,-3.188
2026-03-18 18:32:00,1476,13.46,-0.124,-0.057,52.26,51.42,4.637,5.765,5.92,7.35,51.68,994.511,0.857,0.733,302.4,292.9,-0.68,-3.191
2026-03-18 18:33:00,1477,13.46,-0.22,-0.135,51.14,49.62,4.03,5.185,6.589,7.252,0.0,994.4949,0.428,0.273,302.3,293.4,-0.7,-3.196
2026-03-18 18:34:00,1478,13.45,-0.187,-0.082,48.89,48.81,3.854,4.866,6.898,7.546,43.65,994.4421,0.002,-0.156,302.6,294.0,-0.656,-3.185
2026-03-18 18:35:00,1479,13.46,-0.054,0.004,49.22,49.13,5.389,6.608,6.847,8.33,40.29,994.4501,0.424,0.311,302.6,294.1,-0.611,-3.175
2026-03-18 18:36:00,1480,13.46,-0.035,0.021,48.21,47.58,6.178,7.367,7.928,8.92,27.41,994.4285,0.301,0.17,302.7,294.3,-0.586,-3.177
2026-03-18 18:37:00,1481,13.46,-0.024,0.023,49.67,48.69,4.128,5.171,4.942,6.37,35.41,994.4167,0.418,0.353,302.4,294.2,-0.589,-3.179
2026-03-18 18:38:00,1482,13.46,-0.095,-0.032,50.11,49.75,4.114,5.116,5.302,6.076,21.25,994.366,0.042,-0.056,302.3,293.9,-0.611,-3.172
2026-03-18 18:39:00,1483,13.46,-0.194,-0.147,52.46,51.3,3.769,4.866,4.479,5.684,13.15,994.3296,0.401,0.301,301.8,293.1,-0.671,-3.163
2026-03-18 18:40:00,1484,13.46,-0.428,-0.307,54.67,53.23,3.496,4.867,4.118,5.586,36.65,994.2779,-0.198,-0.287,301.5,292.3,-0.771,-3.153
2026-03-18 18:41:00,1485,13.46,-0.614,-0.449,51.24,49.64,4.41,5.422,7.568,8.62,32.6,994.2199,-1.051,-1.155,301.5,290.3,-0.84,-3.146
2026-03-18 18:42:00,1486,13.45,-0.439,-0.317,52.91,53.95,4.775,5.931,6.023,7.056,38.0,994.149,-0.346,-0.642,302.0,287.7,-0.729,-3.149
2026-03-18 18:43:00,1487,13.46,-0.375,-0.291,51.61,49.52,7.414,9.03,9.47,11.17,43.97,994.0822,-0.012,-0.277,302.0,286.9,-0.751,-3.159
2026-03-18 18:44:00,1488,13.46,-0.215,-0.095,49.37,48.25,7.25,8.59,8.85,10.0,33.52,994.0762,-0.356,-0.735,302.8,289.6,-0.642,-3.173
2026-03-18 18:45:00,1489,13.46,-0.096,-0.027,50.04,49.22,6.824,7.988,8.08,9.11,40.62,994.0688,0.626,0.377,302.6,291.6,-0.609,-3.185
2026-03-18 18:46:00,1490,13.45,-0.145,-0.07,50.99,50.7,4.439,5.359,6.744,7.056,31.87,994.1138,0.288,0.092,302.5,292.3,-0.616,-3.186
2026-03-18 18:47:00,1491,13.46,-0.249,-0.185,54.91,55.26,2.85,4.02,3.655,4.704,24.79,994.1364,0.521,0.354,301.8,291.8,-0.701,-3.178
2026-03-18 18:48:00,1492,13.46,-0.504,-0.412,57.13,57.6,2.119,3.108,2.883,3.92,37.36,994.1312,-0.228,-0.407,301.2,291.9,-0.828,-3.166
2026-03-18 18:49:00,1493,13.46,-0.758,-0.647,56.57,55.79,3.145,4.342,5.097,6.664,43.87,994.1207,-0.8,-1.049,301.0,291.9,-0.934,-3.157
2026-03-18 18:50:00,1494,13.46,-0.871,-0.739,57.48,56.62,4.094,5.187,4.942,5.782,33.14,994.1117,-0.691,-0.925,301.1,291.9,-1.014,-3.157
2026-03-18 18:51:00,1495,13.46,-0.849,-0.664,53.47,51.25,5.119,6.323,7.413,8.33,47.19,994.1079,-1.395,-1.675,301.7,293.6,-1.015,-3.159
2026-03-18 18:52:00,1496,13.45,-0.493,-0.354,51.8,50.6,5.299,6.301,6.384,7.448,43.64,994.0872,-0.414,-0.702,302.5,294.6,-0.855,-3.168
2026-03-18 18:53:00,1497,13.46,-0.323,-0.261,53.05,52.63,3.923,5.19,5.817,6.664,21.49,994.0868,0.586,0.476,302.2,293.8,-0.844,-3.173
2026-03-18 18:54:00,1498,13.45,-0.41,-0.321,52.07,50.96,4.7,6.003,5.817,7.154,39.41,994.0463,-0.128,-0.254,302.2,293.9,-0.859,-3.169
2026-03-18 18:55:00,1499,13.46,-0.332,-0.226,53.53,52.42,4.381,5.524,5.199,6.468,40.4,994.0098,0.331,0.166,302.4,293.6,-0.778,-3.165
2026-03-18 18:56:00,1500,13.46,-0.348,-0.246,53.59,53.98,4.775,5.942,6.641,7.35,46.45,993.9876,0.262,0.19,302.1,293.3,-0.814,-3.165
2026-03-18 18:57:00,1501,13.46,-0.421,-0.325,56.11,56.24,4.848,6.172,5.611,7.448,20.93,993.958,0.298,0.155,302.1,293.5,-0.834,-3.164
2026-03-18 18:58:00,1502,13.45,-0.579,-0.441,55.87,53.69,3.975,5.445,4.788,6.076,17.93,993.9861,-0.02,-0.154,301.8,294.1,-0.916,-3.164
2026-03-18 18:59:00,1503,13.46,-0.63,-0.435,52.02,50.2,4.521,5.79,6.538,7.35,13.06,993.9543,-0.554,-0.722,302.0,294.3,-0.935,-3.163
2026-03-18 19:00:00,1504,13.46,-0.412,-0.255,53.25,52.85,4.543,5.744,5.457,6.762,31.25,993.9609,-0.224,-0.35,302.4,294.2,-0.869,-3.155
2026-03-18 19:01:00,1505,13.46,-0.328,-0.23,51.47,51.3,5.484,6.742,7.928,8.82,22.75,993.948,0.094,0.006,302.4,293.8,-0.839,-3.146
2026-03-18 19:02:00,1506,13.45,-0.231,-0.133,50.03,49.52,5.576,6.784,7.876,8.62,9.0,993.9478,-0.053,-0.168,302.8,293.8,-0.766,-3.14
2026-03-18 19:03:00,1507,13.46,-0.079,-0.05,53.66,54.38,4.675,5.937,5.92,7.35,21.99,993.9515,0.927,0.931,302.7,293.2,-0.709,-3.128
2026-03-18 19:04:00,1508,13.46,-0.219,-0.176,54.09,54.12,4.366,5.549,5.251,6.86,31.44,993.9633,0.61,0.594,302.2,292.6,-0.785,-3.112
2026-03-18 19:05:00,1509,13.46,-0.385,-0.302,52.73,51.05,4.049,5.273,6.023,6.664,37.0,993.9551,-0.045,-0.138,301.9,292.6,-0.85,-3.11
2026-03-18 19:06:00,1510,13.46,-0.354,-0.243,52.11,51.59,4.234,5.348,6.023,7.056,34.44,993.9557,-0.469,-0.734,302.5,293.5,-0.768,-3.108
2026-03-18 19:07:00,1511,13.46,-0.247,-0.18,50.25,49.5,4.232,5.464,6.075,6.664,47.51,993.9395,0.129,-0.043,302.5,293.4,-0.731,-3.106
2026-03-18 19:08:00,1512,13.46,-0.138,-0.092,52.25,52.73,3.957,4.924,4.736,5.978,18.16,993.9235,0.364,0.122,302.7,293.5,-0.645,-3.106
2026-03-18 19:09:00,1513,13.46,-0.105,-0.066,50.94,50.68,4.447,5.674,7.207,8.92,49.29,993.9077,0.069,-0.137,302.9,293.4,-0.612,-3.102
2026-03-18 19:10:00,1514,13.46,0.022,0.063,50.2,49.33,3.014,3.75,4.839,5.684,47.14,993.8628,0.63,0.463,303.0,293.5,-0.544,-3.101
2026-03-18 19:11:00,1515,13.46,0.114,0.131,48.48,48.72,4.278,5.024,5.714,6.566,42.39,993.8506,0.232,0.015,303.1,293.9,-0.477,-3.099
2026-03-18 19:12:00,1516,13.46,0.184,0.17,51.4,53.32,3.162,4.114,4.118,5.096,12.46,993.8922,0.856,0.587,303.0,293.8,-0.412,-3.1
2026-03-18 19:13:00,1517,13.46,0.076,0.052,51.76,51.28,3.019,4.07,4.582,5.488,13.94,993.8954,0.855,0.692,302.3,293.2,-0.494,-3.091
2026-03-18 19:14:00,1518,13.46,-0.134,-0.079,53.51,52.93,3.435,4.627,4.067,5.39,24.04,993.8645,0.02,-0.099,302.1,293.1,-0.578,-3.074
2026-03-18 19:15:00,1519,13.46,-0.306,-0.216,54.29,52.44,3.593,4.623,4.942,6.37,35.32,993.8492,-0.369,-0.453,301.9,292.8,-0.653,-3.069
2026-03-18 19:16:00,1520,13.45,-0.342,-0.221,52.63,52.24,4.398,5.489,5.714,6.86,21.35,993.8438,-0.834,-1.018,302.4,293.3,-0.645,-3.067
2026-03-18 19:17:00,1521,13.46,-0.204,-0.122,51.25,50.92,4.149,5.176,5.354,6.174,28.67,993.8472,-0.312,-0.511,302.6,293.0,-0.614,-3.066
2026-03-18 19:18:00,1522,13.45,-0.103,-0.079,52.6,51.36,3.663,4.685,4.633,5.684,34.79,993.8295,0.527,0.405,302.5,293.0,-0.595,-3.06
2026-03-18 19:19:00,1523,13.45,-0.177,-0.137,54.4,54.45,3.078,4.047,3.758,4.802,23.97,993.7963,0.123,-0.052,302.3,293.1,-0.641,-3.059
2026-03-18 19:20:00,1524,13.46,-0.289,-0.231,55.63,55.66,2.758,3.923,3.81,4.802,37.94,993.7715,-0.055,-0.232,302.0,293.1,-0.702,-3.056
2026-03-18 19:21:00,1525,13.46,-0.432,-0.359,57.47,58.09,2.256,3.272,3.089,4.704,12.93,993.767,-0.147,-0.354,301.5,292.6,-0.793,-3.056
2026-03-18 19:22:00,1526,13.46,-0.646,-0.548,55.87,54.18,3.415,4.695,4.788,5.782,12.52,993.7181,-0.698,-0.904,301.5,293.0,-0.875,-3.056
2026-03-18 19:23:00,1527,13.46,-0.632,-0.495,53.64,52.05,3.59,4.586,5.097,6.174,14.21,993.6484,-0.923,-1.172,302.1,293.9,-0.852,-3.056
2026-03-18 19:24:00,1528,13.46,-0.385,-0.268,52.16,51.35,3.372,4.297,4.582,5.88,18.02,993.6094,-0.234,-0.485,302.4,294.1,-0.782,-3.055
2026-03-18 19:25:00,1529,13.46,-0.195,-0.147,50.96,50.26,4.884,6.142,6.744,8.23,7.415,993.5983,0.371,0.304,302.5,294.2,-0.75,-3.057
2026-03-18 19:26:00,1530,13.45,-0.128,-0.072,51.21,50.82,4.592,5.903,5.251,6.566,8.75,993.5936,0.564,0.492,302.6,294.2,-0.725,-3.049
2026-03-18 19:27:00,1531,13.46,-0.181,-0.088,54.75,54.56,3.202,4.276,4.118,4.9,14.6,993.6138,0.374,0.409,302.1,293.3,-0.781,-3.036
2026-03-18 19:28:00,1532,13.46,-0.38,-0.261,56.06,56.22,2.766,3.772,3.346,4.606,12.19,993.619,-0.085,-0.082,301.6,292.5,-0.877,-3.03
2026-03-18 19:29:00,1533,13.46,-0.545,-0.38,53.44,51.42,3.453,4.457,4.324,5.684,10.24,993.5973,-0.873,-0.966,301.7,293.0,-0.919,-3.027
2026-03-18 19:30:00,1534,13.45,-0.428,-0.264,51.75,50.68,3.022,3.925,3.604,4.312,1.526,993.5627,-0.357,-0.44,301.8,293.1,-0.904,-3.027
2026-03-18 19:31:00,1535,13.46,-0.276,-0.135,53.29,52.18,2.745,3.705,3.346,4.214,8.05,993.5637,-0.026,-0.072,301.7,292.6,-0.89,-3.022
2026-03-18 19:32:00,1536,13.46,-0.248,-0.087,53.7,53.51,3.945,5.012,5.508,6.566,22.56,993.5522,-0.172,-0.193,301.7,292.1,-0.913,-3.02
2026-03-18 19:33:00,1537,13.46,-0.277,-0.144,55.23,55.01,2.921,3.892,3.81,4.802,39.67,993.5628,0.125,0.055,301.7,291.2,-0.915,-3.019
2026-03-18 19:34:00,1538,13.46,-0.405,-0.288,55.0,53.52,3.075,4.311,4.788,6.272,28.41,993.5786,0.054,-0.122,301.4,289.5,-0.96,-3.025
2026-03-18 19:35:00,1539,13.45,-0.446,-0.271,53.23,50.78,3.865,5.038,4.891,5.782,12.96,993.5697,-0.298,-0.597,301.7,289.6,-0.94,-3.03
2026-03-18 19:36:00,1540,13.46,-0.287,-0.136,54.29,51.73,3.088,4.142,3.81,4.9,27.09,993.6039,0.253,0.128,301.7,290.9,-0.922,-3.029
2026-03-18 19:37:00,1541,13.46,-0.257,-0.087,52.2,51.46,3.055,4.27,3.912,5.684,12.57,993.6315,-0.138,-0.331,301.8,292.9,-0.917,-3.03
2026-03-18 19:38:00,1542,13.46,-0.202,-0.071,52.56,51.08,2.599,3.221,2.986,3.822,0.272,993.5971,0.458,0.304,301.8,293.8,-0.884,-3.031
2026-03-18 19:39:00,1543,13.46,-0.244,-0.119,54.33,53.42,2.611,3.508,3.192,4.41,1.874,993.6125,0.345,0.27,301.5,293.5,-0.931,-3.027
2026-03-18 19:40:00,1544,13.46,-0.353,-0.189,54.31,53.68,3.146,4.19,5.199,5.978,17.12,993.569,-0.151,-0.238,301.5,292.9,-0.968,-3.025
2026-03-18 19:41:00,1545,13.46,-0.381,-0.216,54.08,53.55,4.503,5.752,5.302,6.664,15.19,993.4957,-0.35,-0.446,301.8,292.7,-0.961,-3.024
2026-03-18 19:42:00,1546,13.46,-0.314,-0.174,52.8,52.32,4.379,5.61,5.405,6.86,17.02,993.5025,-0.075,-0.109,302.0,292.6,-0.935,-3.024
2026-03-18 19:43:00,1547,13.46,-0.272,-0.162,54.63,52.21,5.133,6.431,6.126,7.742,34.3,993.4686,0.319,0.26,302.2,293.3,-0.897,-3.028
2026-03-18 19:44:00,1548,13.46,-0.268,-0.1,52.82,51.55,3.93,4.817,5.817,7.252,42.22,993.4853,-0.199,-0.324,302.4,293.8,-0.874,-3.033
2026-03-18 19:45:00,1549,13.46,-0.142,-0.02,50.53,49.42,3.346,4.396,5.354,5.978,46.46,993.5018,0.24,0.113,302.3,293.2,-0.829,-3.036
2026-03-18 19:46:00,1550,13.45,-0.035,0.071,51.45,50.0,4.171,5.17,4.994,6.174,53.75,993.4713,0.292,0.1,302.7,293.2,-0.724,-3.037
2026-03-18 19:47:00,1551,13.46,0.006,0.107,52.99,52.71,3.649,4.599,5.097,5.88,21.91,993.4543,0.637,0.456,302.5,292.3,-0.71,-3.039
2026-03-18 19:48:00,1552,13.46,-0.093,-0.001,53.71,52.95,3.363,4.505,4.067,4.998,19.7,993.4422,0.542,0.345,302.3,292.2,-0.723,-3.041
2026-03-18 19:49:00,1553,13.46,-0.22,-0.095,55.05,54.76,3.291,4.465,3.81,5.096,21.06,993.4298,0.325,0.151,302.0,292.3,-0.768,-3.035
2026-03-18 19:50:00,1554,13.46,-0.376,-0.205,54.52,52.61,3.343,4.577,4.427,5.586,10.26,993.4263,-0.06,-0.296,301.9,293.2,-0.831,-3.034
2026-03-18 19:51:00,1555,13.46,-0.345,-0.164,52.53,50.98,3.392,4.37,4.427,5.684,18.97,993.3925,-0.481,-0.63,302.3,294.4,-0.799,-3.035
2026-03-18 19:52:00,1556,13.46,-0.125,-0.009,51.98,51.1,4.012,5.218,4.891,5.88,29.75,993.3961,0.152,0.109,302.5,294.1,-0.741,-3.03
2026-03-18 19:53:00,1557,13.45,-0.103,-0.002,52.21,51.88,4.397,5.581,5.766,6.958,18.04,993.3645,0.247,0.213,302.4,293.7,-0.733,-3.032
2026-03-18 19:54:00,1558,13.46,-0.194,-0.083,51.74,50.29,4.593,5.697,6.023,7.056,26.32,993.3334,0.243,0.149,302.5,293.6,-0.728,-3.034
2026-03-18 19:55:00,1559,13.46,-0.152,-0.03,53.84,53.59,3.888,5.009,4.942,5.978,31.91,993.3113,0.181,0.102,302.6,292.7,-0.696,-3.035
2026-03-18 19:56:00,1560,13.46,-0.228,-0.091,52.48,50.67,3.31,4.472,4.427,5.782,13.09,993.2779,0.164,0.069,302.0,292.1,-0.761,-3.033
2026-03-18 19:57:00,1561,13.46,-0.226,-0.038,55.22,54.49,3.36,4.411,3.861,4.998,16.05,993.3017,0.135,-0.059,302.3,291.1,-0.733,-3.027
2026-03-18 19:58:00,1562,13.46,-0.377,-0.168,56.33,54.93,3.563,4.924,3.964,5.39,26.71,993.2948,0.073,-0.03,301.5,289.3,-0.841,-3.023
2026-03-18 19:59:00,1563,13.46,-0.565,-0.296,57.24,55.67,3.288,4.518,3.758,5.096,21.96,993.2917,-0.336,-0.565,301.4,289.3,-0.904,-3.021
2026-03-18 20:00:00,1564,13.46,-0.664,-0.372,56.84,54.2,3.344,4.584,3.964,5.194,21.66,993.2858,-0.481,-0.758,301.3,290.5,-0.961,-3.024
2026-03-18 20:01:00,1565,13.46,-0.677,-0.388,57.2,56.3,3.32,4.561,3.964,5.586,29.66,993.2799,-0.438,-0.701,301.4,292.0,-0.987,-3.028
2026-03-18 20:02:00,1566,13.46,-0.718,-0.474,57.05,54.59,3.311,4.687,5.251,6.762,18.19,993.2377,-0.3,-0.527,301.3,293.1,-1.03,-3.029
2026-03-18 20:03:00,1567,13.46,-0.684,-0.425,54.49,51.78,5.251,6.508,6.641,7.938,14.52,993.1652,-0.674,-0.953,302.0,294.5,-1.014,-3.035
2026-03-18 20:04:00,1568,13.46,-0.433,-0.188,53.85,52.07,3.679,4.669,5.457,6.86,19.96,993.1887,0.08,-0.034,302.3,294.8,-0.939,-3.034
2026-03-18 20:05:00,1569,13.46,-0.327,-0.13,54.94,54.56,2.507,3.442,3.037,4.116,21.9,993.1976,0.412,0.429,301.9,295.0,-0.957,-3.032
2026-03-18 20:06:00,1570,13.45,-0.387,-0.214,54.51,53.23,2.072,3.092,3.14,4.116,40.7,993.1841,0.108,0.072,301.7,294.8,-0.987,-3.029
2026-03-18 20:07:00,1571,13.46,-0.434,-0.26,54.47,54.13,2.305,3.12,3.346,4.606,49.72,993.1887,-0.215,-0.33,301.7,294.9,-1.01,-3.031
2026-03-18 20:08:00,1572,13.46,-0.438,-0.31,57.47,58.06,4.211,5.188,6.126,6.566,11.37,993.1898,0.0,-0.148,302.1,294.7,-0.985,-3.032
2026-03-18 20:09:00,1573,13.46,-0.579,-0.444,56.24,54.95,4.206,5.476,5.148,6.37,22.84,993.2075,-0.051,-0.181,302.0,294.8,-1.022,-3.036
2026-03-18 20:10:00,1574,13.45,-0.609,-0.439,57.23,55.82,4.352,5.792,5.097,6.762,32.31,993.2068,0.041,-0.091,302.0,294.8,-1.03,-3.036
2026-03-18 20:11:00,1575,13.46,-0.658,-0.471,56.53,54.76,4.375,5.719,7.465,8.13,13.35,993.167,-0.135,-0.242,301.9,294.7,-1.054,-3.039
2026-03-18 20:12:00,1576,13.46,-0.527,-0.359,56.26,55.43,4.499,5.659,7.259,8.23,50.67,993.0805,-0.536,-0.655,302.8,295.4,-0.943,-3.042
2026-03-18 20:13:00,1577,13.46,-0.374,-0.244,53.96,51.77,6.331,7.477,8.6,9.21,48.17,993.0259,0.184,0.099,303.0,295.7,-0.868,-3.051
2026-03-18 20:14:00,1578,13.46,-0.155,-0.051,52.79,50.66,6.847,7.841,8.24,9.21,59.93,993.0165,-0.228,-0.378,303.6,295.6,-0.723,-3.059
2026-03-18 20:15:00,1579,13.46,0.0,0.08,53.21,52.72,6.166,7.052,8.44,9.02,52.64,993.0208,0.419,0.377,303.7,295.2,-0.589,-3.062
2026-03-18 20:16:00,1580,13.46,-0.028,0.033,55.78,55.26,5.67,7.04,6.641,8.23,26.4,993.0339,1.015,1.011,303.3,294.6,-0.604,-3.067
2026-03-18 20:17:00,1581,13.46,-0.27,-0.16,56.82,56.11,5.196,6.784,5.972,7.35,27.41,993.0662,0.47,0.423,302.7,294.0,-0.711,-3.063
2026-03-18 20:18:00,1582,13.46,-0.508,-0.357,57.87,55.76,5.095,6.669,6.023,8.04,25.25,993.0635,-0.071,-0.168,302.4,293.8,-0.81,-3.058
2026-03-18 20:19:00,1583,13.46,-0.651,-0.422,56.38,53.43,5.249,6.627,5.972,7.546,36.65,993.0709,-0.572,-0.713,302.3,294.1,-0.88,-3.057
2026-03-18 20:20:00,1584,13.46,-0.614,-0.322,54.92,51.31,5.459,6.774,8.85,9.7,55.52,993.0442,-0.739,-0.899,302.5,294.8,-0.869,-3.056
2026-03-18 20:21:00,1585,13.46,-0.321,-0.064,51.1,49.29,5.693,6.198,8.34,9.41,73.12,993.0452,-0.986,-1.208,303.6,295.4,-0.694,-3.061
2026-03-18 20:22:00,1586,13.46,0.036,0.17,49.95,49.0,3.795,4.254,5.148,5.586,134.1,992.9976,0.507,0.337,303.5,295.2,-0.57,-3.057
2026-03-18 20:23:00,1587,13.45,0.245,0.294,48.79,48.43,2.949,3.297,4.685,4.802,54.67,992.9841,0.807,0.556,303.5,295.2,-0.476,-3.039
2026-03-18 20:24:00,1588,13.46,0.358,0.369,48.14,48.24,1.354,2.194,2.42,3.332,21.05,992.976,1.328,1.086,303.5,295.2,-0.407,-3.019
2026-03-18 20:25:00,1589,13.46,0.415,0.397,49.39,49.45,2.495,3.377,3.14,4.41,23.3,993.005,1.249,1.06,303.3,295.1,-0.379,-3.003
2026-03-18 20:26:00,1590,13.46,0.342,0.346,52.1,52.38,3.922,5.228,4.994,6.174,10.97,993.0201,1.019,0.886,303.0,294.6,-0.401,-2.99
2026-03-18 20:27:00,1591,13.46,0.08,0.138,54.82,54.73,4.368,5.827,5.251,6.566,13.26,992.9952,0.406,0.418,302.8,294.2,-0.484,-2.986
2026-03-18 20:28:00,1592,13.46,-0.255,-0.137,57.29,56.57,3.987,5.249,4.891,6.174,18.76,993.0001,-0.168,-0.161,302.3,293.9,-0.604,-2.983
2026-03-18 20:29:00,1593,13.46,-0.533,-0.375,56.92,54.93,3.882,5.17,5.302,6.468,19.14,993.0034,-0.802,-0.84,302.1,294.1,-0.723,-2.982
2026-03-18 20:30:00,1594,13.46,-0.552,-0.36,56.39,54.99,4.916,6.277,6.486,7.84,54.81,993.0013,-1.276,-1.404,302.7,294.3,-0.714,-2.987
2026-03-18 20:31:00,1595,13.46,-0.415,-0.285,57.23,57.93,5.342,6.188,7.001,7.35,55.29,992.9738,-0.334,-0.454,302.8,294.0,-0.687,-2.989
2026-03-18 20:32:00,1596,13.46,-0.308,-0.206,52.54,50.96,4.937,5.817,7.413,8.23,50.19,992.9578,-0.55,-0.771,303.3,294.4,-0.624,-2.994
2026-03-18 20:33:00,1597,13.46,-0.122,-0.041,53.86,53.14,4.422,5.596,5.405,6.272,26.66,992.9313,0.468,0.29,303.2,294.1,-0.57,-3.003
2026-03-18 20:34:00,1598,13.46,-0.127,-0.02,54.85,53.45,3.383,4.372,3.964,5.194,40.36,992.9374,0.297,0.148,302.9,294.1,-0.61,-3.0
2026-03-18 20:35:00,1599,13.46,-0.161,-0.021,53.78,52.49,2.632,3.679,3.964,4.704,45.08,992.9332,0.055,-0.117,302.6,294.2,-0.658,-2.996
2026-03-18 20:36:00,1600,13.46,-0.176,0.009,52.64,50.4,3.112,4.169,4.427,5.978,39.61,992.9564,-0.195,-0.328,302.7,294.1,-0.655,-2.99
2026-03-18 20:37:00,1601,13.46,-0.135,0.031,54.21,53.98,4.301,5.517,5.972,7.056,13.33,992.9678,-0.098,-0.33,302.9,293.9,-0.615,-2.989
2026-03-18 20:38:00,1602,13.46,-0.196,-0.064,52.94,52.02,4.198,5.479,5.663,6.566,19.02,992.9429,0.139,-0.054,302.7,293.7,-0.66,-2.987
2026-03-18 20:39:00,1603,13.46,-0.175,-0.043,54.95,55.25,3.92,4.943,5.045,6.076,14.03,992.8937,-0.046,-0.151,302.8,293.6,-0.656,-2.979
2026-03-18 20:40:00,1604,13.46,-0.253,-0.136,54.95,53.82,3.833,4.975,4.891,6.37,51.41,992.8355,-0.122,-0.258,302.6,294.2,-0.697,-2.974
2026-03-18 20:41:00,1605,13.46,-0.225,-0.061,52.85,51.07,4.168,5.219,5.302,6.664,40.17,992.8226,-0.53,-0.768,303.3,295.0,-0.618,-2.975
2026-03-18 20:42:00,1606,13.46,-0.013,0.136,50.13,49.3,4.558,5.488,5.92,6.86,50.88,992.8036,0.006,-0.146,303.5,295.0,-0.529,-2.975
2026-03-18 20:43:00,1607,13.46,0.237,0.309,50.92,50.71,3.976,4.787,5.354,6.076,55.36,992.7751,0.561,0.357,303.8,294.8,-0.41,-2.979
2026-03-18 20:44:00,1608,13.45,0.324,0.351,50.54,50.15,3.008,3.736,3.912,4.606,32.7,992.7418,0.767,0.608,303.6,294.3,-0.382,-2.975
2026-03-18 20:45:00,1609,13.46,0.281,0.309,50.34,50.43,2.788,3.618,3.192,4.312,30.82,992.7577,0.685,0.562,302.9,293.6,-0.425,-2.971
2026-03-18 20:46:00,1610,13.46,0.197,0.242,52.15,51.75,3.322,4.404,4.788,5.978,29.19,992.764,0.232,0.075,302.7,293.1,-0.461,-2.959
2026-03-18 20:47:00,1611,13.46,0.041,0.13,53.82,53.03,3.877,5.229,4.633,5.782,28.26,992.754,-0.047,-0.2,302.7,293.2,-0.515,-2.956
2026-03-18 20:48:00,1612,13.46,-0.128,0.005,54.82,54.51,3.885,5.157,4.479,5.782,22.22,992.7513,-0.102,-0.245,302.4,292.8,-0.585,-2.951
2026-03-18 20:49:00,1613,13.46,-0.327,-0.174,57.3,57.5,3.204,4.397,3.861,5.39,21.29,992.737,-0.256,-0.457,302.1,292.4,-0.668,-2.955
2026-03-18 20:50:00,1614,13.45,-0.506,-0.312,56.36,54.73,3.227,4.317,4.633,5.488,29.11,992.715,-0.742,-0.935,301.9,291.8,-0.755,-2.951
2026-03-18 20:51:00,1615,13.46,-0.545,-0.325,57.62,55.85,3.54,4.786,4.376,5.194,26.35,992.7128,-0.49,-0.768,301.9,290.2,-0.796,-2.952
2026-03-18 20:52:00,1616,13.46,-0.651,-0.425,59.18,59.09,3.272,4.486,3.912,4.9,24.89,992.7162,-0.393,-0.692,301.4,289.4,-0.9,-2.954
2026-03-18 20:53:00,1617,13.46,-0.828,-0.606,59.11,57.55,2.91,4.073,3.758,4.9,43.86,992.681,-0.807,-1.098,301.2,290.2,-0.993,-2.959
2026-03-18 20:54:00,1618,13.46,-0.858,-0.599,58.55,56.18,3.426,4.55,4.994,6.566,0.325,992.6564,-1.06,-1.462,301.7,291.2,-0.994,-2.966
2026-03-18 20:55:00,1619,13.46,-0.744,-0.516,57.64,56.52,3.986,5.187,4.994,6.664,18.37,992.6556,-0.272,-0.54,301.8,291.7,-0.99,-2.97
2026-03-18 20:56:00,1620,13.46,-0.658,-0.462,55.32,52.97,3.045,4.2,4.221,5.39,13.01,992.5914,-0.175,-0.397,301.9,292.9,-0.993,-2.973
2026-03-18 20:57:00,1621,13.46,-0.441,-0.262,55.13,53.65,3.991,5.146,4.685,6.468,21.84,992.6176,-0.245,-0.436,302.6,293.7,-0.917,-2.969
2026-03-18 20:58:00,1622,13.46,-0.287,-0.179,57.37,56.78,5.611,6.973,7.053,8.43,53.72,992.5436,0.599,0.528,302.6,293.7,-0.879,-2.964
2026-03-18 20:59:00,1623,13.46,-0.318,-0.18,55.91,53.32,7.461,8.86,9.58,10.09,54.33,992.5146,-0.169,-0.279,303.1,294.0,-0.862,-2.971
2026-03-18 21:00:00,1624,13.46,-0.148,0.023,55.37,54.13,6.193,7.491,7.979,9.21,61.28,992.5672,-0.163,-0.287,303.7,294.2,-0.729,-2.982
2026-03-18 21:01:00,1625,13.46,-0.015,0.117,55.58,55.36,5.771,6.838,6.847,8.04,46.59,992.5731,0.389,0.27,303.9,293.6,-0.624,-2.985
2026-03-18 21:02:00,1626,13.46,-0.105,0.007,56.02,53.58,5.889,7.062,7.465,8.72,63.33,992.5709,0.604,0.513,303.6,293.6,-0.634,-2.987
2026-03-18 21:03:00,1627,13.45,-0.145,0.014,54.89,54.77,4.382,5.148,5.56,6.468,46.93,992.573,0.043,-0.13,303.8,293.8,-0.591,-2.988
2026-03-18 21:04:00,1628,13.46,-0.144,-0.042,57.2,57.24,3.727,4.789,4.376,5.488,32.9,992.572,0.658,0.462,303.1,293.2,-0.633,-2.985
2026-03-18 21:05:00,1629,13.46,-0.331,-0.2,57.89,55.77,2.944,4.024,3.604,4.606,39.53,992.5569,0.095,-0.098,302.5,293.2,-0.735,-2.982
2026-03-18 21:06:00,1630,13.46,-0.462,-0.27,56.91,55.34,3.522,4.609,5.251,5.88,45.2,992.5164,-0.469,-0.713,302.5,293.2,-0.775,-2.975
2026-03-18 21:07:00,1631,13.46,-0.504,-0.302,56.61,55.2,3.451,4.419,4.118,5.194,34.06,992.519,-0.302,-0.551,302.4,293.2,-0.815,-2.976
2026-03-18 21:08:00,1632,13.46,-0.501,-0.304,56.78,56.3,2.966,3.923,3.398,4.214,20.41,992.5305,-0.321,-0.555,302.1,293.3,-0.861,-2.975
2026-03-18 21:09:00,1633,13.46,-0.499,-0.335,55.79,54.81,2.853,3.776,3.14,4.312,35.42,992.5201,-0.415,-0.654,302.1,293.4,-0.895,-2.974
2026-03-18 21:10:00,1634,13.46,-0.47,-0.306,57.14,57.01,3.207,4.095,4.118,4.704,26.16,992.5227,-0.284,-0.524,302.1,293.3,-0.899,-2.975
2026-03-18 21:11:00,1635,13.46,-0.541,-0.409,58.15,57.42,3.181,4.362,4.015,5.292,24.46,992.5454,0.011,-0.202,301.7,292.7,-0.972,-2.975
2026-03-18 21:12:00,1636,13.46,-0.644,-0.478,58.02,57.1,2.871,3.793,3.964,4.9,22.63,992.5102,-0.49,-0.719,301.7,293.2,-1.019,-2.975
2026-03-18 21:13:00,1637,13.46,-0.67,-0.489,58.45,56.17,2.209,3.269,2.677,4.214,40.05,992.4773,-0.313,-0.531,301.5,293.2,-1.068,-2.974
2026-03-18 21:14:00,1638,13.46,-0.727,-0.477,56.88,55.43,2.507,3.242,2.934,3.92,42.63,992.4518,-0.759,-0.965,301.4,293.4,-1.118,-2.973
2026-03-18 21:15:00,1639,13.46,-0.627,-0.395,56.33,54.35,2.879,3.834,3.707,5.194,56.68,992.4437,-0.542,-0.757,301.7,293.4,-1.099,-2.973
2026-03-18 21:16:00,1640,13.46,-0.423,-0.222,54.45,52.94,3.816,4.668,4.942,5.586,48.14,992.4113,-0.598,-0.876,302.5,293.8,-1.008,-2.977
2026-03-18 21:17:00,1641,13.45,-0.167,-0.043,53.95,53.41,4.401,5.551,5.457,6.468,28.25,992.4021,0.207,-0.113,303.0,293.9,-0.856,-2.983
2026-03-18 21:18:00,1642,13.46,-0.11,-0.041,56.46,57.35,2.91,3.685,4.376,5.292,37.91,992.4401,1.114,0.958,302.6,293.6,-0.834,-2.988
2026-03-18 21:19:00,1643,13.46,-0.262,-0.18,55.84,56.08,2.605,3.431,4.17,4.998,50.26,992.423,0.309,0.15,302.2,293.7,-0.899,-2.987
2026-03-18 21:20:00,1644,13.46,-0.294,-0.186,54.91,53.19,5.195,6.294,7.825,9.7,11.19,992.3523,-0.155,-0.435,302.8,294.0,-0.848,-2.987
2026-03-18 21:21:00,1645,13.46,-0.212,-0.103,55.1,54.47,5.58,6.957,9.42,10.39,28.11,992.3705,0.083,-0.063,303.1,294.4,-0.793,-2.987
2026-03-18 21:22:00,1646,13.46,-0.066,0.046,51.58,50.58,6.572,7.518,10.19,10.98,50.83,992.3131,-0.31,-0.444,303.9,295.1,-0.652,-2.986
2026-03-18 21:23:00,1647,13.46,0.163,0.245,51.89,51.68,3.766,4.438,5.148,6.37,52.31,992.35,0.708,0.563,304.1,294.9,-0.503,-2.987
2026-03-18 21:24:00,1648,13.46,0.316,0.352,50.95,50.98,2.424,3.186,4.118,4.802,17.57,992.3582,0.971,0.804,303.9,294.8,-0.442,-2.975
2026-03-18 21:25:00,1649,13.46,0.342,0.347,53.91,54.29,3.067,4.143,3.707,4.998,15.63,992.3644,1.177,0.978,303.5,294.3,-0.444,-2.962
2026-03-18 21:26:00,1650,13.45,0.101,0.131,55.98,56.23,3.323,4.638,3.912,5.096,36.17,992.3859,0.759,0.615,302.7,293.5,-0.558,-2.949
2026-03-18 21:27:00,1651,13.46,-0.228,-0.126,55.47,54.13,3.923,5.156,7.053,8.53,38.73,992.3461,-0.343,-0.512,302.5,293.7,-0.667,-2.942
2026-03-18 21:28:00,1652,13.46,-0.265,-0.121,56.09,56.66,5.718,6.848,6.847,8.43,25.7,992.2671,-0.712,-0.985,303.2,294.3,-0.609,-2.941
2026-03-18 21:29:00,1653,13.46,-0.245,-0.157,55.57,54.61,3.952,5.16,5.405,6.468,5.883,992.3134,0.011,-0.139,303.0,293.7,-0.617,-2.949
2026-03-18 21:30:00,1654,13.46,-0.27,-0.149,54.16,52.59,5.026,6.23,6.538,7.84,19.84,992.2405,-0.266,-0.419,303.1,293.8,-0.635,-2.945
2026-03-18 21:31:00,1655,13.46,-0.168,-0.048,54.05,54.0,5.205,6.272,6.384,7.644,34.84,992.1891,-0.092,-0.272,303.3,293.8,-0.604,-2.938
2026-03-18 21:32:00,1656,13.46,-0.114,-0.036,55.28,55.63,3.608,4.648,4.685,5.586,35.93,992.1926,0.38,0.253,303.0,293.7,-0.62,-2.936
2026-03-18 21:33:00,1657,13.46,-0.204,-0.113,55.37,54.22,3.916,5.231,5.405,6.86,29.97,992.1971,-0.116,-0.27,302.8,293.8,-0.673,-2.933
2026-03-18 21:34:00,1658,13.45,-0.224,-0.08,52.78,50.73,5.456,6.74,6.538,7.938,34.65,992.1926,-0.418,-0.61,303.2,294.0,-0.647,-2.932
2026-03-18 21:35:00,1659,13.46,-0.132,0.051,51.8,50.18,4.064,5.04,5.045,6.174,28.2,992.2435,0.013,-0.173,303.2,294.0,-0.61,-2.933
2026-03-18 21:36:00,1660,13.46,-0.023,0.138,51.96,50.24,3.543,4.635,4.53,5.88,29.36,992.2509,0.267,0.066,303.2,293.8,-0.587,-2.926
2026-03-18 21:37:00,1661,13.46,0.0,0.14,55.26,54.92,2.948,3.945,3.604,4.606,20.1,992.2354,0.311,0.124,303.0,293.7,-0.582,-2.914
2026-03-18 21:38:00,1662,13.46,-0.118,0.005,53.82,51.54,4.463,5.904,5.92,6.86,21.91,992.2115,0.045,-0.096,302.9,293.6,-0.62,-2.904
2026-03-18 21:39:00,1663,13.46,-0.154,0.008,52.16,50.5,4.241,5.451,5.045,6.468,47.9,992.1907,-0.158,-0.314,303.0,293.7,-0.624,-2.908
2026-03-18 21:40:00,1664,13.46,-0.082,0.046,52.84,52.1,4.273,5.31,6.023,7.252,24.8,992.1516,-0.049,-0.245,303.2,293.8,-0.563,-2.907
2026-03-18 21:41:00,1665,13.46,-0.082,0.008,53.8,53.88,3.386,4.501,4.376,5.488,23.46,992.1533,0.506,0.343,302.7,293.2,-0.608,-2.905
2026-03-18 21:42:00,1666,13.46,-0.184,-0.071,52.91,52.06,4.225,5.53,5.045,6.37,25.73,992.1378,-0.132,-0.359,302.6,293.3,-0.675,-2.901
2026-03-18 21:43:00,1667,13.46,-0.166,-0.021,53.48,51.89,5.063,6.507,8.39,10.19,30.11,992.0908,-0.399,-0.572,302.9,293.6,-0.655,-2.896
2026-03-18 21:44:00,1668,13.46,0.023,0.159,49.77,48.68,6.899,7.986,11.38,13.23,32.07,992.0277,-0.654,-0.876,304.0,294.5,-0.504,-2.899
2026-03-18 21:45:00,1669,13.46,0.299,0.35,49.57,49.4,2.925,3.838,4.17,5.194,39.61,992.0208,0.714,0.553,303.9,294.1,-0.399,-2.902
2026-03-18 21:46:00,1670,13.45,0.349,0.357,52.11,52.64,3.313,4.296,4.015,5.096,41.79,992.0153,1.073,0.959,303.4,293.4,-0.385,-2.891
2026-03-18 21:47:00,1671,13.46,0.182,0.219,53.21,50.74,3.271,4.348,3.912,5.194,22.72,992.0045,0.479,0.341,303.1,293.2,-0.446,-2.888
2026-03-18 21:48:00,1672,13.46,0.004,0.125,54.85,53.63,3.28,4.681,3.655,5.39,26.82,992.0252,0.313,0.126,302.6,292.9,-0.511,-2.884
2026-03-18 21:49:00,1673,13.46,-0.22,-0.013,56.04,55.3,3.627,5.065,4.788,5.88,33.05,992.0065,-0.167,-0.406,302.4,292.7,-0.605,-2.877
2026-03-18 21:50:00,1674,13.45,-0.298,-0.061,50.93,49.06,3.47,3.962,6.589,6.958,58.24,991.9924,-1.166,-1.457,303.0,293.4,-0.583,-2.879
2026-03-18 21:51:00,1675,13.46,0.02,0.178,51.15,51.18,2.593,3.274,3.604,4.606,14.01,991.9769,-0.013,-0.33,303.4,293.3,-0.445,-2.878
2026-03-18 21:52:00,1676,13.46,0.149,0.222,52.87,51.63,3.125,4.183,3.552,4.508,20.11,992.0003,1.077,0.823,302.8,292.6,-0.456,-2.88
2026-03-18 21:53:00,1677,13.46,-0.036,0.088,55.08,55.98,2.657,3.694,3.604,4.802,26.89,991.9974,0.306,0.154,302.2,292.0,-0.57,-2.874
2026-03-18 21:54:00,1678,13.46,-0.282,-0.156,56.57,54.37,2.534,3.804,4.633,6.174,30.84,991.9409,-0.242,-0.488,301.8,291.6,-0.674,-2.874
2026-03-18 21:55:00,1679,13.46,-0.482,-0.328,58.68,59.55,3.767,4.911,4.633,5.88,26.33,991.9142,-0.576,-0.851,301.9,291.5,-0.749,-2.883
2026-03-18 21:56:00,1680,13.46,-0.707,-0.561,59.77,59.55,3.604,4.96,4.324,5.586,17.73,991.9054,-0.594,-0.88,301.5,291.3,-0.878,-2.889
2026-03-18 21:57:00,1681,13.46,-0.896,-0.701,58.91,56.36,3.696,4.958,4.324,5.684,26.84,991.8735,-1.029,-1.319,301.5,291.5,-0.967,-2.893
2026-03-18 21:58:00,1682,13.46,-0.814,-0.564,56.67,54.37,4.553,5.82,5.405,6.86,21.42,991.8605,-1.014,-1.347,302.1,291.9,-0.94,-2.901
2026-03-18 21:59:00,1683,13.46,-0.624,-0.435,57.22,56.97,4.024,5.226,5.817,6.958,32.83,991.8235,-0.09,-0.349,302.1,291.3,-0.92,-2.91
2026-03-18 22:00:00,1684,13.46,-0.539,-0.351,53.88,50.49,7.743,9.24,10.24,11.56,54.67,991.6987,-0.925,-1.201,302.8,291.9,-0.874,-2.918
2026-03-18 22:01:00,1685,13.46,-0.171,-0.01,51.1,49.03,5.839,6.952,9.73,10.39,74.12,991.7924,-0.255,-0.587,303.6,291.9,-0.646,-2.936
2026-03-18 22:02:00,1686,13.46,0.072,0.174,50.76,49.42,4.501,5.235,6.486,6.958,53.1,991.7608,0.852,0.608,303.4,291.5,-0.568,-2.941
2026-03-18 22:03:00,1687,13.46,0.134,0.213,51.26,50.77,3.316,4.276,4.118,5.684,15.28,991.739,0.784,0.531,303.2,291.1,-0.541,-2.939
2026-03-18 22:04:00,1688,13.45,0.116,0.202,52.42,52.76,3.562,4.599,4.376,5.488,49.02,991.7252,0.561,0.274,302.9,290.7,-0.543,-2.938
2026-03-18 22:05:00,1689,13.45,0.009,0.085,53.74,52.99,3.638,4.919,4.942,6.174,36.88,991.7355,0.574,0.325,302.4,290.0,-0.587,-2.931
2026-03-18 22:06:00,1690,13.46,-0.183,-0.057,55.02,53.82,4.118,5.364,4.839,6.076,28.34,991.7156,0.165,-0.083,302.2,290.0,-0.665,-2.935
2026-03-18 22:07:00,1691,13.45,-0.341,-0.184,55.03,52.73,3.939,5.383,4.685,6.076,24.96,991.6968,-0.282,-0.593,302.0,290.3,-0.748,-2.936
2026-03-18 22:08:00,1692,13.46,-0.445,-0.222,55.52,54.1,3.403,4.727,4.376,5.586,30.45,991.6738,-0.326,-0.651,301.9,290.2,-0.79,-2.935
2026-03-18 22:09:00,1693,13.46,-0.531,-0.283,52.83,50.42,3.524,4.535,4.788,5.782,47.42,991.6716,-0.627,-0.899,301.8,290.0,-0.843,-2.935
2026-03-18 22:10:00,1694,13.46,-0.365,-0.105,52.34,50.82,3.059,3.907,4.273,5.096,43.24,991.6536,-0.405,-0.839,302.4,290.1,-0.725,-2.942
2026-03-18 22:11:00,1695,13.46,-0.173,-0.007,52.67,52.32,3.608,4.613,6.486,8.13,49.71,991.616,0.571,0.171,302.1,289.7,-0.72,-2.944
2026-03-18 22:12:00,1696,13.46,-0.122,0.033,51.94,49.27,6.412,7.881,9.16,10.68,40.16,991.5571,-0.308,-0.681,302.8,289.8,-0.696,-2.948
2026-03-18 22:13:00,1697,13.45,0.06,0.225,53.28,52.58,5.198,6.448,6.332,7.546,24.33,991.5267,0.217,-0.177,303.3,289.1,-0.55,-2.953
2026-03-18 22:14:00,1698,13.46,0.024,0.151,52.26,50.13,5.473,6.742,6.692,7.84,37.22,991.5967,0.897,0.633,302.7,288.2,-0.588,-2.954
2026-03-18 22:15:00,1699,13.46,0.041,0.192,52.12,51.61,3.859,4.849,5.611,7.252,20.98,991.5422,0.019,-0.342,303.2,288.3,-0.53,-2.953
2026-03-18 22:16:00,1700,13.46,0.057,0.176,50.26,49.16,4.392,5.514,5.56,7.35,6.415,991.5599,0.568,0.255,302.6,288.1,-0.555,-2.941
2026-03-18 22:17:00,1701,13.46,0.096,0.188,51.12,50.34,4.345,5.55,6.178,7.546,30.63,991.5414,0.222,-0.147,302.9,288.6,-0.502,-2.935
2026-03-18 22:18:00,1702,13.45,0.14,0.194,52.52,53.25,6.089,7.382,8.7,10.09,14.27,991.4926,0.415,0.114,303.0,288.8,-0.465,-2.923
2026-03-18 22:19:00,1703,13.46,0.059,0.124,49.49,49.51,4.258,5.222,7.362,8.13,20.07,991.5339,0.111,-0.13,302.9,288.7,-0.503,-2.918
2026-03-18 22:20:00,1704,13.45,0.175,0.214,49.54,48.98,3.794,4.793,5.148,6.37,16.53,991.5446,0.501,0.211,303.0,288.3,-0.435,-2.906
2026-03-18 22:21:00,1705,13.46,0.233,0.255,50.4,50.47,3.594,4.641,4.273,5.194,26.58,991.5497,0.614,0.365,302.5,287.9,-0.466,-2.894
2026-03-18 22:22:00,1706,13.46,0.141,0.177,52.86,53.4,3.705,4.959,4.839,6.566,8.3,991.5507,0.318,0.002,302.3,287.7,-0.505,-2.89
2026-03-18 22:23:00,1707,13.45,-0.037,0.044,53.01,52.94,4.476,5.852,5.611,6.86,2.081,991.5012,0.037,-0.317,302.2,287.3,-0.578,-2.893
2026-03-18 22:24:00,1708,13.46,-0.173,-0.042,50.37,49.44,4.699,5.834,7.259,8.53,354.2,991.4291,-0.632,-0.904,302.1,286.9,-0.634,-2.886
2026-03-18 22:25:00,1709,13.46,0.025,0.124,48.92,48.52,4.124,5.095,5.611,6.664,14.73,991.4261,-0.297,-0.661,302.9,287.4,-0.518,-2.875
2026-03-18 22:26:00,1710,13.46,0.21,0.236,49.73,49.51,4.201,5.38,5.148,6.272,21.88,991.4645,0.667,0.394,302.7,287.4,-0.487,-2.867
2026-03-18 22:27:00,1711,13.46,0.167,0.193,51.73,52.41,3.904,4.875,4.942,6.174,35.21,991.4514,0.509,0.232,302.5,287.6,-0.512,-2.867
2026-03-18 22:28:00,1712,13.46,0.029,0.045,52.77,51.64,2.822,3.844,3.964,4.998,33.83,991.4397,0.433,0.118,301.8,287.7,-0.594,-2.869
2026-03-18 22:29:00,1713,13.46,-0.155,-0.049,53.62,52.25,3.873,5.095,4.427,5.586,26.25,991.4547,-0.14,-0.543,301.8,288.0,-0.662,-2.869
2026-03-18 22:30:00,1714,13.46,-0.293,-0.11,55.12,53.38,3.589,4.755,4.221,5.488,14.6,991.4297,-0.239,-0.634,301.6,287.9,-0.744,-2.873
2026-03-18 22:31:00,1715,13.45,-0.415,-0.156,53.27,49.92,3.647,4.907,4.582,5.586,34.21,991.4274,-0.538,-0.844,301.3,287.1,-0.833,-2.877
2026-03-18 22:32:00,1716,13.46,-0.353,-0.046,53.16,51.03,3.532,4.634,4.685,5.39,32.9,991.4244,-0.774,-1.154,301.8,286.9,-0.788,-2.882
2026-03-18 22:33:00,1717,13.46,-0.289,-0.058,54.63,54.33,3.706,4.916,4.582,5.88,35.1,991.3929,0.07,-0.303,301.6,286.2,-0.798,-2.891
2026-03-18 22:34:00,1718,13.45,-0.391,-0.213,54.81,54.15,4.039,5.276,5.457,6.566,33.41,991.3607,0.017,-0.367,301.4,286.1,-0.859,-2.897
2026-03-18 22:35:00,1719,13.46,-0.446,-0.228,51.9,50.08,5.309,6.726,7.773,9.7,9.38,991.3333,-0.625,-1.079,301.7,286.2,-0.876,-2.906
2026-03-18 22:36:00,1720,13.46,-0.214,-0.049,50.31,48.92,5.288,6.375,7.773,10.09,44.33,991.3113,-0.301,-0.71,302.7,286.8,-0.731,-2.913
2026-03-18 22:37:00,1721,13.46,0.03,0.101,51.24,50.55,5.737,6.839,7.259,8.62,20.74,991.2597,0.697,0.271,303.0,286.7,-0.598,-2.918
2026-03-18 22:38:00,1722,13.46,0.024,0.093,51.38,50.43,4.721,5.884,7.156,8.43,23.6,991.3196,0.744,0.435,302.7,287.3,-0.616,-2.921
2026-03-18 22:39:00,1723,13.45,-0.035,0.061,53.19,53.06,4.607,6.043,5.56,6.762,30.9,991.3155,0.541,0.239,302.4,287.5,-0.634,-2.917
2026-03-18 22:40:00,1724,13.46,-0.191,-0.067,54.58,53.86,5.363,6.722,6.384,8.23,57.22,991.2702,0.114,-0.189,302.2,287.7,-0.691,-2.916
2026-03-18 22:41:00,1725,13.46,-0.192,-0.015,50.36,48.57,5.025,5.997,7.104,8.23,36.19,991.2678,-0.727,-1.1,303.0,289.1,-0.617,-2.923
2026-03-18 22:42:00,1726,13.46,0.107,0.217,50.35,50.29,3.905,4.78,4.994,5.978,44.52,991.2401,0.582,0.152,303.2,289.5,-0.467,-2.923
2026-03-18 22:43:00,1727,13.46,0.183,0.234,52.33,51.9,5.331,6.599,6.95,8.53,28.84,991.2549,1.045,0.677,302.8,288.6,-0.488,-2.92
2026-03-18 22:44:00,1728,13.46,0.077,0.183,49.72,48.46,4.887,5.838,6.795,8.13,49.31,991.2479,-0.213,-0.547,303.0,288.5,-0.508,-2.921
2026-03-18 22:45:00,1729,13.46,0.197,0.289,49.5,49.6,4.195,5.304,5.766,6.762,37.62,991.2242,0.505,0.131,302.9,286.8,-0.443,-2.919
2026-03-18 22:46:00,1730,13.46,0.117,0.177,51.43,52.12,3.084,3.988,3.81,4.9,45.01,991.2151,0.521,0.146,302.2,284.7,-0.485,-2.919
2026-03-18 22:47:00,1731,13.46,-0.052,0.01,52.24,52.97,3.159,4.073,4.221,5.292,43.44,991.2191,0.13,-0.342,301.6,283.2,-0.555,-2.915
2026-03-18 22:48:00,1732,13.45,-0.228,-0.192,55.35,56.6,3.593,4.465,4.118,5.096,26.38,991.2098,0.346,-0.226,301.2,282.1,-0.641,-2.917
2026-03-18 22:49:00,1733,13.46,-0.515,-0.46,57.0,56.79,2.981,4.176,3.501,4.802,21.79,991.1903,-0.242,-0.805,300.6,281.6,-0.787,-2.921
2026-03-18 22:50:00,1734,13.46,-0.755,-0.621,55.9,53.36,3.2,4.477,3.964,5.488,38.45,991.1859,-0.71,-1.359,300.1,281.2,-0.92,-2.931
2026-03-18 22:51:00,1735,13.45,-0.834,-0.577,57.04,55.79,3.276,4.521,3.912,5.586,43.45,991.1819,-0.874,-1.523,300.2,281.2,-0.994,-2.94
2026-03-18 22:52:00,1736,13.45,-0.845,-0.567,56.43,54.81,3.865,4.983,4.685,5.978,35.79,991.1742,-0.729,-1.395,300.3,281.3,-1.052,-2.95
2026-03-18 22:53:00,1737,13.46,-0.77,-0.532,53.77,52.31,3.885,4.815,4.582,5.684,45.24,991.1667,-0.877,-1.518,300.5,281.2,-1.079,-2.961
2026-03-18 22:54:00,1738,13.46,-0.578,-0.396,54.75,54.94,3.725,4.721,4.839,5.586,21.48,991.177,-0.155,-0.885,301.0,281.1,-0.985,-2.972
2026-03-18 22:55:00,1739,13.45,-0.528,-0.435,56.0,56.31,3.457,4.468,4.17,5.096,38.56,991.2174,0.543,-0.057,300.5,279.6,-1.034,-2.978
2026-03-18 22:56:00,1740,13.46,-0.697,-0.573,55.61,54.85,3.375,4.476,3.861,5.194,40.09,991.1965,0.024,-0.591,300.0,278.4,-1.117,-2.987
2026-03-18 22:57:00,1741,13.46,-0.759,-0.599,57.04,57.09,2.874,3.728,3.655,4.704,62.42,991.1882,-0.094,-0.806,299.8,276.6,-1.155,-2.995
2026-03-18 22:58:00,1742,13.46,-0.833,-0.696,57.33,56.92,0.758,1.853,2.214,3.136,3.968,991.1143,-0.143,-0.953,299.2,276.1,-1.194,-3.003
2026-03-18 22:59:00,1743,13.45,-0.863,-0.704,57.7,57.54,2.554,3.634,3.758,4.802,20.64,991.1144,-0.076,-1.023,299.1,275.9,-1.225,-3.012
2026-03-18 23:00:00,1744,13.46,-0.901,-0.711,57.19,55.86,3.304,4.468,3.912,4.9,37.39,991.1432,0.054,-0.824,299.1,276.5,-1.283,-3.026
2026-03-18 23:01:00,1745,13.46,-0.927,-0.654,55.97,53.77,3.701,4.834,5.251,6.076,34.61,991.1418,-0.28,-1.08,299.2,276.4,-1.329,-3.035
2026-03-18 23:02:00,1746,13.46,-0.793,-0.502,54.28,52.3,3.733,4.898,5.199,6.272,34.21,991.0996,-0.321,-1.172,299.9,276.5,-1.28,-3.048
2026-03-18 23:03:00,1747,13.46,-0.536,-0.289,53.07,51.14,4.176,5.242,5.354,6.468,47.21,991.0749,-0.064,-0.904,300.4,276.1,-1.186,-3.062
2026-03-18 23:04:00,1748,13.46,-0.377,-0.167,53.09,52.06,3.635,4.756,4.376,6.076,44.12,991.0649,0.883,0.142,300.0,275.5,-1.154,-3.06
2026-03-18 23:05:00,1749,13.46,-0.367,-0.146,52.88,51.95,3.601,4.806,4.376,5.782,57.4,991.0134,0.302,-0.513,300.1,275.5,-1.14,-3.065
2026-03-18 23:06:00,1750,13.46,-0.346,-0.161,54.3,52.88,3.43,4.252,5.251,5.978,30.24,991.0361,0.795,-0.016,300.1,275.2,-1.122,-3.07
2026-03-18 23:07:00,1751,13.45,-0.425,-0.236,53.66,52.81,2.738,3.812,3.346,4.606,33.01,991.0673,0.326,-0.518,299.6,276.8,-1.156,-3.071
2026-03-18 23:08:00,1752,13.46,-0.431,-0.259,53.67,53.29,3.142,4.144,3.655,4.802,37.29,991.0849,0.375,-0.433,299.9,278.6,-1.137,-3.073
2026-03-18 23:09:00,1753,13.46,-0.499,-0.373,55.3,55.53,2.563,3.587,3.346,4.312,41.83,991.0961,0.623,-0.139,299.6,278.7,-1.165,-3.075
2026-03-18 23:10:00,1754,13.46,-0.674,-0.53,56.23,55.66,2.447,3.603,3.14,4.508,47.89,991.0854,0.167,-0.571,298.9,278.1,-1.259,-3.08
2026-03-18 23:11:00,1755,13.46,-0.816,-0.637,56.11,55.41,2.283,3.142,2.78,3.92,34.71,991.087,-0.2,-1.018,298.6,276.9,-1.316,-3.089
2026-03-18 23:12:00,1756,13.46,-0.864,-0.689,56.87,56.9,2.224,3.177,2.831,4.214,38.48,991.0896,-0.198,-1.049,298.5,275.9,-1.348,-3.098
2026-03-18 23:13:00,1757,13.46,-0.936,-0.785,57.68,57.98,2.335,3.493,2.883,4.018,24.13,991.0706,-0.123,-0.999,298.3,274.3,-1.399,-3.104
2026-03-18 23:14:00,1758,13.46,-1.026,-0.872,58.55,58.49,2.895,3.805,4.015,4.998,34.47,991.0351,-0.05,-0.978,298.2,273.7,-1.451,-3.114
2026-03-18 23:15:00,1759,13.46,-1.021,-0.875,57.08,55.53,5.21,6.478,9.83,11.86,49.94,990.9617,-0.891,-1.803,299.3,274.9,-1.412,-3.126
2026-03-18 23:16:00,1760,13.46,-0.638,-0.493,53.75,52.09,7.277,8.73,10.19,11.56,32.2,990.9366,-0.438,-1.437,301.5,275.8,-1.157,-3.139
2026-03-18 23:17:00,1761,13.46,-0.287,-0.153,51.59,49.34,5.813,7.347,6.538,8.33,21.15,990.9109,0.9,0.214,301.4,275.7,-1.046,-3.139
2026-03-18 23:18:00,1762,13.45,-0.06,0.089,49.84,49.43,5.152,6.259,6.486,7.448,23.78,990.9296,0.734,0.1,301.7,275.3,-0.93,-3.126
2026-03-18 23:19:00,1763,13.46,0.026,0.129,53.0,52.98,4.438,5.541,5.199,6.468,40.2,990.9749,1.588,0.986,301.1,274.2,-0.88,-3.111
2026-03-18 23:20:00,1764,13.46,-0.181,-0.043,51.92,50.1,4.567,5.865,6.332,7.546,34.12,990.986,0.795,0.106,300.5,274.2,-0.947,-3.097
2026-03-18 23:21:00,1765,13.45,-0.17,0.004,50.07,49.36,4.317,5.261,5.869,6.762,44.24,990.9543,-0.161,-0.988,301.2,275.8,-0.851,-3.098
2026-03-18 23:22:00,1766,13.46,-0.084,-0.001,53.84,55.03,3.482,4.512,4.685,6.076,16.41,990.98,1.309,0.476,300.5,275.6,-0.846,-3.094
2026-03-18 23:23:00,1767,13.46,-0.322,-0.238,53.58,51.8,4.428,5.827,7.413,8.13,18.66,990.9315,0.529,-0.273,299.9,275.4,-0.964,-3.085
2026-03-18 23:24:00,1768,13.46,-0.342,-0.202,50.72,49.71,5.677,6.955,7.619,8.62,35.9,990.8943,-0.665,-1.466,301.1,275.4,-0.905,-3.084
2026-03-18 23:25:00,1769,13.45,-0.074,-0.001,51.28,50.67,3.079,3.956,5.663,5.586,32.08,990.9067,0.647,-0.108,301.2,274.4,-0.781,-3.076
2026-03-18 23:26:00,1770,13.46,-0.071,-0.009,53.03,51.85,3.486,4.769,4.582,5.586,48.19,990.9399,1.307,0.528,300.0,273.2,-0.846,-3.071
2026-03-18 23:27:00,1771,13.46,-0.287,-0.162,54.55,55.35,3.629,4.467,4.685,5.39,46.84,990.9545,0.351,-0.491,299.7,273.3,-0.951,-3.071
2026-03-18 23:28:00,1772,13.46,-0.488,-0.33,53.95,52.62,3.766,4.985,4.582,5.782,40.04,990.9539,-0.212,-1.079,299.7,273.4,-1.008,-3.074
2026-03-18 23:29:00,1773,13.46,-0.542,-0.311,53.33,52.22,2.973,3.933,3.707,4.802,25.69,990.939,-0.077,-0.988,299.5,273.4,-1.031,-3.079
2026-03-18 23:30:00,1774,13.46,-0.511,-0.275,55.61,55.78,3.269,4.381,4.17,5.586,49.97,990.9497,0.379,-0.53,299.2,273.9,-1.059,-3.087
2026-03-18 23:31:00,1775,13.46,-0.691,-0.5,57.43,57.7,3.282,4.386,4.118,5.194,32.87,990.9417,0.157,-0.704,298.8,273.6,-1.189,-3.096
2026-03-18 23:32:00,1776,13.46,-0.971,-0.74,58.16,54.99,3.359,5.01,3.912,5.684,29.8,990.9562,-0.314,-1.17,298.4,274.5,-1.32,-3.105
2026-03-18 23:33:00,1777,13.46,-1.098,-0.734,56.8,54.23,3.724,5.098,4.376,5.782,35.6,990.9579,-0.784,-1.683,298.7,275.9,-1.394,-3.117
2026-03-18 23:34:00,1778,13.45,-1.005,-0.59,54.4,50.8,3.297,4.614,4.53,5.978,32.46,990.9146,-0.681,-1.565,299.4,276.9,-1.357,-3.127
2026-03-18 23:35:00,1779,13.46,-0.766,-0.367,54.82,52.08,4.163,5.536,5.045,6.37,43.98,990.9235,0.055,-0.799,299.7,276.9,-1.289,-3.132
2026-03-18 23:36:00,1780,13.46,-0.684,-0.356,55.7,54.61,4.31,5.5,4.891,6.174,44.76,990.9251,0.491,-0.287,299.8,277.3,-1.276,-3.139
2026-03-18 23:37:00,1781,13.46,-0.743,-0.431,55.14,53.74,4.153,5.42,4.942,6.174,45.97,990.9442,0.15,-0.5,299.8,279.3,-1.308,-3.144
2026-03-18 23:38:00,1782,13.46,-0.715,-0.406,54.2,52.65,4.304,5.496,6.178,7.448,43.96,990.9291,0.087,-0.645,300.1,281.2,-1.284,-3.148
2026-03-18 23:39:00,1783,13.46,-0.579,-0.319,53.16,52.11,4.288,5.309,6.229,7.546,32.5,990.8804,0.08,-0.585,300.7,282.6,-1.197,-3.153
2026-03-18 23:40:00,1784,13.46,-0.441,-0.223,51.89,50.63,4.083,5.056,4.839,5.88,37.16,990.8812,0.22,-0.356,301.0,284.2,-1.121,-3.151
2026-03-18 23:41:00,1785,13.46,-0.318,-0.16,51.46,50.09,4.291,5.302,5.045,5.88,37.05,990.8929,0.96,0.393,301.1,284.7,-1.064,-3.144
2026-03-18 23:42:00,1786,13.46,-0.268,-0.113,51.76,50.34,3.654,4.681,4.839,5.684,23.32,990.9049,0.479,-0.023,301.0,285.5,-1.047,-3.135
2026-03-18 23:43:00,1787,13.46,-0.274,-0.096,52.51,50.9,3.034,4.13,4.015,5.978,30.22,990.9069,0.624,0.176,300.7,285.2,-1.057,-3.132
2026-03-18 23:44:00,1788,13.45,-0.333,-0.126,53.16,52.16,3.802,5.052,5.869,7.644,47.62,990.8762,0.251,-0.191,300.8,285.2,-1.045,-3.123
2026-03-18 23:45:00,1789,13.45,-0.335,-0.168,53.35,52.48,4.501,5.665,5.663,7.448,38.32,990.8506,0.298,-0.187,301.2,285.5,-1.0,-3.12
2026-03-18 23:46:00,1790,13.45,-0.344,-0.182,52.84,51.2,4.628,5.871,5.457,6.468,42.5,990.8088,0.319,-0.091,301.2,285.8,-1.002,-3.117
2026-03-18 23:47:00,1791,13.46,-0.294,-0.091,53.37,51.72,4.292,5.527,5.56,6.468,38.84,990.7935,0.194,-0.237,301.4,286.2,-0.977,-3.111
2026-03-18 23:48:00,1792,13.45,-0.169,0.03,51.3,50.57,5.654,6.916,7.722,9.41,22.15,990.7801,-0.536,-1.017,302.3,286.8,-0.85,-3.104
2026-03-18 23:49:00,1793,13.46,-0.045,0.073,52.86,51.47,4.908,6.506,5.714,7.056,26.85,990.7992,1.363,0.975,301.9,285.2,-0.792,-3.098
2026-03-18 23:50:00,1794,13.46,-0.236,-0.062,54.43,53.73,4.604,6.105,5.56,6.762,31.03,990.818,0.635,0.236,301.3,283.5,-0.879,-3.085
2026-03-18 23:51:00,1795,13.46,-0.494,-0.293,56.01,55.17,4.43,5.889,5.302,6.762,33.02,990.8115,0.287,-0.101,300.6,282.1,-0.987,-3.072
2026-03-18 23:52:00,1796,13.45,-0.719,-0.507,56.45,55.04,4.412,5.83,5.097,6.566,28.83,990.7774,-0.286,-0.751,300.5,281.1,-1.081,-3.068
2026-03-18 23:53:00,1797,13.46,-0.762,-0.527,54.83,53.28,5.837,7.237,7.928,9.11,43.67,990.7502,-0.84,-1.431,300.9,280.5,-1.069,-3.07
2026-03-18 23:54:00,1798,13.46,-0.555,-0.359,55.46,53.76,6.882,8.51,7.979,9.41,38.2,990.7313,-0.002,-0.617,301.4,280.9,-1.014,-3.075
2026-03-18 23:55:00,1799,13.46,-0.413,-0.188,52.7,50.39,5.234,6.481,7.876,9.31,41.66,990.7567,-0.099,-0.687,301.7,280.7,-0.96,-3.077
2026-03-18 23:56:00,1800,13.46,-0.304,-0.098,54.06,52.83,4.886,6.327,5.663,6.86,42.74,990.7746,0.659,0.066,301.4,280.0,-0.933,-3.071
2026-03-18 23:57:00,1801,13.46,-0.388,-0.162,52.59,49.69,5.807,7.211,7.156,8.72,34.41,990.7484,0.076,-0.502,301.3,280.3,-0.955,-3.067
2026-03-18 23:58:00,1802,13.46,-0.253,-0.017,51.41,50.09,6.847,8.18,8.75,9.9,37.44,990.7094,-0.156,-0.759,302.1,280.8,-0.847,-3.065
2026-03-18 23:59:00,1803,13.46,-0.04,0.128,50.16,48.68,6.242,7.61,7.31,9.21,36.13,990.7158,0.393,-0.204,302.3,279.5,-0.738,-3.058
2026-03-19 00:00:00,1804,13.46,0.02,0.143,52.3,51.53,4.32,5.532,5.869,7.154,41.24,990.743,1.064,0.523,301.6,277.1,-0.738,-3.05
2026-03-19 00:01:00,1805,13.4,-0.14,-0.002,53.67,54.51,3.739,4.95,5.199,7.252,13.84,990.6971,0.545,-0.077,300.7,274.1,-0.823,-3.044
2026-03-19 00:02:00,1806,13.46,-0.316,-0.168,54.4,51.82,4.932,6.428,6.641,8.04,21.59,990.6965,0.151,-0.628,300.6,272.8,-0.884,-3.035
2026-03-19 00:03:00,1807,13.46,-0.319,-0.106,50.72,49.16,4.413,5.691,6.023,7.35,38.93,990.6819,-0.304,-1.088,300.9,273.0,-0.866,-3.031
2026-03-19 00:04:00,1808,13.46,-0.174,-0.021,52.72,52.7,5.264,6.651,6.486,7.644,19.51,990.6667,0.62,-0.21,300.7,271.2,-0.837,-3.027
2026-03-19 00:05:00,1809,13.45,-0.32,-0.175,54.59,54.6,5.52,6.901,6.95,8.13,28.56,990.6437,0.518,-0.254,300.1,269.6,-0.933,-3.025
2026-03-19 00:06:00,1810,13.46,-0.434,-0.254,54.09,52.09,6.344,7.755,8.49,9.31,45.3,990.5831,-0.06,-0.935,300.5,270.2,-0.965,-3.027
2026-03-19 00:07:00,1811,13.46,-0.387,-0.183,52.2,49.93,6.273,7.738,7.207,8.53,45.6,990.5627,-0.045,-0.922,300.7,270.2,-0.97,-3.034
2026-03-19 00:08:00,1812,13.46,-0.35,-0.117,54.24,53.08,5.945,7.409,7.104,8.43,53.78,990.5729,0.063,-0.791,300.8,269.4,-0.961,-3.044
2026-03-19 00:09:00,1813,13.46,-0.315,-0.074,51.83,50.7,7.109,8.31,8.75,10.0,65.07,990.5316,-0.247,-1.126,301.2,268.9,-0.925,-3.049
2026-03-19 00:10:00,1814,13.46,-0.115,0.07,51.79,50.2,5.819,6.785,6.641,7.742,57.9,990.554,0.174,-0.787,301.5,269.4,-0.826,-3.051
2026-03-19 00:11:00,1815,13.45,-0.114,0.052,53.46,52.63,5.939,7.221,7.516,8.62,50.32,990.5668,0.987,0.074,301.2,268.7,-0.81,-3.05
2026-03-19 00:12:00,1816,13.46,-0.222,-0.016,51.65,49.5,7.399,8.76,9.21,10.49,61.54,990.5289,0.242,-0.674,301.4,268.6,-0.829,-3.054
2026-03-19 00:13:00,1817,13.46,-0.099,0.108,48.8,47.9,6.03,6.779,7.413,8.53,53.79,990.5886,-0.196,-1.101,301.6,267.7,-0.751,-3.053
2026-03-19 00:14:00,1818,13.46,0.141,0.23,48.74,48.37,4.693,5.587,5.869,6.958,39.88,990.5883,0.72,-0.263,301.2,266.4,-0.668,-3.053
2026-03-19 00:15:00,1819,13.45,0.132,0.212,49.43,48.53,4.675,5.737,5.354,6.468,55.53,990.5779,0.874,-0.191,300.5,265.5,-0.69,-3.051
2026-03-19 00:16:00,1820,13.46,0.114,0.238,49.06,48.3,3.42,4.158,4.891,5.488,36.22,990.5549,0.445,-0.656,300.2,264.0,-0.68,-3.051
2026-03-19 00:17:00,1821,13.45,0.138,0.232,50.61,50.43,4.716,5.892,7.31,8.43,49.26,990.5597,0.707,-0.527,299.8,262.3,-0.696,-3.052
2026-03-19 00:18:00,1822,13.46,0.005,0.138,49.37,49.13,4.42,5.398,5.457,6.958,39.29,990.5358,0.175,-1.055,300.0,262.6,-0.71,-3.052
2026-03-19 00:19:00,1823,13.46,-0.019,0.096,51.55,51.36,4.239,5.453,6.075,7.35,45.48,990.5292,1.011,-0.261,299.4,261.8,-0.75,-3.051
2026-03-19 00:20:00,1824,13.46,-0.23,-0.054,50.73,49.1,5.766,7.179,7.053,8.53,34.34,990.4814,-0.106,-1.353,299.8,262.5,-0.823,-3.055
2026-03-19 00:21:00,1825,13.46,-0.212,-0.002,52.1,51.84,4.844,6.201,5.714,7.448,43.34,990.4689,0.295,-0.896,299.9,262.3,-0.815,-3.063
2026-03-19 00:22:00,1826,13.46,-0.25,-0.021,52.57,50.34,6.486,8.07,7.619,9.02,46.6,990.4283,0.088,-1.08,300.1,262.2,-0.858,-3.069
2026-03-19 00:23:00,1827,13.46,-0.206,0.058,50.54,48.63,6.5,7.671,7.671,9.21,46.72,990.468,-0.052,-1.163,300.6,262.1,-0.842,-3.071
2026-03-19 00:24:00,1828,13.46,-0.097,0.134,50.34,48.28,5.262,6.394,5.869,7.056,40.82,990.4952,0.433,-0.682,300.3,261.5,-0.807,-3.072
2026-03-19 00:25:00,1829,13.46,-0.079,0.169,51.94,51.45,4.538,5.818,5.199,6.272,42.15,990.502,0.617,-0.531,299.6,259.7,-0.849,-3.072
2026-03-19 00:26:00,1830,13.46,-0.264,0.013,53.92,52.96,4.454,5.871,5.097,6.468,39.74,990.5105,0.669,-0.562,298.8,257.6,-0.961,-3.074
2026-03-19 00:27:00,1831,13.45,-0.532,-0.182,54.36,52.82,3.782,5.097,4.736,5.782,39.7,990.4823,0.059,-1.253,298.0,256.8,-1.106,-3.084
2026-03-19 00:28:00,1832,13.46,-0.67,-0.311,54.75,53.41,4.395,5.736,6.281,8.53,32.03,990.4435,-0.347,-1.785,297.7,256.2,-1.199,-3.094
2026-03-19 00:29:00,1833,13.46,-0.725,-0.366,54.45,52.88,6.331,7.841,7.104,9.11,36.71,990.4022,-0.294,-1.717,298.7,256.3,-1.221,-3.108
2026-03-19 00:30:00,1834,13.46,-0.614,-0.287,54.19,52.35,5.47,6.957,7.207,9.31,46.95,990.4092,-0.029,-1.419,298.8,255.1,-1.218,-3.12
2026-03-19 00:31:00,1835,13.46,-0.537,-0.248,54.34,52.19,6.911,8.7,9.68,11.47,44.89,990.3484,-0.04,-1.471,299.6,254.7,-1.174,-3.131
2026-03-19 00:32:00,1836,13.45,-0.415,-0.121,53.39,51.3,7.786,9.17,9.06,10.88,64.58,990.3315,0.09,-1.238,300.4,254.9,-1.097,-3.133
2026-03-19 00:33:00,1837,13.46,-0.268,0.002,51.21,49.97,6.656,7.817,8.24,9.51,43.33,990.3843,0.31,-0.936,300.4,254.5,-1.026,-3.134
2026-03-19 00:34:00,1838,13.46,-0.213,-0.01,54.45,52.65,6.166,7.549,7.928,9.31,44.77,990.3823,1.128,-0.216,300.2,253.5,-0.99,-3.134
2026-03-19 00:35:00,1839,13.46,-0.275,-0.014,50.47,48.6,6.036,7.118,7.825,8.82,46.98,990.4026,0.086,-1.256,300.2,253.7,-0.973,-3.135
2026-03-19 00:36:00,1840,13.46,-0.064,0.136,50.39,49.06,4.522,5.757,6.641,7.448,34.04,990.462,0.975,-0.442,299.5,252.9,-0.904,-3.129
2026-03-19 00:37:00,1841,13.45,-0.051,0.158,50.49,49.61,4.375,5.424,5.251,6.664,39.88,990.4611,0.827,-0.667,299.2,252.8,-0.908,-3.119
2026-03-19 00:38:00,1842,13.46,-0.094,0.129,50.64,49.64,4.604,5.922,6.692,8.13,28.86,990.4965,0.936,-0.59,298.3,251.7,-0.974,-3.116
2026-03-19 00:39:00,1843,13.46,-0.084,0.149,50.72,50.81,4.583,5.663,6.744,7.938,36.84,990.5007,0.021,-1.592,299.1,251.5,-0.917,-3.114
2026-03-19 00:40:00,1844,13.46,-0.116,0.069,49.92,48.7,4.408,5.492,5.611,7.252,58.61,990.5294,0.943,-0.538,298.3,251.1,-0.957,-3.117
2026-03-19 00:41:00,1845,13.46,-0.098,0.102,50.44,50.1,3.627,4.58,5.097,6.566,33.25,990.5322,0.522,-1.154,298.4,250.8,-0.927,-3.119
2026-03-19 00:42:00,1846,13.46,-0.153,0.024,50.92,49.9,4.223,5.498,5.199,6.37,25.49,990.5675,1.008,-0.635,297.6,250.3,-1.002,-3.131
2026-03-19 00:43:00,1847,13.46,-0.333,-0.073,52.14,50.83,4.678,6.137,5.405,6.86,37.58,990.5551,0.326,-1.34,297.7,250.7,-1.071,-3.135
2026-03-19 00:44:00,1848,13.46,-0.468,-0.157,51.61,50.51,4.24,5.381,5.663,6.86,25.0,990.5677,0.31,-1.32,297.6,251.0,-1.116,-3.148
2026-03-19 00:45:00,1849,13.46,-0.551,-0.237,53.75,53.14,3.361,4.655,3.964,5.096,26.41,990.5795,0.594,-1.008,296.5,250.3,-1.223,-3.156
2026-03-19 00:46:00,1850,13.45,-0.832,-0.463,55.38,54.65,3.125,4.586,3.758,5.488,38.87,990.5801,0.025,-1.625,295.5,250.2,-1.387,-3.177
2026-03-19 00:47:00,1851,13.46,-1.066,-0.655,55.36,53.23,4.292,5.429,5.354,6.664,45.14,990.5535,-0.753,-2.499,295.7,251.1,-1.507,-3.198
2026-03-19 00:48:00,1852,13.46,-0.978,-0.558,55.24,53.28,4.001,5.327,5.251,6.762,36.41,990.5386,-0.432,-2.163,296.7,251.9,-1.471,-3.22
2026-03-19 00:49:00,1853,13.45,-0.821,-0.414,52.18,49.59,4.974,6.202,5.714,7.154,34.65,990.5318,-0.266,-1.934,297.4,252.3,-1.427,-3.234
2026-03-19 00:50:00,1854,13.46,-0.489,-0.151,50.58,48.74,5.184,6.17,6.435,7.546,55.46,990.5457,0.168,-1.413,298.5,251.5,-1.275,-3.246
2026-03-19 00:51:00,1855,13.46,-0.268,-0.007,51.99,51.33,3.687,4.688,4.891,6.272,57.71,990.5749,1.277,-0.304,297.9,250.4,-1.227,-3.256
2026-03-19 00:52:00,1856,13.46,-0.243,0.008,50.42,49.48,4.546,5.416,5.56,6.958,55.69,990.5573,0.714,-0.933,298.0,250.4,-1.217,-3.259
2026-03-19 00:53:00,1857,13.46,-0.13,0.076,50.19,48.87,3.632,4.446,4.839,5.684,74.0,990.5551,0.889,-0.808,298.0,250.1,-1.185,-3.264
2026-03-19 00:54:00,1858,13.46,-0.097,0.117,49.19,48.16,2.901,3.651,4.015,4.9,42.06,990.5525,0.846,-0.966,297.6,250.1,-1.13,-3.273
2026-03-19 00:55:00,1859,13.46,-0.059,0.108,51.5,50.99,2.546,3.615,3.295,4.312,45.15,990.5463,1.808,-0.045,296.4,250.0,-1.141,-3.279
2026-03-19 00:56:00,1860,13.46,-0.324,-0.028,50.45,48.71,3.448,4.599,4.582,5.39,44.89,990.5228,0.398,-1.413,295.4,250.6,-1.299,-3.29
2026-03-19 00:57:00,1861,13.46,-0.277,0.04,50.96,50.26,3.361,4.277,4.015,4.9,39.48,990.5121,0.065,-1.781,296.7,252.4,-1.226,-3.298
2026-03-19 00:58:00,1862,13.46,-0.339,-0.112,50.92,49.96,3.272,4.434,3.964,5.194,24.61,990.502,0.935,-0.775,295.6,253.5,-1.336,-3.306
2026-03-19 00:59:00,1863,13.46,-0.52,-0.212,52.7,50.95,3.239,4.482,3.604,4.802,21.19,990.5034,0.11,-1.54,295.6,254.1,-1.414,-3.314
2026-03-19 01:00:00,1864,13.46,-0.726,-0.293,53.49,50.74,3.436,4.972,4.067,5.488,28.58,990.5482,0.062,-1.502,294.9,253.4,-1.545,-3.326
2026-03-19 01:01:00,1865,13.46,-0.915,-0.329,54.91,52.28,3.48,4.832,3.912,5.39,39.71,990.5516,-0.19,-1.793,294.8,252.1,-1.652,-3.345
2026-03-19 01:02:00,1866,13.46,-1.014,-0.384,52.38,50.02,4.015,5.05,4.685,5.684,18.86,990.5331,-1.13,-2.775,295.4,251.9,-1.692,-3.362
2026-03-19 01:03:00,1867,13.46,-0.829,-0.345,53.12,51.26,3.3,4.417,3.758,4.704,35.34,990.5255,0.614,-0.979,295.5,251.2,-1.634,-3.376
2026-03-19 01:04:00,1868,13.46,-0.886,-0.386,54.36,51.7,2.526,3.646,3.192,4.214,26.88,990.5165,0.528,-1.06,294.1,250.7,-1.766,-3.387
2026-03-19 01:05:00,1869,13.46,-1.073,-0.488,55.5,53.77,1.903,3.058,2.42,3.332,20.0,990.5077,-0.017,-1.737,293.0,250.7,-1.881,-3.407
2026-03-19 01:06:00,1870,13.46,-1.276,-0.642,56.51,53.18,1.689,2.975,2.008,3.234,24.72,990.5028,-0.333,-2.155,291.9,251.8,-2.01,-3.435
2026-03-19 01:07:00,1871,13.46,-1.479,-0.729,57.33,54.98,0.834,2.349,1.493,2.744,27.79,990.4966,-0.742,-2.574,291.2,254.0,-2.124,-3.464
2026-03-19 01:08:00,1872,13.46,-1.661,-0.955,58.72,58.7,0.538,1.92,0.978,2.352,38.32,990.5002,-0.723,-2.592,291.0,255.1,-2.213,-3.5
2026-03-19 01:09:00,1873,13.45,-1.954,-1.452,60.25,60.81,0.59,2.213,1.236,3.038,29.5,990.504,-0.763,-2.635,290.7,255.7,-2.332,-3.536
2026-03-19 01:10:00,1874,13.46,-2.274,-1.793,61.12,58.53,1.845,3.517,2.625,4.214,24.51,990.501,-0.932,-2.788,290.3,255.0,-2.474,-3.575
2026-03-19 01:11:00,1875,13.46,-2.398,-1.741,60.49,55.28,2.375,3.435,2.728,3.724,26.04,990.5048,-1.233,-2.982,290.7,253.7,-2.59,-3.609
2026-03-19 01:12:00,1876,13.45,-2.277,-1.531,60.89,57.26,1.515,2.828,2.317,3.822,26.69,990.5158,-0.647,-2.349,290.7,253.2,-2.65,-3.635
2026-03-19 01:13:00,1877,13.46,-2.211,-1.383,58.99,54.27,2.392,3.356,2.831,4.018,15.33,990.5195,-1.104,-2.783,290.7,254.6,-2.724,-3.663
2026-03-19 01:14:00,1878,13.45,-1.911,-1.179,58.72,56.32,1.472,2.654,1.956,3.136,21.19,990.5352,-0.074,-1.643,290.9,254.8,-2.715,-3.684
2026-03-19 01:15:00,1879,13.46,-1.914,-1.256,59.02,57.35,1.221,2.412,1.647,2.744,17.42,990.5339,-0.043,-1.547,290.0,253.6,-2.793,-3.708
2026-03-19 01:16:00,1880,13.45,-2.004,-1.42,58.09,54.43,2.347,3.868,4.788,6.076,5.588,990.4988,-0.297,-1.918,289.5,252.2,-2.869,-3.728
2026-03-19 01:17:00,1881,13.46,-1.727,-1.148,55.06,51.34,4.477,5.499,5.302,6.468,16.45,990.4509,-0.781,-2.358,293.0,254.1,-2.755,-3.75
2026-03-19 01:18:00,1882,13.46,-1.08,-0.634,51.61,49.62,2.983,3.597,3.655,4.606,3.288,990.4866,0.932,-0.423,294.6,254.3,-2.512,-3.737
2026-03-19 01:19:00,1883,13.46,-0.674,-0.384,51.11,49.9,2.613,3.399,3.037,3.92,13.94,990.5037,2.416,1.298,293.8,253.0,-2.451,-3.719
2026-03-19 01:20:00,1884,13.45,-0.549,-0.282,50.92,49.72,2.464,3.324,3.449,4.116,21.12,990.5006,1.863,0.701,293.8,253.6,-2.39,-3.709
2026-03-19 01:21:00,1885,13.45,-0.49,-0.249,51.74,50.66,2.558,3.474,3.243,4.018,29.05,990.4888,1.824,0.684,293.6,254.3,-2.341,-3.7
2026-03-19 01:22:00,1886,13.45,-0.613,-0.312,50.85,49.29,2.521,3.274,3.398,4.018,43.85,990.4972,1.071,-0.261,293.5,256.0,-2.32,-3.69
2026-03-19 01:23:00,1887,13.46,-0.467,-0.17,50.07,49.08,2.479,3.393,3.501,4.214,32.48,990.4763,1.244,-0.205,294.8,257.3,-2.111,-3.683
2026-03-19 01:24:00,1888,13.46,-0.352,-0.134,51.29,51.16,2.28,3.344,2.78,3.724,28.49,990.4602,2.492,1.133,294.4,255.9,-2.048,-3.674
2026-03-19 01:25:00,1889,13.46,-0.53,-0.343,53.38,54.24,2.188,3.504,3.449,4.9,28.92,990.4565,1.982,0.582,293.4,256.8,-2.111,-3.664
2026-03-19 01:26:00,1890,13.45,-0.905,-0.606,53.74,51.1,3.703,4.975,4.53,5.88,33.62,990.4382,0.807,-0.665,294.0,261.8,-2.19,-3.657
2026-03-19 01:27:00,1891,13.46,-1.012,-0.54,53.44,51.02,3.141,3.972,3.655,4.606,19.56,990.4568,0.634,-0.696,294.9,262.8,-2.139,-3.656
2026-03-19 01:28:00,1892,13.46,-0.923,-0.436,52.03,49.94,2.854,3.686,3.707,5.292,20.53,990.4388,-0.012,-1.168,295.3,263.7,-2.122,-3.651
2026-03-19 01:29:00,1893,13.46,-0.651,-0.262,51.5,49.64,3.944,5.126,6.126,7.252,36.34,990.3839,0.954,-0.183,296.7,266.8,-1.92,-3.639
2026-03-19 01:30:00,1894,13.45,-0.418,-0.121,49.97,48.6,4.545,5.419,6.898,7.84,55.36,990.3908,0.56,-0.442,298.5,270.1,-1.689,-3.624
2026-03-19 01:31:00,1895,13.46,-0.152,0.055,48.55,47.92,3.129,3.798,4.633,4.9,51.71,990.4149,1.47,0.499,299.0,270.7,-1.463,-3.599
2026-03-19 01:32:00,1896,13.46,0.09,0.19,48.53,48.66,1.121,1.707,2.265,2.94,27.85,990.4148,2.509,1.419,298.3,268.4,-1.344,-3.57
2026-03-19 01:33:00,1897,13.46,0.125,0.195,49.12,48.6,2.504,3.327,2.986,3.92,25.77,990.4061,2.704,1.566,297.2,265.0,-1.342,-3.542
2026-03-19 01:34:00,1898,13.45,-0.02,0.135,49.92,49.23,2.493,3.418,2.986,3.92,41.33,990.4024,1.571,0.51,296.1,263.1,-1.423,-3.522
2026-03-19 01:35:00,1899,13.46,-0.235,0.004,50.85,49.55,2.261,3.377,2.574,4.018,48.36,990.4039,0.932,-0.217,295.3,262.7,-1.523,-3.507
2026-03-19 01:36:00,1900,13.46,-0.439,-0.077,50.1,48.92,2.005,2.576,2.986,3.724,56.4,990.3849,-0.331,-1.579,295.6,264.3,-1.526,-3.503
2026-03-19 01:37:00,1901,13.46,-0.303,-0.029,51.18,51.57,0.566,1.303,1.956,2.352,354.5,990.3908,0.684,-0.631,295.8,264.5,-1.439,-3.503
2026-03-19 01:38:00,1902,13.46,-0.303,-0.203,51.22,51.12,1.065,2.218,2.214,2.842,5.257,990.386,1.705,0.27,293.8,262.1,-1.513,-3.509
2026-03-19 01:39:00,1903,13.46,-0.581,-0.397,51.33,51.19,0.739,1.536,1.905,2.352,11.72,990.3746,0.189,-1.258,292.6,259.7,-1.663,-3.524
2026-03-19 01:40:00,1904,13.46,-0.653,-0.452,51.17,51.17,0.155,0.987,0.772,1.666,6.381,990.3778,-0.328,-1.615,291.4,256.0,-1.752,-3.545
2026-03-19 01:41:00,1905,13.45,-0.669,-0.496,51.84,52.15,0.003,0.912,0.103,1.176,6.103,990.3763,-0.263,-1.549,290.2,253.3,-1.814,-3.573
2026-03-19 01:42:00,1906,13.46,-0.76,-0.6,52.59,53.23,0.0,1.064,0.0,1.372,354.1,990.3626,-0.254,-1.664,289.3,250.0,-1.885,-3.604
2026-03-19 01:43:00,1907,13.46,-0.904,-0.733,52.66,51.94,0.0,1.265,0.0,1.862,2.549,990.3283,-0.153,-1.825,288.2,247.2,-1.958,-3.64
2026-03-19 01:44:00,1908,13.46,-0.998,-0.759,52.39,52.01,1.543,2.401,2.831,4.214,0.651,990.3162,-0.137,-1.913,288.1,244.0,-2.033,-3.685
2026-03-19 01:45:00,1909,13.45,-1.026,-0.814,52.92,53.2,2.637,3.301,4.015,4.802,57.65,990.3032,0.049,-1.772,289.4,240.3,-2.102,-3.721
2026-03-19 01:46:00,1910,13.46,-1.119,-0.895,52.9,52.06,2.426,3.333,2.986,4.214,40.24,990.31,-0.15,-2.094,289.4,238.9,-2.201,-3.748
2026-03-19 01:47:00,1911,13.45,-1.125,-0.866,53.37,53.21,2.368,3.178,3.089,3.724,27.49,990.3118,0.149,-1.935,290.0,240.1,-2.224,-3.768
2026-03-19 01:48:00,1912,13.45,-1.246,-0.971,54.19,53.19,2.513,3.502,2.883,3.92,15.23,990.3246,0.428,-1.62,289.6,240.5,-2.329,-3.788
2026-03-19 01:49:00,1913,13.45,-1.453,-1.021,55.09,54.43,1.664,2.76,2.265,3.234,4.264,990.3138,0.131,-1.914,288.6,239.7,-2.46,-3.81
2026-03-19 01:50:00,1914,13.44,-1.666,-1.212,54.93,52.91,1.989,3.57,4.067,5.586,27.41,990.2853,-0.484,-2.722,287.5,238.1,-2.591,-3.847
2026-03-19 01:51:00,1915,13.46,-1.624,-1.06,54.54,50.56,2.747,3.761,3.604,4.606,13.68,990.2772,-0.254,-2.499,289.0,235.1,-2.614,-3.876
2026-03-19 01:52:00,1916,13.46,-1.505,-0.743,53.85,49.86,2.322,3.246,2.78,3.724,27.48,990.2766,0.077,-2.096,287.4,231.2,-2.73,-3.906
2026-03-19 01:53:00,1917,13.46,-1.46,-0.623,53.84,50.85,2.434,3.537,2.934,4.41,30.78,990.2797,0.034,-2.281,286.7,228.3,-2.845,-3.938
2026-03-19 01:54:00,1918,13.46,-1.503,-0.654,53.85,50.69,2.515,3.39,2.831,3.92,27.8,990.2622,-0.4,-2.891,286.9,226.8,-2.895,-3.971
2026-03-19 01:55:00,1919,13.46,-1.473,-0.633,54.3,51.08,2.654,3.842,2.934,4.116,27.46,990.2509,0.421,-2.112,286.4,225.5,-2.965,-4.005
2026-03-19 01:56:00,1920,13.46,-1.611,-0.657,54.93,50.65,2.671,3.964,3.089,4.41,27.84,990.247,0.344,-2.226,286.1,226.1,-3.076,-4.039
2026-03-19 01:57:00,1921,13.45,-1.8,-0.673,55.63,51.63,2.456,3.828,2.677,4.312,34.83,990.2451,0.141,-2.39,285.2,226.4,-3.221,-4.081
2026-03-19 01:58:00,1922,13.45,-2.007,-0.818,56.08,51.04,2.642,3.991,3.192,4.606,26.86,990.2593,-0.248,-2.816,284.9,225.2,-3.339,-4.122
2026-03-19 01:59:00,1923,13.46,-2.025,-0.782,55.49,50.87,2.804,3.915,4.221,4.802,18.85,990.2614,-0.738,-3.283,285.2,224.9,-3.399,-4.166
2026-03-19 02:00:00,1924,13.46,-1.863,-0.759,55.11,52.38,2.173,3.187,3.192,4.214,44.54,990.2771,0.76,-1.84,286.0,223.9,-3.363,-4.206
2026-03-19 02:01:00,1925,13.46,-1.928,-1.021,55.65,53.56,2.746,3.713,3.707,4.802,42.02,990.2783,0.13,-2.475,285.2,222.6,-3.457,-4.245
2026-03-19 02:02:00,1926,13.46,-1.947,-1.244,55.61,53.53,3.384,4.53,4.273,5.39,39.61,990.2629,0.49,-2.204,287.3,222.1,-3.382,-4.274
2026-03-19 02:03:00,1927,13.46,-1.925,-1.295,55.49,53.48,3.516,4.659,4.273,5.39,41.31,990.268,0.872,-1.762,287.7,222.0,-3.35,-4.274
2026-03-19 02:04:00,1928,13.45,-1.867,-1.279,55.97,54.61,3.772,4.799,4.582,5.782,44.52,990.2752,1.358,-1.232,287.9,221.9,-3.335,-4.276
2026-03-19 02:05:00,1929,13.45,-1.718,-1.177,54.57,51.85,4.384,5.4,5.097,6.076,35.97,990.2598,0.157,-2.459,289.2,222.8,-3.267,-4.274
2026-03-19 02:06:00,1930,13.45,-1.318,-0.864,52.64,50.93,4.084,5.159,5.56,6.86,45.83,990.258,1.453,-1.19,290.9,223.8,-2.983,-4.257
2026-03-19 02:07:00,1931,13.46,-1.018,-0.651,51.65,50.55,5.376,6.543,7.053,8.72,40.4,990.2208,1.488,-1.066,292.3,224.7,-2.792,-4.224
2026-03-19 02:08:00,1932,13.46,-0.882,-0.565,51.74,51.03,4.837,6.029,5.869,7.056,35.82,990.2466,2.128,-0.25,292.3,224.4,-2.66,-4.183
2026-03-19 02:09:00,1933,13.45,-0.955,-0.657,53.59,53.52,4.743,5.93,6.126,7.35,57.53,990.2523,2.421,0.124,291.8,223.0,-2.635,-4.142
2026-03-19 02:10:00,1934,13.45,-1.153,-0.711,52.55,50.83,4.639,5.721,5.972,7.448,51.82,990.2668,0.713,-1.67,292.1,222.5,-2.605,-4.11
2026-03-19 02:11:00,1935,13.46,-1.055,-0.683,52.34,50.75,4.894,6.122,6.023,7.252,35.35,990.2651,1.849,-0.585,292.2,222.2,-2.488,-4.096
2026-03-19 02:12:00,1936,13.46,-1.037,-0.645,52.56,51.03,4.853,6.341,5.766,7.252,33.5,990.2546,1.495,-0.978,292.4,223.1,-2.438,-4.072
2026-03-19 02:13:00,1937,13.45,-1.064,-0.608,51.88,49.8,4.99,6.326,5.972,7.154,40.24,990.2481,1.166,-1.209,292.4,223.5,-2.434,-4.049
2026-03-19 02:14:00,1938,13.46,-0.985,-0.551,51.35,50.05,4.613,5.707,5.92,7.154,46.92,990.2544,0.992,-1.424,292.6,223.4,-2.346,-4.025
2026-03-19 02:15:00,1939,13.45,-0.938,-0.609,52.35,52.22,3.812,4.689,5.354,6.174,57.57,990.2872,1.883,-0.57,292.3,222.4,-2.272,-4.007
2026-03-19 02:16:00,1940,13.45,-1.139,-0.824,53.83,54.13,3.88,4.948,4.942,6.174,44.85,990.2693,1.426,-1.068,291.9,222.3,-2.336,-3.992
2026-03-19 02:17:00,1941,13.46,-1.346,-1.008,53.76,50.76,5.444,7.09,7.619,9.31,27.32,990.2292,0.831,-1.777,291.7,222.7,-2.397,-3.995
2026-03-19 02:18:00,1942,13.46,-1.009,-0.652,50.15,48.61,4.901,5.746,8.29,9.11,14.24,990.2917,-0.014,-2.508,294.6,223.9,-2.144,-3.985
2026-03-19 02:19:00,1943,13.46,-0.596,-0.38,49.01,48.14,3.635,4.626,4.942,6.37,33.02,990.3242,2.403,0.061,293.2,223.6,-2.018,-3.953
2026-03-19 02:20:00,1944,13.46,-0.506,-0.325,49.9,50.2,3.552,4.59,4.273,5.488,35.05,990.3321,2.449,-0.041,292.3,223.8,-2.004,-3.924
2026-03-19 02:21:00,1945,13.46,-0.747,-0.541,51.48,51.86,3.887,5.249,4.788,6.076,52.04,990.3398,2.078,-0.405,291.3,224.5,-2.119,-3.91
2026-03-19 02:22:00,1946,13.46,-1.1,-0.759,52.32,51.2,4.271,5.273,5.148,6.37,30.03,990.3368,1.095,-1.325,291.1,226.4,-2.258,-3.908
2026-03-19 02:23:00,1947,13.46,-1.345,-0.931,53.63,53.47,2.671,3.666,3.346,4.704,32.76,990.3576,0.808,-1.607,289.2,228.6,-2.437,-3.921
2026-03-19 02:24:00,1948,13.45,-1.675,-1.241,55.54,54.78,3.069,4.34,4.015,5.39,49.08,990.3508,-0.411,-2.908,289.0,231.2,-2.579,-3.947
2026-03-19 02:25:00,1949,13.46,-1.788,-1.312,54.39,51.65,3.914,5.174,5.045,6.566,29.77,990.3159,-0.751,-3.193,291.0,234.6,-2.562,-3.977
2026-03-19 02:26:00,1950,13.46,-1.491,-1.001,53.72,52.2,3.957,5.317,4.582,5.88,30.38,990.3226,0.698,-1.683,292.2,237.8,-2.427,-3.996
2026-03-19 02:27:00,1951,13.46,-1.415,-0.958,54.15,52.44,3.659,4.824,4.17,5.488,16.02,990.3448,1.499,-0.583,291.1,239.4,-2.527,-3.999
2026-03-19 02:28:00,1952,13.46,-1.62,-1.063,54.49,52.26,3.309,4.715,3.861,5.39,19.49,990.3629,0.515,-1.451,290.3,240.5,-2.668,-4.003
2026-03-19 02:29:00,1953,13.46,-1.745,-1.098,54.34,51.65,3.118,4.523,3.501,5.194,28.6,990.3593,-0.025,-1.953,290.2,239.0,-2.737,-4.012
2026-03-19 02:30:00,1954,13.46,-1.716,-1.082,54.41,52.58,2.969,4.158,3.758,4.998,32.84,990.3532,0.276,-1.681,290.0,237.0,-2.761,-4.03
2026-03-19 02:31:00,1955,13.46,-1.746,-1.208,54.64,53.67,3.125,4.268,3.655,5.194,33.82,990.3379,0.339,-1.638,289.5,236.8,-2.82,-4.051
2026-03-19 02:32:00,1956,13.46,-1.808,-1.338,54.22,51.87,4.763,6.05,7.362,8.13,50.95,990.2754,-0.459,-2.517,290.9,239.1,-2.804,-4.068
2026-03-19 02:33:00,1957,13.46,-1.419,-1.042,55.67,54.7,4.745,5.904,5.457,6.664,61.98,990.2773,0.803,-1.229,293.4,242.3,-2.582,-4.065
2026-03-19 02:34:00,1958,13.46,-1.279,-0.898,53.19,50.54,4.41,5.554,5.148,6.272,43.18,990.2892,0.863,-0.943,293.4,245.8,-2.543,-4.051
2026-03-19 02:35:00,1959,13.46,-1.061,-0.69,52.08,50.75,4.545,5.766,5.405,6.664,36.82,990.2824,1.088,-0.687,294.3,248.5,-2.389,-4.029
2026-03-19 02:36:00,1960,13.46,-1.034,-0.694,52.68,51.4,3.754,5.116,4.582,6.272,46.02,990.2891,1.648,0.111,293.7,250.3,-2.375,-4.004
2026-03-19 02:37:00,1961,13.46,-1.189,-0.803,53.17,51.31,3.652,4.974,4.273,5.978,19.19,990.2781,1.091,-0.449,293.6,250.4,-2.374,-3.98
2026-03-19 02:38:00,1962,13.46,-1.318,-0.837,53.33,50.53,3.363,4.836,3.912,5.292,23.4,990.2889,1.076,-0.469,292.8,250.0,-2.42,-3.962
2026-03-19 02:39:00,1963,13.45,-1.409,-0.841,53.7,52.11,3.427,4.637,4.427,5.684,50.27,990.2726,0.633,-0.842,292.5,249.2,-2.478,-3.957
2026-03-19 02:40:00,1964,13.46,-1.395,-0.886,53.4,51.58,4.62,5.804,6.126,6.958,22.56,990.2068,-0.088,-1.74,293.6,249.4,-2.416,-3.944
2026-03-19 02:41:00,1965,13.45,-1.27,-0.863,52.5,50.32,4.639,5.921,5.56,7.252,36.16,990.2143,0.777,-0.76,294.3,252.0,-2.315,-3.935
2026-03-19 02:42:00,1966,13.46,-1.144,-0.758,51.51,50.49,4.341,5.505,5.457,6.37,40.66,990.2196,0.831,-0.595,294.7,256.0,-2.241,-3.918
2026-03-19 02:43:00,1967,13.46,-1.068,-0.762,52.8,51.79,3.427,4.652,5.199,5.978,29.71,990.244,1.295,-0.112,295.1,259.7,-2.164,-3.903
2026-03-19 02:44:00,1968,13.46,-1.238,-0.925,54.55,54.71,2.998,3.947,3.398,4.41,44.31,990.2818,1.404,0.153,293.8,261.7,-2.26,-3.882
2026-03-19 02:45:00,1969,13.45,-1.537,-1.188,55.13,52.87,2.804,3.995,3.14,4.606,38.89,990.2886,0.416,-0.774,293.2,263.5,-2.391,-3.875
2026-03-19 02:46:00,1970,13.45,-1.648,-1.235,55.51,54.9,2.416,3.372,3.037,4.018,29.7,990.2859,-0.18,-1.438,293.7,265.5,-2.39,-3.875
2026-03-19 02:47:00,1971,13.46,-1.726,-1.378,55.73,53.79,2.876,4.135,3.912,5.292,46.23,990.2886,0.29,-0.844,293.4,268.1,-2.459,-3.88
2026-03-19 02:48:00,1972,13.45,-1.673,-1.226,52.88,50.37,3.443,4.385,4.582,5.488,49.34,990.2673,-1.196,-2.32,295.5,270.8,-2.344,-3.884
2026-03-19 02:49:00,1973,13.45,-1.194,-0.874,52.19,50.71,2.709,3.633,3.501,4.508,31.98,990.2829,1.369,0.393,296.0,270.8,-2.153,-3.877
2026-03-19 02:50:00,1974,13.46,-1.012,-0.767,52.35,51.39,3.047,4.169,4.067,5.978,55.85,990.2751,1.509,0.615,295.5,269.5,-2.135,-3.854
2026-03-19 02:51:00,1975,13.45,-0.909,-0.644,50.82,50.03,3.265,3.855,4.736,5.684,33.72,990.225,0.248,-0.694,296.4,266.8,-2.035,-3.836
2026-03-19 02:52:00,1976,13.46,-0.683,-0.506,51.16,49.51,5.784,7.161,7.001,8.53,33.97,990.155,1.156,0.079,297.0,264.1,-1.886,-3.812
2026-03-19 02:53:00,1977,13.46,-0.585,-0.38,50.72,49.1,7.106,8.64,9.52,10.88,58.15,990.1168,1.059,0.039,297.9,263.2,-1.76,-3.785
2026-03-19 02:54:00,1978,13.46,-0.504,-0.301,51.98,49.39,6.08,7.398,7.722,8.43,50.69,990.1608,1.112,0.112,298.4,263.1,-1.627,-3.741
2026-03-19 02:55:00,1979,13.46,-0.581,-0.334,51.03,49.22,5.44,6.738,6.898,8.04,22.03,990.1813,0.838,-0.129,298.1,261.6,-1.595,-3.701
2026-03-19 02:56:00,1980,13.45,-0.507,-0.259,49.3,48.06,5.641,6.816,7.568,8.92,42.76,990.1672,0.382,-0.693,298.3,257.1,-1.479,-3.666
2026-03-19 02:57:00,1981,13.46,-0.305,-0.144,48.11,47.53,4.465,5.464,5.714,7.252,44.23,990.1773,1.158,-0.063,298.0,255.7,-1.355,-3.632
2026-03-19 02:58:00,1982,13.46,-0.185,-0.087,48.82,48.83,3.363,4.353,4.479,5.586,47.35,990.1822,1.315,-0.065,297.8,256.9,-1.256,-3.599
2026-03-19 02:59:00,1983,13.45,-0.201,-0.123,48.02,48.18,3.313,4.051,4.118,4.606,37.43,990.1937,1.435,0.045,297.1,258.5,-1.254,-3.578
2026-03-19 03:00:00,1984,13.45,-0.257,-0.196,49.53,49.39,2.733,3.685,3.346,4.312,13.28,990.2052,1.474,0.072,296.3,259.4,-1.286,-3.562
2026-03-19 03:01:00,1985,13.45,-0.481,-0.389,50.63,51.02,2.69,3.675,3.604,4.998,53.95,990.1974,0.841,-0.552,295.3,259.4,-1.404,-3.552
2026-03-19 03:02:00,1986,13.46,-0.774,-0.653,52.08,51.97,3.504,4.619,5.097,6.174,51.37,990.1863,0.207,-1.211,295.4,259.8,-1.495,-3.556
2026-03-19 03:03:00,1987,13.46,-0.976,-0.796,53.27,52.57,4.207,5.38,4.942,5.978,40.57,990.1912,0.086,-1.278,295.9,260.3,-1.565,-3.561
2026-03-19 03:04:00,1988,13.46,-1.159,-0.907,54.53,53.2,3.37,4.601,4.118,5.194,36.26,990.2209,0.132,-1.164,295.3,259.5,-1.68,-3.567
2026-03-19 03:05:00,1989,13.46,-1.338,-1.032,55.13,54.19,3.046,4.265,3.81,4.998,32.76,990.201,-0.255,-1.551,294.7,257.5,-1.784,-3.579
2026-03-19 03:06:00,1990,13.46,-1.448,-1.112,54.82,53.26,2.572,3.771,3.398,4.508,32.74,990.1716,-0.39,-1.76,293.9,256.1,-1.884,-3.591
2026-03-19 03:07:00,1991,13.46,-1.482,-1.122,55.77,54.37,2.915,4.267,4.376,6.468,39.17,990.1476,-0.375,-1.872,293.5,255.5,-1.954,-3.604
2026-03-19 03:08:00,1992,13.46,-1.413,-1.071,54.83,53.2,4.779,5.928,6.126,7.252,52.69,990.1058,-0.421,-1.983,294.9,256.1,-1.958,-3.623
2026-03-19 03:09:00,1993,13.46,-1.102,-0.835,51.05,49.42,5.798,6.726,7.465,8.33,55.74,990.0936,-0.823,-2.247,296.9,257.6,-1.81,-3.628
2026-03-19 03:10:00,1994,13.45,-0.685,-0.534,51.01,49.76,4.069,5.098,5.045,6.468,59.28,990.1526,1.051,-0.281,296.8,258.0,-1.695,-3.617
2026-03-19 03:11:00,1995,13.46,-0.563,-0.419,50.24,49.22,4.227,5.167,4.942,6.174,43.91,990.1728,0.888,-0.465,297.0,258.4,-1.633,-3.602
2026-03-19 03:12:00,1996,13.45,-0.547,-0.381,50.3,50.42,3.275,4.135,3.861,4.802,42.5,990.2137,1.092,-0.214,296.4,259.5,-1.631,-3.592
2026-03-19 03:13:00,1997,13.46,-0.604,-0.481,51.23,51.71,2.508,3.218,3.243,3.822,41.35,990.2179,0.951,-0.385,295.8,261.5,-1.631,-3.587
2026-03-19 03:14:00,1998,13.45,-0.742,-0.65,51.92,52.88,2.067,3.123,3.758,4.41,33.6,990.2087,0.824,-0.547,295.0,263.2,-1.694,-3.584
2026-03-19 03:15:00,1999,13.44,-0.97,-0.886,53.53,54.43,2.815,3.91,3.861,5.39,24.79,990.166,0.536,-0.835,295.0,265.6,-1.769,-3.585
2026-03-19 03:16:00,2000,13.45,-1.266,-1.149,55.83,56.16,3.807,5.176,5.457,7.056,25.95,990.1019,0.117,-1.072,295.0,268.3,-1.886,-3.589
2026-03-19 03:17:00,2001,13.46,-1.364,-1.163,52.8,50.72,5.595,6.818,8.29,9.6,17.94,990.057,-1.135,-2.2,297.0,271.2,-1.851,-3.598
2026-03-19 03:18:00,2002,13.45,-0.917,-0.767,50.38,49.23,4.894,5.992,5.869,6.958,28.41,990.0673,0.31,-0.511,298.0,272.6,-1.688,-3.592
2026-03-19 03:19:00,2003,13.46,-0.588,-0.511,50.2,49.83,4.772,5.767,5.663,6.762,31.79,990.0836,0.872,0.214,298.7,273.1,-1.528,-3.574
2026-03-19 03:20:00,2004,13.45,-0.535,-0.454,50.92,50.47,4.057,5.175,4.685,6.076,40.39,990.0772,1.45,0.807,298.0,272.0,-1.514,-3.548
2026-03-19 03:21:00,2005,13.46,-0.64,-0.515,52.86,52.03,2.948,3.987,3.758,4.802,38.2,990.0886,0.95,0.201,297.4,270.3,-1.552,-3.525
2026-03-19 03:22:00,2006,13.46,-0.801,-0.615,52.86,51.53,2.823,3.903,3.552,4.41,38.97,990.0815,0.566,-0.199,296.3,267.2,-1.643,-3.514
2026-03-19 03:23:00,2007,13.46,-0.921,-0.667,53.94,53.16,2.12,3.186,2.728,4.508,50.2,990.0801,0.305,-0.657,295.5,263.1,-1.709,-3.516
2026-03-19 03:24:00,2008,13.45,-0.956,-0.645,53.53,51.79,2.815,3.822,3.295,4.606,32.66,990.0687,-0.182,-1.356,295.5,260.2,-1.738,-3.517
2026-03-19 03:25:00,2009,13.46,-0.936,-0.651,54.64,54.55,2.679,3.753,3.037,4.214,28.26,990.1035,0.39,-0.88,294.7,257.7,-1.794,-3.525
2026-03-19 03:26:00,2010,13.45,-1.154,-0.887,55.63,55.42,2.467,3.59,3.037,4.116,29.83,990.0973,0.171,-1.18,294.0,257.0,-1.917,-3.54
2026-03-19 03:27:00,2011,13.46,-1.424,-1.133,56.44,55.21,2.355,3.428,2.831,3.92,33.13,990.0848,-0.135,-1.577,293.3,258.2,-2.042,-3.558
2026-03-19 03:28:00,2012,13.46,-1.614,-1.261,56.66,55.45,2.199,3.158,2.523,3.822,32.52,990.0662,-0.552,-2.024,293.1,260.5,-2.135,-3.578
2026-03-19 03:29:00,2013,13.45,-1.713,-1.348,57.17,56.0,1.675,2.739,2.317,3.43,28.68,990.0578,-0.395,-1.84,292.6,259.9,-2.213,-3.605
2026-03-19 03:30:00,2014,13.45,-1.829,-1.48,58.38,58.23,1.954,3.154,2.574,3.724,16.32,990.077,-0.39,-1.853,291.9,258.8,-2.323,-3.637
2026-03-19 03:31:00,2015,13.46,-2.048,-1.691,58.5,56.08,3.122,4.485,4.324,5.978,31.66,990.0603,-0.768,-2.207,292.0,258.5,-2.452,-3.667
2026-03-19 03:32:00,2016,13.46,-2.102,-1.61,58.49,55.03,3.336,4.819,4.067,5.586,34.88,990.0577,-0.61,-1.945,293.0,257.8,-2.49,-3.694
2026-03-19 03:33:00,2017,13.44,-2.039,-1.438,58.37,55.5,3.492,4.807,3.912,5.39,46.3,990.0836,-0.519,-1.876,293.3,258.5,-2.535,-3.719
2026-03-19 03:34:00,2018,13.46,-1.906,-1.358,58.15,55.15,3.498,4.621,4.221,5.488,41.31,990.0964,-0.301,-1.66,294.1,260.8,-2.496,-3.734
2026-03-19 03:35:00,2019,13.46,-1.795,-1.281,56.97,54.3,2.964,3.995,3.398,4.312,41.43,990.1125,0.488,-0.744,294.0,263.0,-2.49,-3.747
2026-03-19 03:36:00,2020,13.46,-1.704,-1.25,57.06,55.35,2.395,3.268,2.728,3.92,31.98,990.1177,0.469,-0.761,293.6,265.3,-2.523,-3.754
2026-03-19 03:37:00,2021,13.45,-1.715,-1.345,57.23,56.28,2.403,3.558,3.037,4.41,22.57,990.1213,0.285,-0.882,293.5,266.5,-2.569,-3.758
2026-03-19 03:38:00,2022,13.45,-1.839,-1.493,57.7,56.42,2.842,4.124,4.427,5.978,25.71,990.0844,0.054,-1.08,293.7,266.6,-2.6,-3.764
2026-03-19 03:39:00,2023,13.45,-1.822,-1.433,55.95,52.73,4.444,5.494,5.251,6.664,25.77,990.0435,-0.657,-1.776,295.6,268.9,-2.49,-3.771
2026-03-19 03:40:00,2024,13.46,-1.399,-1.038,55.11,52.91,3.722,4.908,4.273,5.488,28.63,990.0604,0.983,-0.029,296.6,269.9,-2.28,-3.761
2026-03-19 03:41:00,2025,13.45,-1.14,-0.817,54.07,53.2,3.384,4.449,4.067,5.096,23.04,990.0732,1.24,0.352,296.1,270.3,-2.25,-3.742
2026-03-19 03:42:00,2026,13.45,-1.111,-0.836,54.45,53.67,2.732,3.851,3.449,4.606,29.71,990.082,1.446,0.57,295.8,270.9,-2.231,-3.719
2026-03-19 03:43:00,2027,13.45,-1.228,-0.964,55.71,54.82,2.335,3.428,2.831,4.312,34.63,990.0898,1.083,0.196,295.4,271.7,-2.259,-3.696
2026-03-19 03:44:00,2028,13.46,-1.392,-1.132,54.74,52.63,3.102,4.286,4.633,5.978,30.17,990.0796,0.506,-0.316,295.3,272.9,-2.295,-3.689
2026-03-19 03:45:00,2029,13.46,-1.341,-1.019,55.04,52.55,2.937,4.042,3.346,4.606,43.1,990.075,0.356,-0.52,296.5,274.3,-2.179,-3.683
2026-03-19 03:46:00,2030,13.46,-1.216,-0.889,53.9,52.23,3.002,3.916,3.81,4.606,43.41,990.0732,0.67,-0.104,296.2,274.1,-2.165,-3.675
2026-03-19 03:47:00,2031,13.45,-1.184,-0.88,54.92,53.9,2.464,3.637,2.831,4.214,39.32,990.0947,1.046,0.331,295.7,273.1,-2.167,-3.665
2026-03-19 03:48:00,2032,13.46,-1.313,-1.01,55.57,54.72,2.253,3.376,3.449,4.998,32.17,990.0833,0.583,-0.139,295.3,272.4,-2.219,-3.661
2026-03-19 03:49:00,2033,13.46,-1.461,-1.169,57.18,57.34,3.523,4.56,4.427,5.586,42.95,990.059,0.242,-0.573,295.9,272.9,-2.214,-3.662
2026-03-19 03:50:00,2034,13.45,-1.542,-1.276,56.56,54.79,4.518,5.875,5.663,6.762,27.53,990.0432,0.008,-0.771,296.5,275.0,-2.206,-3.657
2026-03-19 03:51:00,2035,13.46,-1.411,-1.162,56.68,55.54,3.925,4.98,4.839,5.782,31.78,990.0522,0.671,-0.034,297.1,276.3,-2.115,-3.653
2026-03-19 03:52:00,2036,13.46,-1.386,-1.166,57.09,55.66,3.446,4.378,4.067,4.998,29.65,990.0758,0.696,0.103,296.5,275.1,-2.17,-3.641
2026-03-19 03:53:00,2037,13.45,-1.419,-1.164,56.48,54.26,3.165,4.308,3.552,4.9,24.83,990.0941,0.392,-0.25,296.4,273.9,-2.186,-3.628
2026-03-19 03:54:00,2038,13.46,-1.433,-1.103,56.28,54.01,2.683,3.881,3.346,4.606,32.98,990.1079,0.292,-0.41,296.0,273.2,-2.201,-3.616
2026-03-19 03:55:00,2039,13.46,-1.454,-1.087,57.05,55.14,2.342,3.56,2.625,4.018,34.51,990.1085,0.531,-0.19,295.6,274.1,-2.223,-3.613
2026-03-19 03:56:00,2040,13.46,-1.547,-1.126,56.56,54.52,2.486,3.59,2.934,4.214,34.62,990.1142,0.121,-0.596,295.5,277.1,-2.269,-3.614
2026-03-19 03:57:00,2041,13.46,-1.547,-1.137,56.54,54.03,2.868,3.971,3.295,4.508,49.21,990.137,0.115,-0.548,296.0,279.3,-2.263,-3.619
2026-03-19 03:58:00,2042,13.45,-1.479,-1.083,56.48,54.08,2.708,3.814,3.449,4.41,51.39,990.139,0.249,-0.342,296.4,279.9,-2.235,-3.617
2026-03-19 03:59:00,2043,13.46,-1.387,-1.006,56.58,55.37,2.564,3.529,2.986,4.214,48.08,990.1476,0.444,-0.122,296.6,279.7,-2.203,-3.614
2026-03-19 04:00:00,2044,13.46,-1.329,-1.03,57.05,57.1,2.384,3.457,3.089,4.508,38.71,990.1708,0.691,0.14,296.6,280.0,-2.185,-3.613
2026-03-19 04:01:00,2045,13.46,-1.427,-1.217,57.71,56.92,2.662,4.016,3.449,4.9,36.41,990.1882,0.76,0.23,296.4,281.2,-2.215,-3.603
2026-03-19 04:02:00,2046,13.46,-1.541,-1.261,56.32,52.62,3.317,4.571,4.479,5.39,41.46,990.1733,0.003,-0.525,297.0,283.1,-2.206,-3.6
2026-03-19 04:03:00,2047,13.46,-1.352,-1.027,56.73,55.24,3.335,4.624,3.81,5.096,37.89,990.1724,0.532,0.073,297.7,282.0,-2.094,-3.592
2026-03-19 04:04:00,2048,13.45,-1.354,-1.051,57.81,54.55,3.248,4.467,3.604,4.802,36.98,990.1802,1.089,0.743,297.0,278.8,-2.134,-3.589
2026-03-19 04:05:00,2049,13.46,-1.462,-1.024,55.38,52.42,2.784,3.654,3.243,4.41,28.88,990.1771,0.056,-0.383,296.8,277.4,-2.154,-3.58
2026-03-19 04:06:00,2050,13.46,-1.331,-0.937,54.84,53.2,2.138,2.991,3.655,3.724,62.96,990.1645,0.687,0.123,296.7,277.1,-2.093,-3.573
2026-03-19 04:07:00,2051,13.46,-1.227,-0.912,55.26,54.29,2.075,2.822,3.604,3.724,32.42,990.1769,0.888,0.251,296.9,278.3,-2.044,-3.574
2026-03-19 04:08:00,2052,13.46,-1.191,-0.953,55.17,52.66,3.741,4.865,5.766,6.86,44.18,990.1678,0.664,0.078,297.1,280.3,-2.038,-3.57
2026-03-19 04:09:00,2053,13.46,-1.033,-0.777,52.64,51.05,4.561,5.505,5.302,6.664,44.37,990.1545,0.406,-0.181,298.6,282.5,-1.876,-3.566
2026-03-19 04:10:00,2054,13.45,-0.776,-0.594,53.4,51.93,3.224,4.309,3.912,4.802,44.87,990.1971,1.349,0.895,298.9,283.8,-1.751,-3.547
2026-03-19 04:11:00,2055,13.46,-0.777,-0.586,53.83,52.71,3.203,4.396,3.758,5.292,37.13,990.1981,1.335,0.99,298.5,284.2,-1.753,-3.524
2026-03-19 04:12:00,2056,13.46,-0.864,-0.658,54.38,54.33,3.711,4.608,4.788,5.782,45.1,990.1788,0.993,0.636,298.7,284.2,-1.72,-3.509
2026-03-19 04:13:00,2057,13.45,-0.887,-0.708,55.16,54.88,4.125,5.323,4.942,6.37,49.21,990.1617,0.791,0.475,298.9,284.1,-1.691,-3.49
2026-03-19 04:14:00,2058,13.46,-0.894,-0.723,55.23,54.26,4.524,5.612,5.354,6.566,23.64,990.1596,0.854,0.487,299.3,284.4,-1.638,-3.473
2026-03-19 04:15:00,2059,13.46,-0.924,-0.74,55.69,54.08,3.401,4.471,4.118,5.096,21.4,990.1788,1.076,0.789,299.0,285.2,-1.628,-3.459
2026-03-19 04:16:00,2060,13.45,-1.011,-0.785,55.31,54.2,3.17,4.463,4.17,5.586,12.52,990.1812,0.75,0.501,298.5,285.5,-1.693,-3.437
2026-03-19 04:17:00,2061,13.46,-1.094,-0.869,57.14,57.43,3.396,4.625,4.273,6.664,32.5,990.1768,0.608,0.382,298.5,285.4,-1.717,-3.426
2026-03-19 04:18:00,2062,13.45,-1.171,-0.953,53.06,51.3,5.262,6.616,7.156,8.62,5.435,990.1424,-0.278,-0.49,299.2,285.4,-1.692,-3.422
2026-03-19 04:19:00,2063,13.45,-0.859,-0.694,51.52,50.35,4.221,5.11,6.126,7.644,5.79,990.1808,0.773,0.602,300.0,284.7,-1.529,-3.407
2026-03-19 04:20:00,2064,13.45,-0.606,-0.507,51.14,50.58,2.576,3.305,4.118,4.508,59.6,990.1881,1.442,1.239,300.0,284.8,-1.415,-3.388
2026-03-19 04:21:00,2065,13.45,-0.479,-0.437,50.81,50.61,3.236,4.081,5.251,5.88,25.38,990.1823,1.579,1.31,300.1,285.5,-1.343,-3.365
2026-03-19 04:22:00,2066,13.46,-0.473,-0.451,52.26,52.82,2.812,3.808,3.449,4.41,16.94,990.2047,1.881,1.651,299.5,285.4,-1.347,-3.348
2026-03-19 04:23:00,2067,13.45,-0.66,-0.631,55.14,54.53,2.685,3.843,3.192,4.312,16.31,990.1987,1.437,1.255,298.8,285.2,-1.425,-3.344
2026-03-19 04:24:00,2068,13.46,-0.946,-0.789,54.67,54.02,3.415,4.592,4.633,5.978,22.07,990.1844,0.179,-0.046,298.8,285.7,-1.494,-3.339
2026-03-19 04:25:00,2069,13.46,-1.042,-0.823,56.25,54.8,2.266,3.615,2.831,4.116,26.28,990.1947,0.907,0.708,298.4,285.6,-1.547,-3.335
2026-03-19 04:26:00,2070,13.46,-1.299,-0.997,57.82,56.43,2.285,3.423,2.574,3.724,37.02,990.1742,0.348,0.125,297.9,285.9,-1.667,-3.342
2026-03-19 04:27:00,2071,13.46,-1.527,-1.175,58.98,57.01,2.302,3.608,2.78,3.92,40.3,990.1716,-0.044,-0.26,297.6,285.5,-1.78,-3.349
2026-03-19 04:28:00,2072,13.46,-1.67,-1.274,58.59,55.8,2.691,4.019,3.912,5.096,42.4,990.14,-0.303,-0.556,297.6,284.6,-1.854,-3.358
2026-03-19 04:29:00,2073,13.46,-1.572,-1.19,57.76,55.97,4.19,5.278,5.663,7.154,31.12,990.1091,-0.348,-0.659,298.7,283.9,-1.788,-3.367
2026-03-19 04:30:00,2074,13.45,-1.36,-1.082,58.12,58.16,3.373,4.282,4.324,5.586,49.16,990.128,1.05,0.782,298.7,283.3,-1.744,-3.371
2026-03-19 04:31:00,2075,13.46,-1.346,-1.116,57.47,55.56,2.425,3.378,2.883,4.116,32.89,990.1315,1.056,0.843,298.3,283.3,-1.79,-3.369
2026-03-19 04:32:00,2076,13.45,-1.353,-1.114,57.11,54.33,2.138,3.263,2.523,3.92,35.27,990.1251,0.992,0.77,297.8,282.7,-1.825,-3.368
2026-03-19 04:33:00,2077,13.46,-1.403,-1.137,58.21,57.07,2.248,3.348,3.089,3.92,22.59,990.1234,0.869,0.59,297.3,281.3,-1.897,-3.37
2026-03-19 04:34:00,2078,13.45,-1.508,-1.259,59.04,58.03,2.357,3.294,2.986,3.92,36.52,990.1272,0.684,0.389,297.3,281.9,-1.944,-3.374
2026-03-19 04:35:00,2079,13.46,-1.618,-1.334,57.99,55.35,2.64,3.781,3.192,4.312,38.59,990.1394,0.605,0.321,297.1,283.5,-2.01,-3.381
2026-03-19 04:36:00,2080,13.46,-1.596,-1.246,58.27,55.09,1.909,2.86,2.625,3.822,37.85,990.143,0.547,0.272,297.3,284.9,-2.036,-3.39
2026-03-19 04:37:00,2081,13.45,-1.563,-1.194,58.61,56.59,1.624,2.665,2.059,3.038,47.73,990.1517,0.842,0.658,297.2,285.5,-2.056,-3.397
2026-03-19 04:38:00,2082,13.46,-1.56,-1.206,58.43,56.65,2.688,3.873,3.449,4.998,43.59,990.1323,0.782,0.611,297.6,285.9,-2.057,-3.403
2026-03-19 04:39:00,2083,13.46,-1.437,-1.106,56.05,53.94,3.357,4.327,4.376,4.998,41.91,990.1187,0.781,0.616,298.7,286.7,-1.949,-3.409
2026-03-19 04:40:00,2084,13.45,-1.205,-0.965,55.1,52.89,3.217,4.299,3.758,4.802,32.26,990.1237,2.1,2.05,298.7,286.0,-1.886,-3.405
2026-03-19 04:41:00,2085,13.46,-1.116,-0.856,54.84,52.65,2.623,3.626,4.015,4.704,21.44,990.1198,2.081,2.063,298.4,284.8,-1.875,-3.397
2026-03-19 04:42:00,2086,13.45,-1.064,-0.828,55.63,55.05,2.85,3.698,3.758,4.606,19.56,990.1113,2.04,2.03,298.5,283.8,-1.83,-3.388
2026-03-19 04:43:00,2087,13.46,-1.121,-0.922,55.33,53.97,2.517,3.736,3.192,4.508,40.82,990.1088,1.995,2.036,298.1,283.2,-1.851,-3.376
2026-03-19 04:44:00,2088,13.46,-1.122,-0.882,54.29,52.83,3.217,4.317,4.118,5.096,50.26,990.1111,1.762,1.749,298.6,282.7,-1.797,-3.372
2026-03-19 04:45:00,2089,13.45,-0.962,-0.771,54.71,53.57,2.709,3.457,3.14,4.116,50.5,990.1091,2.362,2.266,298.5,282.7,-1.749,-3.367
2026-03-19 04:46:00,2090,13.46,-0.94,-0.771,55.41,54.33,2.071,2.796,2.471,3.136,49.59,990.0979,2.347,2.296,298.2,283.3,-1.767,-3.359
2026-03-19 04:47:00,2091,13.46,-1.035,-0.833,56.7,54.37,1.171,2.224,2.162,2.94,46.4,990.0824,2.193,2.077,297.6,284.2,-1.818,-3.356
2026-03-19 04:48:00,2092,13.46,-1.177,-0.934,57.4,57.4,1.005,2.005,1.853,2.744,33.85,990.0726,1.735,1.646,297.4,284.4,-1.865,-3.357
2026-03-19 04:49:00,2093,13.46,-1.278,-1.051,57.39,56.81,1.739,2.594,2.78,4.508,15.05,990.0752,1.868,1.751,297.4,284.1,-1.882,-3.364
2026-03-19 04:50:00,2094,13.46,-1.311,-1.058,54.73,51.53,3.124,4.265,3.707,4.998,16.23,990.0411,1.691,1.636,298.0,285.0,-1.875,-3.365
2026-03-19 04:51:00,2095,13.46,-1.101,-0.846,55.05,51.78,2.746,3.838,3.501,4.508,22.67,990.0441,2.432,2.485,298.3,284.9,-1.819,-3.368
2026-03-19 04:52:00,2096,13.46,-1.067,-0.774,55.42,53.7,2.573,3.723,2.934,4.018,19.92,990.0428,2.517,2.651,297.8,283.6,-1.865,-3.364
2026-03-19 04:53:00,2097,13.46,-1.168,-0.849,56.32,55.48,2.094,3.145,2.78,3.822,16.85,990.0336,2.295,2.446,297.5,281.7,-1.899,-3.36
2026-03-19 04:54:00,2098,13.46,-1.321,-1.034,56.97,54.9,2.528,3.832,3.398,4.606,24.29,990.0156,2.272,2.344,297.4,281.5,-1.937,-3.362
2026-03-19 04:55:00,2099,13.46,-1.438,-1.125,57.1,55.09,2.798,3.945,3.501,4.606,25.44,990.0062,2.164,2.228,297.6,283.7,-1.965,-3.37
2026-03-19 04:56:00,2100,13.45,-1.484,-1.115,56.77,53.84,2.48,3.791,3.758,5.096,34.93,990.0119,2.312,2.466,297.5,284.7,-1.994,-3.375
2026-03-19 04:57:00,2101,13.45,-1.448,-1.06,57.06,55.72,3.49,4.457,4.17,5.096,48.35,989.999,2.111,2.234,298.4,285.3,-1.926,-3.378
2026-03-19 04:58:00,2102,13.46,-1.356,-1.033,55.85,52.51,3.574,4.66,4.376,5.292,41.26,990.0226,2.695,2.9,298.5,286.4,-1.903,-3.377
2026-03-19 04:59:00,2103,13.46,-1.176,-0.849,54.53,52.68,3.181,4.252,3.655,4.998,31.63,990.023,2.653,2.836,298.9,287.6,-1.845,-3.377
2026-03-19 05:00:00,2104,13.46,-1.055,-0.818,56.54,56.92,3.187,4.201,3.707,4.9,27.89,990.0244,3.318,3.551,299.0,287.6,-1.788,-3.369
2026-03-19 05:01:00,2105,13.46,-1.21,-1.049,57.43,56.36,3.038,4.234,4.067,5.292,27.75,990.0157,3.251,3.6,298.5,287.1,-1.852,-3.36
2026-03-19 05:02:00,2106,13.46,-1.303,-1.082,56.06,53.32,3.732,5.033,4.633,5.684,47.06,989.9823,2.559,2.855,299.0,287.1,-1.824,-3.356
2026-03-19 05:03:00,2107,13.45,-1.191,-0.942,54.8,52.65,3.763,4.988,5.199,5.978,38.3,989.9686,3.006,3.304,299.3,286.6,-1.748,-3.355
2026-03-19 05:04:00,2108,13.46,-1.06,-0.838,55.57,54.94,3.392,4.436,4.221,5.39,15.81,989.9556,3.378,3.66,299.5,286.6,-1.67,-3.34
2026-03-19 05:05:00,2109,13.46,-1.02,-0.856,54.64,53.63,3.244,4.444,4.685,5.88,14.22,989.9453,3.656,4.034,299.2,287.0,-1.669,-3.33
2026-03-19 05:06:00,2110,13.45,-1.032,-0.883,55.93,54.73,5.21,6.486,6.538,7.84,22.27,989.9355,3.457,3.933,299.5,287.8,-1.663,-3.32
2026-03-19 05:07:00,2111,13.46,-1.099,-0.949,57.35,57.46,4.814,6.063,5.714,7.448,44.48,989.9639,3.353,3.824,299.5,288.4,-1.671,-3.312
2026-03-19 05:08:00,2112,13.46,-1.136,-0.975,56.68,55.08,4.32,5.325,5.302,5.978,57.14,989.9826,2.883,3.373,299.9,288.7,-1.653,-3.301
2026-03-19 05:09:00,2113,13.46,-0.993,-0.821,52.86,51.17,3.669,4.449,4.994,5.782,34.79,989.975,3.098,3.526,300.5,288.6,-1.517,-3.291
2026-03-19 05:10:00,2114,13.46,-0.743,-0.626,52.82,53.02,3.161,4.226,4.015,5.488,30.43,989.9587,4.281,4.711,300.3,287.9,-1.425,-3.278
2026-03-19 05:11:00,2115,13.45,-0.728,-0.643,53.9,51.99,4.937,6.243,6.589,7.84,41.77,989.9275,4.418,4.944,300.0,287.0,-1.432,-3.267
2026-03-19 05:12:00,2116,13.46,-0.829,-0.651,53.22,52.03,5.093,6.424,6.126,7.056,39.41,989.9191,3.765,4.331,300.0,286.5,-1.448,-3.256
2026-03-19 05:13:00,2117,13.46,-0.821,-0.635,53.75,52.6,4.466,5.643,5.354,6.664,37.71,989.9611,4.069,4.595,300.1,286.0,-1.401,-3.247
2026-03-19 05:14:00,2118,13.46,-0.862,-0.665,54.19,52.82,3.208,4.381,4.067,5.39,23.65,989.9767,4.324,4.917,299.6,285.1,-1.434,-3.238
2026-03-19 05:15:00,2119,13.46,-0.931,-0.734,55.17,54.87,3.503,4.643,5.56,7.056,39.47,989.9626,3.935,4.523,299.3,283.8,-1.474,-3.233
2026-03-19 05:16:00,2120,13.46,-1.012,-0.824,54.31,52.64,5.316,6.637,6.641,7.938,41.07,989.927,3.881,4.406,299.8,283.9,-1.464,-3.232
2026-03-19 05:17:00,2121,13.46,-0.929,-0.741,56.51,55.95,4.203,5.475,5.508,6.762,34.34,989.9661,4.459,5.037,300.0,284.5,-1.409,-3.23
2026-03-19 05:18:00,2122,13.46,-0.972,-0.83,56.39,56.18,4.108,5.495,5.354,7.644,29.11,989.9656,4.599,5.221,299.8,286.2,-1.433,-3.219
2026-03-19 05:19:00,2123,13.45,-0.979,-0.831,52.79,50.8,6.433,7.427,7.722,8.72,58.97,989.959,3.933,4.597,300.3,288.6,-1.412,-3.213
2026-03-19 05:20:00,2124,13.46,-0.658,-0.563,50.6,49.92,4.925,5.819,6.95,7.35,51.02,990.0168,4.344,5.061,301.2,289.1,-1.229,-3.202
2026-03-19 05:21:00,2125,13.46,-0.467,-0.432,50.74,51.26,3.634,4.449,5.148,5.782,50.11,990.0453,5.318,6.169,301.0,289.1,-1.15,-3.194
2026-03-19 05:22:00,2126,13.45,-0.448,-0.433,51.25,51.91,2.754,3.602,3.964,4.802,43.67,990.0721,5.507,6.348,300.6,289.3,-1.15,-3.187
2026-03-19 05:23:00,2127,13.46,-0.54,-0.531,53.03,54.1,2.729,3.575,3.604,4.41,45.72,990.0949,5.248,6.114,300.3,289.4,-1.175,-3.173
2026-03-19 05:24:00,2128,13.46,-0.695,-0.701,54.96,55.6,1.586,2.599,2.986,3.724,26.45,990.0986,5.17,6.026,300.0,289.4,-1.213,-3.169
2026-03-19 05:25:00,2129,13.45,-0.845,-0.809,54.45,53.49,2.925,4.104,3.861,4.802,38.28,990.0778,4.871,5.798,299.7,289.5,-1.262,-3.164
2026-03-19 05:26:00,2130,13.45,-0.864,-0.743,54.13,52.76,3.858,4.93,5.302,5.978,50.28,990.0555,4.407,5.359,300.5,289.9,-1.226,-3.168
2026-03-19 05:27:00,2131,13.45,-0.702,-0.581,53.76,52.1,4.589,5.909,5.199,6.468,39.62,990.0244,5.621,6.607,300.8,289.6,-1.156,-3.165
2026-03-19 05:28:00,2132,13.46,-0.646,-0.494,53.03,52.09,4.695,5.891,5.972,6.762,33.3,990.0269,5.534,6.582,301.0,289.6,-1.105,-3.158
2026-03-19 05:29:00,2133,13.46,-0.632,-0.459,52.63,50.94,3.988,5.106,4.53,5.488,40.04,990.0634,6.107,7.289,300.6,289.4,-1.124,-3.151
2026-03-19 05:30:00,2134,13.46,-0.606,-0.404,50.88,49.62,3.538,4.321,4.942,5.88,44.32,990.0757,5.625,6.816,300.8,289.5,-1.107,-3.144
2026-03-19 05:31:00,2135,13.45,-0.48,-0.331,50.08,49.69,1.828,2.32,2.728,3.038,45.56,990.0723,6.143,7.363,300.7,288.9,-1.039,-3.135
2026-03-19 05:32:00,2136,13.45,-0.392,-0.314,52.04,52.1,0.904,1.868,1.441,2.744,28.62,990.0773,7.005,8.19,300.1,288.1,-1.034,-3.123
2026-03-19 05:33:00,2137,13.45,-0.453,-0.391,52.46,52.76,0.95,1.962,1.802,2.646,35.07,990.0777,6.71,7.999,299.5,287.4,-1.091,-3.123
2026-03-19 05:34:00,2138,13.46,-0.571,-0.5,53.71,54.87,1.33,2.322,2.42,3.136,49.18,990.0628,6.473,7.8,299.2,286.7,-1.143,-3.122
2026-03-19 05:35:00,2139,13.45,-0.662,-0.578,53.21,51.76,3.503,4.48,4.582,5.88,61.77,990.0401,6.4,7.775,299.7,286.9,-1.154,-3.12
2026-03-19 05:36:00,2140,13.45,-0.606,-0.5,53.29,51.51,4.014,5.15,4.839,5.978,47.86,990.0385,6.793,8.17,300.5,286.7,-1.108,-3.122
2026-03-19 05:37:00,2141,13.46,-0.645,-0.487,52.48,50.39,3.515,4.531,4.633,5.978,53.64,990.0698,7.287,8.8,300.2,286.4,-1.136,-3.119
2026-03-19 05:38:00,2142,13.46,-0.654,-0.455,53.42,52.72,2.187,3.042,2.986,4.018,46.2,990.1,7.192,8.74,299.7,286.5,-1.184,-3.115
2026-03-19 05:39:00,2143,13.46,-0.689,-0.517,54.02,52.14,2.601,3.58,3.501,4.312,15.32,990.0899,6.932,8.43,299.8,287.1,-1.205,-3.112
2026-03-19 05:40:00,2144,13.46,-0.645,-0.482,51.97,50.93,2.828,3.554,4.273,4.9,22.89,990.0901,6.875,8.35,300.3,288.0,-1.163,-3.116
2026-03-19 05:41:00,2145,13.45,-0.48,-0.38,50.54,50.62,2.447,3.317,3.192,4.312,36.07,990.1014,7.873,9.54,300.1,287.7,-1.126,-3.115
2026-03-19 05:42:00,2146,13.46,-0.465,-0.413,51.18,51.87,2.873,3.55,3.501,4.312,28.86,990.0806,7.88,9.61,300.0,287.1,-1.135,-3.11
2026-03-19 05:43:00,2147,13.46,-0.545,-0.528,53.41,54.03,2.417,3.211,3.295,4.214,27.52,990.0922,7.942,9.6,299.9,286.8,-1.134,-3.104
2026-03-19 05:44:00,2148,13.46,-0.697,-0.683,54.47,54.68,2.357,3.11,2.883,3.92,19.36,990.1005,7.915,9.58,299.5,286.4,-1.188,-3.103
2026-03-19 05:45:00,2149,13.46,-0.887,-0.815,54.86,55.38,1.935,2.845,2.625,3.822,14.23,990.1262,7.599,9.29,299.1,285.9,-1.269,-3.108
2026-03-19 05:46:00,2150,13.46,-1.027,-0.919,52.75,51.86,1.613,2.74,3.192,4.018,9.54,990.1213,7.394,9.14,298.9,285.3,-1.316,-3.114
2026-03-19 05:47:00,2151,13.46,-0.964,-0.857,52.72,52.85,1.426,2.162,2.317,2.94,329.2,990.1039,7.783,9.58,299.2,284.7,-1.283,-3.119
2026-03-19 05:48:00,2152,13.46,-0.873,-0.813,52.44,51.62,1.82,2.395,2.059,2.646,323.9,990.1146,8.92,10.83,298.4,283.9,-1.352,-3.12
2026-03-19 05:49:00,2153,13.46,-0.922,-0.807,52.74,53.36,1.878,2.334,3.14,2.744,352.5,990.1439,7.897,9.81,298.3,283.8,-1.397,-3.127
2026-03-19 05:50:00,2154,13.46,-0.903,-0.834,52.79,52.56,1.085,1.814,2.214,2.94,347.8,990.1798,8.6,10.45,298.2,284.0,-1.401,-3.139
2026-03-19 05:51:00,2155,13.46,-0.903,-0.816,52.37,52.15,0.998,1.558,1.956,2.45,11.74,990.1913,8.59,10.4,298.0,285.4,-1.416,-3.155
2026-03-19 05:52:00,2156,13.46,-0.831,-0.733,52.36,52.61,0.925,1.923,1.647,2.548,12.86,990.1935,8.99,10.87,298.4,286.9,-1.391,-3.161
2026-03-19 05:53:00,2157,13.46,-0.806,-0.729,54.31,51.14,2.12,3.311,3.192,4.312,13.35,990.1505,9.4,11.44,298.3,287.7,-1.414,-3.165
2026-03-19 05:54:00,2158,13.46,-0.931,-0.715,51.97,50.71,3.264,4.256,3.964,4.802,50.64,990.1509,8.96,11.16,298.5,288.5,-1.483,-3.17
2026-03-19 05:55:00,2159,13.46,-0.826,-0.601,50.77,49.84,2.258,2.919,3.243,3.822,22.01,990.1539,9.0,11.26,299.4,289.6,-1.396,-3.172
2026-03-19 05:56:00,2160,13.37,-0.634,-0.46,49.77,49.39,0.958,1.395,2.523,2.94,0.148,990.1411,9.74,12.09,299.8,289.9,-1.317,-3.171
2026-03-19 05:57:00,2161,13.46,-0.46,-0.339,49.34,49.08,0.549,1.511,1.287,2.058,17.1,990.1271,10.55,13.01,299.5,289.6,-1.277,-3.163
2026-03-19 05:58:00,2162,13.46,-0.328,-0.246,48.91,48.61,0.014,0.47,0.257,1.078,17.09,990.12,10.63,13.04,299.3,289.8,-1.242,-3.16
2026-03-19 05:59:00,2163,13.46,-0.188,-0.136,49.24,49.59,0.001,0.489,0.051,1.078,24.08,990.1325,10.93,13.42,298.9,289.3,-1.227,-3.149
2026-03-19 06:00:00,2164,13.46,-0.101,-0.071,48.9,48.68,0.0,0.0,0.0,0.0,18.99,990.1478,10.77,13.18,298.7,288.6,-1.213,-3.149
2026-03-19 06:01:00,2165,13.46,-0.048,-0.041,49.24,50.58,0.0,0.477,0.0,1.078,354.4,990.1813,10.94,13.26,298.9,288.4,-1.182,-3.148
2026-03-19 06:02:00,2166,13.46,-0.123,-0.158,48.99,49.79,0.131,1.219,0.618,1.666,49.76,990.1971,10.77,13.04,298.6,288.6,-1.195,-3.148
2026-03-19 06:03:00,2167,13.46,-0.243,-0.257,49.46,49.99,0.371,1.135,1.081,1.666,55.3,990.2108,10.59,12.85,299.1,289.3,-1.145,-3.142
2026-03-19 06:04:00,2168,13.46,-0.269,-0.279,49.43,50.28,0.011,0.749,0.206,1.274,32.21,990.2313,11.02,13.42,298.8,289.5,-1.14,-3.14
2026-03-19 06:05:00,2169,13.46,-0.287,-0.302,49.75,50.85,0.0,0.908,0.0,1.372,39.78,990.2318,11.22,13.67,298.7,289.7,-1.128,-3.134
2026-03-19 06:06:00,2170,13.46,-0.299,-0.321,50.53,52.05,0.0,0.822,0.0,1.078,48.85,990.2391,11.56,14.16,298.6,289.8,-1.126,-3.13
2026-03-19 06:07:00,2171,13.46,-0.33,-0.366,51.19,52.65,0.0,0.647,0.0,0.98,22.09,990.2355,11.87,14.68,298.5,290.0,-1.133,-3.132
2026-03-19 06:08:00,2172,13.46,-0.383,-0.423,51.17,52.52,0.003,0.798,0.051,0.98,9.26,990.232,12.2,15.2,298.3,290.2,-1.15,-3.132
2026-03-19 06:09:00,2173,13.46,-0.452,-0.501,52.93,52.77,0.001,1.328,0.051,1.764,16.42,990.2447,12.53,15.82,298.2,289.7,-1.191,-3.133
2026-03-19 06:10:00,2174,13.46,-0.619,-0.639,54.19,53.42,0.0,1.29,0.0,1.568,13.57,990.228,12.36,15.71,298.0,289.2,-1.261,-3.141
2026-03-19 06:11:00,2175,13.46,-0.814,-0.757,55.9,56.24,0.002,1.348,0.103,2.058,18.89,990.2438,11.83,15.05,297.7,288.8,-1.327,-3.146
2026-03-19 06:12:00,2176,13.46,-0.991,-0.848,54.98,53.47,0.507,2.228,1.699,3.038,39.74,990.2553,11.49,14.76,297.7,289.1,-1.375,-3.154
2026-03-19 06:13:00,2177,13.46,-1.045,-0.788,54.42,52.79,2.36,3.355,3.243,4.41,50.41,990.2373,11.81,15.09,298.6,289.6,-1.362,-3.163
2026-03-19 06:14:00,2178,13.46,-0.945,-0.698,52.09,50.3,3.258,4.033,3.912,4.606,42.13,990.226,13.15,16.61,299.3,289.6,-1.331,-3.162
2026-03-19 06:15:00,2179,13.46,-0.733,-0.551,51.21,50.16,2.269,2.972,2.831,3.528,57.5,990.2388,13.94,17.61,299.8,289.5,-1.239,-3.156
2026-03-19 06:16:00,2180,13.46,-0.552,-0.428,51.84,51.02,2.19,2.916,2.728,3.332,47.32,990.2432,14.96,18.99,299.8,289.0,-1.217,-3.141
2026-03-19 06:17:00,2181,13.46,-0.527,-0.409,51.64,51.24,2.055,2.664,2.42,3.038,53.86,990.2463,15.96,20.46,299.4,288.4,-1.25,-3.136
2026-03-19 06:18:00,2182,13.46,-0.577,-0.43,52.29,50.28,1.786,2.45,2.162,2.94,38.31,990.2477,16.21,21.08,299.2,287.9,-1.283,-3.13
2026-03-19 06:19:00,2183,13.46,-0.622,-0.439,52.89,51.41,1.523,2.291,2.008,2.744,41.32,990.275,16.25,21.26,299.1,287.4,-1.298,-3.127
2026-03-19 06:20:00,2184,13.46,-0.658,-0.491,52.96,52.56,1.549,2.333,2.059,2.744,55.45,990.2866,16.37,21.38,299.0,287.7,-1.31,-3.129
2026-03-19 06:21:00,2185,13.46,-0.744,-0.613,54.5,55.1,1.306,2.119,2.008,2.842,38.82,990.3065,16.94,22.17,299.0,288.2,-1.329,-3.127
2026-03-19 06:22:00,2186,13.45,-0.92,-0.798,55.19,52.22,1.73,2.832,2.214,3.136,45.32,990.3277,16.86,22.0,298.7,288.8,-1.391,-3.124
2026-03-19 06:23:00,2187,13.46,-1.035,-0.771,55.52,53.83,2.147,2.951,2.471,3.626,63.62,990.3425,16.19,21.11,298.8,289.2,-1.435,-3.132
2026-03-19 06:24:00,2188,13.46,-0.993,-0.703,53.11,51.42,2.496,3.351,2.986,3.92,59.87,990.3303,15.72,20.45,299.4,289.3,-1.413,-3.13
2026-03-19 06:25:00,2189,13.46,-0.853,-0.595,53.26,51.32,2.535,3.104,3.192,3.724,45.92,990.3365,16.01,20.41,299.9,289.3,-1.333,-3.13
2026-03-19 06:26:00,2190,13.46,-0.723,-0.535,51.44,49.81,1.845,2.561,2.42,3.136,34.44,990.3441,16.11,20.38,299.6,289.5,-1.32,-3.13
2026-03-19 06:27:00,2191,13.46,-0.627,-0.465,53.56,52.39,1.117,2.145,1.75,2.646,59.3,990.3607,15.9,20.17,299.3,289.2,-1.337,-3.131
2026-03-19 06:28:00,2192,13.46,-0.698,-0.499,53.43,51.03,1.116,2.009,1.699,2.45,53.23,990.3613,15.4,19.63,299.0,289.2,-1.385,-3.127
2026-03-19 06:29:00,2193,13.46,-0.8,-0.568,55.61,54.7,0.832,1.744,1.647,2.352,48.51,990.3514,15.27,19.48,298.9,289.4,-1.396,-3.129
2026-03-19 06:30:00,2194,13.46,-0.873,-0.689,55.49,54.37,1.056,2.074,2.111,3.038,43.15,990.3635,15.74,20.06,299.1,289.2,-1.41,-3.13
2026-03-19 06:31:00,2195,13.45,-0.992,-0.854,56.3,56.57,1.755,2.41,2.111,2.94,47.69,990.3592,15.78,20.1,299.0,289.4,-1.448,-3.128
2026-03-19 06:32:00,2196,13.46,-1.166,-1.025,59.03,56.96,1.557,2.514,1.853,3.332,59.09,990.378,15.56,19.93,298.8,289.4,-1.51,-3.131
2026-03-19 06:33:00,2197,13.46,-1.354,-1.109,59.16,56.61,1.113,1.902,1.699,2.352,63.99,990.3862,15.25,19.54,298.7,289.8,-1.57,-3.132
2026-03-19 06:34:00,2198,13.46,-1.384,-1.057,59.38,57.15,0.863,1.727,1.493,2.156,57.12,990.3911,15.03,19.31,298.6,289.9,-1.596,-3.144
2026-03-19 06:35:00,2199,13.46,-1.326,-1.029,58.45,55.36,1.333,2.386,1.905,2.842,59.33,990.4011,15.62,19.95,298.8,290.0,-1.598,-3.149
2026-03-19 06:36:00,2200,13.46,-1.288,-0.984,58.16,53.51,1.713,2.66,2.059,2.94,62.76,990.4127,16.1,20.59,299.2,290.3,-1.572,-3.153
2026-03-19 06:37:00,2201,13.46,-1.228,-0.855,57.43,52.83,1.603,2.483,1.956,2.842,63.1,990.4147,16.98,21.56,299.5,290.5,-1.529,-3.152
2026-03-19 06:38:00,2202,13.45,-1.161,-0.762,57.61,52.46,2.009,2.782,2.317,3.038,59.52,990.4397,17.67,22.45,299.5,290.4,-1.514,-3.151
2026-03-19 06:39:00,2203,13.46,-1.119,-0.727,58.11,54.97,1.651,2.42,2.059,2.94,47.74,990.4444,18.31,23.46,299.5,290.3,-1.526,-3.15
2026-03-19 06:40:00,2204,13.46,-1.116,-0.779,56.39,53.53,1.672,2.225,2.265,2.646,42.78,990.4478,18.73,24.1,299.2,290.2,-1.538,-3.147
2026-03-19 06:41:00,2205,13.46,-1.111,-0.808,54.06,52.68,2.155,2.735,2.42,3.626,50.5,990.4502,18.82,24.31,299.2,290.2,-1.537,-3.141
2026-03-19 06:42:00,2206,13.46,-1.025,-0.818,54.81,54.51,1.894,2.444,2.368,2.842,47.25,990.451,19.28,24.85,299.3,290.0,-1.501,-3.137
2026-03-19 06:43:00,2207,13.45,-0.997,-0.868,55.61,54.32,1.596,2.279,1.905,2.45,43.23,990.4575,19.79,25.49,299.2,289.9,-1.501,-3.132
2026-03-19 06:44:00,2208,13.45,-1.035,-0.924,54.91,54.5,1.383,1.945,1.699,2.156,46.02,990.4622,20.12,26.05,299.0,289.9,-1.521,-3.129
2026-03-19 06:45:00,2209,13.46,-1.061,-0.96,54.99,54.32,0.919,1.588,1.39,1.764,47.62,990.4677,20.69,27.01,298.7,290.0,-1.553,-3.129
2026-03-19 06:46:00,2210,13.46,-1.051,-0.973,55.72,56.08,0.483,1.49,0.772,1.764,46.21,990.46,21.45,28.19,298.6,289.9,-1.571,-3.127
2026-03-19 06:47:00,2211,13.46,-1.055,-1.002,55.09,55.43,0.252,1.37,0.824,1.96,28.25,990.457,21.76,28.72,298.4,289.6,-1.588,-3.129
2026-03-19 06:48:00,2212,13.46,-1.081,-1.051,56.27,56.66,0.914,1.819,1.647,2.548,22.0,990.4378,21.06,27.63,298.5,289.5,-1.599,-3.13
2026-03-19 06:49:00,2213,13.46,-1.178,-1.167,57.03,57.61,1.142,2.101,1.596,2.842,23.51,990.4334,20.56,26.67,298.5,289.2,-1.618,-3.134
2026-03-19 06:50:00,2214,13.45,-1.357,-1.349,58.53,58.65,1.661,2.811,2.214,3.136,26.82,990.4379,20.23,26.05,298.3,289.0,-1.661,-3.138
2026-03-19 06:51:00,2215,13.46,-1.597,-1.516,59.56,55.7,1.647,2.833,2.059,3.038,34.34,990.4437,19.71,25.38,298.1,289.3,-1.737,-3.147
2026-03-19 06:52:00,2216,13.46,-1.782,-1.485,59.38,55.77,1.913,2.925,2.214,3.234,35.82,990.4593,19.42,24.95,298.0,289.3,-1.801,-3.154
2026-03-19 06:53:00,2217,13.46,-1.847,-1.428,60.45,57.54,1.65,2.636,1.956,2.842,37.76,990.4667,19.81,25.55,298.0,289.3,-1.845,-3.169
2026-03-19 06:54:00,2218,13.45,-1.894,-1.405,59.85,54.87,1.69,2.698,1.905,2.94,25.17,990.4722,20.3,26.37,297.9,289.1,-1.895,-3.176
2026-03-19 06:55:00,2219,13.45,-1.898,-1.332,59.93,56.49,1.155,2.432,1.699,3.528,28.12,990.4675,20.52,26.75,297.7,288.8,-1.933,-3.184
2026-03-19 06:56:00,2220,13.46,-1.872,-1.336,59.05,53.86,1.119,2.031,1.956,2.94,61.78,990.4639,20.82,27.26,297.8,288.5,-1.951,-3.191
2026-03-19 06:57:00,2221,13.46,-1.778,-1.273,58.45,55.92,1.969,2.635,2.625,3.626,32.58,990.4543,21.66,28.42,298.2,288.5,-1.91,-3.195
2026-03-19 06:58:00,2222,13.46,-1.628,-1.287,58.97,55.69,2.162,3.111,2.625,3.528,27.39,990.4465,22.53,29.44,298.5,288.6,-1.875,-3.194
2026-03-19 06:59:00,2223,13.45,-1.674,-1.431,59.21,56.77,2.346,3.563,2.728,3.92,26.69,990.4398,22.58,29.42,298.2,288.4,-1.918,-3.193
2026-03-19 07:00:00,2224,13.46,-1.837,-1.548,59.67,53.56,2.5,3.733,2.677,3.92,25.82,990.4345,22.38,29.25,298.0,288.3,-1.979,-3.194
2026-03-19 07:01:00,2225,13.46,-1.973,-1.47,59.71,53.36,2.427,3.689,2.625,3.92,22.13,990.4166,22.09,28.89,297.8,287.9,-2.035,-3.205
2026-03-19 07:02:00,2226,13.46,-2.044,-1.386,60.53,52.03,2.013,3.214,2.368,3.528,20.08,990.4186,21.59,28.17,297.6,286.8,-2.085,-3.211
2026-03-19 07:03:00,2227,13.46,-2.088,-1.279,60.21,51.58,1.901,2.932,2.111,3.332,27.93,990.4178,21.87,28.48,297.3,285.8,-2.124,-3.222
2026-03-19 07:04:00,2228,13.46,-2.087,-1.167,60.1,52.74,1.549,2.526,1.699,2.842,27.64,990.4382,22.18,28.9,297.2,286.1,-2.146,-3.234
2026-03-19 07:05:00,2229,13.45,-2.069,-1.148,61.34,56.96,0.777,1.981,1.493,2.548,21.94,990.4423,22.75,29.69,297.0,286.0,-2.182,-3.243
2026-03-19 07:06:00,2230,13.46,-2.115,-1.342,62.19,60.05,0.014,1.469,0.206,1.96,8.71,990.4251,22.84,29.85,296.8,286.5,-2.203,-3.251
2026-03-19 07:07:00,2231,13.45,-2.202,-1.583,61.59,55.04,1.037,2.396,1.699,2.744,24.82,990.4301,22.82,29.7,296.8,287.5,-2.224,-3.258
2026-03-19 07:08:00,2232,13.46,-2.279,-1.66,60.26,55.96,1.637,2.714,2.111,3.234,33.27,990.434,23.13,30.15,296.9,288.1,-2.244,-3.268
2026-03-19 07:09:00,2233,13.45,-2.249,-1.67,60.33,57.46,1.941,2.791,2.368,3.43,40.67,990.415,24.12,31.63,297.1,288.0,-2.249,-3.275
2026-03-19 07:10:00,2234,13.45,-2.208,-1.783,61.25,59.93,1.858,2.531,2.111,2.94,41.55,990.4142,25.61,33.69,297.4,287.7,-2.246,-3.279
2026-03-19 07:11:00,2235,13.45,-2.225,-1.952,62.52,62.54,1.631,2.246,1.802,2.646,45.21,990.4145,27.22,35.99,297.4,287.6,-2.256,-3.285
2026-03-19 07:12:00,2236,13.45,-2.336,-2.15,63.37,60.98,1.545,2.622,1.853,2.842,27.96,990.4214,27.73,36.89,297.2,287.5,-2.302,-3.291
2026-03-19 07:13:00,2237,13.45,-2.456,-2.2,63.17,58.86,0.987,2.141,1.647,2.744,31.64,990.3909,27.48,36.62,297.1,287.3,-2.346,-3.292
2026-03-19 07:14:00,2238,13.45,-2.498,-2.135,63.97,61.82,0.0,1.022,0.051,1.666,36.52,990.37,26.96,35.91,296.9,286.6,-2.363,-3.293
2026-03-19 07:15:00,2239,13.46,-2.522,-2.167,63.82,62.3,0.0,0.604,0.0,0.882,63.21,990.3548,26.37,34.96,296.7,285.4,-2.379,-3.302
2026-03-19 07:16:00,2240,13.46,-2.523,-2.228,63.88,63.46,0.0,0.563,0.0,0.98,55.38,990.3519,26.37,34.71,296.4,284.8,-2.382,-3.309
2026-03-19 07:17:00,2241,13.46,-2.49,-2.286,64.13,64.56,0.0,0.83,0.0,1.274,45.86,990.3533,27.19,35.72,296.4,284.8,-2.38,-3.312
2026-03-19 07:18:00,2242,13.45,-2.486,-2.37,64.62,65.21,0.069,1.421,0.412,2.646,28.64,990.3505,28.2,37.15,296.4,285.1,-2.388,-3.316
2026-03-19 07:19:00,2243,13.46,-2.515,-2.377,62.68,57.45,1.765,2.818,2.162,3.136,33.5,990.3389,28.25,37.35,296.6,285.5,-2.394,-3.318
2026-03-19 07:20:00,2244,13.46,-2.357,-2.075,62.05,57.39,1.928,2.731,2.368,3.43,55.9,990.3286,28.2,37.19,297.0,285.4,-2.355,-3.318
2026-03-19 07:21:00,2245,13.46,-2.072,-1.801,56.53,53.97,2.23,2.72,3.192,3.43,52.13,990.3349,28.12,37.0,297.9,285.8,-2.208,-3.314
2026-03-19 07:22:00,2246,13.46,-1.673,-1.521,56.17,54.87,1.465,1.956,1.956,2.352,51.81,990.3617,29.81,38.6,298.3,286.1,-2.046,-3.307
2026-03-19 07:23:00,2247,13.46,-1.483,-1.413,55.88,53.86,1.509,1.925,1.905,2.352,62.44,990.378,30.65,39.7,298.1,286.9,-1.997,-3.295
2026-03-19 07:24:00,2248,13.46,-1.424,-1.364,55.44,54.32,1.606,2.146,2.162,2.94,40.26,990.3871,31.36,40.8,298.3,287.9,-1.928,-3.286
2026-03-19 07:25:00,2249,13.46,-1.375,-1.327,55.14,55.17,1.748,2.204,2.111,2.842,45.31,990.3868,31.94,41.8,298.4,288.1,-1.879,-3.274
2026-03-19 07:26:00,2250,13.45,-1.355,-1.352,55.9,56.69,1.443,2.014,1.956,2.548,54.08,990.3887,31.76,41.49,298.4,287.5,-1.845,-3.264
2026-03-19 07:27:00,2251,13.46,-1.45,-1.499,57.72,59.5,1.739,2.302,2.368,3.234,74.75,990.3727,30.68,40.06,298.1,286.4,-1.848,-3.255
2026-03-19 07:28:00,2252,13.45,-1.609,-1.681,58.9,60.65,1.872,2.318,2.265,2.94,75.41,990.3542,29.64,38.66,298.0,285.5,-1.86,-3.253
2026-03-19 07:29:00,2253,13.45,-1.689,-1.753,59.76,60.35,1.261,1.691,1.802,2.254,85.3,990.3397,28.98,37.73,298.1,285.1,-1.847,-3.248
2026-03-19 07:30:00,2254,13.45,-1.707,-1.766,59.31,60.01,0.905,1.396,1.441,1.96,68.05,990.3362,28.75,37.12,297.8,284.7,-1.847,-3.247
2026-03-19 07:31:00,2255,13.46,-1.756,-1.8,59.58,60.24,0.064,0.922,0.618,1.372,54.3,990.3409,28.42,36.67,297.6,285.1,-1.854,-3.242
2026-03-19 07:32:00,2256,13.45,-1.803,-1.853,60.53,61.58,0.002,0.618,0.103,0.98,70.49,990.3615,28.95,37.32,297.4,286.1,-1.852,-3.237
2026-03-19 07:33:00,2257,13.46,-1.869,-1.917,60.34,59.71,0.0,0.437,0.0,0.686,62.11,990.3784,29.59,38.34,297.3,286.9,-1.874,-3.239
2026-03-19 07:34:00,2258,13.46,-1.942,-1.963,59.26,59.15,0.004,0.753,0.154,1.176,43.32,990.3892,29.82,38.77,297.1,287.2,-1.899,-3.234
2026-03-19 07:35:00,2259,13.46,-1.963,-1.968,59.39,58.45,0.008,0.863,0.154,1.176,46.05,990.3972,30.43,39.66,297.1,287.1,-1.892,-3.23
2026-03-19 07:36:00,2260,13.46,-1.957,-1.952,58.46,58.98,0.0,0.646,0.0,0.98,48.68,990.4051,31.09,40.56,297.2,286.9,-1.879,-3.228
2026-03-19 07:37:00,2261,13.46,-1.933,-1.937,59.28,60.39,0.0,0.372,0.0,0.882,48.68,990.4205,30.82,40.22,297.0,286.3,-1.873,-3.23
2026-03-19 07:38:00,2262,13.46,-1.919,-1.95,59.98,61.11,0.0,0.318,0.0,0.588,48.5,990.4156,30.23,39.21,296.7,285.8,-1.881,-3.227
2026-03-19 07:39:00,2263,13.45,-1.922,-1.96,60.6,61.94,0.0,0.0,0.0,0.0,48.45,990.4194,29.32,37.84,296.5,285.6,-1.886,-3.231
2026-03-19 07:40:00,2264,13.46,-1.945,-1.97,62.02,63.2,0.065,0.12,0.721,1.666,214.5,990.4174,28.43,36.36,296.3,285.2,-1.897,-3.234
2026-03-19 07:41:00,2265,13.46,-2.226,-2.201,63.23,64.89,0.519,1.402,0.978,1.666,207.0,990.4269,27.84,35.53,296.4,284.8,-1.96,-3.243
2026-03-19 07:42:00,2266,13.46,-2.544,-2.42,63.59,62.89,0.091,1.134,0.515,1.47,215.4,990.4344,28.43,36.47,296.2,285.9,-2.027,-3.255
2026-03-19 07:43:00,2267,13.46,-2.563,-2.361,63.2,61.46,0.942,1.45,1.39,1.862,210.6,990.438,30.72,39.9,296.4,286.9,-2.073,-3.269
2026-03-19 07:44:00,2268,13.46,-2.505,-2.276,62.54,60.73,0.389,1.036,1.081,1.764,157.4,990.451,32.5,42.61,296.5,287.2,-2.117,-3.284
2026-03-19 07:45:00,2269,13.46,-2.398,-2.182,60.27,58.76,0.006,0.802,0.154,1.372,137.0,990.4409,33.87,44.69,296.9,287.0,-2.098,-3.287
2026-03-19 07:46:00,2270,13.45,-2.197,-2.062,59.64,58.61,0.0,0.433,0.0,0.784,121.3,990.4403,35.83,47.27,297.0,286.5,-2.052,-3.289
2026-03-19 07:47:00,2271,13.46,-2.033,-1.947,58.21,57.31,0.001,0.0,0.051,0.0,141.2,990.4437,36.61,48.25,297.2,286.2,-1.994,-3.283
2026-03-19 07:48:00,2272,13.46,-1.883,-1.842,57.08,56.61,0.0,0.0,0.0,0.0,141.1,990.4412,36.61,48.13,297.2,286.5,-1.953,-3.268
2026-03-19 07:49:00,2273,13.46,-1.75,-1.748,56.42,55.85,0.0,0.0,0.0,0.0,141.1,990.4519,36.64,48.08,297.2,287.4,-1.908,-3.259
2026-03-19 07:50:00,2274,13.46,-1.644,-1.655,55.54,54.8,0.0,0.0,0.0,0.0,141.0,990.4756,36.62,48.05,297.2,288.4,-1.862,-3.253
2026-03-19 07:51:00,2275,13.46,-1.558,-1.573,55.31,54.65,0.0,0.0,0.0,0.0,18.17,990.4925,36.79,48.1,297.4,288.9,-1.82,-3.247
2026-03-19 07:52:00,2276,13.46,-1.482,-1.501,54.12,53.94,0.011,0.692,0.257,1.568,318.4,990.51,37.02,48.37,297.6,289.1,-1.767,-3.238
2026-03-19 07:53:00,2277,13.46,-1.424,-1.452,55.23,55.07,0.128,0.759,0.721,1.372,336.3,990.5253,37.8,49.3,297.7,288.8,-1.724,-3.226
2026-03-19 07:54:00,2278,13.46,-1.427,-1.459,54.8,55.36,0.0,0.685,0.0,1.078,317.4,990.5402,38.45,50.42,297.8,288.6,-1.706,-3.22
2026-03-19 07:55:00,2279,13.45,-1.443,-1.478,54.62,55.04,0.0,0.81,0.0,1.274,336.4,990.5413,38.82,51.14,297.8,288.2,-1.691,-3.212
2026-03-19 07:56:00,2280,13.45,-1.469,-1.5,54.3,54.72,0.003,0.688,0.154,1.176,317.3,990.5392,38.27,50.39,297.8,288.0,-1.657,-3.208
2026-03-19 07:57:00,2281,13.46,-1.46,-1.501,54.77,55.88,0.018,0.589,0.36,1.372,329.9,990.5613,37.96,49.8,297.8,287.7,-1.622,-3.204
2026-03-19 07:58:00,2282,13.46,-1.459,-1.516,55.2,56.6,0.0,0.605,0.0,0.98,323.1,990.5649,37.77,49.48,297.7,287.4,-1.625,-3.201
2026-03-19 07:59:00,2283,13.45,-1.495,-1.562,55.93,56.32,0.003,0.3,0.051,0.686,318.9,990.5744,37.77,49.64,297.6,287.4,-1.626,-3.2
2026-03-19 08:00:00,2284,13.46,-1.532,-1.586,55.69,55.74,0.0,0.5,0.0,0.98,321.2,990.5889,38.11,50.13,297.4,287.6,-1.614,-3.199
2026-03-19 08:01:00,2285,13.46,-1.57,-1.615,57.32,55.78,0.001,0.704,0.051,1.078,321.0,990.5983,38.41,50.5,297.4,287.5,-1.617,-3.2
2026-03-19 08:02:00,2286,13.46,-1.662,-1.625,55.55,55.18,0.0,0.808,0.0,1.078,321.6,990.6105,38.19,50.2,297.3,287.6,-1.639,-3.197
2026-03-19 08:03:00,2287,13.46,-1.668,-1.6,56.79,55.97,0.0,0.845,0.0,1.078,318.4,990.6205,38.4,50.52,297.3,287.6,-1.654,-3.197
2026-03-19 08:04:00,2288,13.37,-1.706,-1.657,60.59,62.87,0.44,1.184,1.287,1.862,229.8,990.6237,39.4,51.76,297.3,287.0,-1.676,-3.197
2026-03-19 08:05:00,2289,13.45,-2.193,-2.143,62.67,64.84,1.187,1.837,1.596,2.156,234.2,990.622,39.48,51.85,297.1,286.2,-1.794,-3.201
2026-03-19 08:06:00,2290,13.46,-2.681,-2.543,65.01,66.62,1.441,2.026,1.75,2.548,242.8,990.6222,37.84,50.07,296.8,286.3,-1.932,-3.209
2026-03-19 08:07:00,2291,13.46,-3.003,-2.789,66.93,67.81,1.118,1.681,1.441,2.156,250.5,990.6216,36.69,48.17,296.5,286.2,-2.064,-3.231
2026-03-19 08:08:00,2292,13.46,-3.192,-2.922,68.16,68.05,0.988,1.566,1.287,1.764,255.6,990.6202,36.67,47.85,296.5,286.1,-2.171,-3.256
2026-03-19 08:09:00,2293,13.46,-3.28,-2.982,69.1,68.87,0.828,1.539,1.184,1.862,253.9,990.6254,37.58,49.28,296.4,286.3,-2.267,-3.275
2026-03-19 08:10:00,2294,13.46,-3.356,-3.08,69.84,68.93,0.922,1.8,1.338,2.058,250.9,990.6146,39.15,51.65,296.3,286.5,-2.348,-3.293
2026-03-19 08:11:00,2295,13.46,-3.403,-3.104,69.89,69.3,0.679,1.561,1.287,2.058,246.6,990.6111,41.09,54.53,296.4,286.6,-2.413,-3.305
2026-03-19 08:12:00,2296,13.45,-3.394,-3.099,69.65,68.5,0.855,1.792,1.39,2.254,251.1,990.6088,43.2,57.23,296.3,286.5,-2.463,-3.316
2026-03-19 08:13:00,2297,13.45,-3.351,-3.012,69.43,67.29,0.905,1.871,1.287,2.254,250.3,990.6169,44.97,59.8,296.4,286.4,-2.498,-3.327
2026-03-19 08:14:00,2298,13.46,-3.287,-2.903,68.89,66.59,1.115,1.872,1.287,2.156,251.3,990.6234,46.07,61.43,296.4,286.1,-2.519,-3.332
2026-03-19 08:15:00,2299,13.46,-3.217,-2.851,68.92,66.32,1.181,1.952,1.441,2.156,252.7,990.6207,45.78,61.02,296.4,286.0,-2.544,-3.331
2026-03-19 08:16:00,2300,13.46,-3.184,-2.824,68.32,64.7,1.341,2.162,1.596,2.45,250.7,990.6278,44.88,59.59,296.4,286.5,-2.565,-3.333
2026-03-19 08:17:00,2301,13.46,-3.101,-2.722,67.69,65.35,1.387,2.156,1.699,2.352,251.1,990.6331,44.86,59.34,296.6,286.9,-2.579,-3.339
2026-03-19 08:18:00,2302,13.46,-3.018,-2.659,67.38,64.04,1.199,1.994,1.647,2.254,251.5,990.6262,45.43,60.2,296.7,287.1,-2.573,-3.342
2026-03-19 08:19:00,2303,13.46,-2.982,-2.609,67.13,63.83,1.182,1.865,1.493,2.058,258.0,990.6306,46.19,61.01,296.7,286.9,-2.578,-3.344
2026-03-19 08:20:00,2304,13.45,-2.944,-2.604,67.13,65.29,0.956,1.681,1.338,1.862,266.5,990.6205,46.5,61.47,296.7,286.6,-2.575,-3.347
2026-03-19 08:21:00,2305,13.46,-2.914,-2.664,67.53,66.69,0.293,1.295,0.721,1.666,274.0,990.6225,46.46,61.4,296.7,286.4,-2.565,-3.343
2026-03-19 08:22:00,2306,13.46,-2.938,-2.763,68.08,65.94,0.507,1.846,1.39,2.254,270.7,990.6293,46.22,60.88,296.5,286.6,-2.571,-3.348
2026-03-19 08:23:00,2307,13.46,-2.981,-2.663,67.57,62.65,1.405,1.989,1.905,2.254,271.0,990.6359,45.85,60.17,296.6,286.9,-2.585,-3.345
2026-03-19 08:24:00,2308,13.46,-2.95,-2.425,67.6,62.8,1.297,2.051,1.647,2.352,275.0,990.6546,47.27,61.53,296.7,287.0,-2.581,-3.344
2026-03-19 08:25:00,2309,13.46,-2.91,-2.35,66.4,62.69,1.487,2.012,1.75,2.254,274.6,990.6589,45.34,59.18,296.7,287.1,-2.575,-3.348
2026-03-19 08:26:00,2310,13.46,-2.829,-2.343,66.49,63.67,1.17,1.965,1.441,2.156,274.1,990.6694,46.05,60.09,296.7,287.1,-2.565,-3.347
2026-03-19 08:27:00,2311,13.46,-2.812,-2.394,66.63,63.13,1.45,2.253,1.699,2.352,276.2,990.6655,47.39,62.11,296.7,287.2,-2.566,-3.347
2026-03-19 08:28:00,2312,13.46,-2.828,-2.389,66.1,63.29,1.615,2.144,2.008,2.548,278.8,990.6675,49.11,64.69,296.8,287.0,-2.576,-3.343
2026-03-19 08:29:00,2313,13.46,-2.805,-2.405,66.34,64.28,1.318,1.991,1.596,2.352,280.3,990.6857,50.87,67.27,296.8,286.5,-2.584,-3.336
2026-03-19 08:30:00,2314,13.46,-2.811,-2.45,66.77,64.12,1.161,1.801,1.39,2.156,279.3,990.6838,52.0,69.13,296.7,286.1,-2.585,-3.33
2026-03-19 08:31:00,2315,13.45,-2.842,-2.51,67.57,64.76,0.56,1.586,1.133,1.764,278.0,990.6894,52.05,69.35,296.7,285.8,-2.586,-3.326
2026-03-19 08:32:00,2316,13.46,-2.901,-2.581,68.65,67.41,0.035,1.041,0.36,1.568,243.8,990.7143,51.8,68.81,296.6,285.5,-2.567,-3.32
2026-03-19 08:33:00,2317,13.46,-3.03,-2.759,69.11,68.25,0.882,1.527,1.493,1.862,231.6,990.7343,51.95,69.09,296.6,285.5,-2.566,-3.31
2026-03-19 08:34:00,2318,13.46,-3.101,-2.878,68.97,68.35,1.003,1.646,1.441,1.862,250.6,990.7344,52.71,69.94,296.8,286.2,-2.563,-3.305
2026-03-19 08:35:00,2319,13.46,-3.074,-2.902,68.67,68.32,0.849,1.363,1.287,1.666,258.2,990.7541,53.73,71.44,296.9,286.7,-2.562,-3.302
2026-03-19 08:36:00,2320,13.46,-3.05,-2.937,69.05,68.4,0.417,1.331,1.236,1.666,273.7,990.7606,54.83,73.12,296.9,286.6,-2.557,-3.305
2026-03-19 08:37:00,2321,13.46,-3.056,-2.944,68.51,67.33,0.846,1.456,1.184,1.764,275.9,990.7661,54.93,73.5,296.9,286.6,-2.56,-3.298
2026-03-19 08:38:00,2322,13.45,-3.008,-2.902,68.69,68.64,0.066,1.154,0.566,1.568,275.7,990.7793,54.07,72.2,296.9,286.3,-2.536,-3.296
2026-03-19 08:39:00,2323,13.46,-2.997,-2.943,68.73,68.36,0.474,1.442,0.927,1.666,270.7,990.7748,53.07,70.65,296.9,286.3,-2.531,-3.295
2026-03-19 08:40:00,2324,13.46,-3.017,-2.965,69.27,68.94,0.423,1.455,0.927,1.666,270.4,990.7922,52.22,69.34,296.9,286.4,-2.527,-3.297
2026-03-19 08:41:00,2325,13.46,-3.064,-3.012,69.7,68.64,0.719,1.713,1.184,1.96,269.4,990.7961,52.24,69.14,296.9,286.4,-2.528,-3.298
2026-03-19 08:42:00,2326,13.46,-3.087,-2.961,68.68,67.9,1.189,1.956,1.544,2.352,269.1,990.7968,52.87,70.03,296.9,286.7,-2.535,-3.298
2026-03-19 08:43:00,2327,13.45,-3.031,-2.916,69.05,67.5,0.905,1.97,1.236,2.156,269.4,990.8016,53.99,71.69,297.0,286.3,-2.531,-3.297
2026-03-19 08:44:00,2328,13.46,-3.021,-2.878,68.65,67.45,1.268,2.091,1.493,2.254,273.5,990.7921,54.26,72.3,296.9,285.3,-2.533,-3.299
2026-03-19 08:45:00,2329,13.46,-2.995,-2.836,68.32,66.49,1.378,2.2,1.647,2.352,274.1,990.7874,53.52,71.41,296.9,283.7,-2.534,-3.3
2026-03-19 08:46:00,2330,13.46,-2.973,-2.789,68.9,67.46,0.987,1.936,1.338,2.254,274.2,990.7906,52.43,69.85,296.6,282.1,-2.546,-3.302
2026-03-19 08:47:00,2331,13.46,-3.0,-2.834,69.1,67.67,1.189,1.98,1.441,2.156,261.8,990.8052,52.04,69.17,296.4,281.6,-2.548,-3.302
2026-03-19 08:48:00,2332,13.46,-3.059,-2.912,70.17,69.55,1.359,2.167,2.214,2.744,238.9,990.8373,53.32,70.77,296.4,281.7,-2.559,-3.302
2026-03-19 08:49:00,2333,13.45,-3.182,-3.065,70.42,70.24,1.806,2.359,2.214,2.646,252.7,990.8494,55.06,73.1,296.5,282.9,-2.602,-3.303
2026-03-19 08:50:00,2334,13.46,-3.205,-3.078,69.6,68.33,1.514,2.25,1.802,2.548,269.9,990.8621,56.49,75.25,296.6,284.5,-2.616,-3.313
2026-03-19 08:51:00,2335,13.46,-3.116,-2.946,69.48,68.48,1.394,2.172,1.647,2.45,260.7,990.8932,57.82,77.07,296.7,284.8,-2.614,-3.32
2026-03-19 08:52:00,2336,13.46,-3.09,-2.945,69.95,68.97,1.275,2.046,1.493,2.156,257.4,990.9076,59.36,79.35,296.7,284.8,-2.612,-3.321
2026-03-19 08:53:00,2337,13.45,-3.134,-2.99,70.32,68.93,1.495,2.199,1.699,2.352,257.9,990.9036,61.21,82.2,296.8,284.3,-2.617,-3.316
2026-03-19 08:54:00,2338,13.46,-3.17,-2.982,70.17,68.29,1.456,2.127,1.699,2.254,265.9,990.8902,61.85,83.6,296.7,283.3,-2.627,-3.31
2026-03-19 08:55:00,2339,13.46,-3.172,-2.96,70.66,68.74,1.338,2.097,1.493,2.254,264.9,990.8743,60.22,81.5,296.6,281.5,-2.633,-3.305
2026-03-19 08:56:00,2340,13.45,-3.198,-2.944,70.46,66.61,1.436,2.407,1.802,2.548,270.2,990.8613,57.18,77.03,296.4,280.3,-2.647,-3.302
2026-03-19 08:57:00,2341,13.46,-3.178,-2.785,70.07,64.68,1.505,2.323,1.699,2.45,275.3,990.8561,55.45,74.17,296.3,280.1,-2.659,-3.312
2026-03-19 08:58:00,2342,13.46,-3.126,-2.608,69.44,63.74,1.674,2.28,1.905,2.352,276.4,990.8557,54.84,73.14,296.2,280.8,-2.668,-3.321
2026-03-19 08:59:00,2343,13.45,-3.038,-2.5,68.42,63.33,1.788,2.202,1.905,2.352,277.4,990.8653,54.38,72.31,296.3,281.7,-2.666,-3.327
2026-03-19 09:00:00,2344,13.45,-2.953,-2.443,68.25,62.19,1.687,2.423,1.853,2.646,277.8,990.8887,54.2,71.91,296.3,282.2,-2.665,-3.332
2026-03-19 09:01:00,2345,13.45,-2.906,-2.35,67.2,61.39,1.756,2.366,2.008,2.548,281.5,990.8965,54.18,71.9,296.3,282.2,-2.66,-3.334
2026-03-19 09:02:00,2346,13.46,-2.827,-2.248,67.4,60.78,1.651,2.363,1.802,2.548,283.0,990.9047,54.58,72.45,296.3,281.7,-2.651,-3.339
2026-03-19 09:03:00,2347,13.46,-2.781,-2.179,66.69,60.8,1.427,2.195,1.802,2.352,284.6,990.9092,55.43,73.71,296.2,281.4,-2.639,-3.337
2026-03-19 09:04:00,2348,13.46,-2.745,-2.143,67.34,60.0,1.115,2.128,1.39,2.352,294.3,990.9213,56.77,75.66,296.1,281.4,-2.63,-3.332
2026-03-19 09:05:00,2349,13.46,-2.759,-2.132,67.02,62.71,1.349,2.016,1.493,2.254,297.4,990.9303,58.41,78.05,296.1,281.6,-2.618,-3.326
2026-03-19 09:06:00,2350,13.45,-2.745,-2.253,67.74,62.38,1.16,2.194,1.338,2.352,299.0,990.9302,60.92,81.6,296.2,281.8,-2.599,-3.322
2026-03-19 09:07:00,2351,13.45,-2.791,-2.312,68.61,65.24,1.072,1.905,1.493,2.254,311.8,990.9288,63.11,84.8,296.2,281.3,-2.595,-3.308
2026-03-19 09:08:00,2352,13.46,-2.876,-2.393,68.61,62.28,1.241,1.988,1.441,2.156,309.0,990.9246,63.76,86.0,296.2,280.3,-2.599,-3.295
2026-03-19 09:09:00,2353,13.46,-2.88,-2.317,66.76,60.5,1.323,1.989,1.441,2.058,306.5,990.9186,64.13,86.5,296.1,279.5,-2.597,-3.291
2026-03-19 09:10:00,2354,13.46,-2.735,-2.189,65.95,59.53,1.393,2.044,1.493,2.156,299.5,990.9347,64.76,87.4,296.1,279.4,-2.556,-3.284
2026-03-19 09:11:00,2355,13.45,-2.611,-2.082,64.68,59.34,1.511,2.043,1.699,2.352,299.2,990.9452,65.67,88.6,296.3,279.6,-2.513,-3.276
2026-03-19 09:12:00,2356,13.45,-2.493,-2.055,65.24,62.95,1.103,1.694,1.544,1.96,302.7,990.9754,66.32,89.3,296.4,279.9,-2.47,-3.272
2026-03-19 09:13:00,2357,13.46,-2.462,-2.194,66.58,66.23,0.069,1.001,0.463,1.568,303.6,991.0056,66.49,89.4,296.3,279.9,-2.453,-3.262
2026-03-19 09:14:00,2358,13.46,-2.556,-2.374,67.33,64.59,0.041,1.294,0.412,1.666,314.9,991.0212,66.04,88.8,296.1,280.0,-2.455,-3.253
2026-03-19 09:15:00,2359,13.45,-2.67,-2.389,67.11,61.93,0.439,1.376,0.618,1.568,315.4,991.0272,65.56,88.1,296.1,279.9,-2.437,-3.244
2026-03-19 09:16:00,2360,13.46,-2.683,-2.255,66.32,61.86,0.273,1.126,1.03,1.47,309.1,991.0411,64.77,87.1,296.0,279.2,-2.411,-3.243
2026-03-19 09:17:00,2361,13.46,-2.595,-2.159,65.85,60.5,0.259,1.062,1.081,1.274,309.2,991.0439,63.34,85.0,295.9,278.0,-2.394,-3.24
2026-03-19 09:18:00,2362,13.46,-2.532,-2.103,66.68,62.5,0.087,1.045,0.36,1.274,309.1,991.0488,62.33,83.4,295.6,276.9,-2.385,-3.24
2026-03-19 09:19:00,2363,13.46,-2.567,-2.095,66.2,60.72,0.15,1.103,0.36,1.274,309.1,991.0535,62.97,84.3,295.4,276.4,-2.386,-3.241
2026-03-19 09:20:00,2364,13.45,-2.554,-2.033,64.86,59.88,0.05,0.992,0.309,1.176,309.1,991.0588,64.56,86.8,295.2,276.0,-2.373,-3.238
2026-03-19 09:21:00,2365,13.46,-2.421,-1.962,63.61,60.05,0.1,0.957,0.36,1.176,309.0,991.0667,65.43,88.3,295.0,274.6,-2.348,-3.233
2026-03-19 09:22:00,2366,13.45,-2.257,-1.917,62.86,59.79,0.085,1.06,0.412,1.372,309.1,991.0637,65.24,88.1,294.8,272.1,-2.321,-3.231
2026-03-19 09:23:00,2367,13.46,-2.14,-1.891,62.98,60.76,0.0,0.976,0.0,1.274,309.1,991.0773,65.27,87.8,294.5,269.0,-2.268,-3.229
2026-03-19 09:24:00,2368,13.46,-2.081,-1.906,63.44,62.62,0.0,0.476,0.0,0.784,309.2,991.0721,66.33,89.2,293.9,266.4,-2.237,-3.216
2026-03-19 09:25:00,2369,13.46,-2.103,-1.987,64.52,64.57,0.0,0.687,0.0,1.078,318.7,991.0751,67.62,91.0,293.5,264.5,-2.214,-3.215
2026-03-19 09:26:00,2370,13.46,-2.203,-2.129,65.29,63.88,0.0,0.895,0.0,1.078,317.9,991.0811,68.29,92.1,293.1,262.9,-2.229,-3.208
2026-03-19 09:27:00,2371,13.46,-2.328,-2.177,65.27,61.86,0.0,1.038,0.0,1.176,318.6,991.0812,68.36,92.1,292.6,261.4,-2.236,-3.203
2026-03-19 09:28:00,2372,13.46,-2.383,-2.125,64.33,62.27,0.0,1.029,0.0,1.274,338.2,991.078,67.66,91.0,291.9,259.5,-2.24,-3.203
2026-03-19 09:29:00,2373,13.45,-2.351,-2.11,64.93,62.64,0.0,0.896,0.0,1.078,338.4,991.0855,66.25,88.8,291.6,257.0,-2.241,-3.207
2026-03-19 09:30:00,2374,13.46,-2.382,-2.176,65.35,62.79,0.0,0.776,0.0,0.98,338.3,991.0975,65.22,86.9,291.2,255.0,-2.241,-3.219
2026-03-19 09:31:00,2375,13.45,-2.446,-2.221,65.03,61.7,0.0,0.642,0.0,0.784,337.4,991.1106,65.15,86.5,290.6,253.3,-2.25,-3.235
2026-03-19 09:32:00,2376,13.46,-2.455,-2.19,64.23,60.33,0.0,0.421,0.0,0.588,337.4,991.1174,64.42,85.3,289.9,251.9,-2.239,-3.248
2026-03-19 09:33:00,2377,13.46,-2.406,-2.1,64.13,60.03,0.0,0.436,0.0,0.588,337.3,991.1218,64.19,84.9,289.1,250.4,-2.249,-3.264
2026-03-19 09:34:00,2378,13.46,-2.37,-2.009,63.65,59.41,0.0,0.778,0.0,1.372,319.5,991.1127,63.82,84.2,288.3,249.0,-2.259,-3.28
2026-03-19 09:35:00,2379,13.45,-2.35,-1.948,64.3,61.52,0.0,0.766,0.0,1.078,332.7,991.1128,63.08,82.8,287.9,247.4,-2.276,-3.302
2026-03-19 09:36:00,2380,13.46,-2.409,-2.011,64.9,64.26,0.0,1.028,0.0,1.176,340.4,991.116,62.69,81.9,287.4,245.7,-2.345,-3.328
2026-03-19 09:37:00,2381,13.46,-2.558,-2.229,65.84,61.53,0.0,1.221,0.0,1.47,351.8,991.1203,63.71,83.0,287.2,245.1,-2.42,-3.353
2026-03-19 09:38:00,2382,13.46,-2.758,-2.408,65.06,62.91,0.0,1.289,0.0,1.47,351.7,991.1346,63.75,82.9,286.9,245.7,-2.472,-3.384
2026-03-19 09:39:00,2383,13.46,-2.903,-2.452,65.45,65.05,0.0,1.491,0.0,1.666,351.6,991.1395,63.15,82.4,286.7,245.9,-2.517,-3.418
2026-03-19 09:40:00,2384,13.46,-2.957,-2.502,65.77,63.02,0.002,1.396,0.103,1.764,12.65,991.1518,60.27,78.71,286.4,246.0,-2.574,-3.447
2026-03-19 09:41:00,2385,13.46,-3.038,-2.657,64.18,63.25,0.094,1.578,0.566,1.764,13.02,991.166,59.17,77.42,286.2,245.1,-2.646,-3.482
2026-03-19 09:42:00,2386,13.46,-3.305,-2.963,63.91,62.44,0.0,1.421,0.0,1.862,22.73,991.1602,59.13,77.25,286.3,245.3,-2.722,-3.517
2026-03-19 09:43:00,2387,13.45,-3.577,-3.235,64.86,64.27,0.064,1.654,0.463,1.764,25.23,991.1766,60.03,78.45,286.2,244.7,-2.835,-3.554
2026-03-19 09:44:00,2388,13.46,-3.808,-3.509,65.84,64.71,0.0,1.536,0.0,1.666,25.1,991.1757,60.92,79.55,285.9,243.8,-2.929,-3.592
2026-03-19 09:45:00,2389,13.45,-4.036,-3.735,66.72,66.28,0.0,1.487,0.0,1.764,25.36,991.1797,62.1,80.9,285.3,242.4,-3.026,-3.622
2026-03-19 09:46:00,2390,13.46,-4.25,-4.008,67.22,67.24,0.0,1.73,0.0,1.96,23.36,991.1974,63.47,82.5,284.7,240.7,-3.111,-3.657
2026-03-19 09:47:00,2391,13.46,-4.475,-4.292,67.62,67.97,0.001,1.557,0.051,1.862,31.83,991.2108,63.77,82.9,284.6,239.6,-3.221,-3.691
2026-03-19 09:48:00,2392,13.46,-4.705,-4.57,68.21,68.98,0.0,1.507,0.0,1.666,36.36,991.2314,61.84,80.4,284.3,237.5,-3.325,-3.722
2026-03-19 09:49:00,2393,13.46,-4.929,-4.828,68.96,69.6,0.0,1.566,0.0,1.96,39.45,991.241,59.43,76.99,283.6,235.6,-3.412,-3.763
2026-03-19 09:50:00,2394,13.46,-5.103,-5.026,69.12,69.71,0.41,2.001,1.184,2.352,28.82,991.24,57.25,73.64,283.1,233.8,-3.514,-3.802
2026-03-19 09:51:00,2395,13.46,-5.238,-5.153,69.14,69.41,0.56,2.225,1.39,2.45,26.13,991.2263,55.49,70.88,282.8,232.5,-3.663,-3.85
2026-03-19 09:52:00,2396,13.45,-5.324,-5.228,69.19,69.27,0.967,2.34,1.699,2.744,23.71,991.2162,54.71,69.67,282.3,231.2,-3.805,-3.911
2026-03-19 09:53:00,2397,13.45,-5.403,-5.258,69.07,68.88,1.491,2.618,1.905,2.744,18.43,991.2144,56.23,71.53,282.0,230.5,-3.948,-3.973
2026-03-19 09:54:00,2398,13.46,-5.459,-5.26,69.0,68.4,1.294,2.523,1.647,2.646,18.3,991.2206,61.62,78.66,281.7,230.5,-4.077,-4.034
2026-03-19 09:55:00,2399,13.46,-5.492,-5.231,68.94,67.75,0.902,2.386,1.39,2.646,18.3,991.2252,75.52,96.2,281.5,231.2,-4.168,-4.09
2026-03-19 09:56:00,2400,13.45,-5.485,-5.172,68.84,67.3,0.589,2.312,1.081,2.548,18.33,991.2286,92.7,119.0,281.6,231.6,-4.203,-4.127
2026-03-19 09:57:00,2401,13.46,-5.463,-5.127,68.58,67.08,0.499,2.217,0.772,2.352,17.04,991.231,95.2,123.0,281.7,231.4,-4.193,-4.161
2026-03-19 09:58:00,2402,13.45,-5.445,-5.111,68.37,66.88,0.493,2.222,0.875,2.45,19.46,991.2158,88.2,114.0,281.6,230.2,-4.184,-4.185
2026-03-19 09:59:00,2403,13.45,-5.463,-5.107,68.33,67.16,0.495,2.166,0.721,2.254,20.39,991.2125,77.81,99.0,281.1,228.4,-4.197,-4.222
2026-03-19 10:00:00,2404,13.46,-5.524,-5.168,68.49,67.62,0.586,2.257,0.772,2.45,23.83,991.2057,72.63,91.4,280.5,226.6,-4.26,-4.264
2026-03-19 10:01:00,2405,13.46,-5.617,-5.256,68.78,67.52,0.63,2.426,0.824,2.548,21.99,991.1903,60.1,75.38,279.9,225.7,-4.352,-4.318
2026-03-19 10:02:00,2406,13.45,-5.717,-5.333,68.97,67.85,0.459,2.311,0.669,2.45,24.11,991.1872,55.02,68.59,279.3,224.9,-4.457,-4.384
2026-03-19 10:03:00,2407,13.46,-5.827,-5.42,69.23,67.72,0.673,2.428,0.978,2.646,22.15,991.1932,57.11,71.18,278.7,224.4,-4.569,-4.447
2026-03-19 10:04:00,2408,13.45,-5.874,-5.418,69.31,67.13,0.772,2.469,1.287,2.744,20.06,991.1929,66.79,83.2,278.5,224.2,-4.67,-4.502
2026-03-19 10:05:00,2409,13.45,-5.833,-5.373,68.94,67.37,0.599,2.296,1.184,2.548,30.95,991.2053,79.66,101.0,278.5,223.7,-4.716,-4.544
2026-03-19 10:06:00,2410,13.46,-5.838,-5.448,68.86,68.33,0.837,2.181,1.544,2.352,55.34,991.2264,61.81,78.04,278.5,222.8,-4.781,-4.591
2026-03-19 10:07:00,2411,13.46,-5.949,-5.596,70.26,71.51,1.185,2.259,1.647,2.548,64.7,991.2335,56.59,70.69,278.4,221.9,-4.865,-4.636
2026-03-19 10:08:00,2412,13.45,-5.986,-5.592,71.56,70.51,1.218,2.258,1.802,2.646,52.49,991.2347,54.28,67.39,279.1,221.9,-4.933,-4.681
2026-03-19 10:09:00,2413,13.45,-5.88,-5.508,70.46,68.93,1.78,2.435,2.162,2.842,50.3,991.2267,52.17,64.42,279.7,222.4,-4.958,-4.722
2026-03-19 10:10:00,2414,13.46,-5.694,-5.418,69.24,67.78,1.857,2.487,2.111,2.646,40.98,991.22,51.42,63.26,279.8,222.2,-5.001,-4.753
2026-03-19 10:11:00,2415,13.45,-5.569,-5.377,68.39,67.04,1.747,2.495,2.111,2.744,39.45,991.2005,50.81,62.49,279.5,222.3,-5.076,-4.781
2026-03-19 10:12:00,2416,13.45,-5.51,-5.345,67.62,66.36,1.556,2.551,1.802,2.744,30.56,991.2015,50.55,62.16,279.1,222.3,-5.134,-4.816
2026-03-19 10:13:00,2417,13.45,-5.514,-5.306,67.17,66.06,1.115,2.48,1.544,2.744,22.95,991.2043,51.22,63.0,278.4,222.4,-5.201,-4.853
2026-03-19 10:14:00,2418,13.45,-5.578,-5.226,67.18,65.31,1.404,2.575,1.75,2.744,20.65,991.1865,52.52,64.95,277.6,222.4,-5.278,-4.889
2026-03-19 10:15:00,2419,13.45,-5.603,-5.157,67.01,65.17,1.435,2.436,1.699,2.646,17.46,991.1868,54.57,68.06,277.3,222.3,-5.354,-4.926
2026-03-19 10:16:00,2420,13.46,-5.638,-5.189,66.97,65.4,1.306,2.353,1.493,2.45,12.32,991.1915,56.61,71.16,276.9,222.6,-5.417,-4.96
2026-03-19 10:17:00,2421,13.46,-5.706,-5.226,67.0,65.1,1.233,2.501,1.493,2.646,6.092,991.2006,57.84,73.06,276.7,223.4,-5.465,-4.997
2026-03-19 10:18:00,2422,13.45,-5.775,-5.186,67.05,64.68,1.344,2.595,1.544,2.744,1.774,991.2051,58.53,74.04,276.5,224.0,-5.508,-5.025
2026-03-19 10:19:00,2423,13.46,-5.831,-5.132,67.16,64.71,1.388,2.533,1.596,2.744,2.454,991.2045,58.97,74.53,276.2,224.2,-5.555,-5.058
2026-03-19 10:20:00,2424,13.45,-5.869,-5.15,67.19,64.71,1.192,2.427,1.493,2.646,0.065,991.2143,60.46,76.61,276.0,224.5,-5.607,-5.08
2026-03-19 10:21:00,2425,13.45,-5.921,-5.224,67.09,65.32,0.542,2.087,0.978,2.254,0.118,991.2229,64.65,82.8,276.0,225.5,-5.671,-5.102
2026-03-19 10:22:00,2426,13.45,-6.04,-5.363,67.43,65.82,0.5,1.996,0.927,2.254,354.4,991.2355,70.77,92.1,276.1,228.2,-5.727,-5.123
2026-03-19 10:23:00,2427,13.45,-6.177,-5.537,67.85,66.87,0.355,1.655,0.669,1.862,0.053,991.2595,75.54,99.5,276.5,231.9,-5.764,-5.143
2026-03-19 10:24:00,2428,13.46,-6.309,-5.713,68.2,67.09,0.025,1.547,0.257,1.862,0.071,991.2704,81.4,108.3,277.0,237.8,-5.75,-5.159
2026-03-19 10:25:00,2429,13.45,-6.412,-5.864,68.33,67.91,0.0,1.279,0.0,1.666,10.92,991.268,87.3,117.0,278.3,244.1,-5.717,-5.158
2026-03-19 10:26:00,2430,13.45,-6.55,-6.027,68.88,68.88,0.045,1.273,0.463,1.862,30.48,991.2637,90.6,121.9,279.3,248.6,-5.716,-5.143
2026-03-19 10:27:00,2431,13.45,-6.689,-6.188,69.64,69.17,0.141,1.159,0.463,1.96,44.19,991.2724,92.7,125.2,280.5,251.1,-5.711,-5.111
2026-03-19 10:28:00,2432,13.45,-6.74,-6.324,70.02,69.9,0.19,1.285,0.669,1.764,32.61,991.2827,93.0,126.1,281.3,254.0,-5.671,-5.073
2026-03-19 10:29:00,2433,13.46,-6.73,-6.419,70.12,70.03,0.373,1.508,0.772,1.862,40.05,991.2977,92.8,126.6,282.3,258.1,-5.624,-5.032
2026-03-19 10:30:00,2434,13.45,-6.703,-6.49,69.83,70.33,0.486,1.762,0.669,1.96,36.15,991.3055,94.3,128.7,283.2,262.5,-5.6,-4.996
2026-03-19 10:31:00,2435,13.45,-6.724,-6.549,69.98,70.59,0.587,1.842,0.978,1.96,38.8,991.3245,95.0,129.5,283.9,265.9,-5.588,-4.967
2026-03-19 10:32:00,2436,13.45,-6.775,-6.589,70.35,71.13,0.781,1.986,1.544,2.254,35.18,991.3494,95.4,129.2,284.5,268.3,-5.568,-4.934
2026-03-19 10:33:00,2437,13.45,-6.804,-6.598,70.74,71.35,0.439,1.723,0.875,2.156,43.39,991.3629,101.6,136.4,285.0,268.7,-5.545,-4.898
2026-03-19 10:34:00,2438,13.46,-6.792,-6.602,71.23,71.64,0.251,1.701,0.618,1.96,36.5,991.3732,105.7,141.7,285.4,267.7,-5.493,-4.85
2026-03-19 10:35:00,2439,13.45,-6.748,-6.595,71.73,71.93,0.178,1.762,0.463,1.96,37.02,991.3606,104.6,140.2,285.6,265.2,-5.427,-4.805
2026-03-19 10:36:00,2440,13.45,-6.68,-6.579,71.92,71.79,0.281,1.675,0.463,1.862,37.77,991.3574,101.6,136.8,285.6,261.6,-5.365,-4.761
2026-03-19 10:37:00,2441,13.45,-6.614,-6.542,71.68,71.83,0.23,1.578,0.412,1.764,42.12,991.3554,93.2,126.6,285.4,257.2,-5.308,-4.725
2026-03-19 10:38:00,2442,13.45,-6.558,-6.507,71.73,71.86,0.0,1.356,0.0,1.568,38.31,991.3575,89.3,121.4,284.7,252.3,-5.257,-4.691
2026-03-19 10:39:00,2443,13.46,-6.492,-6.432,71.78,72.06,0.0,0.502,0.0,1.372,38.5,991.3719,87.1,118.1,284.0,247.2,-5.2,-4.654
2026-03-19 10:40:00,2444,13.45,-6.408,-6.371,71.78,72.06,0.0,0.0,0.0,0.0,38.5,991.3816,83.4,112.8,283.1,242.5,-5.144,-4.626
2026-03-19 10:41:00,2445,13.45,-6.319,-6.316,71.53,71.95,0.0,0.0,0.0,0.0,38.47,991.3954,79.07,106.2,281.8,238.8,-5.105,-4.609
2026-03-19 10:42:00,2446,13.45,-6.246,-6.248,71.57,72.88,0.275,1.429,1.133,2.548,149.0,991.4105,75.91,101.1,281.2,235.1,-5.098,-4.6
2026-03-19 10:43:00,2447,13.45,-6.196,-6.196,72.31,73.4,1.27,2.142,2.471,2.548,122.5,991.4078,73.53,97.5,281.5,232.8,-5.139,-4.612
2026-03-19 10:44:00,2448,13.45,-6.04,-6.056,72.49,73.64,1.891,2.164,2.42,2.548,120.3,991.4188,72.45,95.7,281.4,230.8,-5.171,-4.637
2026-03-19 10:45:00,2449,13.45,-5.895,-5.902,72.18,73.05,1.121,1.722,1.647,2.058,122.7,991.4151,72.65,95.9,281.0,230.3,-5.187,-4.655
2026-03-19 10:46:00,2450,13.46,-5.75,-5.731,71.66,72.18,0.665,1.454,1.184,1.666,124.8,991.416,74.46,98.3,280.5,230.2,-5.187,-4.671
2026-03-19 10:47:00,2451,13.46,-5.588,-5.56,70.75,71.46,0.191,1.007,0.463,1.372,131.2,991.4164,76.87,101.4,279.8,230.9,-5.18,-4.669
2026-03-19 10:48:00,2452,13.45,-5.44,-5.366,70.01,70.75,0.002,0.759,0.051,0.98,131.2,991.4185,78.68,103.8,279.2,231.6,-5.141,-4.66
2026-03-19 10:49:00,2453,13.46,-5.261,-5.163,69.48,70.31,0.002,0.574,0.103,0.686,131.2,991.4201,80.5,106.0,278.6,232.0,-5.096,-4.653
2026-03-19 10:50:00,2454,13.45,-5.051,-4.965,68.99,69.35,0.0,0.105,0.0,0.49,131.2,991.4167,81.0,106.2,277.9,231.3,-5.024,-4.65
2026-03-19 10:51:00,2455,13.45,-4.853,-4.771,68.28,68.47,0.0,0.0,0.0,0.0,131.2,991.4,79.88,104.3,277.1,229.4,-4.964,-4.652
2026-03-19 10:52:00,2456,13.45,-4.692,-4.582,67.65,66.82,0.0,0.0,0.0,0.0,131.3,991.3918,77.8,101.0,276.4,226.6,-4.913,-4.651
2026-03-19 10:53:00,2457,13.45,-4.551,-4.405,67.03,66.07,0.0,0.0,0.0,0.0,131.3,991.3872,75.99,97.9,275.5,223.7,-4.87,-4.651
2026-03-19 10:54:00,2458,13.45,-4.432,-4.257,66.6,65.49,0.0,0.0,0.0,0.0,131.3,991.3883,73.74,93.9,274.4,221.3,-4.833,-4.648
2026-03-19 10:55:00,2459,13.45,-4.321,-4.141,66.2,65.32,0.0,0.0,0.0,0.0,131.3,991.3885,73.97,93.0,273.9,219.7,-4.796,-4.652
2026-03-19 10:56:00,2460,13.45,-4.218,-4.022,65.67,65.06,0.0,0.0,0.0,0.0,131.3,991.3897,83.3,104.0,273.9,218.2,-4.783,-4.661
2026-03-19 10:57:00,2461,13.46,-4.131,-3.925,65.92,65.39,0.001,0.142,0.051,0.686,52.15,991.3831,117.7,148.3,274.5,217.1,-4.696,-4.634
2026-03-19 10:58:00,2462,13.45,-3.979,-3.822,65.36,64.66,0.0,0.435,0.0,0.588,26.69,991.4027,144.1,185.3,276.0,216.2,-4.526,-4.576
2026-03-19 10:59:00,2463,13.46,-3.87,-3.75,64.14,62.7,0.053,1.128,0.412,1.666,24.02,991.4266,141.7,182.9,276.7,215.5,-4.397,-4.562
2026-03-19 11:00:00,2464,13.46,-3.986,-3.897,62.67,62.65,0.662,1.682,1.441,1.96,32.04,991.4378,104.9,136.9,277.6,215.7,-4.329,-4.596
2026-03-19 11:01:00,2465,13.45,-4.294,-4.185,62.82,62.78,0.18,1.781,0.978,1.96,24.4,991.4679,85.5,111.1,277.5,217.1,-4.357,-4.647
2026-03-19 11:02:00,2466,13.45,-4.674,-4.469,63.65,64.21,0.468,1.876,0.978,2.156,21.96,991.4898,79.87,104.5,276.7,218.2,-4.407,-4.7
2026-03-19 11:03:00,2467,13.45,-5.059,-4.728,64.79,65.11,0.089,1.787,0.412,1.96,21.73,991.5107,90.4,118.9,276.3,219.3,-4.464,-4.736
2026-03-19 11:04:00,2468,13.46,-5.335,-4.89,65.48,65.24,0.0,1.796,0.0,1.96,20.67,991.5201,79.23,105.0,275.8,220.2,-4.519,-4.77
2026-03-19 11:05:00,2469,13.45,-5.554,-4.966,66.48,65.77,0.0,1.379,0.0,1.666,20.5,991.5266,70.66,92.4,275.1,220.7,-4.6,-4.809
2026-03-19 11:06:00,2470,13.45,-5.681,-4.991,66.63,65.75,0.002,0.855,0.051,1.176,20.07,991.5255,64.08,83.9,274.6,221.4,-4.684,-4.858
2026-03-19 11:07:00,2471,13.46,-5.782,-4.982,66.83,65.61,0.0,0.545,0.0,0.686,19.98,991.5234,64.66,85.1,274.3,222.4,-4.808,-4.906
2026-03-19 11:08:00,2472,13.45,-5.909,-4.935,67.5,65.53,0.0,0.326,0.0,0.686,20.01,991.5342,67.62,90.0,273.9,223.6,-4.913,-4.958
2026-03-19 11:09:00,2473,13.45,-5.954,-4.838,67.79,64.47,0.002,0.676,0.051,1.372,20.56,991.5279,69.3,92.8,273.7,224.1,-4.981,-4.999
2026-03-19 11:10:00,2474,13.45,-5.969,-4.834,67.61,64.43,0.001,1.458,0.051,1.666,20.4,991.5379,69.48,93.2,273.3,223.3,-5.034,-5.038
2026-03-19 11:11:00,2475,13.46,-6.019,-5.05,67.38,65.61,0.006,1.314,0.154,1.568,18.96,991.5493,69.47,93.3,273.4,223.0,-5.072,-5.065
2026-03-19 11:12:00,2476,13.46,-6.116,-5.327,67.6,66.55,0.0,0.923,0.0,1.372,18.96,991.5468,69.12,92.6,273.5,223.6,-5.115,-5.094
2026-03-19 11:13:00,2477,13.45,-6.201,-5.515,67.94,67.56,0.0,0.197,0.0,0.686,18.91,991.5516,67.57,90.1,273.3,224.5,-5.147,-5.117
2026-03-19 11:14:00,2478,13.45,-6.245,-5.588,68.36,68.45,0.0,0.0,0.0,0.0,18.91,991.5347,66.37,88.0,272.7,225.6,-5.156,-5.139
2026-03-19 11:15:00,2479,13.45,-6.258,-5.569,68.21,67.33,0.0,0.0,0.0,0.0,18.92,991.5405,67.14,89.2,272.4,226.0,-5.15,-5.155
2026-03-19 11:16:00,2480,13.45,-6.288,-5.577,68.3,66.69,0.0,0.0,0.0,0.0,18.96,991.5497,67.87,90.4,272.0,226.4,-5.149,-5.171
2026-03-19 11:17:00,2481,13.45,-6.25,-5.617,68.13,66.79,0.0,0.037,0.0,0.392,19.11,991.5289,68.74,91.5,272.2,226.9,-5.169,-5.185
2026-03-19 11:18:00,2482,13.45,-6.221,-5.714,67.95,67.1,0.0,0.613,0.0,1.176,19.16,991.5255,70.14,93.4,272.5,227.2,-5.197,-5.193
2026-03-19 11:19:00,2483,13.45,-6.253,-5.882,67.73,67.66,0.0,1.309,0.0,1.666,19.32,991.5167,72.37,96.7,273.3,227.6,-5.239,-5.195
2026-03-19 11:20:00,2484,13.46,-6.339,-6.081,67.81,68.46,0.0,1.407,0.0,1.568,26.81,991.5007,74.43,99.8,274.3,228.4,-5.308,-5.205
2026-03-19 11:21:00,2485,13.45,-6.456,-6.26,67.96,69.26,0.0,1.46,0.0,1.666,37.2,991.4988,74.92,100.3,274.8,228.8,-5.374,-5.221
2026-03-19 11:22:00,2486,13.45,-6.606,-6.404,68.33,69.51,0.0,1.674,0.0,1.764,40.27,991.4934,72.02,95.9,274.9,228.6,-5.448,-5.239
2026-03-19 11:23:00,2487,13.45,-6.766,-6.519,68.77,69.87,0.0,1.731,0.0,1.96,39.75,991.4959,66.8,88.2,274.9,228.6,-5.533,-5.266
2026-03-19 11:24:00,2488,13.45,-6.917,-6.644,69.29,70.44,0.031,1.958,0.412,2.156,33.11,991.4946,63.65,83.7,274.5,228.9,-5.624,-5.298
2026-03-19 11:25:00,2489,13.45,-7.046,-6.77,69.83,71.21,0.516,1.988,1.287,2.156,34.93,991.4916,64.34,85.0,274.6,230.1,-5.727,-5.329
2026-03-19 11:26:00,2490,13.45,-7.139,-6.823,70.39,71.48,0.462,2.031,0.669,2.156,40.69,991.4915,67.52,90.1,275.0,232.2,-5.828,-5.363
2026-03-19 11:27:00,2491,13.45,-7.212,-6.82,70.82,71.77,0.391,1.958,0.669,2.156,45.41,991.4973,70.78,95.4,275.5,234.5,-5.901,-5.387
2026-03-19 11:28:00,2492,13.45,-7.278,-6.811,71.21,72.59,0.081,1.747,0.309,1.862,54.65,991.509,72.47,98.2,275.9,236.3,-5.949,-5.402
2026-03-19 11:29:00,2493,13.45,-7.32,-6.72,72.74,75.68,0.362,1.715,0.721,1.862,65.18,991.504,71.65,97.2,276.2,236.7,-5.991,-5.403
2026-03-19 11:30:00,2494,13.46,-7.157,-6.391,75.91,76.4,0.482,1.517,0.824,1.764,74.66,991.497,68.47,92.2,276.6,235.6,-6.003,-5.403
2026-03-19 11:31:00,2495,13.46,-6.778,-6.058,76.54,76.92,0.214,1.338,0.566,1.568,75.18,991.5051,64.71,86.2,276.3,234.0,-5.982,-5.401
2026-03-19 11:32:00,2496,13.46,-6.433,-5.811,76.33,75.74,0.0,1.124,0.0,1.274,74.6,991.4874,62.94,83.2,276.7,233.6,-5.932,-5.388
2026-03-19 11:33:00,2497,13.46,-6.131,-5.638,75.28,74.1,0.0,1.118,0.0,1.274,57.83,991.4829,63.02,83.0,277.0,234.0,-5.906,-5.377
2026-03-19 11:34:00,2498,13.46,-5.897,-5.544,74.09,73.89,0.0,1.117,0.0,1.274,57.77,991.4778,63.03,83.0,276.8,235.0,-5.894,-5.37
2026-03-19 11:35:00,2499,13.45,-5.728,-5.49,73.19,74.02,0.0,1.2,0.0,1.372,57.81,991.4792,62.45,82.4,276.7,235.2,-5.896,-5.377
2026-03-19 11:36:00,2500,13.45,-5.677,-5.463,72.68,73.99,0.0,1.265,0.0,1.47,57.84,991.4828,61.43,80.8,276.3,234.3,-5.896,-5.391
2026-03-19 11:37:00,2501,13.45,-5.682,-5.428,72.04,72.82,0.0,1.275,0.0,1.372,57.81,991.4741,60.18,78.84,275.6,232.6,-5.906,-5.396
2026-03-19 11:38:00,2502,13.45,-5.733,-5.399,72.49,72.38,0.0,1.28,0.0,1.47,57.75,991.4774,59.32,77.51,274.9,231.1,-5.928,-5.395
2026-03-19 11:39:00,2503,13.45,-5.76,-5.391,72.9,72.23,0.0,1.378,0.0,1.47,57.73,991.4785,58.79,76.69,274.5,230.7,-5.961,-5.392
2026-03-19 11:40:00,2504,13.46,-5.759,-5.368,72.82,72.76,0.0,1.429,0.0,1.568,57.64,991.4839,58.34,75.97,274.4,230.9,-6.004,-5.397
2026-03-19 11:41:00,2505,13.45,-5.783,-5.358,73.03,70.02,0.0,1.617,0.0,1.862,47.51,991.483,58.18,75.59,274.3,231.1,-6.054,-5.407
2026-03-19 11:42:00,2506,13.46,-5.761,-5.394,70.82,68.58,0.0,1.785,0.0,1.96,38.06,991.4915,58.32,75.98,274.6,231.1,-6.104,-5.423
2026-03-19 11:43:00,2507,13.45,-5.737,-5.458,69.56,68.47,0.0,1.946,0.0,2.254,31.59,991.4916,59.96,78.47,275.2,231.2,-6.143,-5.433
2026-03-19 11:44:00,2508,13.45,-5.812,-5.516,69.47,68.13,0.411,2.213,1.441,2.45,27.99,991.5015,61.35,80.7,275.3,231.8,-6.207,-5.451
2026-03-19 11:45:00,2509,13.46,-5.924,-5.566,69.2,67.77,1.413,2.378,1.905,2.94,11.35,991.503,61.77,81.6,275.2,231.7,-6.284,-5.468
2026-03-19 11:46:00,2510,13.45,-6.162,-5.808,68.68,69.15,1.322,2.419,1.956,2.646,30.86,991.4955,61.21,81.0,275.5,231.5,-6.344,-5.491
2026-03-19 11:47:00,2511,13.45,-6.459,-5.997,69.65,69.37,0.679,2.146,1.184,2.45,34.44,991.4817,59.9,79.19,275.6,231.9,-6.417,-5.517
2026-03-19 11:48:00,2512,13.45,-6.627,-6.045,70.67,68.94,0.5,1.933,0.669,2.156,33.11,991.481,58.88,77.64,275.4,232.7,-6.46,-5.545
2026-03-19 11:49:00,2513,13.45,-6.652,-6.084,70.67,68.41,0.565,2.005,0.721,2.156,24.11,991.497,58.79,77.57,275.2,233.6,-6.497,-5.574
2026-03-19 11:50:00,2514,13.45,-6.637,-6.175,69.99,68.56,0.432,1.801,0.721,2.156,23.11,991.5173,59.62,78.85,275.4,235.4,-6.517,-5.592
2026-03-19 11:51:00,2515,13.45,-6.658,-6.313,69.56,68.89,0.145,1.714,0.36,1.96,23.37,991.5307,60.5,80.1,275.9,238.2,-6.516,-5.603
2026-03-19 11:52:00,2516,13.45,-6.743,-6.448,69.45,69.12,0.288,1.78,0.669,1.96,22.37,991.5341,61.13,81.0,276.2,241.5,-6.53,-5.602
2026-03-19 11:53:00,2517,13.45,-6.86,-6.575,69.66,69.7,0.368,1.649,0.566,1.862,21.79,991.5566,61.72,82.0,276.6,244.8,-6.555,-5.599
2026-03-19 11:54:00,2518,13.46,-6.979,-6.735,69.86,70.27,0.438,1.735,0.566,1.862,21.93,991.565,62.65,83.7,277.3,248.1,-6.578,-5.593
2026-03-19 11:55:00,2519,13.46,-7.105,-6.902,70.07,70.81,0.351,1.75,0.515,1.862,20.14,991.5676,63.36,85.0,277.8,250.3,-6.606,-5.596
2026-03-19 11:56:00,2520,13.45,-7.259,-7.081,70.46,71.57,0.2,1.681,0.412,1.764,12.25,991.5774,63.2,85.1,278.2,251.6,-6.612,-5.596
2026-03-19 11:57:00,2521,13.45,-7.425,-7.22,71.04,71.78,0.291,1.656,0.515,1.862,12.26,991.5917,63.3,85.3,278.4,252.3,-6.613,-5.591
2026-03-19 11:58:00,2522,13.45,-7.557,-7.355,71.38,72.19,0.011,1.445,0.206,1.666,9.76,991.6014,64.22,86.7,278.6,253.1,-6.631,-5.579
2026-03-19 11:59:00,2523,13.45,-7.669,-7.5,71.77,72.62,0.0,1.469,0.0,1.568,7.762,991.6168,65.51,88.8,278.8,255.2,-6.651,-5.557
2026-03-19 12:00:00,2524,13.45,-7.77,-7.562,72.23,74.64,0.0,1.319,0.0,1.47,5.064,991.6399,67.22,91.4,279.2,258.1,-6.658,-5.537
2026-03-19 12:01:00,2525,13.46,-7.846,-7.411,72.65,75.12,0.0,1.467,0.0,1.568,2.911,991.666,69.22,94.3,279.8,261.6,-6.654,-5.517
2026-03-19 12:02:00,2526,13.45,-7.864,-7.164,72.94,72.82,0.0,1.171,0.0,1.568,0.071,991.7,70.47,96.7,280.4,264.6,-6.627,-5.521
2026-03-19 12:03:00,2527,13.45,-7.847,-7.103,72.92,71.29,0.0,0.703,0.0,0.882,0.071,991.738,71.22,97.8,281.1,267.0,-6.568,-5.568
2026-03-19 12:04:00,2528,13.44,-7.861,-7.199,72.83,71.53,0.0,0.712,0.0,0.98,0.071,991.7575,71.24,98.0,281.8,269.6,-6.526,-5.586
2026-03-19 12:05:00,2529,13.44,-7.911,-7.346,72.85,72.11,0.0,0.415,0.0,0.588,0.059,991.7829,70.27,96.6,282.3,271.5,-6.527,-5.58
2026-03-19 12:06:00,2530,13.45,-7.979,-7.482,73.08,72.64,0.0,0.17,0.0,0.588,0.077,991.8035,68.94,94.6,282.7,272.8,-6.511,-5.57
2026-03-19 12:07:00,2531,13.44,-8.04,-7.619,73.34,72.75,0.0,0.049,0.0,0.392,0.053,991.8303,68.19,93.4,283.0,273.5,-6.511,-5.553
2026-03-19 12:08:00,2532,13.45,-8.12,-7.753,73.61,73.4,0.0,0.0,0.0,0.0,0.071,991.8274,67.75,92.8,283.2,274.4,-6.485,-5.533
2026-03-19 12:09:00,2533,13.44,-8.15,-7.801,73.91,74.07,0.0,0.091,0.0,0.392,0.071,991.819,67.87,93.0,283.5,274.7,-6.451,-5.513
2026-03-19 12:09:00,2533,13.44,-8.15,-7.801,73.91,74.07,0.0,0.091,0.0,0.392,0.071,991.819,67.87,93.0,283.5,274.7,-6.451,-5.513
2026-03-19 12:10:00,2534,13.45,-8.15,-7.823,74.12,74.05,0.0,0.0,0.0,0.0,0.083,991.8286,67.87,93.1,283.8,274.8,-6.43,-5.486
2026-03-19 12:10:00,2534,13.45,-8.15,-7.823,74.12,74.05,0.0,0.0,0.0,0.0,0.083,991.8286,67.87,93.1,283.8,274.8,-6.43,-5.486
2026-03-19 12:11:00,2535,13.45,-8.13,-7.845,74.18,74.2,0.0,0.0,0.0,0.0,0.083,991.832,67.25,92.3,284.0,274.7,-6.415,-5.449
2026-03-19 12:11:00,2535,13.45,-8.13,-7.845,74.18,74.2,0.0,0.0,0.0,0.0,0.083,991.832,67.25,92.3,284.0,274.7,-6.415,-5.449
2026-03-19 12:12:00,2536,13.45,-8.12,-7.877,74.39,74.35,0.006,0.0,0.36,0.0,354.4,991.8473,66.01,90.6,284.1,274.4,-6.398,-5.406
2026-03-19 12:12:00,2536,13.45,-8.12,-7.877,74.39,74.35,0.006,0.0,0.36,0.0,354.4,991.8473,66.01,90.6,284.1,274.4,-6.398,-5.406
2026-03-19 12:13:00,2537,13.45,-8.11,-7.914,74.59,74.59,0.0,0.0,0.0,0.0,354.3,991.8688,64.62,88.5,284.3,274.3,-6.367,-5.406
2026-03-19 12:13:00,2538,13.45,-8.09,-7.969,74.74,74.98,0.0,0.0,0.0,0.0,329.2,991.8928,63.48,86.7,284.3,274.6,-6.365,-5.403
2026-03-19 12:13:00,2537,13.45,-8.11,-7.914,74.59,74.59,0.0,0.0,0.0,0.0,354.3,991.8688,64.62,88.5,284.3,274.3,-6.367,-5.406
2026-03-19 12:13:00,2538,13.45,-8.09,-7.969,74.74,74.98,0.0,0.0,0.0,0.0,329.2,991.8928,63.48,86.7,284.3,274.6,-6.365,-5.403
2026-03-19 12:14:00,2539,0.0,-7.793,-7.72,75.12,75.77,0.001,0.0,0.051,0.0,329.2,959.4066,60.43,82.4,275.1,266.2,-6.108,-5.204
2026-03-19 12:14:00,2539,0.0,-7.793,-7.72,75.12,75.77,0.001,0.0,0.051,0.0,329.2,959.4066,60.43,82.4,275.1,266.2,-6.108,-5.204
2026-03-19 12:15:00,2540,13.46,-8.01,-7.957,75.43,76.15,0.0,0.0,0.0,0.0,315.9,991.9204,62.23,84.5,284.7,275.5,-6.277,-5.324
2026-03-19 12:15:00,2540,13.46,-8.01,-7.957,75.43,76.15,0.0,0.0,0.0,0.0,315.9,991.9204,62.23,84.5,284.7,275.5,-6.277,-5.324
2026-03-19 12:16:00,2541,13.46,-7.95,-7.941,75.57,76.32,0.0,0.002,0.0,0.098,315.8,991.9382,62.21,84.1,284.9,276.0,-6.259,-5.249
2026-03-19 12:16:00,2541,13.46,-7.95,-7.941,75.57,76.32,0.0,0.002,0.0,0.098,315.8,991.9382,62.21,84.1,284.9,276.0,-6.259,-5.249
2026-03-19 12:17:00,2542,13.46,-7.898,-7.913,75.61,76.56,0.0,0.0,0.0,0.0,315.8,991.9476,62.42,84.3,285.0,276.3,-6.228,-5.204
2026-03-19 12:17:00,2542,13.46,-7.898,-7.913,75.61,76.56,0.0,0.0,0.0,0.0,315.8,991.9476,62.42,84.3,285.0,276.3,-6.228,-5.204
2026-03-19 12:18:00,2543,13.46,-7.831,-7.815,75.73,76.48,0.0,0.0,0.0,0.0,315.8,991.9543,62.46,84.5,285.2,276.3,-6.187,-5.172
2026-03-19 12:18:00,2543,13.46,-7.831,-7.815,75.73,76.48,0.0,0.0,0.0,0.0,315.8,991.9543,62.46,84.5,285.2,276.3,-6.187,-5.172
2026-03-19 12:19:00,2544,13.45,-7.756,-7.733,75.68,76.51,0.0,0.0,0.0,0.0,315.8,991.9636,62.31,84.4,285.3,275.9,-6.147,-5.147
2026-03-19 12:19:00,2544,13.45,-7.756,-7.733,75.68,76.51,0.0,0.0,0.0,0.0,315.8,991.9636,62.31,84.4,285.3,275.9,-6.147,-5.147
2026-03-19 12:20:00,2545,13.45,-7.685,-7.562,75.65,76.94,0.0,0.381,0.0,0.588,315.8,991.9636,61.87,83.8,285.5,275.8,-6.107,-5.118
2026-03-19 12:20:00,2545,13.45,-7.685,-7.562,75.65,76.94,0.0,0.381,0.0,0.588,315.8,991.9636,61.87,83.8,285.5,275.8,-6.107,-5.118
2026-03-19 12:21:00,2546,13.45,-7.58,-7.251,75.61,76.35,0.0,0.459,0.0,0.588,315.8,991.9633,61.31,83.0,285.6,275.8,-6.071,-5.087
2026-03-19 12:21:00,2546,13.45,-7.58,-7.251,75.61,76.35,0.0,0.459,0.0,0.588,315.8,991.9633,61.31,83.0,285.6,275.8,-6.071,-5.087
2026-03-19 12:22:00,2547,13.46,-7.471,-6.998,75.26,74.25,0.0,0.003,0.0,0.098,315.8,991.9828,61.08,82.5,285.7,275.6,-6.031,-5.064
2026-03-19 12:22:00,2547,13.46,-7.471,-6.998,75.26,74.25,0.0,0.003,0.0,0.098,315.8,991.9828,61.08,82.5,285.7,275.6,-6.031,-5.064
2026-03-19 12:23:00,2548,13.46,-7.443,-6.908,75.17,74.52,0.0,0.003,0.0,0.098,315.8,991.9792,60.84,82.1,285.6,276.5,-5.99,-5.047
2026-03-19 12:23:00,2548,13.46,-7.443,-6.908,75.17,74.52,0.0,0.003,0.0,0.098,315.8,991.9792,60.84,82.1,285.6,276.5,-5.99,-5.047
2026-03-19 12:24:00,2549,0.0,-6.988,-6.373,75.06,74.3,0.0,0.0,0.0,0.0,315.8,940.0541,58.24,78.48,271.0,263.0,-5.614,-4.752
2026-03-19 12:24:00,2549,0.0,-6.988,-6.373,75.06,74.3,0.0,0.0,0.0,0.0,315.8,940.0541,58.24,78.48,271.0,263.0,-5.614,-4.752
2026-03-19 12:25:00,2550,13.46,-7.344,-6.665,75.05,73.76,0.0,0.0,0.0,0.0,315.8,992.0028,62.12,83.8,286.2,277.9,-5.899,-5.0
2026-03-19 12:25:00,2550,13.46,-7.344,-6.665,75.05,73.76,0.0,0.0,0.0,0.0,315.8,992.0028,62.12,83.8,286.2,277.9,-5.899,-5.0
2026-03-19 12:26:00,2551,13.46,-7.269,-6.512,75.13,74.31,0.0,0.0,0.0,0.0,315.8,992.0143,63.21,85.3,286.4,277.9,-5.86,-4.981
2026-03-19 12:26:00,2551,13.46,-7.269,-6.512,75.13,74.31,0.0,0.0,0.0,0.0,315.8,992.0143,63.21,85.3,286.4,277.9,-5.86,-4.981
2026-03-19 12:27:00,2552,13.46,-7.224,-6.447,75.04,73.44,0.0,0.0,0.0,0.0,315.8,992.0219,64.01,86.6,286.6,277.6,-5.822,-4.952
2026-03-19 12:27:00,2552,13.46,-7.224,-6.447,75.04,73.44,0.0,0.0,0.0,0.0,315.8,992.0219,64.01,86.6,286.6,277.6,-5.822,-4.952
2026-03-19 12:28:00,2553,13.46,-7.186,-6.354,75.05,74.09,0.0,0.0,0.0,0.0,315.8,992.0124,63.86,86.6,286.8,277.2,-5.779,-4.926
2026-03-19 12:28:00,2553,13.46,-7.186,-6.354,75.05,74.09,0.0,0.0,0.0,0.0,315.8,992.0124,63.86,86.6,286.8,277.2,-5.779,-4.926
2026-03-19 12:29:00,2554,13.46,-7.152,-6.309,74.9,72.72,0.0,0.0,0.0,0.0,315.8,992.0133,62.78,85.2,286.7,276.2,-5.755,-4.908
2026-03-19 12:29:00,2554,13.46,-7.152,-6.309,74.9,72.72,0.0,0.0,0.0,0.0,315.8,992.0133,62.78,85.2,286.7,276.2,-5.755,-4.908
2026-03-19 12:30:00,2555,13.46,-7.12,-6.243,75.1,74.75,0.0,0.0,0.0,0.0,315.8,992.0162,61.1,82.8,286.8,276.1,-5.713,-4.895
2026-03-19 12:30:00,2555,13.46,-7.12,-6.243,75.1,74.75,0.0,0.0,0.0,0.0,315.8,992.0162,61.1,82.8,286.8,276.1,-5.713,-4.895
2026-03-19 12:31:00,2556,13.46,-7.016,-5.949,75.29,75.04,0.0,0.0,0.0,0.0,315.8,992.0261,59.84,80.9,286.9,276.3,-5.659,-4.873
2026-03-19 12:31:00,2556,13.46,-7.016,-5.949,75.29,75.04,0.0,0.0,0.0,0.0,315.8,992.0261,59.84,80.9,286.9,276.3,-5.659,-4.873
2026-03-19 12:32:00,2557,13.46,-6.892,-5.688,75.25,74.56,0.0,0.0,0.0,0.0,315.8,992.0392,59.29,79.97,287.1,277.1,-5.611,-4.85
2026-03-19 12:32:00,2557,13.46,-6.892,-5.688,75.25,74.56,0.0,0.0,0.0,0.0,315.8,992.0392,59.29,79.97,287.1,277.1,-5.611,-4.85
2026-03-19 12:33:00,2558,13.46,-6.769,-5.442,75.03,73.35,0.0,0.0,0.0,0.0,315.8,992.0527,59.25,79.82,287.2,277.6,-5.561,-4.827
2026-03-19 12:33:00,2558,13.46,-6.769,-5.442,75.03,73.35,0.0,0.0,0.0,0.0,315.8,992.0527,59.25,79.82,287.2,277.6,-5.561,-4.827
2026-03-19 12:34:00,2559,13.46,-6.647,-5.259,74.83,72.33,0.0,0.0,0.0,0.0,315.8,992.0691,59.39,80.0,287.5,278.0,-5.513,-4.797
2026-03-19 12:34:00,2559,13.46,-6.647,-5.259,74.83,72.33,0.0,0.0,0.0,0.0,315.8,992.0691,59.39,80.0,287.5,278.0,-5.513,-4.797
2026-03-19 12:35:00,2560,13.46,-6.535,-5.14,74.63,71.2,0.0,0.0,0.0,0.0,315.8,992.0799,59.17,79.77,287.6,278.1,-5.484,-4.771
2026-03-19 12:35:00,2560,13.46,-6.535,-5.14,74.63,71.2,0.0,0.0,0.0,0.0,315.8,992.0799,59.17,79.77,287.6,278.1,-5.484,-4.771
2026-03-19 12:36:00,2561,13.46,-6.45,-5.045,74.47,70.69,0.0,0.0,0.0,0.0,315.8,992.0825,58.18,78.46,287.7,278.2,-5.445,-4.748
2026-03-19 12:36:00,2561,13.46,-6.45,-5.045,74.47,70.69,0.0,0.0,0.0,0.0,315.8,992.0825,58.18,78.46,287.7,278.2,-5.445,-4.748
2026-03-19 12:37:00,2562,13.46,-6.359,-4.987,74.2,68.56,0.0,0.0,0.0,0.0,316.5,992.1099,56.91,76.53,287.9,277.9,-5.419,-4.721
2026-03-19 12:37:00,2562,13.46,-6.359,-4.987,74.2,68.56,0.0,0.0,0.0,0.0,316.5,992.1099,56.91,76.53,287.9,277.9,-5.419,-4.721
2026-03-19 12:38:00,2563,13.46,-6.337,-5.143,73.87,68.87,0.0,0.0,0.0,0.0,316.6,992.1511,55.22,74.04,287.8,278.1,-5.407,-4.709
2026-03-19 12:38:00,2563,13.46,-6.337,-5.143,73.87,68.87,0.0,0.0,0.0,0.0,316.6,992.1511,55.22,74.04,287.8,278.1,-5.407,-4.709
2026-03-19 12:39:00,2564,13.46,-6.348,-5.374,73.88,70.2,0.0,0.0,0.0,0.0,316.6,992.1955,53.79,71.79,288.0,279.8,-5.363,-4.697
2026-03-19 12:39:00,2564,13.46,-6.348,-5.374,73.88,70.2,0.0,0.0,0.0,0.0,316.6,992.1955,53.79,71.79,288.0,279.8,-5.363,-4.697
2026-03-19 12:40:00,2565,13.46,-6.305,-5.498,74.0,71.58,0.0,0.0,0.0,0.0,316.6,992.249,52.79,70.04,288.3,280.9,-5.312,-4.687
2026-03-19 12:40:00,2565,13.46,-6.305,-5.498,74.0,71.58,0.0,0.0,0.0,0.0,316.6,992.249,52.79,70.04,288.3,280.9,-5.312,-4.687
2026-03-19 12:41:00,2566,13.46,-6.237,-5.548,74.17,72.54,0.0,0.0,0.0,0.0,316.6,992.2911,51.93,68.63,288.5,281.3,-5.274,-4.674
2026-03-19 12:41:00,2566,13.46,-6.237,-5.548,74.17,72.54,0.0,0.0,0.0,0.0,316.6,992.2911,51.93,68.63,288.5,281.3,-5.274,-4.674
2026-03-19 12:42:00,2567,13.45,-6.178,-5.576,74.12,72.46,0.0,0.0,0.0,0.0,316.6,992.3278,51.32,67.66,288.5,281.2,-5.24,-4.659
2026-03-19 12:42:00,2567,13.45,-6.178,-5.576,74.12,72.46,0.0,0.0,0.0,0.0,316.6,992.3278,51.32,67.66,288.5,281.2,-5.24,-4.659
2026-03-19 12:43:00,2568,13.46,-6.157,-5.659,74.18,72.91,0.0,0.0,0.0,0.0,316.6,992.3436,50.89,67.05,288.6,281.3,-5.222,-4.647
2026-03-19 12:43:00,2568,13.46,-6.157,-5.659,74.18,72.91,0.0,0.0,0.0,0.0,316.6,992.3436,50.89,67.05,288.6,281.3,-5.222,-4.647
2026-03-19 12:44:00,2569,13.46,-6.172,-5.743,74.41,73.34,0.0,0.0,0.0,0.0,316.6,992.3592,50.2,66.21,288.6,281.5,-5.203,-4.637
2026-03-19 12:44:00,2569,13.46,-6.172,-5.743,74.41,73.34,0.0,0.0,0.0,0.0,316.6,992.3592,50.2,66.21,288.6,281.5,-5.203,-4.637
2026-03-19 12:45:00,2570,13.46,-6.184,-5.768,74.5,73.28,0.0,0.0,0.0,0.0,316.6,992.3694,49.41,65.2,288.7,281.7,-5.166,-4.626
2026-03-19 12:45:00,2570,13.46,-6.184,-5.768,74.5,73.28,0.0,0.0,0.0,0.0,316.6,992.3694,49.41,65.2,288.7,281.7,-5.166,-4.626
2026-03-19 12:46:00,2571,13.46,-6.173,-5.786,74.31,72.8,0.0,0.0,0.0,0.0,316.8,992.3998,48.7,64.16,288.7,281.4,-5.16,-4.622
2026-03-19 12:46:00,2571,13.46,-6.173,-5.786,74.31,72.8,0.0,0.0,0.0,0.0,316.8,992.3998,48.7,64.16,288.7,281.4,-5.16,-4.622
2026-03-19 12:47:00,2572,13.46,-6.219,-5.909,74.32,73.45,0.0,0.01,0.0,0.196,44.61,992.4347,48.07,63.18,288.7,281.1,-5.154,-4.621
2026-03-19 12:47:00,2572,13.46,-6.219,-5.909,74.32,73.45,0.0,0.01,0.0,0.196,44.61,992.4347,48.07,63.18,288.7,281.1,-5.154,-4.621
2026-03-19 12:48:00,2573,13.46,-6.293,-6.064,74.61,73.37,0.017,0.671,0.206,0.882,73.57,992.4631,47.9,62.83,288.5,281.0,-5.179,-4.617
2026-03-19 12:48:00,2573,13.46,-6.293,-6.064,74.61,73.37,0.017,0.671,0.206,0.882,73.57,992.4631,47.9,62.83,288.5,281.0,-5.179,-4.617
2026-03-19 12:49:00,2574,13.46,-6.339,-6.184,74.63,73.89,0.0,0.479,0.0,0.882,71.07,992.4828,48.08,63.08,288.5,280.8,-5.192,-4.612
2026-03-19 12:49:00,2574,13.46,-6.339,-6.184,74.63,73.89,0.0,0.479,0.0,0.882,71.07,992.4828,48.08,63.08,288.5,280.8,-5.192,-4.612
2026-03-19 12:50:00,2575,13.46,-6.355,-6.235,74.93,75.11,0.0,0.392,0.0,0.588,65.16,992.5009,48.68,63.9,288.5,280.9,-5.191,-4.603
2026-03-19 12:50:00,2575,13.46,-6.355,-6.235,74.93,75.11,0.0,0.392,0.0,0.588,65.16,992.5009,48.68,63.9,288.5,280.9,-5.191,-4.603
2026-03-19 12:51:00,2576,13.46,-6.331,-6.229,75.21,75.21,0.0,0.002,0.0,0.098,65.07,992.5062,49.41,65.02,288.6,281.0,-5.182,-4.6
2026-03-19 12:51:00,2576,13.46,-6.331,-6.229,75.21,75.21,0.0,0.002,0.0,0.098,65.07,992.5062,49.41,65.02,288.6,281.0,-5.182,-4.6
2026-03-19 12:52:00,2577,13.46,-6.282,-6.205,75.34,74.85,0.0,0.129,0.0,0.392,58.53,992.5197,50.0,65.89,288.8,280.8,-5.162,-4.598
2026-03-19 12:52:00,2577,13.46,-6.282,-6.205,75.34,74.85,0.0,0.129,0.0,0.392,58.53,992.5197,50.0,65.89,288.8,280.8,-5.162,-4.598
2026-03-19 12:53:00,2578,13.46,-6.217,-6.185,75.28,73.9,0.0,0.347,0.0,0.588,58.52,992.5215,50.38,66.48,288.9,280.7,-5.132,-4.589
2026-03-19 12:53:00,2578,13.46,-6.217,-6.185,75.28,73.9,0.0,0.347,0.0,0.588,58.52,992.5215,50.38,66.48,288.9,280.7,-5.132,-4.589
2026-03-19 12:54:00,2579,13.46,-6.171,-6.146,74.98,73.46,0.0,0.154,0.0,0.49,58.46,992.5174,50.62,66.8,289.0,280.7,-5.094,-4.574
2026-03-19 12:54:00,2579,13.46,-6.171,-6.146,74.98,73.46,0.0,0.154,0.0,0.49,58.46,992.5174,50.62,66.8,289.0,280.7,-5.094,-4.574
2026-03-19 12:55:00,2580,13.46,-6.109,-6.074,74.58,73.11,0.0,0.025,0.0,0.392,58.46,992.5096,50.67,67.01,289.1,280.8,-5.067,-4.561
2026-03-19 12:55:00,2580,13.46,-6.109,-6.074,74.58,73.11,0.0,0.025,0.0,0.392,58.46,992.5096,50.67,67.01,289.1,280.8,-5.067,-4.561
2026-03-19 12:56:00,2581,13.46,-6.036,-5.977,74.14,72.65,0.0,0.0,0.0,0.0,58.47,992.524,50.67,66.86,289.1,280.8,-5.04,-4.542
2026-03-19 12:56:00,2581,13.46,-6.036,-5.977,74.14,72.65,0.0,0.0,0.0,0.0,58.47,992.524,50.67,66.86,289.1,280.8,-5.04,-4.542
2026-03-19 12:57:00,2582,13.46,-5.953,-5.873,73.88,72.4,0.0,0.0,0.0,0.0,58.48,992.5406,50.49,66.64,289.3,281.1,-4.996,-4.528
2026-03-19 12:57:00,2582,13.46,-5.953,-5.873,73.88,72.4,0.0,0.0,0.0,0.0,58.48,992.5406,50.49,66.64,289.3,281.1,-4.996,-4.528
2026-03-19 12:58:00,2583,13.46,-5.862,-5.763,73.23,72.0,0.0,0.0,0.0,0.0,58.48,992.562,50.4,66.44,289.4,281.5,-4.959,-4.515
2026-03-19 12:58:00,2583,13.46,-5.862,-5.763,73.23,72.0,0.0,0.0,0.0,0.0,58.48,992.562,50.4,66.44,289.4,281.5,-4.959,-4.515
2026-03-19 12:59:00,2584,13.46,-5.758,-5.656,72.53,71.54,0.0,0.0,0.0,0.0,58.46,992.5852,50.41,66.35,289.5,281.7,-4.945,-4.498
2026-03-19 12:59:00,2584,13.46,-5.758,-5.656,72.53,71.54,0.0,0.0,0.0,0.0,58.46,992.5852,50.41,66.35,289.5,281.7,-4.945,-4.498
2026-03-19 13:00:00,2585,13.46,-5.648,-5.559,72.09,71.15,0.002,0.187,0.154,1.176,7.318,992.614,50.39,66.22,289.6,281.7,-4.923,-4.486
2026-03-19 13:00:00,2585,13.46,-5.648,-5.559,72.09,71.15,0.002,0.187,0.154,1.176,7.318,992.614,50.39,66.22,289.6,281.7,-4.923,-4.486
2026-03-19 13:01:00,2586,13.46,-5.585,-5.505,72.6,71.03,0.014,1.058,0.257,1.274,11.81,992.6433,50.24,66.13,289.5,281.4,-4.912,-4.483
2026-03-19 13:01:00,2586,13.46,-5.585,-5.505,72.6,71.03,0.014,1.058,0.257,1.274,11.81,992.6433,50.24,66.13,289.5,281.4,-4.912,-4.483
2026-03-19 13:02:00,2587,13.46,-5.593,-5.486,72.48,71.47,0.003,0.974,0.051,1.274,38.53,992.6559,50.04,65.85,289.6,281.2,-4.881,-4.475
2026-03-19 13:02:00,2587,13.46,-5.593,-5.486,72.48,71.47,0.003,0.974,0.051,1.274,38.53,992.6559,50.04,65.85,289.6,281.2,-4.881,-4.475
2026-03-19 13:03:00,2588,13.46,-5.588,-5.484,71.89,71.08,0.087,0.92,0.515,1.176,39.03,992.6602,49.74,65.4,289.6,281.5,-4.871,-4.479
2026-03-19 13:03:00,2588,13.46,-5.588,-5.484,71.89,71.08,0.087,0.92,0.515,1.176,39.03,992.6602,49.74,65.4,289.6,281.5,-4.871,-4.479
2026-03-19 13:04:00,2589,13.46,-5.53,-5.432,71.92,71.26,0.0,0.22,0.0,0.98,39.26,992.6631,49.33,64.79,289.8,281.8,-4.836,-4.483
2026-03-19 13:04:00,2589,13.46,-5.53,-5.432,71.92,71.26,0.0,0.22,0.0,0.98,39.26,992.6631,49.33,64.79,289.8,281.8,-4.836,-4.483
2026-03-19 13:05:00,2590,13.46,-5.419,-5.341,71.24,70.35,0.0,0.0,0.0,0.0,39.25,992.6755,49.03,64.29,290.0,282.0,-4.785,-4.484
2026-03-19 13:05:00,2590,13.46,-5.419,-5.341,71.24,70.35,0.0,0.0,0.0,0.0,39.25,992.6755,49.03,64.29,290.0,282.0,-4.785,-4.484
2026-03-19 13:06:00,2591,13.46,-5.3,-5.24,71.21,69.87,0.0,0.0,0.0,0.0,39.25,992.6907,48.8,63.9,290.1,282.1,-4.742,-4.471
2026-03-19 13:06:00,2591,13.46,-5.3,-5.24,71.21,69.87,0.0,0.0,0.0,0.0,39.25,992.6907,48.8,63.9,290.1,282.1,-4.742,-4.471
2026-03-19 13:07:00,2592,13.46,-5.212,-5.146,71.29,69.67,0.0,0.0,0.0,0.0,39.23,992.699,48.75,63.87,290.2,282.2,-4.702,-4.449
2026-03-19 13:07:00,2592,13.46,-5.212,-5.146,71.29,69.67,0.0,0.0,0.0,0.0,39.23,992.699,48.75,63.87,290.2,282.2,-4.702,-4.449
2026-03-19 13:08:00,2593,13.46,-5.146,-5.079,71.41,69.86,0.0,0.0,0.0,0.0,39.23,992.7253,49.09,64.29,290.3,282.2,-4.652,-4.431
2026-03-19 13:08:00,2593,13.46,-5.146,-5.079,71.41,69.86,0.0,0.0,0.0,0.0,39.23,992.7253,49.09,64.29,290.3,282.2,-4.652,-4.431
2026-03-19 13:09:00,2594,13.46,-5.09,-5.033,71.4,70.34,0.0,0.0,0.0,0.0,39.22,992.7241,49.58,65.05,290.4,282.3,-4.606,-4.41
2026-03-19 13:09:00,2594,13.46,-5.09,-5.033,71.4,70.34,0.0,0.0,0.0,0.0,39.22,992.7241,49.58,65.05,290.4,282.3,-4.606,-4.41
2026-03-19 13:10:00,2595,13.47,-5.054,-4.998,71.63,70.82,0.0,0.0,0.0,0.0,38.71,992.7068,50.2,66.0,290.5,282.5,-4.565,-4.385
2026-03-19 13:10:00,2595,13.47,-5.054,-4.998,71.63,70.82,0.0,0.0,0.0,0.0,38.71,992.7068,50.2,66.0,290.5,282.5,-4.565,-4.385
2026-03-19 13:11:00,2596,13.46,-5.061,-4.993,71.52,70.02,0.003,0.1,0.103,0.49,38.42,992.6909,50.86,67.15,290.5,282.4,-4.558,-4.366
2026-03-19 13:11:00,2596,13.46,-5.061,-4.993,71.52,70.02,0.003,0.1,0.103,0.49,38.42,992.6909,50.86,67.15,290.5,282.4,-4.558,-4.366
2026-03-19 13:12:00,2597,13.46,-5.131,-5.05,71.3,69.59,0.0,0.776,0.0,1.078,27.6,992.6813,51.78,68.62,290.6,282.2,-4.536,-4.349
2026-03-19 13:12:00,2597,13.46,-5.131,-5.05,71.3,69.59,0.0,0.776,0.0,1.078,27.6,992.6813,51.78,68.62,290.6,282.2,-4.536,-4.349
2026-03-19 13:13:00,2598,13.46,-5.21,-5.129,71.78,70.06,0.033,1.205,0.515,1.568,35.89,992.6436,52.77,70.35,290.6,281.9,-4.539,-4.336
2026-03-19 13:13:00,2598,13.46,-5.21,-5.129,71.78,70.06,0.033,1.205,0.515,1.568,35.89,992.6436,52.77,70.35,290.6,281.9,-4.539,-4.336
2026-03-19 13:14:00,2599,13.46,-5.29,-5.236,71.36,69.33,0.675,1.284,0.978,1.47,37.38,992.6246,53.78,71.91,290.5,281.5,-4.561,-4.336
2026-03-19 13:14:00,2599,13.46,-5.29,-5.236,71.36,69.33,0.675,1.284,0.978,1.47,37.38,992.6246,53.78,71.91,290.5,281.5,-4.561,-4.336
2026-03-19 13:15:00,2600,13.46,-5.391,-5.307,70.17,68.34,0.563,1.107,0.927,1.176,44.03,992.6101,54.08,72.5,290.4,281.4,-4.594,-4.335
2026-03-19 13:15:00,2600,13.46,-5.391,-5.307,70.17,68.34,0.563,1.107,0.927,1.176,44.03,992.6101,54.08,72.5,290.4,281.4,-4.594,-4.335
2026-03-19 13:16:00,2601,13.46,-5.428,-5.29,70.27,68.79,0.364,1.038,0.515,1.176,48.2,992.5974,53.67,72.11,290.3,281.1,-4.611,-4.347
2026-03-19 13:16:00,2601,13.46,-5.428,-5.29,70.27,68.79,0.364,1.038,0.515,1.176,48.2,992.5974,53.67,72.11,290.3,281.1,-4.611,-4.347
2026-03-19 13:17:00,2602,13.46,-5.444,-5.268,71.53,70.42,0.084,0.949,0.412,1.078,57.35,992.595,52.96,71.11,290.3,281.0,-4.61,-4.357
2026-03-19 13:17:00,2602,13.46,-5.444,-5.268,71.53,70.42,0.084,0.949,0.412,1.078,57.35,992.595,52.96,71.11,290.3,281.0,-4.61,-4.357
2026-03-19 13:18:00,2603,13.46,-5.489,-5.305,71.77,71.67,0.0,0.722,0.0,0.882,57.34,992.602,52.11,69.84,290.4,281.2,-4.602,-4.365
2026-03-19 13:18:00,2603,13.46,-5.489,-5.305,71.77,71.67,0.0,0.722,0.0,0.882,57.34,992.602,52.11,69.84,290.4,281.2,-4.602,-4.365
2026-03-19 13:19:00,2604,13.46,-5.552,-5.355,72.36,71.67,0.007,0.748,0.154,0.882,57.12,992.6097,51.38,68.66,290.3,281.4,-4.612,-4.363
2026-03-19 13:19:00,2604,13.46,-5.552,-5.355,72.36,71.67,0.007,0.748,0.154,0.882,57.12,992.6097,51.38,68.66,290.3,281.4,-4.612,-4.363
2026-03-19 13:20:00,2605,13.46,-5.591,-5.416,72.66,72.92,0.026,0.977,0.257,1.176,57.04,992.6201,51.01,68.08,290.4,281.7,-4.613,-4.361
2026-03-19 13:20:00,2605,13.46,-5.591,-5.416,72.66,72.92,0.026,0.977,0.257,1.176,57.04,992.6201,51.01,68.08,290.4,281.7,-4.613,-4.361
2026-03-19 13:21:00,2606,13.46,-5.609,-5.436,73.38,73.82,0.248,1.167,0.824,1.372,57.32,992.6235,50.97,67.95,290.4,282.0,-4.628,-4.366
2026-03-19 13:21:00,2606,13.46,-5.609,-5.436,73.38,73.82,0.248,1.167,0.824,1.372,57.32,992.6235,50.97,67.95,290.4,282.0,-4.628,-4.366
2026-03-19 13:22:00,2607,13.46,-5.532,-5.38,73.88,73.81,0.613,1.258,0.927,1.372,57.38,992.6309,51.38,68.49,290.6,282.2,-4.626,-4.367
2026-03-19 13:22:00,2607,13.46,-5.532,-5.38,73.88,73.81,0.613,1.258,0.927,1.372,57.38,992.6309,51.38,68.49,290.6,282.2,-4.626,-4.367
2026-03-19 13:23:00,2608,13.46,-5.416,-5.299,74.23,74.25,0.414,1.233,0.875,1.372,57.35,992.618,51.81,69.21,290.8,282.3,-4.609,-4.364
2026-03-19 13:23:00,2608,13.46,-5.416,-5.299,74.23,74.25,0.414,1.233,0.875,1.372,57.35,992.618,51.81,69.21,290.8,282.3,-4.609,-4.364
2026-03-19 13:24:00,2609,13.45,-5.298,-5.215,74.66,75.11,0.525,1.285,0.927,1.372,57.35,992.5988,52.55,70.25,291.1,282.5,-4.564,-4.356
2026-03-19 13:24:00,2609,13.45,-5.298,-5.215,74.66,75.11,0.525,1.285,0.927,1.372,57.35,992.5988,52.55,70.25,291.1,282.5,-4.564,-4.356
2026-03-19 13:25:00,2610,13.46,-5.19,-5.128,75.02,75.23,0.582,1.349,0.978,1.568,57.35,992.5781,53.15,71.08,291.4,282.5,-4.524,-4.338
2026-03-19 13:25:00,2610,13.46,-5.19,-5.128,75.02,75.23,0.582,1.349,0.978,1.568,57.35,992.5781,53.15,71.08,291.4,282.5,-4.524,-4.338
2026-03-19 13:26:00,2611,13.46,-5.092,-5.049,74.63,74.19,0.662,1.473,1.081,1.666,57.36,992.5676,53.41,71.47,291.6,282.5,-4.485,-4.317
2026-03-19 13:26:00,2611,13.46,-5.092,-5.049,74.63,74.19,0.662,1.473,1.081,1.666,57.36,992.5676,53.41,71.47,291.6,282.5,-4.485,-4.317
2026-03-19 13:27:00,2612,13.46,-5.011,-4.966,74.06,73.53,0.686,1.363,0.978,1.47,57.25,992.5625,53.13,71.04,291.8,282.6,-4.436,-4.296
2026-03-19 13:27:00,2612,13.46,-5.011,-4.966,74.06,73.53,0.686,1.363,0.978,1.47,57.25,992.5625,53.13,71.04,291.8,282.6,-4.436,-4.296
2026-03-19 13:28:00,2613,13.46,-4.926,-4.886,73.67,73.64,0.643,1.331,0.978,1.372,57.12,992.5523,52.34,69.91,291.9,282.6,-4.399,-4.277
2026-03-19 13:28:00,2613,13.46,-4.926,-4.886,73.67,73.64,0.643,1.331,0.978,1.372,57.12,992.5523,52.34,69.91,291.9,282.6,-4.399,-4.277
2026-03-19 13:29:00,2614,13.46,-4.863,-4.844,73.29,73.06,0.284,1.128,0.875,1.274,57.12,992.566,51.42,68.52,291.9,282.8,-4.37,-4.26
2026-03-19 13:29:00,2614,13.46,-4.863,-4.844,73.29,73.06,0.284,1.128,0.875,1.274,57.12,992.566,51.42,68.52,291.9,282.8,-4.37,-4.26
2026-03-19 13:30:00,2615,13.46,-4.836,-4.821,73.05,72.91,0.319,1.116,0.463,1.274,57.11,992.587,50.65,67.43,291.9,282.9,-4.349,-4.248
2026-03-19 13:30:00,2615,13.46,-4.836,-4.821,73.05,72.91,0.319,1.116,0.463,1.274,57.11,992.587,50.65,67.43,291.9,282.9,-4.349,-4.248
2026-03-19 13:31:00,2616,13.46,-4.81,-4.792,72.77,72.29,0.115,0.957,0.412,1.176,56.36,992.5925,50.1,66.66,291.9,283.1,-4.331,-4.23
2026-03-19 13:31:00,2616,13.46,-4.81,-4.792,72.77,72.29,0.115,0.957,0.412,1.176,56.36,992.5925,50.1,66.66,291.9,283.1,-4.331,-4.23
2026-03-19 13:32:00,2617,13.46,-4.781,-4.763,72.29,69.77,0.347,1.154,0.875,1.666,23.12,992.5974,49.78,66.2,291.9,283.1,-4.296,-4.221
2026-03-19 13:32:00,2617,13.46,-4.781,-4.763,72.29,69.77,0.347,1.154,0.875,1.666,23.12,992.5974,49.78,66.2,291.9,283.1,-4.296,-4.221
2026-03-19 13:33:00,2618,13.45,-4.84,-4.812,72.62,69.01,0.598,1.559,1.03,1.764,21.36,992.5999,49.38,65.74,291.7,282.7,-4.295,-4.209
2026-03-19 13:33:00,2618,13.45,-4.84,-4.812,72.62,69.01,0.598,1.559,1.03,1.764,21.36,992.5999,49.38,65.74,291.7,282.7,-4.295,-4.209
2026-03-19 13:34:00,2619,13.46,-4.944,-4.842,72.77,68.19,0.348,1.3,0.463,1.372,21.43,992.6061,49.06,65.45,291.7,282.7,-4.28,-4.206
2026-03-19 13:34:00,2619,13.46,-4.944,-4.842,72.77,68.19,0.348,1.3,0.463,1.372,21.43,992.6061,49.06,65.45,291.7,282.7,-4.28,-4.206
2026-03-19 13:35:00,2620,13.46,-5.022,-4.79,73.38,69.96,0.806,1.753,1.39,2.254,8.26,992.6035,48.95,65.41,291.7,282.3,-4.266,-4.201
2026-03-19 13:35:00,2620,13.46,-5.022,-4.79,73.38,69.96,0.806,1.753,1.39,2.254,8.26,992.6035,48.95,65.41,291.7,282.3,-4.266,-4.201
2026-03-19 13:36:00,2621,13.46,-5.1,-4.858,73.63,72.13,1.372,2.169,1.699,2.45,11.49,992.611,48.96,65.6,291.5,281.4,-4.275,-4.199
2026-03-19 13:36:00,2621,13.46,-5.1,-4.858,73.63,72.13,1.372,2.169,1.699,2.45,11.49,992.611,48.96,65.6,291.5,281.4,-4.275,-4.199
2026-03-19 13:37:00,2622,13.46,-5.233,-5.07,73.05,71.13,1.552,2.5,2.111,3.038,10.8,992.6128,48.82,65.46,291.1,281.4,-4.307,-4.2
2026-03-19 13:37:00,2622,13.46,-5.233,-5.07,73.05,71.13,1.552,2.5,2.111,3.038,10.8,992.6128,48.82,65.46,291.1,281.4,-4.307,-4.2
2026-03-19 13:38:00,2623,13.46,-5.389,-5.288,72.57,72.35,2.064,2.69,2.368,3.038,6.282,992.6035,48.78,65.46,290.7,280.7,-4.366,-4.21
2026-03-19 13:38:00,2623,13.46,-5.389,-5.288,72.57,72.35,2.064,2.69,2.368,3.038,6.282,992.6035,48.78,65.46,290.7,280.7,-4.366,-4.21
2026-03-19 13:39:00,2624,13.46,-5.579,-5.534,72.59,73.11,1.936,2.555,2.368,2.842,10.59,992.6058,48.46,65.22,290.2,280.9,-4.442,-4.233
2026-03-19 13:39:00,2624,13.46,-5.579,-5.534,72.59,73.11,1.936,2.555,2.368,2.842,10.59,992.6058,48.46,65.22,290.2,280.9,-4.442,-4.233
2026-03-19 13:40:00,2625,13.46,-5.729,-5.72,73.68,74.62,0.924,1.909,1.493,2.352,14.84,992.6032,48.42,65.25,290.0,281.1,-4.507,-4.267
2026-03-19 13:40:00,2625,13.46,-5.729,-5.72,73.68,74.62,0.924,1.909,1.493,2.352,14.84,992.6032,48.42,65.25,290.0,281.1,-4.507,-4.267
2026-03-19 13:41:00,2626,13.46,-5.805,-5.777,73.78,73.05,1.244,2.071,1.647,2.352,13.65,992.5998,48.42,65.22,290.0,281.4,-4.564,-4.3
2026-03-19 13:41:00,2626,13.46,-5.805,-5.777,73.78,73.05,1.244,2.071,1.647,2.352,13.65,992.5998,48.42,65.22,290.0,281.4,-4.564,-4.3
2026-03-19 13:42:00,2627,13.46,-5.842,-5.743,74.28,73.78,0.825,1.898,1.287,2.058,14.17,992.606,48.32,65.16,290.0,281.2,-4.614,-4.333
2026-03-19 13:42:00,2627,13.46,-5.842,-5.743,74.28,73.78,0.825,1.898,1.287,2.058,14.17,992.606,48.32,65.16,290.0,281.2,-4.614,-4.333
2026-03-19 13:43:00,2628,13.46,-5.853,-5.744,74.88,74.72,0.626,1.688,0.978,1.862,16.6,992.6255,48.01,64.77,290.1,280.8,-4.646,-4.355
2026-03-19 13:43:00,2628,13.46,-5.853,-5.744,74.88,74.72,0.626,1.688,0.978,1.862,16.6,992.6255,48.01,64.77,290.1,280.8,-4.646,-4.355
2026-03-19 13:44:00,2629,13.46,-5.854,-5.775,75.35,75.35,0.359,1.55,0.566,1.764,15.07,992.6334,47.74,64.38,290.1,280.5,-4.658,-4.373
2026-03-19 13:44:00,2629,13.46,-5.854,-5.775,75.35,75.35,0.359,1.55,0.566,1.764,15.07,992.6334,47.74,64.38,290.1,280.5,-4.658,-4.373
2026-03-19 13:45:00,2630,13.46,-5.856,-5.822,75.05,74.67,0.296,1.454,0.515,1.666,14.65,992.644,47.37,63.9,290.2,280.8,-4.663,-4.379
2026-03-19 13:45:00,2630,13.46,-5.856,-5.822,75.05,74.67,0.296,1.454,0.515,1.666,14.65,992.644,47.37,63.9,290.2,280.8,-4.663,-4.379
2026-03-19 13:46:00,2631,13.46,-5.855,-5.858,74.67,74.31,0.306,1.547,0.515,1.862,4.892,992.6559,47.01,63.33,290.1,280.5,-4.663,-4.384
2026-03-19 13:46:00,2631,13.46,-5.855,-5.858,74.67,74.31,0.306,1.547,0.515,1.862,4.892,992.6559,47.01,63.33,290.1,280.5,-4.663,-4.384
2026-03-19 13:47:00,2632,13.46,-5.848,-5.884,74.84,75.08,0.019,0.868,0.309,1.372,4.934,992.6785,46.92,63.15,290.1,280.1,-4.652,-4.389
2026-03-19 13:47:00,2632,13.46,-5.848,-5.884,74.84,75.08,0.019,0.868,0.309,1.372,4.934,992.6785,46.92,63.15,290.1,280.1,-4.652,-4.389
2026-03-19 13:48:00,2633,13.46,-5.823,-5.888,75.19,75.9,0.0,0.359,0.0,0.686,4.934,992.6904,47.2,63.44,290.1,279.7,-4.627,-4.391
2026-03-19 13:48:00,2633,13.46,-5.823,-5.888,75.19,75.9,0.0,0.359,0.0,0.686,4.934,992.6904,47.2,63.44,290.1,279.7,-4.627,-4.391
2026-03-19 13:49:00,2634,13.46,-5.798,-5.884,75.38,76.29,0.001,0.505,0.051,0.784,4.904,992.6803,47.89,64.49,290.2,279.6,-4.601,-4.382
2026-03-19 13:49:00,2634,13.46,-5.798,-5.884,75.38,76.29,0.001,0.505,0.051,0.784,4.904,992.6803,47.89,64.49,290.2,279.6,-4.601,-4.382
2026-03-19 13:50:00,2635,13.46,-5.79,-5.893,75.21,76.1,0.0,0.728,0.0,0.98,4.898,992.6672,48.65,65.63,290.2,279.3,-4.59,-4.376
2026-03-19 13:50:00,2635,13.46,-5.79,-5.893,75.21,76.1,0.0,0.728,0.0,0.98,4.898,992.6672,48.65,65.63,290.2,279.3,-4.59,-4.376
2026-03-19 13:51:00,2636,13.46,-5.809,-5.92,74.85,75.78,0.0,0.61,0.0,0.882,4.88,992.6675,49.12,66.37,290.1,278.9,-4.594,-4.367
2026-03-19 13:51:00,2636,13.46,-5.809,-5.92,74.85,75.78,0.0,0.61,0.0,0.882,4.88,992.6675,49.12,66.37,290.1,278.9,-4.594,-4.367
2026-03-19 13:52:00,2637,13.46,-5.825,-5.946,74.91,75.9,0.0,0.041,0.0,0.392,4.667,992.6661,49.11,66.32,290.0,278.2,-4.614,-4.359
2026-03-19 13:52:00,2637,13.46,-5.825,-5.946,74.91,75.9,0.0,0.041,0.0,0.392,4.667,992.6661,49.11,66.32,290.0,278.2,-4.614,-4.359
2026-03-19 13:53:00,2638,13.46,-5.838,-5.966,75.15,76.17,0.002,0.024,0.051,0.588,323.3,992.6672,48.89,66.0,289.9,277.5,-4.623,-4.353
2026-03-19 13:53:00,2638,13.46,-5.838,-5.966,75.15,76.17,0.002,0.024,0.051,0.588,323.3,992.6672,48.89,66.0,289.9,277.5,-4.623,-4.353
2026-03-19 13:54:00,2639,13.46,-5.864,-6.009,75.29,76.37,0.494,1.109,0.927,1.47,290.9,992.6594,48.87,65.95,289.8,276.5,-4.65,-4.35
2026-03-19 13:54:00,2639,13.46,-5.864,-6.009,75.29,76.37,0.494,1.109,0.927,1.47,290.9,992.6594,48.87,65.95,289.8,276.5,-4.65,-4.35
2026-03-19 13:55:00,2640,13.46,-5.912,-6.06,75.24,76.16,0.071,0.481,0.36,1.176,294.9,992.6508,48.56,65.51,289.5,276.2,-4.695,-4.358
2026-03-19 13:55:00,2640,13.46,-5.912,-6.06,75.24,76.16,0.071,0.481,0.36,1.176,294.9,992.6508,48.56,65.51,289.5,276.2,-4.695,-4.358
2026-03-19 13:56:00,2641,13.46,-5.913,-6.049,75.21,75.87,0.001,0.233,0.051,0.49,315.2,992.6357,48.23,65.16,289.3,275.7,-4.692,-4.37
2026-03-19 13:56:00,2641,13.46,-5.913,-6.049,75.21,75.87,0.001,0.233,0.051,0.49,315.2,992.6357,48.23,65.16,289.3,275.7,-4.692,-4.37
2026-03-19 13:57:00,2642,13.46,-5.892,-6.012,75.14,74.98,0.0,0.242,0.0,0.686,330.0,992.6262,47.95,64.82,289.2,274.9,-4.694,-4.376
2026-03-19 13:57:00,2642,13.46,-5.892,-6.012,75.14,74.98,0.0,0.242,0.0,0.686,330.0,992.6262,47.95,64.82,289.2,274.9,-4.694,-4.376
2026-03-19 13:58:00,2643,13.45,-5.867,-5.966,74.75,73.97,0.0,0.487,0.0,0.686,330.1,992.6188,47.62,64.37,289.2,274.1,-4.685,-4.378
2026-03-19 13:58:00,2643,13.45,-5.867,-5.966,74.75,73.97,0.0,0.487,0.0,0.686,330.1,992.6188,47.62,64.37,289.2,274.1,-4.685,-4.378
2026-03-19 13:59:00,2644,13.45,-5.832,-5.891,74.41,73.29,0.0,0.482,0.0,0.588,330.1,992.6125,47.26,63.83,289.1,273.3,-4.686,-4.376
2026-03-19 13:59:00,2644,13.45,-5.832,-5.891,74.41,73.29,0.0,0.482,0.0,0.588,330.1,992.6125,47.26,63.83,289.1,273.3,-4.686,-4.376
2026-03-19 14:00:00,2645,13.45,-5.793,-5.807,74.28,72.92,0.0,0.315,0.0,0.588,329.9,992.5975,46.78,63.12,289.0,272.7,-4.687,-4.376
2026-03-19 14:00:00,2645,13.45,-5.793,-5.807,74.28,72.92,0.0,0.315,0.0,0.588,329.9,992.5975,46.78,63.12,289.0,272.7,-4.687,-4.376
2026-03-19 14:01:00,2646,13.46,-5.759,-5.74,74.1,73.08,0.0,0.063,0.0,0.49,329.9,992.5954,46.14,62.2,288.8,272.3,-4.687,-4.375
2026-03-19 14:01:00,2646,13.46,-5.759,-5.74,74.1,73.08,0.0,0.063,0.0,0.49,329.9,992.5954,46.14,62.2,288.8,272.3,-4.687,-4.375
2026-03-19 14:02:00,2647,13.45,-5.724,-5.694,74.04,72.73,0.0,0.665,0.0,0.784,329.9,992.5936,45.57,61.25,288.7,271.9,-4.69,-4.379
2026-03-19 14:02:00,2647,13.45,-5.724,-5.694,74.04,72.73,0.0,0.665,0.0,0.784,329.9,992.5936,45.57,61.25,288.7,271.9,-4.69,-4.379
2026-03-19 14:03:00,2648,13.45,-5.691,-5.625,73.92,70.52,0.0,0.701,0.0,0.882,330.0,992.6022,44.99,60.45,288.6,271.7,-4.701,-4.382
2026-03-19 14:03:00,2648,13.45,-5.691,-5.625,73.92,70.52,0.0,0.701,0.0,0.882,330.0,992.6022,44.99,60.45,288.6,271.7,-4.701,-4.382
2026-03-19 14:04:00,2649,13.46,-5.666,-5.493,73.68,70.16,0.0,0.207,0.0,0.588,329.9,992.6129,44.76,60.03,288.5,271.4,-4.7,-4.382
2026-03-19 14:04:00,2649,13.46,-5.666,-5.493,73.68,70.16,0.0,0.207,0.0,0.588,329.9,992.6129,44.76,60.03,288.5,271.4,-4.7,-4.382
2026-03-19 14:05:00,2650,13.46,-5.647,-5.417,73.64,70.94,0.0,0.021,0.0,0.392,315.8,992.6307,44.94,60.37,288.4,271.1,-4.691,-4.387
2026-03-19 14:05:00,2650,13.46,-5.647,-5.417,73.64,70.94,0.0,0.021,0.0,0.392,315.8,992.6307,44.94,60.37,288.4,271.1,-4.691,-4.387
2026-03-19 14:06:00,2651,13.46,-5.64,-5.442,73.78,70.6,0.0,0.048,0.0,0.392,315.8,992.6534,45.41,61.09,288.3,270.9,-4.703,-4.395
2026-03-19 14:06:00,2651,13.46,-5.64,-5.442,73.78,70.6,0.0,0.048,0.0,0.392,315.8,992.6534,45.41,61.09,288.3,270.9,-4.703,-4.395
2026-03-19 14:07:00,2652,13.46,-5.637,-5.448,73.41,70.0,0.0,0.0,0.0,0.0,315.8,992.649,45.85,61.81,288.2,270.6,-4.719,-4.4
2026-03-19 14:07:00,2652,13.46,-5.637,-5.448,73.41,70.0,0.0,0.0,0.0,0.0,315.8,992.649,45.85,61.81,288.2,270.6,-4.719,-4.4
2026-03-19 14:08:00,2653,13.46,-5.619,-5.431,73.37,69.34,0.0,0.001,0.0,0.098,315.8,992.649,45.93,62.04,288.1,270.0,-4.724,-4.405
2026-03-19 14:08:00,2653,13.46,-5.619,-5.431,73.37,69.34,0.0,0.001,0.0,0.098,315.8,992.649,45.93,62.04,288.1,270.0,-4.724,-4.405
2026-03-19 14:09:00,2654,13.46,-5.607,-5.424,73.36,70.36,0.0,0.056,0.0,0.294,315.8,992.6501,45.83,61.9,288.0,269.1,-4.716,-4.406
2026-03-19 14:09:00,2654,13.46,-5.607,-5.424,73.36,70.36,0.0,0.056,0.0,0.294,315.8,992.6501,45.83,61.9,288.0,269.1,-4.716,-4.406
2026-03-19 14:10:00,2655,13.46,-5.605,-5.44,73.37,70.4,0.0,0.025,0.0,0.294,315.8,992.649,45.39,61.24,287.8,268.3,-4.718,-4.408
2026-03-19 14:10:00,2655,13.46,-5.605,-5.44,73.37,70.4,0.0,0.025,0.0,0.294,315.8,992.649,45.39,61.24,287.8,268.3,-4.718,-4.408
2026-03-19 14:11:00,2656,13.46,-5.591,-5.448,73.5,71.36,0.0,0.0,0.0,0.0,315.8,992.6328,44.97,60.6,287.6,267.6,-4.705,-4.412
2026-03-19 14:11:00,2656,13.46,-5.591,-5.448,73.5,71.36,0.0,0.0,0.0,0.0,315.8,992.6328,44.97,60.6,287.6,267.6,-4.705,-4.412
2026-03-19 14:12:00,2657,13.46,-5.576,-5.455,73.81,72.12,0.0,0.0,0.0,0.0,315.8,992.6346,44.67,60.1,287.2,267.0,-4.694,-4.414
2026-03-19 14:12:00,2657,13.46,-5.576,-5.455,73.81,72.12,0.0,0.0,0.0,0.0,315.8,992.6346,44.67,60.1,287.2,267.0,-4.694,-4.414
2026-03-19 14:13:00,2658,13.46,-5.594,-5.497,74.2,73.12,0.0,0.0,0.0,0.0,315.8,992.6345,44.6,59.85,287.1,266.7,-4.691,-4.415
2026-03-19 14:13:00,2658,13.46,-5.594,-5.497,74.2,73.12,0.0,0.0,0.0,0.0,315.8,992.6345,44.6,59.85,287.1,266.7,-4.691,-4.415
2026-03-19 14:14:00,2659,13.46,-5.666,-5.576,74.67,73.79,0.0,0.0,0.0,0.0,315.8,992.6307,44.48,59.61,287.1,266.6,-4.7,-4.411
2026-03-19 14:14:00,2659,13.46,-5.666,-5.576,74.67,73.79,0.0,0.0,0.0,0.0,315.8,992.6307,44.48,59.61,287.1,266.6,-4.7,-4.411
2026-03-19 14:15:00,2660,13.46,-5.733,-5.625,74.93,73.98,0.003,0.0,0.051,0.0,315.8,992.6323,44.35,59.42,287.1,266.7,-4.716,-4.412
2026-03-19 14:15:00,2660,13.46,-5.733,-5.625,74.93,73.98,0.003,0.0,0.051,0.0,315.8,992.6323,44.35,59.42,287.1,266.7,-4.716,-4.412
2026-03-19 14:16:00,2661,13.46,-5.741,-5.641,74.99,74.03,0.0,0.0,0.0,0.0,315.8,992.6287,44.14,59.15,286.8,267.0,-4.717,-4.413
2026-03-19 14:16:00,2661,13.46,-5.741,-5.641,74.99,74.03,0.0,0.0,0.0,0.0,315.8,992.6287,44.14,59.15,286.8,267.0,-4.717,-4.413
2026-03-19 14:17:00,2662,13.46,-5.727,-5.616,74.99,73.83,0.0,0.0,0.0,0.0,315.8,992.6238,43.92,58.81,286.8,267.4,-4.718,-4.411
2026-03-19 14:17:00,2662,13.46,-5.727,-5.616,74.99,73.83,0.0,0.0,0.0,0.0,315.8,992.6238,43.92,58.81,286.8,267.4,-4.718,-4.411
2026-03-19 14:18:00,2663,13.45,-5.714,-5.584,74.78,73.56,0.0,0.0,0.0,0.0,315.8,992.6356,43.55,58.27,286.8,268.0,-4.72,-4.409
2026-03-19 14:18:00,2663,13.45,-5.714,-5.584,74.78,73.56,0.0,0.0,0.0,0.0,315.8,992.6356,43.55,58.27,286.8,268.0,-4.72,-4.409
2026-03-19 14:19:00,2664,13.46,-5.687,-5.542,74.6,73.28,0.0,0.0,0.0,0.0,315.8,992.6379,43.25,57.86,286.8,268.4,-4.7,-4.409
2026-03-19 14:19:00,2664,13.46,-5.687,-5.542,74.6,73.28,0.0,0.0,0.0,0.0,315.8,992.6379,43.25,57.86,286.8,268.4,-4.7,-4.409
2026-03-19 14:20:00,2665,13.46,-5.651,-5.488,74.62,73.05,0.0,0.0,0.0,0.0,315.8,992.6479,43.08,57.7,286.9,268.9,-4.705,-4.406
2026-03-19 14:20:00,2665,13.46,-5.651,-5.488,74.62,73.05,0.0,0.0,0.0,0.0,315.8,992.6479,43.08,57.7,286.9,268.9,-4.705,-4.406
2026-03-19 14:21:00,2666,13.46,-5.634,-5.437,74.69,72.89,0.0,0.0,0.0,0.0,315.8,992.6633,43.36,58.09,287.0,269.5,-4.703,-4.398
2026-03-19 14:21:00,2666,13.46,-5.634,-5.437,74.69,72.89,0.0,0.0,0.0,0.0,315.8,992.6633,43.36,58.09,287.0,269.5,-4.703,-4.398
2026-03-19 14:22:00,2667,13.46,-5.616,-5.384,74.68,72.2,0.0,0.0,0.0,0.0,316.1,992.6713,43.78,58.7,287.2,269.9,-4.7,-4.389
2026-03-19 14:22:00,2667,13.46,-5.616,-5.384,74.68,72.2,0.0,0.0,0.0,0.0,316.1,992.6713,43.78,58.7,287.2,269.9,-4.7,-4.389
2026-03-19 14:23:00,2668,13.45,-5.582,-5.369,74.82,73.12,0.003,0.0,0.103,0.0,1.224,992.6677,44.47,59.73,287.5,269.7,-4.742,-4.382
2026-03-19 14:23:00,2668,13.45,-5.582,-5.369,74.82,73.12,0.003,0.0,0.103,0.0,1.224,992.6677,44.47,59.73,287.5,269.7,-4.742,-4.382
2026-03-19 14:24:00,2669,13.46,-5.603,-5.422,74.97,73.27,0.001,0.247,0.051,1.176,36.2,992.6603,45.33,60.93,287.6,269.5,-4.778,-4.377
2026-03-19 14:24:00,2669,13.46,-5.603,-5.422,74.97,73.27,0.001,0.247,0.051,1.176,36.2,992.6603,45.33,60.93,287.6,269.5,-4.778,-4.377
2026-03-19 14:25:00,2670,13.46,-5.643,-5.494,74.81,74.0,0.0,1.144,0.0,1.568,36.27,992.6572,46.62,62.59,287.6,269.2,-4.803,-4.38
2026-03-19 14:25:00,2670,13.46,-5.643,-5.494,74.81,74.0,0.0,1.144,0.0,1.568,36.27,992.6572,46.62,62.59,287.6,269.2,-4.803,-4.38
2026-03-19 14:26:00,2671,13.46,-5.642,-5.533,74.28,72.99,0.229,1.256,0.566,1.47,38.78,992.6281,48.61,65.19,287.6,268.6,-4.828,-4.379
2026-03-19 14:26:00,2671,13.46,-5.642,-5.533,74.28,72.99,0.229,1.256,0.566,1.47,38.78,992.6281,48.61,65.19,287.6,268.6,-4.828,-4.379
2026-03-19 14:27:00,2672,13.46,-5.604,-5.533,74.02,72.46,0.328,1.286,0.515,1.568,38.78,992.6099,51.4,68.7,287.7,268.0,-4.826,-4.384
2026-03-19 14:27:00,2672,13.46,-5.604,-5.533,74.02,72.46,0.328,1.286,0.515,1.568,38.78,992.6099,51.4,68.7,287.7,268.0,-4.826,-4.384
2026-03-19 14:28:00,2673,13.46,-5.571,-5.532,73.68,73.07,0.044,0.796,0.309,0.98,38.83,992.584,56.58,75.3,287.8,267.0,-4.81,-4.386
2026-03-19 14:28:00,2673,13.46,-5.571,-5.532,73.68,73.07,0.044,0.796,0.309,0.98,38.83,992.584,56.58,75.3,287.8,267.0,-4.81,-4.386
2026-03-19 14:29:00,2674,13.46,-5.525,-5.526,73.31,72.15,0.15,1.135,0.412,1.372,39.14,992.5666,70.45,93.1,287.8,265.9,-4.768,-4.366
2026-03-19 14:29:00,2674,13.46,-5.525,-5.526,73.31,72.15,0.15,1.135,0.412,1.372,39.14,992.5666,70.45,93.1,287.8,265.9,-4.768,-4.366
2026-03-19 14:30:00,2675,13.46,-5.479,-5.494,72.81,71.99,0.304,1.239,0.515,1.372,51.85,992.5413,77.02,102.4,288.0,264.8,-4.707,-4.337
2026-03-19 14:30:00,2675,13.46,-5.479,-5.494,72.81,71.99,0.304,1.239,0.515,1.372,51.85,992.5413,77.02,102.4,288.0,264.8,-4.707,-4.337
2026-03-19 14:31:00,2676,13.46,-5.414,-5.414,72.41,71.34,0.32,1.296,0.515,1.47,49.55,992.5309,80.9,107.9,288.1,263.2,-4.642,-4.31
2026-03-19 14:31:00,2676,13.46,-5.414,-5.414,72.41,71.34,0.32,1.296,0.515,1.47,49.55,992.5309,80.9,107.9,288.1,263.2,-4.642,-4.31
2026-03-19 14:32:00,2677,13.46,-5.34,-5.339,72.08,70.89,0.256,1.158,0.412,1.372,49.71,992.5234,82.7,110.7,288.0,261.0,-4.564,-4.284
2026-03-19 14:32:00,2677,13.46,-5.34,-5.339,72.08,70.89,0.256,1.158,0.412,1.372,49.71,992.5234,82.7,110.7,288.0,261.0,-4.564,-4.284
2026-03-19 14:33:00,2678,13.46,-5.277,-5.25,72.01,71.31,0.154,1.071,0.36,1.274,44.84,992.5215,82.7,110.7,287.8,257.8,-4.488,-4.26
2026-03-19 14:33:00,2678,13.46,-5.277,-5.25,72.01,71.31,0.154,1.071,0.36,1.274,44.84,992.5215,82.7,110.7,287.8,257.8,-4.488,-4.26
2026-03-19 14:34:00,2679,13.46,-5.222,-5.217,72.35,72.87,0.368,1.434,0.824,1.666,43.13,992.5199,80.8,108.0,287.3,253.1,-4.434,-4.242
2026-03-19 14:34:00,2679,13.46,-5.222,-5.217,72.35,72.87,0.368,1.434,0.824,1.666,43.13,992.5199,80.8,108.0,287.3,253.1,-4.434,-4.242
2026-03-19 14:35:00,2680,13.46,-5.236,-5.27,73.03,73.98,0.721,1.631,1.287,1.764,51.38,992.5428,76.61,101.8,286.6,247.4,-4.411,-4.243
2026-03-19 14:35:00,2680,13.46,-5.236,-5.27,73.03,73.98,0.721,1.631,1.287,1.764,51.38,992.5428,76.61,101.8,286.6,247.4,-4.411,-4.243
2026-03-19 14:36:00,2681,13.46,-5.279,-5.305,73.41,73.13,0.522,1.29,0.978,1.666,54.95,992.5435,71.07,94.3,285.9,241.2,-4.391,-4.259
2026-03-19 14:36:00,2681,13.46,-5.279,-5.305,73.41,73.13,0.522,1.29,0.978,1.666,54.95,992.5435,71.07,94.3,285.9,241.2,-4.391,-4.259
2026-03-19 14:37:00,2682,13.46,-5.298,-5.329,73.25,72.04,0.1,0.989,0.36,1.176,54.97,992.5486,47.59,62.62,284.8,235.6,-4.405,-4.303
2026-03-19 14:37:00,2682,13.46,-5.298,-5.329,73.25,72.04,0.1,0.989,0.36,1.176,54.97,992.5486,47.59,62.62,284.8,235.6,-4.405,-4.303
2026-03-19 14:38:00,2683,13.46,-5.316,-5.357,72.49,71.72,0.02,0.656,0.206,0.882,54.98,992.5357,42.84,54.69,283.2,230.6,-4.442,-4.354
2026-03-19 14:38:00,2683,13.46,-5.316,-5.357,72.49,71.72,0.02,0.656,0.206,0.882,54.98,992.5357,42.84,54.69,283.2,230.6,-4.442,-4.354
2026-03-19 14:39:00,2684,13.46,-5.317,-5.363,72.04,71.87,0.0,0.641,0.0,0.882,54.93,992.5128,40.73,50.76,281.4,226.7,-4.489,-4.408
2026-03-19 14:39:00,2684,13.46,-5.317,-5.363,72.04,71.87,0.0,0.641,0.0,0.882,54.93,992.5128,40.73,50.76,281.4,226.7,-4.489,-4.408
2026-03-19 14:40:00,2685,13.46,-5.311,-5.362,71.93,72.46,0.0,0.712,0.0,0.98,55.08,992.4835,55.52,67.58,279.9,223.5,-4.535,-4.453
2026-03-19 14:40:00,2685,13.46,-5.311,-5.362,71.93,72.46,0.0,0.712,0.0,0.98,55.08,992.4835,55.52,67.58,279.9,223.5,-4.535,-4.453
2026-03-19 14:41:00,2686,13.46,-5.27,-5.327,72.27,73.43,0.0,0.939,0.0,1.176,55.13,992.4574,66.11,82.1,279.2,221.0,-4.53,-4.482
2026-03-19 14:41:00,2686,13.46,-5.27,-5.327,72.27,73.43,0.0,0.939,0.0,1.176,55.13,992.4574,66.11,82.1,279.2,221.0,-4.53,-4.482
2026-03-19 14:42:00,2687,13.46,-5.235,-5.283,72.67,74.12,0.25,1.32,0.618,1.568,59.63,992.4182,62.26,77.25,278.9,219.3,-4.541,-4.515
2026-03-19 14:42:00,2687,13.46,-5.235,-5.283,72.67,74.12,0.25,1.32,0.618,1.568,59.63,992.4182,62.26,77.25,278.9,219.3,-4.541,-4.515
2026-03-19 14:43:00,2688,13.46,-5.218,-5.236,73.1,74.11,0.889,1.568,1.081,1.96,60.12,992.3924,58.74,72.57,278.4,217.8,-4.579,-4.551
2026-03-19 14:43:00,2688,13.46,-5.218,-5.236,73.1,74.11,0.889,1.568,1.081,1.96,60.12,992.3924,58.74,72.57,278.4,217.8,-4.579,-4.551
2026-03-19 14:44:00,2689,13.46,-5.199,-5.182,72.89,73.09,1.313,1.875,1.493,1.96,58.66,992.3743,56.82,69.87,278.7,216.8,-4.614,-4.592
2026-03-19 14:44:00,2689,13.46,-5.199,-5.182,72.89,73.09,1.313,1.875,1.493,1.96,58.66,992.3743,56.82,69.87,278.7,216.8,-4.614,-4.592
2026-03-19 14:45:00,2690,13.46,-5.147,-5.125,72.11,71.62,1.481,1.906,1.647,1.96,52.88,992.3475,58.34,71.43,278.9,215.8,-4.639,-4.634
2026-03-19 14:45:00,2690,13.46,-5.147,-5.125,72.11,71.62,1.481,1.906,1.647,1.96,52.88,992.3475,58.34,71.43,278.9,215.8,-4.639,-4.634
2026-03-19 14:46:00,2691,13.46,-5.074,-5.075,71.36,71.23,1.422,1.875,1.75,2.156,50.29,992.3463,60.99,74.53,278.4,214.9,-4.681,-4.675
2026-03-19 14:46:00,2691,13.46,-5.074,-5.075,71.36,71.23,1.422,1.875,1.75,2.156,50.29,992.3463,60.99,74.53,278.4,214.9,-4.681,-4.675
2026-03-19 14:47:00,2692,13.46,-5.026,-5.037,70.74,71.43,1.246,1.888,1.544,2.058,50.11,992.3471,58.47,71.87,278.0,214.2,-4.709,-4.713
2026-03-19 14:47:00,2692,13.46,-5.026,-5.037,70.74,71.43,1.246,1.888,1.544,2.058,50.11,992.3471,58.47,71.87,278.0,214.2,-4.709,-4.713
2026-03-19 14:48:00,2693,13.46,-5.062,-5.039,70.88,71.94,0.741,1.818,1.39,1.96,49.75,992.3427,43.94,53.7,277.1,213.7,-4.779,-4.771
2026-03-19 14:48:00,2693,13.46,-5.062,-5.039,70.88,71.94,0.741,1.818,1.39,1.96,49.75,992.3427,43.94,53.7,277.1,213.7,-4.779,-4.771
2026-03-19 14:49:00,2694,13.46,-5.223,-5.108,72.09,72.44,1.251,1.797,1.441,1.96,49.6,992.3471,31.16,36.67,275.7,213.3,-4.911,-4.846
2026-03-19 14:49:00,2694,13.46,-5.223,-5.108,72.09,72.44,1.251,1.797,1.441,1.96,49.6,992.3471,31.16,36.67,275.7,213.3,-4.911,-4.846
2026-03-19 14:50:00,2695,13.46,-5.35,-5.175,72.44,69.96,1.189,1.697,1.441,1.862,42.6,992.3602,29.14,33.58,274.8,212.9,-5.048,-4.93
2026-03-19 14:50:00,2695,13.46,-5.35,-5.175,72.44,69.96,1.189,1.697,1.441,1.862,42.6,992.3602,29.14,33.58,274.8,212.9,-5.048,-4.93
2026-03-19 14:51:00,2696,13.47,-5.391,-5.223,71.49,69.8,1.139,1.519,1.287,1.666,38.29,992.3715,28.51,32.61,274.0,212.4,-5.173,-5.017
2026-03-19 14:51:00,2696,13.47,-5.391,-5.223,71.49,69.8,1.139,1.519,1.287,1.666,38.29,992.3715,28.51,32.61,274.0,212.4,-5.173,-5.017
2026-03-19 14:52:00,2697,13.47,-5.408,-5.257,71.03,70.24,0.717,1.358,1.236,1.568,38.34,992.3812,28.04,31.94,273.2,212.1,-5.303,-5.095
2026-03-19 14:52:00,2697,13.47,-5.408,-5.257,71.03,70.24,0.717,1.358,1.236,1.568,38.34,992.3812,28.04,31.94,273.2,212.1,-5.303,-5.095
2026-03-19 14:53:00,2698,13.46,-5.473,-5.306,71.47,70.81,0.023,1.186,0.309,1.274,38.38,992.3992,27.64,31.35,271.7,211.8,-5.44,-5.176
2026-03-19 14:53:00,2698,13.46,-5.473,-5.306,71.47,70.81,0.023,1.186,0.309,1.274,38.38,992.3992,27.64,31.35,271.7,211.8,-5.44,-5.176
2026-03-19 14:54:00,2699,13.46,-5.596,-5.365,71.93,71.52,0.0,1.06,0.0,1.176,38.35,992.4156,27.37,31.03,270.4,211.6,-5.59,-5.256
2026-03-19 14:54:00,2699,13.46,-5.596,-5.365,71.93,71.52,0.0,1.06,0.0,1.176,38.35,992.4156,27.37,31.03,270.4,211.6,-5.59,-5.256
2026-03-19 14:55:00,2700,13.46,-5.689,-5.422,72.59,71.34,0.0,0.955,0.0,1.372,37.98,992.4357,26.6,30.08,269.7,211.4,-5.709,-5.339
2026-03-19 14:55:00,2700,13.46,-5.689,-5.422,72.59,71.34,0.0,0.955,0.0,1.372,37.98,992.4357,26.6,30.08,269.7,211.4,-5.709,-5.339
2026-03-19 14:56:00,2701,13.46,-5.765,-5.458,72.37,70.31,0.0,1.075,0.0,1.274,36.92,992.4701,26.01,29.31,269.0,211.1,-5.808,-5.413
2026-03-19 14:56:00,2701,13.46,-5.765,-5.458,72.37,70.31,0.0,1.075,0.0,1.274,36.92,992.4701,26.01,29.31,269.0,211.1,-5.808,-5.413
2026-03-19 14:57:00,2702,13.46,-5.835,-5.472,72.12,70.1,0.001,1.109,0.051,1.274,26.38,992.4934,25.14,28.25,268.5,210.8,-5.909,-5.49
2026-03-19 14:57:00,2702,13.46,-5.835,-5.472,72.12,70.1,0.001,1.109,0.051,1.274,26.38,992.4934,25.14,28.25,268.5,210.8,-5.909,-5.49
2026-03-19 14:58:00,2703,13.46,-5.891,-5.524,71.8,70.45,0.0,1.12,0.0,1.372,11.93,992.5168,24.58,27.57,268.0,210.7,-6.015,-5.563
2026-03-19 14:58:00,2703,13.46,-5.891,-5.524,71.8,70.45,0.0,1.12,0.0,1.372,11.93,992.5168,24.58,27.57,268.0,210.7,-6.015,-5.563
2026-03-19 14:59:00,2704,13.46,-5.934,-5.599,71.93,71.04,0.0,1.308,0.0,1.568,5.762,992.549,24.47,27.47,267.6,210.6,-6.134,-5.63
2026-03-19 14:59:00,2704,13.46,-5.934,-5.599,71.93,71.04,0.0,1.308,0.0,1.568,5.762,992.549,24.47,27.47,267.6,210.6,-6.134,-5.63
2026-03-19 15:00:00,2705,13.46,-5.957,-5.681,71.79,71.7,0.0,1.578,0.0,1.764,1.846,992.5536,24.18,27.1,267.2,210.5,-6.232,-5.704
2026-03-19 15:00:00,2705,13.46,-5.957,-5.681,71.79,71.7,0.0,1.578,0.0,1.764,1.846,992.5536,24.18,27.1,267.2,210.5,-6.232,-5.704
2026-03-19 15:01:00,2706,13.45,-6.014,-5.756,71.83,72.03,0.0,1.501,0.0,1.666,1.852,992.5717,24.08,26.89,266.5,210.3,-6.339,-5.78
2026-03-19 15:01:00,2706,13.45,-6.014,-5.756,71.83,72.03,0.0,1.501,0.0,1.666,1.852,992.5717,24.08,26.89,266.5,210.3,-6.339,-5.78
2026-03-19 15:02:00,2707,13.46,-6.104,-5.839,71.75,72.4,0.0,1.348,0.0,1.47,1.786,992.5804,23.87,26.46,265.3,210.1,-6.471,-5.862
2026-03-19 15:02:00,2707,13.46,-6.104,-5.839,71.75,72.4,0.0,1.348,0.0,1.47,1.786,992.5804,23.87,26.46,265.3,210.1,-6.471,-5.862
2026-03-19 15:03:00,2708,13.45,-6.24,-5.923,71.72,73.01,0.0,1.553,0.0,1.862,350.5,992.5865,23.0,25.58,264.6,210.1,-6.626,-5.941
2026-03-19 15:03:00,2708,13.45,-6.24,-5.923,71.72,73.01,0.0,1.553,0.0,1.862,350.5,992.5865,23.0,25.58,264.6,210.1,-6.626,-5.941
2026-03-19 15:04:00,2709,13.45,-6.415,-5.98,72.18,73.17,0.0,1.502,0.0,1.764,349.2,992.5918,22.68,25.24,264.4,210.2,-6.77,-6.029
2026-03-19 15:04:00,2709,13.45,-6.415,-5.98,72.18,73.17,0.0,1.502,0.0,1.764,349.2,992.5918,22.68,25.24,264.4,210.2,-6.77,-6.029
2026-03-19 15:05:00,2710,13.46,-6.575,-6.054,72.62,73.29,0.0,1.484,0.0,1.764,334.2,992.5943,22.26,24.87,264.4,210.1,-6.922,-6.121
2026-03-19 15:05:00,2710,13.46,-6.575,-6.054,72.62,73.29,0.0,1.484,0.0,1.764,334.2,992.5943,22.26,24.87,264.4,210.1,-6.922,-6.121
2026-03-19 15:06:00,2711,13.45,-6.733,-6.18,73.2,73.98,0.0,1.589,0.0,1.862,331.6,992.614,21.8,24.4,264.8,210.0,-7.096,-6.214
2026-03-19 15:06:00,2711,13.45,-6.733,-6.18,73.2,73.98,0.0,1.589,0.0,1.862,331.6,992.614,21.8,24.4,264.8,210.0,-7.096,-6.214
2026-03-19 15:07:00,2712,13.46,-6.879,-6.329,72.86,73.64,0.813,1.78,1.75,2.254,308.2,992.6147,21.45,23.98,264.8,209.7,-7.275,-6.305
2026-03-19 15:07:00,2712,13.46,-6.879,-6.329,72.86,73.64,0.813,1.78,1.75,2.254,308.2,992.6147,21.45,23.98,264.8,209.7,-7.275,-6.305
2026-03-19 15:08:00,2713,13.45,-7.083,-6.502,74.56,75.44,0.746,1.661,1.03,1.862,322.9,992.6199,20.7,23.07,265.1,210.0,-7.449,-6.397
2026-03-19 15:08:00,2713,13.45,-7.083,-6.502,74.56,75.44,0.746,1.661,1.03,1.862,322.9,992.6199,20.7,23.07,265.1,210.0,-7.449,-6.397
2026-03-19 15:09:00,2714,13.45,-7.092,-6.502,75.37,75.33,0.538,1.639,0.772,1.862,326.2,992.6177,20.53,22.76,264.9,210.2,-7.533,-6.485
2026-03-19 15:09:00,2714,13.45,-7.092,-6.502,75.37,75.33,0.538,1.639,0.772,1.862,326.2,992.6177,20.53,22.76,264.9,210.2,-7.533,-6.485
2026-03-19 15:10:00,2715,13.45,-7.024,-6.467,75.48,74.76,0.503,1.486,0.721,1.666,320.2,992.6228,20.65,22.82,264.4,210.3,-7.628,-6.554
2026-03-19 15:10:00,2715,13.45,-7.024,-6.467,75.48,74.76,0.503,1.486,0.721,1.666,320.2,992.6228,20.65,22.82,264.4,210.3,-7.628,-6.554
2026-03-19 15:11:00,2716,13.46,-7.01,-6.55,75.0,74.73,1.198,1.622,1.596,1.764,296.6,992.6395,20.71,22.85,264.2,209.7,-7.772,-6.619
2026-03-19 15:11:00,2716,13.46,-7.01,-6.55,75.0,74.73,1.198,1.622,1.596,1.764,296.6,992.6395,20.71,22.85,264.2,209.7,-7.772,-6.619
2026-03-19 15:12:00,2717,13.45,-7.074,-6.688,75.45,75.81,0.875,1.479,1.03,1.666,297.3,992.6467,20.21,22.38,264.5,210.1,-7.933,-6.689
2026-03-19 15:12:00,2717,13.45,-7.074,-6.688,75.45,75.81,0.875,1.479,1.03,1.666,297.3,992.6467,20.21,22.38,264.5,210.1,-7.933,-6.689
2026-03-19 15:13:00,2718,13.45,-7.096,-6.726,75.35,75.36,1.566,2.011,3.295,3.92,273.4,992.6701,20.0,22.32,264.5,209.9,-8.07,-6.775
2026-03-19 15:13:00,2718,13.45,-7.096,-6.726,75.35,75.36,1.566,2.011,3.295,3.92,273.4,992.6701,20.0,22.32,264.5,209.9,-8.07,-6.775
2026-03-19 15:14:00,2719,13.45,-7.394,-7.019,72.09,76.12,2.941,3.659,3.295,4.116,281.0,992.681,20.18,22.65,265.6,208.0,-8.27,-6.883
2026-03-19 15:14:00,2719,13.45,-7.394,-7.019,72.09,76.12,2.941,3.659,3.295,4.116,281.0,992.681,20.18,22.65,265.6,208.0,-8.27,-6.883
2026-03-19 15:15:00,2720,13.45,-7.741,-7.082,76.73,78.82,1.884,2.425,2.574,2.744,290.5,992.6855,19.35,21.64,266.0,209.6,-8.45,-7.018
2026-03-19 15:15:00,2720,13.45,-7.741,-7.082,76.73,78.82,1.884,2.425,2.574,2.744,290.5,992.6855,19.35,21.64,266.0,209.6,-8.45,-7.018
2026-03-19 15:16:00,2721,13.45,-7.527,-6.769,76.69,75.27,2.033,2.681,2.934,3.92,264.5,992.6998,19.52,21.66,265.8,209.4,-8.52,-7.124
2026-03-19 15:16:00,2721,13.45,-7.527,-6.769,76.69,75.27,2.033,2.681,2.934,3.92,264.5,992.6998,19.52,21.66,265.8,209.4,-8.52,-7.124
2026-03-19 15:17:00,2722,13.45,-7.789,-6.992,74.83,76.26,2.704,3.22,3.037,4.018,268.3,992.7078,19.66,21.93,265.9,208.4,-8.69,-7.216
2026-03-19 15:17:00,2722,13.45,-7.789,-6.992,74.83,76.26,2.704,3.22,3.037,4.018,268.3,992.7078,19.66,21.93,265.9,208.4,-8.69,-7.216
2026-03-19 15:18:00,2723,13.45,-8.07,-7.131,75.88,77.71,2.73,3.211,2.934,3.43,266.0,992.7286,19.22,21.35,265.9,208.4,-8.83,-7.315
2026-03-19 15:18:00,2723,13.45,-8.07,-7.131,75.88,77.71,2.73,3.211,2.934,3.43,266.0,992.7286,19.22,21.35,265.9,208.4,-8.83,-7.315
2026-03-19 15:19:00,2724,13.45,-8.2,-7.189,77.85,78.55,2.594,2.745,2.831,3.332,263.2,992.7368,19.02,21.07,265.8,208.8,-8.94,-7.4
2026-03-19 15:19:00,2724,13.45,-8.2,-7.189,77.85,78.55,2.594,2.745,2.831,3.332,263.2,992.7368,19.02,21.07,265.8,208.8,-8.94,-7.4
2026-03-19 15:20:00,2725,13.46,-8.12,-7.175,77.82,78.84,2.231,2.771,2.523,2.94,261.4,992.7441,19.2,21.32,265.5,208.8,-9.02,-7.474
2026-03-19 15:20:00,2725,13.46,-8.12,-7.175,77.82,78.84,2.231,2.771,2.523,2.94,261.4,992.7441,19.2,21.32,265.5,208.8,-9.02,-7.474
2026-03-19 15:21:00,2726,13.46,-8.21,-7.143,77.49,79.02,1.721,2.486,2.059,2.646,261.5,992.7585,19.26,21.35,264.9,209.0,-9.1,-7.529
2026-03-19 15:21:00,2726,13.46,-8.21,-7.143,77.49,79.02,1.721,2.486,2.059,2.646,261.5,992.7585,19.26,21.35,264.9,209.0,-9.1,-7.529
2026-03-19 15:22:00,2727,13.46,-8.3,-7.08,78.02,79.22,1.47,2.46,1.647,2.548,261.6,992.7478,19.24,21.25,264.2,209.2,-9.18,-7.565
2026-03-19 15:22:00,2727,13.46,-8.3,-7.08,78.02,79.22,1.47,2.46,1.647,2.548,261.6,992.7478,19.24,21.25,264.2,209.2,-9.18,-7.565
2026-03-19 15:23:00,2728,13.45,-8.29,-7.008,78.22,79.15,1.275,2.414,1.493,2.45,261.9,992.7422,19.24,21.24,263.7,209.3,-9.25,-7.592
2026-03-19 15:23:00,2728,13.45,-8.29,-7.008,78.22,79.15,1.275,2.414,1.493,2.45,261.9,992.7422,19.24,21.24,263.7,209.3,-9.25,-7.592
2026-03-19 15:24:00,2729,13.45,-8.36,-6.963,77.13,77.93,1.019,2.394,1.39,2.548,278.4,992.7501,19.33,21.39,263.3,209.1,-9.32,-7.613
2026-03-19 15:24:00,2729,13.45,-8.36,-6.963,77.13,77.93,1.019,2.394,1.39,2.548,278.4,992.7501,19.33,21.39,263.3,209.1,-9.32,-7.613
2026-03-19 15:25:00,2730,13.45,-8.62,-7.128,76.39,78.92,1.231,2.535,1.544,2.744,271.6,992.7556,19.43,21.53,263.0,208.9,-9.43,-7.632
2026-03-19 15:25:00,2730,13.45,-8.62,-7.128,76.39,78.92,1.231,2.535,1.544,2.744,271.6,992.7556,19.43,21.53,263.0,208.9,-9.43,-7.632
2026-03-19 15:26:00,2731,13.45,-8.81,-7.057,77.47,79.69,1.246,2.343,1.493,2.548,271.6,992.7571,19.28,21.55,262.6,209.5,-9.53,-7.658
2026-03-19 15:26:00,2731,13.45,-8.81,-7.057,77.47,79.69,1.246,2.343,1.493,2.548,271.6,992.7571,19.28,21.55,262.6,209.5,-9.53,-7.658
2026-03-19 15:27:00,2732,13.45,-8.93,-7.026,77.27,77.41,0.941,2.419,1.184,2.646,271.0,992.7609,19.73,22.18,262.4,209.4,-9.63,-7.681
2026-03-19 15:27:00,2732,13.45,-8.93,-7.026,77.27,77.41,0.941,2.419,1.184,2.646,271.0,992.7609,19.73,22.18,262.4,209.4,-9.63,-7.681
2026-03-19 15:28:00,2733,13.45,-9.08,-7.119,78.33,80.6,1.391,2.466,1.544,2.548,268.7,992.7475,20.15,22.92,262.2,209.9,-9.71,-7.709
2026-03-19 15:28:00,2733,13.45,-9.08,-7.119,78.33,80.6,1.391,2.466,1.544,2.548,268.7,992.7475,20.15,22.92,262.2,209.9,-9.71,-7.709
2026-03-19 15:29:00,2734,13.46,-9.07,-7.025,78.84,80.9,1.094,2.317,1.493,2.45,268.7,992.7425,20.09,23.11,261.9,210.2,-9.8,-7.744
2026-03-19 15:29:00,2734,13.46,-9.07,-7.025,78.84,80.9,1.094,2.317,1.493,2.45,268.7,992.7425,20.09,23.11,261.9,210.2,-9.8,-7.744
2026-03-19 15:30:00,2735,13.45,-9.14,-7.037,78.55,79.18,0.604,2.082,0.824,2.254,267.5,992.7407,19.7,22.59,261.3,210.4,-9.88,-7.778
2026-03-19 15:30:00,2735,13.45,-9.14,-7.037,78.55,79.18,0.604,2.082,0.824,2.254,267.5,992.7407,19.7,22.59,261.3,210.4,-9.88,-7.778
2026-03-19 15:31:00,2736,13.45,-9.29,-7.254,78.34,79.4,0.423,1.925,0.566,2.058,266.4,992.7348,19.25,21.93,260.5,210.6,-9.96,-7.809
2026-03-19 15:31:00,2736,13.45,-9.29,-7.254,78.34,79.4,0.423,1.925,0.566,2.058,266.4,992.7348,19.25,21.93,260.5,210.6,-9.96,-7.809
2026-03-19 15:32:00,2737,13.45,-9.42,-7.44,78.64,79.89,0.433,1.846,0.566,1.96,267.4,992.7148,18.8,21.4,259.9,210.7,-10.04,-7.828
2026-03-19 15:32:00,2737,13.45,-9.42,-7.44,78.64,79.89,0.433,1.846,0.566,1.96,267.4,992.7148,18.8,21.4,259.9,210.7,-10.04,-7.828
2026-03-19 15:33:00,2738,13.45,-9.48,-7.481,78.98,82.0,0.398,1.827,0.515,1.862,267.4,992.712,18.4,20.84,259.4,211.0,-10.1,-7.84
2026-03-19 15:33:00,2738,13.45,-9.48,-7.481,78.98,82.0,0.398,1.827,0.515,1.862,267.4,992.712,18.4,20.84,259.4,211.0,-10.1,-7.84
2026-03-19 15:34:00,2739,13.45,-9.54,-7.349,79.21,83.3,0.474,1.787,0.566,1.862,267.5,992.7017,18.1,20.47,259.0,211.2,-10.17,-7.854
2026-03-19 15:34:00,2739,13.45,-9.54,-7.349,79.21,83.3,0.474,1.787,0.566,1.862,267.5,992.7017,18.1,20.47,259.0,211.2,-10.17,-7.854
2026-03-19 15:35:00,2740,13.45,-9.56,-7.341,79.66,82.4,0.428,1.672,0.566,1.764,277.7,992.6916,17.8,20.12,258.8,211.6,-10.23,-7.88
2026-03-19 15:35:00,2740,13.45,-9.56,-7.341,79.66,82.4,0.428,1.672,0.566,1.764,277.7,992.6916,17.8,20.12,258.8,211.6,-10.23,-7.88
2026-03-19 15:36:00,2741,13.45,-9.54,-7.417,80.1,82.4,0.5,1.872,0.618,2.058,283.9,992.6772,17.55,19.85,258.5,212.4,-10.3,-7.897
2026-03-19 15:36:00,2741,13.45,-9.54,-7.417,80.1,82.4,0.5,1.872,0.618,2.058,283.9,992.6772,17.55,19.85,258.5,212.4,-10.3,-7.897
2026-03-19 15:37:00,2742,13.46,-9.51,-7.423,80.5,83.1,0.573,1.945,0.669,2.058,285.4,992.6647,17.27,19.6,258.4,213.7,-10.36,-7.914
2026-03-19 15:37:00,2742,13.46,-9.51,-7.423,80.5,83.1,0.573,1.945,0.669,2.058,285.4,992.6647,17.27,19.6,258.4,213.7,-10.36,-7.914
2026-03-19 15:38:00,2743,13.45,-9.45,-7.414,80.7,82.7,0.402,1.83,0.566,1.96,284.9,992.6731,17.11,19.44,258.3,215.3,-10.41,-7.927
2026-03-19 15:38:00,2743,13.45,-9.45,-7.414,80.7,82.7,0.402,1.83,0.566,1.96,284.9,992.6731,17.11,19.44,258.3,215.3,-10.41,-7.927
2026-03-19 15:39:00,2744,13.45,-9.49,-7.372,80.7,83.8,0.438,1.719,0.566,1.862,283.1,992.6826,16.94,19.27,258.3,217.6,-10.47,-7.937
2026-03-19 15:39:00,2744,13.45,-9.49,-7.372,80.7,83.8,0.438,1.719,0.566,1.862,283.1,992.6826,16.94,19.27,258.3,217.6,-10.47,-7.937
2026-03-19 15:40:00,2745,13.45,-9.43,-7.163,81.2,84.2,0.599,1.695,0.772,1.862,282.7,992.6977,17.09,19.72,258.6,220.1,-10.5,-7.946
2026-03-19 15:40:00,2745,13.45,-9.43,-7.163,81.2,84.2,0.599,1.695,0.772,1.862,282.7,992.6977,17.09,19.72,258.6,220.1,-10.5,-7.946
2026-03-19 15:41:00,2746,13.45,-9.2,-6.97,82.1,84.1,0.761,1.661,0.875,1.764,281.4,992.7111,17.43,20.46,259.1,222.5,-10.53,-7.947
2026-03-19 15:41:00,2746,13.45,-9.2,-6.97,82.1,84.1,0.761,1.661,0.875,1.764,281.4,992.7111,17.43,20.46,259.1,222.5,-10.53,-7.947
2026-03-19 15:42:00,2747,13.45,-8.89,-6.799,82.7,83.6,0.813,1.718,0.927,1.862,281.4,992.7183,17.93,21.37,259.7,224.3,-10.54,-7.945
2026-03-19 15:42:00,2747,13.45,-8.89,-6.799,82.7,83.6,0.813,1.718,0.927,1.862,281.4,992.7183,17.93,21.37,259.7,224.3,-10.54,-7.945
2026-03-19 15:43:00,2748,13.46,-8.7,-6.667,83.1,83.0,0.749,1.648,0.927,1.764,281.4,992.7124,18.4,22.24,260.3,225.6,-10.55,-7.941
2026-03-19 15:43:00,2748,13.46,-8.7,-6.667,83.1,83.0,0.749,1.648,0.927,1.764,281.4,992.7124,18.4,22.24,260.3,225.6,-10.55,-7.941
2026-03-19 15:44:00,2749,13.45,-8.44,-6.538,83.8,82.3,0.946,1.526,1.236,1.666,281.6,992.7109,18.38,22.38,260.7,226.3,-10.57,-7.932
2026-03-19 15:44:00,2749,13.45,-8.44,-6.538,83.8,82.3,0.946,1.526,1.236,1.666,281.6,992.7109,18.38,22.38,260.7,226.3,-10.57,-7.932
2026-03-19 15:45:00,2750,13.46,-7.995,-6.451,84.3,82.1,0.914,1.618,1.287,1.764,285.8,992.7046,18.05,21.93,261.1,226.2,-10.56,-7.915
2026-03-19 15:45:00,2750,13.46,-7.995,-6.451,84.3,82.1,0.914,1.618,1.287,1.764,285.8,992.7046,18.05,21.93,261.1,226.2,-10.56,-7.915
2026-03-19 15:46:00,2751,13.46,-7.827,-6.408,84.5,81.8,0.944,1.685,1.184,1.862,285.7,992.7119,17.41,21.09,261.4,225.9,-10.55,-7.903
2026-03-19 15:46:00,2751,13.46,-7.827,-6.408,84.5,81.8,0.944,1.685,1.184,1.862,285.7,992.7119,17.41,21.09,261.4,225.9,-10.55,-7.903
2026-03-19 15:47:00,2752,13.45,-7.604,-6.365,84.7,81.4,0.865,1.555,1.03,1.666,285.9,992.7037,16.92,20.23,261.8,226.1,-10.53,-7.895
2026-03-19 15:47:00,2752,13.45,-7.604,-6.365,84.7,81.4,0.865,1.555,1.03,1.666,285.9,992.7037,16.92,20.23,261.8,226.1,-10.53,-7.895
2026-03-19 15:48:00,2753,13.46,-7.346,-6.261,84.9,81.3,0.82,1.499,1.287,1.568,286.4,992.7061,16.43,19.44,262.6,227.0,-10.49,-7.887
2026-03-19 15:48:00,2753,13.46,-7.346,-6.261,84.9,81.3,0.82,1.499,1.287,1.568,286.4,992.7061,16.43,19.44,262.6,227.0,-10.49,-7.887
2026-03-19 15:49:00,2754,13.46,-7.046,-6.142,85.0,80.9,0.994,1.563,1.39,1.666,286.8,992.7171,16.3,19.12,263.1,228.6,-10.47,-7.865
2026-03-19 15:49:00,2754,13.46,-7.046,-6.142,85.0,80.9,0.994,1.563,1.39,1.666,286.8,992.7171,16.3,19.12,263.1,228.6,-10.47,-7.865
2026-03-19 15:50:00,2755,13.47,-6.854,-6.081,84.6,80.9,0.772,1.879,1.081,2.156,278.9,992.7374,15.98,18.68,263.1,230.8,-10.46,-7.834
2026-03-19 15:50:00,2755,13.47,-6.854,-6.081,84.6,80.9,0.772,1.879,1.081,2.156,278.9,992.7374,15.98,18.68,263.1,230.8,-10.46,-7.834
2026-03-19 15:51:00,2756,13.46,-7.025,-6.057,83.4,80.5,0.409,2.079,0.669,2.156,271.2,992.763,15.77,18.55,263.1,233.7,-10.46,-7.799
2026-03-19 15:51:00,2756,13.46,-7.025,-6.057,83.4,80.5,0.409,2.079,0.669,2.156,271.2,992.763,15.77,18.55,263.1,233.7,-10.46,-7.799
2026-03-19 15:52:00,2757,13.45,-7.471,-6.256,80.5,78.17,0.042,1.808,0.309,2.156,271.2,992.7791,15.75,18.64,263.4,237.5,-10.47,-7.765
2026-03-19 15:52:00,2757,13.45,-7.471,-6.256,80.5,78.17,0.042,1.808,0.309,2.156,271.2,992.7791,15.75,18.64,263.4,237.5,-10.47,-7.765
2026-03-19 15:53:00,2758,13.45,-7.97,-6.823,78.01,72.66,0.589,1.114,1.956,2.744,0.391,992.8131,15.42,18.4,264.8,240.9,-10.49,-7.725
2026-03-19 15:53:00,2758,13.45,-7.97,-6.823,78.01,72.66,0.589,1.114,1.956,2.744,0.391,992.8131,15.42,18.4,264.8,240.9,-10.49,-7.725
2026-03-19 15:54:00,2759,13.45,-8.49,-7.464,77.15,76.25,0.234,1.227,1.338,1.96,26.13,992.8365,15.14,18.27,266.9,243.9,-10.47,-7.693
2026-03-19 15:54:00,2759,13.45,-8.49,-7.464,77.15,76.25,0.234,1.227,1.338,1.96,26.13,992.8365,15.14,18.27,266.9,243.9,-10.47,-7.693
2026-03-19 15:55:00,2760,13.45,-8.79,-7.837,79.27,80.1,0.61,1.738,1.03,2.548,347.9,992.8361,14.99,18.12,268.6,248.5,-10.39,-7.668
2026-03-19 15:55:00,2760,13.45,-8.79,-7.837,79.27,80.1,0.61,1.738,1.03,2.548,347.9,992.8361,14.99,18.12,268.6,248.5,-10.39,-7.668
2026-03-19 15:56:00,2761,13.45,-8.7,-7.807,81.3,81.9,0.098,1.168,1.133,1.96,317.2,992.8205,15.0,18.14,270.0,252.3,-10.25,-7.638
2026-03-19 15:56:00,2761,13.45,-8.7,-7.807,81.3,81.9,0.098,1.168,1.133,1.96,317.2,992.8205,15.0,18.14,270.0,252.3,-10.25,-7.638
2026-03-19 15:57:00,2762,13.46,-8.43,-7.688,82.0,81.1,0.0,1.237,0.0,1.862,323.4,992.8131,15.39,18.52,271.1,254.8,-10.07,-7.589
2026-03-19 15:57:00,2762,13.46,-8.43,-7.688,82.0,81.1,0.0,1.237,0.0,1.862,323.4,992.8131,15.39,18.52,271.1,254.8,-10.07,-7.589
2026-03-19 15:58:00,2763,13.45,-8.29,-7.655,81.6,80.8,0.004,1.526,0.051,2.058,0.065,992.8021,15.48,18.4,272.1,256.6,-9.97,-7.52
2026-03-19 15:58:00,2763,13.45,-8.29,-7.655,81.6,80.8,0.004,1.526,0.051,2.058,0.065,992.8021,15.48,18.4,272.1,256.6,-9.97,-7.52
2026-03-19 15:59:00,2764,13.45,-8.23,-7.62,81.5,81.0,0.0,1.173,0.0,1.372,14.7,992.8,14.89,17.73,272.8,258.8,-9.9,-7.451
2026-03-19 15:59:00,2764,13.45,-8.23,-7.62,81.5,81.0,0.0,1.173,0.0,1.372,14.7,992.8,14.89,17.73,272.8,258.8,-9.9,-7.451
2026-03-19 16:00:00,2765,13.45,-8.19,-7.589,81.0,81.0,0.0,1.256,0.0,1.47,14.84,992.7983,14.73,17.53,273.3,260.9,-9.84,-7.388
2026-03-19 16:00:00,2765,13.45,-8.19,-7.589,81.0,81.0,0.0,1.256,0.0,1.47,14.84,992.7983,14.73,17.53,273.3,260.9,-9.84,-7.388
2026-03-19 16:01:00,2766,13.46,-8.21,-7.548,81.1,82.0,0.001,1.154,0.051,1.372,30.31,992.7864,14.45,17.15,273.7,263.1,-9.79,-7.33
2026-03-19 16:01:00,2766,13.46,-8.21,-7.548,81.1,82.0,0.001,1.154,0.051,1.372,30.31,992.7864,14.45,17.15,273.7,263.1,-9.79,-7.33
2026-03-19 16:02:00,2767,13.46,-8.12,-7.413,81.6,81.6,0.0,0.945,0.0,1.274,30.32,992.7695,14.31,17.1,274.2,264.8,-9.73,-7.274
2026-03-19 16:02:00,2767,13.46,-8.12,-7.413,81.6,81.6,0.0,0.945,0.0,1.274,30.32,992.7695,14.31,17.1,274.2,264.8,-9.73,-7.274
2026-03-19 16:03:00,2768,13.46,-7.982,-7.294,81.8,81.1,0.0,1.114,0.0,1.47,37.2,992.7824,13.91,16.79,274.5,266.0,-9.69,-7.223
2026-03-19 16:03:00,2768,13.46,-7.982,-7.294,81.8,81.1,0.0,1.114,0.0,1.47,37.2,992.7824,13.91,16.79,274.5,266.0,-9.69,-7.223
2026-03-19 16:04:00,2769,13.46,-7.904,-7.185,81.2,80.6,0.0,1.244,0.0,1.666,44.16,992.7833,13.78,16.75,275.1,267.2,-9.63,-7.167
2026-03-19 16:04:00,2769,13.46,-7.904,-7.185,81.2,80.6,0.0,1.244,0.0,1.666,44.16,992.7833,13.78,16.75,275.1,267.2,-9.63,-7.167
2026-03-19 16:05:00,2770,13.45,-7.912,-7.065,81.2,79.5,0.0,1.382,0.0,1.666,44.29,992.7749,13.57,16.57,275.8,268.6,-9.54,-7.108
2026-03-19 16:05:00,2770,13.45,-7.912,-7.065,81.2,79.5,0.0,1.382,0.0,1.666,44.29,992.7749,13.57,16.57,275.8,268.6,-9.54,-7.108
2026-03-19 16:06:00,2771,13.46,-7.746,-6.943,81.9,78.37,0.062,1.378,0.412,1.666,47.9,992.7734,13.48,16.49,276.6,269.6,-9.38,-7.051
2026-03-19 16:06:00,2771,13.46,-7.746,-6.943,81.9,78.37,0.062,1.378,0.412,1.666,47.9,992.7734,13.48,16.49,276.6,269.6,-9.38,-7.051
2026-03-19 16:07:00,2772,13.45,-7.486,-6.875,81.6,77.32,0.556,1.507,0.978,1.764,51.28,992.7748,13.72,16.7,277.7,270.7,-9.18,-6.99
2026-03-19 16:07:00,2772,13.45,-7.486,-6.875,81.6,77.32,0.556,1.507,0.978,1.764,51.28,992.7748,13.72,16.7,277.7,270.7,-9.18,-6.99
2026-03-19 16:08:00,2773,13.46,-7.3,-6.855,80.7,76.44,0.651,1.722,1.03,1.96,51.44,992.774,13.99,16.82,278.5,271.6,-9.02,-6.928
2026-03-19 16:08:00,2773,13.46,-7.3,-6.855,80.7,76.44,0.651,1.722,1.03,1.96,51.44,992.774,13.99,16.82,278.5,271.6,-9.02,-6.928
2026-03-19 16:09:00,2774,13.45,-7.183,-6.85,79.7,76.22,0.737,1.776,1.133,2.058,52.35,992.7574,13.56,16.24,279.0,272.2,-8.89,-6.862
2026-03-19 16:09:00,2774,13.45,-7.183,-6.85,79.7,76.22,0.737,1.776,1.133,2.058,52.35,992.7574,13.56,16.24,279.0,272.2,-8.89,-6.862
2026-03-19 16:10:00,2775,13.45,-7.102,-6.847,78.75,76.01,0.86,1.944,1.184,2.254,52.5,992.7524,12.83,15.31,279.7,272.7,-8.72,-6.799
2026-03-19 16:10:00,2775,13.45,-7.102,-6.847,78.75,76.01,0.86,1.944,1.184,2.254,52.5,992.7524,12.83,15.31,279.7,272.7,-8.72,-6.799
2026-03-19 16:11:00,2776,13.46,-7.028,-6.844,78.08,75.86,1.042,1.906,1.647,2.156,50.8,992.7375,12.65,14.87,280.3,273.2,-8.55,-6.732
2026-03-19 16:11:00,2776,13.46,-7.028,-6.844,78.08,75.86,1.042,1.906,1.647,2.156,50.8,992.7375,12.65,14.87,280.3,273.2,-8.55,-6.732
2026-03-19 16:12:00,2777,13.45,-6.977,-6.864,77.51,75.89,0.734,1.924,1.03,2.156,47.02,992.7379,12.32,14.51,280.6,273.7,-8.43,-6.666
2026-03-19 16:12:00,2777,13.45,-6.977,-6.864,77.51,75.89,0.734,1.924,1.03,2.156,47.02,992.7379,12.32,14.51,280.6,273.7,-8.43,-6.666
2026-03-19 16:13:00,2778,13.46,-6.968,-6.891,77.05,75.49,0.85,2.004,1.493,2.254,42.61,992.7291,11.77,13.8,280.8,274.0,-8.32,-6.608
2026-03-19 16:13:00,2778,13.46,-6.968,-6.891,77.05,75.49,0.85,2.004,1.493,2.254,42.61,992.7291,11.77,13.8,280.8,274.0,-8.32,-6.608
2026-03-19 16:14:00,2779,13.46,-6.989,-6.93,76.57,75.04,1.194,2.036,1.699,2.352,38.46,992.7276,11.38,13.31,281.1,274.1,-8.22,-6.554
2026-03-19 16:14:00,2779,13.46,-6.989,-6.93,76.57,75.04,1.194,2.036,1.699,2.352,38.46,992.7276,11.38,13.31,281.1,274.1,-8.22,-6.554
2026-03-19 16:15:00,2780,13.45,-7.068,-7.035,76.0,74.99,1.549,2.242,1.802,2.548,35.2,992.7257,11.11,12.92,281.1,274.2,-8.15,-6.507
2026-03-19 16:15:00,2780,13.45,-7.068,-7.035,76.0,74.99,1.549,2.242,1.802,2.548,35.2,992.7257,11.11,12.92,281.1,274.2,-8.15,-6.507
2026-03-19 16:16:00,2781,13.45,-7.193,-7.172,75.94,75.69,1.641,2.44,1.956,2.646,32.94,992.7037,10.65,12.39,281.0,274.2,-8.11,-6.468
2026-03-19 16:16:00,2781,13.45,-7.193,-7.172,75.94,75.69,1.641,2.44,1.956,2.646,32.94,992.7037,10.65,12.39,281.0,274.2,-8.11,-6.468
2026-03-19 16:17:00,2782,13.45,-7.312,-7.28,76.31,76.17,1.653,2.478,1.956,2.744,31.17,992.6852,10.17,11.9,281.0,274.2,-8.08,-6.44
2026-03-19 16:17:00,2782,13.45,-7.312,-7.28,76.31,76.17,1.653,2.478,1.956,2.744,31.17,992.6852,10.17,11.9,281.0,274.2,-8.08,-6.44
2026-03-19 16:18:00,2783,13.45,-7.41,-7.362,76.73,76.71,1.635,2.585,1.956,2.842,28.93,992.6625,9.84,11.51,281.1,274.4,-8.05,-6.417
2026-03-19 16:18:00,2783,13.45,-7.41,-7.362,76.73,76.71,1.635,2.585,1.956,2.842,28.93,992.6625,9.84,11.51,281.1,274.4,-8.05,-6.417
2026-03-19 16:19:00,2784,13.46,-7.475,-7.386,77.17,76.98,1.693,2.656,2.008,3.038,29.33,992.6384,9.58,11.23,281.2,274.8,-8.01,-6.4
2026-03-19 16:19:00,2784,13.46,-7.475,-7.386,77.17,76.98,1.693,2.656,2.008,3.038,29.33,992.6384,9.58,11.23,281.2,274.8,-8.01,-6.4
2026-03-19 16:20:00,2785,13.45,-7.496,-7.381,77.52,77.12,1.769,2.735,2.008,2.94,29.57,992.6146,9.37,11.05,281.4,275.3,-7.983,-6.377
2026-03-19 16:20:00,2785,13.45,-7.496,-7.381,77.52,77.12,1.769,2.735,2.008,2.94,29.57,992.6146,9.37,11.05,281.4,275.3,-7.983,-6.377
2026-03-19 16:21:00,2786,13.45,-7.49,-7.351,77.79,77.19,1.795,2.733,2.008,2.94,31.7,992.5964,9.21,10.92,281.6,275.8,-7.935,-6.354
2026-03-19 16:21:00,2786,13.45,-7.49,-7.351,77.79,77.19,1.795,2.733,2.008,2.94,31.7,992.5964,9.21,10.92,281.6,275.8,-7.935,-6.354
2026-03-19 16:22:00,2787,13.45,-7.464,-7.3,77.98,77.29,1.505,2.475,1.75,2.744,32.48,992.5953,9.11,10.84,281.7,276.1,-7.893,-6.335
2026-03-19 16:22:00,2787,13.45,-7.464,-7.3,77.98,77.29,1.505,2.475,1.75,2.744,32.48,992.5953,9.11,10.84,281.7,276.1,-7.893,-6.335
2026-03-19 16:23:00,2788,13.45,-7.436,-7.267,78.12,77.42,1.506,2.408,1.853,2.842,28.52,992.5803,8.91,10.62,281.9,276.4,-7.854,-6.31
2026-03-19 16:23:00,2788,13.45,-7.436,-7.267,78.12,77.42,1.506,2.408,1.853,2.842,28.52,992.5803,8.91,10.62,281.9,276.4,-7.854,-6.31
2026-03-19 16:24:00,2789,13.45,-7.393,-7.219,78.2,77.12,1.601,2.524,1.853,2.744,27.17,992.5641,8.75,10.4,282.2,276.7,-7.799,-6.287
2026-03-19 16:24:00,2789,13.45,-7.393,-7.219,78.2,77.12,1.601,2.524,1.853,2.744,27.17,992.5641,8.75,10.4,282.2,276.7,-7.799,-6.287
2026-03-19 16:25:00,2790,13.46,-7.329,-7.173,78.09,77.03,1.444,2.389,1.699,2.646,27.52,992.5483,8.88,10.53,282.3,276.8,-7.744,-6.263
2026-03-19 16:25:00,2790,13.46,-7.329,-7.173,78.09,77.03,1.444,2.389,1.699,2.646,27.52,992.5483,8.88,10.53,282.3,276.8,-7.744,-6.263
2026-03-19 16:26:00,2791,13.45,-7.285,-7.136,77.97,76.98,1.445,2.446,1.75,2.744,26.35,992.5334,8.76,10.43,282.5,276.8,-7.703,-6.235
2026-03-19 16:26:00,2791,13.45,-7.285,-7.136,77.97,76.98,1.445,2.446,1.75,2.744,26.35,992.5334,8.76,10.43,282.5,276.8,-7.703,-6.235
2026-03-19 16:27:00,2792,13.46,-7.243,-7.094,77.86,76.54,1.62,2.636,1.905,2.94,26.62,992.5095,8.64,10.35,282.6,276.6,-7.653,-6.208
2026-03-19 16:27:00,2792,13.46,-7.243,-7.094,77.86,76.54,1.62,2.636,1.905,2.94,26.62,992.5095,8.64,10.35,282.6,276.6,-7.653,-6.208
2026-03-19 16:28:00,2793,13.46,-7.195,-7.035,77.7,76.37,1.643,2.667,2.008,2.842,26.97,992.4958,8.62,10.33,282.7,276.0,-7.602,-6.176
2026-03-19 16:28:00,2793,13.46,-7.195,-7.035,77.7,76.37,1.643,2.667,2.008,2.842,26.97,992.4958,8.62,10.33,282.7,276.0,-7.602,-6.176
2026-03-19 16:29:00,2794,13.46,-7.146,-6.97,77.61,76.22,1.759,2.756,2.111,2.94,30.09,992.4692,8.56,10.21,282.8,275.0,-7.558,-6.152
2026-03-19 16:29:00,2794,13.46,-7.146,-6.97,77.61,76.22,1.759,2.756,2.111,2.94,30.09,992.4692,8.56,10.21,282.8,275.0,-7.558,-6.152
2026-03-19 16:30:00,2795,13.45,-7.089,-6.919,77.48,76.05,1.872,2.842,2.265,3.234,26.24,992.4512,8.45,10.05,282.8,273.8,-7.508,-6.13
2026-03-19 16:30:00,2795,13.45,-7.089,-6.919,77.48,76.05,1.872,2.842,2.265,3.234,26.24,992.4512,8.45,10.05,282.8,273.8,-7.508,-6.13
2026-03-19 16:31:00,2796,13.46,-7.053,-6.88,77.21,75.51,1.982,2.951,2.214,3.136,28.54,992.4294,8.33,9.9,282.8,272.5,-7.455,-6.105
2026-03-19 16:31:00,2796,13.46,-7.053,-6.88,77.21,75.51,1.982,2.951,2.214,3.136,28.54,992.4294,8.33,9.9,282.8,272.5,-7.455,-6.105
2026-03-19 16:32:00,2797,13.46,-7.03,-6.859,77.01,75.3,2.104,3.119,2.42,3.332,28.96,992.4125,8.28,9.83,282.7,270.7,-7.427,-6.087
2026-03-19 16:32:00,2797,13.46,-7.03,-6.859,77.01,75.3,2.104,3.119,2.42,3.332,28.96,992.4125,8.28,9.83,282.7,270.7,-7.427,-6.087
2026-03-19 16:33:00,2798,13.46,-7.017,-6.839,76.91,75.55,2.18,3.092,2.471,3.332,27.31,992.3887,8.05,9.49,282.5,268.8,-7.394,-6.071
2026-03-19 16:33:00,2798,13.46,-7.017,-6.839,76.91,75.55,2.18,3.092,2.471,3.332,27.31,992.3887,8.05,9.49,282.5,268.8,-7.394,-6.071
2026-03-19 16:34:00,2799,13.45,-7.001,-6.842,76.94,75.77,2.053,3.036,2.265,3.332,29.38,992.3929,8.0,9.26,282.4,267.0,-7.371,-6.06
2026-03-19 16:34:00,2799,13.45,-7.001,-6.842,76.94,75.77,2.053,3.036,2.265,3.332,29.38,992.3929,8.0,9.26,282.4,267.0,-7.371,-6.06
2026-03-19 16:35:00,2800,13.46,-7.001,-6.869,76.9,75.99,2.141,3.157,2.471,3.332,26.93,992.385,7.847,9.07,282.3,266.0,-7.348,-6.047
2026-03-19 16:35:00,2800,13.46,-7.001,-6.869,76.9,75.99,2.141,3.157,2.471,3.332,26.93,992.385,7.847,9.07,282.3,266.0,-7.348,-6.047
2026-03-19 16:36:00,2801,13.45,-7.02,-6.91,76.81,75.88,2.343,3.286,2.677,3.724,34.02,992.3958,7.755,8.9,282.2,265.9,-7.326,-6.04
2026-03-19 16:36:00,2801,13.45,-7.02,-6.91,76.81,75.88,2.343,3.286,2.677,3.724,34.02,992.3958,7.755,8.9,282.2,265.9,-7.326,-6.04
2026-03-19 16:37:00,2802,13.45,-7.066,-6.99,76.56,76.05,2.298,3.196,2.625,3.528,37.61,992.4148,7.755,8.9,282.2,266.8,-7.317,-6.034
2026-03-19 16:37:00,2802,13.45,-7.066,-6.99,76.56,76.05,2.298,3.196,2.625,3.528,37.61,992.4148,7.755,8.9,282.2,266.8,-7.317,-6.034
2026-03-19 16:38:00,2803,13.45,-7.131,-7.073,76.55,76.01,2.274,3.204,2.625,3.626,40.9,992.4423,7.617,8.76,282.0,267.5,-7.329,-6.032
2026-03-19 16:38:00,2803,13.45,-7.131,-7.073,76.55,76.01,2.274,3.204,2.625,3.626,40.9,992.4423,7.617,8.76,282.0,267.5,-7.329,-6.032
2026-03-19 16:39:00,2804,13.45,-7.176,-7.133,76.73,76.51,2.025,2.841,2.471,3.234,34.94,992.4587,7.482,8.69,282.0,268.0,-7.328,-6.031
2026-03-19 16:39:00,2804,13.45,-7.176,-7.133,76.73,76.51,2.025,2.841,2.471,3.234,34.94,992.4587,7.482,8.69,282.0,268.0,-7.328,-6.031
2026-03-19 16:40:00,2805,13.46,-7.199,-7.151,76.92,76.58,1.893,2.783,2.265,3.234,28.47,992.4633,7.511,8.73,281.9,267.1,-7.331,-6.032
2026-03-19 16:40:00,2805,13.46,-7.199,-7.151,76.92,76.58,1.893,2.783,2.265,3.234,28.47,992.4633,7.511,8.73,281.9,267.1,-7.331,-6.032
2026-03-19 16:41:00,2806,13.45,-7.212,-7.177,76.78,76.15,2.082,3.005,2.471,3.528,27.24,992.4523,7.502,8.77,281.7,264.7,-7.332,-6.028
2026-03-19 16:41:00,2806,13.45,-7.212,-7.177,76.78,76.15,2.082,3.005,2.471,3.528,27.24,992.4523,7.502,8.77,281.7,264.7,-7.332,-6.028
2026-03-19 16:42:00,2807,13.46,-7.256,-7.248,76.2,75.5,2.612,3.361,3.192,4.018,28.97,992.4384,7.473,8.62,281.4,260.4,-7.349,-6.032
2026-03-19 16:42:00,2807,13.46,-7.256,-7.248,76.2,75.5,2.612,3.361,3.192,4.018,28.97,992.4384,7.473,8.62,281.4,260.4,-7.349,-6.032
2026-03-19 16:43:00,2808,13.46,-7.402,-7.44,74.75,74.18,3.155,4.041,3.501,4.312,29.17,992.4166,7.397,8.4,280.5,254.6,-7.418,-6.039
2026-03-19 16:43:00,2808,13.46,-7.402,-7.44,74.75,74.18,3.155,4.041,3.501,4.312,29.17,992.4166,7.397,8.4,280.5,254.6,-7.418,-6.039
2026-03-19 16:44:00,2809,13.46,-7.695,-7.761,74.69,75.46,2.738,3.716,3.295,4.214,26.69,992.3999,6.652,7.419,279.2,249.1,-7.55,-6.067
2026-03-19 16:44:00,2809,13.46,-7.695,-7.761,74.69,75.46,2.738,3.716,3.295,4.214,26.69,992.3999,6.652,7.419,279.2,249.1,-7.55,-6.067
2026-03-19 16:45:00,2810,13.45,-7.95,-8.02,75.45,76.46,2.735,3.677,3.192,4.116,28.88,992.4071,6.019,6.517,278.4,245.8,-7.678,-6.123
2026-03-19 16:45:00,2810,13.45,-7.95,-8.02,75.45,76.46,2.735,3.677,3.192,4.116,28.88,992.4071,6.019,6.517,278.4,245.8,-7.678,-6.123
2026-03-19 16:46:00,2811,13.45,-8.14,-8.21,76.0,77.04,2.697,3.695,3.089,4.018,26.24,992.4279,5.745,6.042,277.8,245.1,-7.791,-6.187
2026-03-19 16:46:00,2811,13.45,-8.14,-8.21,76.0,77.04,2.697,3.695,3.089,4.018,26.24,992.4279,5.745,6.042,277.8,245.1,-7.791,-6.187
2026-03-19 16:47:00,2812,13.45,-8.28,-8.33,76.36,77.29,2.244,3.49,2.883,3.92,21.8,992.458,5.563,5.764,277.4,246.3,-7.897,-6.252
2026-03-19 16:47:00,2812,13.45,-8.28,-8.33,76.36,77.29,2.244,3.49,2.883,3.92,21.8,992.458,5.563,5.764,277.4,246.3,-7.897,-6.252
2026-03-19 16:48:00,2813,13.45,-8.38,-8.39,76.64,77.11,2.387,3.478,2.883,4.018,19.03,992.4903,5.472,5.669,277.2,248.2,-7.983,-6.306
2026-03-19 16:48:00,2813,13.45,-8.38,-8.39,76.64,77.11,2.387,3.478,2.883,4.018,19.03,992.4903,5.472,5.669,277.2,248.2,-7.983,-6.306
2026-03-19 16:49:00,2814,13.45,-8.45,-8.43,76.89,77.71,1.814,3.124,2.728,3.724,18.44,992.5022,5.462,5.663,277.0,249.2,-8.05,-6.353
2026-03-19 16:49:00,2814,13.45,-8.45,-8.43,76.89,77.71,1.814,3.124,2.728,3.724,18.44,992.5022,5.462,5.663,277.0,249.2,-8.05,-6.353
2026-03-19 16:50:00,2815,13.45,-8.5,-8.45,77.11,77.28,2.229,3.163,2.728,3.724,21.32,992.5203,5.448,5.629,277.0,249.3,-8.13,-6.403
2026-03-19 16:50:00,2815,13.45,-8.5,-8.45,77.11,77.28,2.229,3.163,2.728,3.724,21.32,992.5203,5.448,5.629,277.0,249.3,-8.13,-6.403
2026-03-19 16:51:00,2816,13.45,-8.53,-8.48,77.2,78.02,1.708,2.928,2.317,3.234,23.89,992.5034,5.444,5.597,276.7,248.1,-8.19,-6.439
2026-03-19 16:51:00,2816,13.45,-8.53,-8.48,77.2,78.02,1.708,2.928,2.317,3.234,23.89,992.5034,5.444,5.597,276.7,248.1,-8.19,-6.439
2026-03-19 16:52:00,2817,13.45,-8.56,-8.45,77.6,78.13,1.957,3.084,2.162,3.43,24.14,992.4988,5.204,5.368,276.4,246.1,-8.25,-6.478
2026-03-19 16:52:00,2817,13.45,-8.56,-8.45,77.6,78.13,1.957,3.084,2.162,3.43,24.14,992.4988,5.204,5.368,276.4,246.1,-8.25,-6.478
2026-03-19 16:53:00,2818,13.45,-8.55,-8.35,77.84,78.12,1.928,3.048,2.162,3.332,21.59,992.4851,5.17,5.189,276.0,242.9,-8.29,-6.509
2026-03-19 16:53:00,2818,13.45,-8.55,-8.35,77.84,78.12,1.928,3.048,2.162,3.332,21.59,992.4851,5.17,5.189,276.0,242.9,-8.29,-6.509
2026-03-19 16:54:00,2819,13.45,-8.51,-8.26,77.86,77.51,1.604,2.744,2.059,3.038,21.14,992.4719,5.175,5.147,275.6,239.8,-8.33,-6.54
2026-03-19 16:54:00,2819,13.45,-8.51,-8.26,77.86,77.51,1.604,2.744,2.059,3.038,21.14,992.4719,5.175,5.147,275.6,239.8,-8.33,-6.54
2026-03-19 16:55:00,2820,13.45,-8.49,-8.24,77.96,77.86,1.136,2.796,1.441,3.038,19.34,992.4654,5.142,4.836,275.1,237.5,-8.37,-6.569
2026-03-19 16:55:00,2820,13.45,-8.49,-8.24,77.96,77.86,1.136,2.796,1.441,3.038,19.34,992.4654,5.142,4.836,275.1,237.5,-8.37,-6.569
2026-03-19 16:56:00,2821,13.45,-8.45,-8.18,78.0,77.49,0.92,2.479,1.338,2.842,21.17,992.4476,5.141,4.649,274.7,235.6,-8.39,-6.594
2026-03-19 16:56:00,2821,13.45,-8.45,-8.18,78.0,77.49,0.92,2.479,1.338,2.842,21.17,992.4476,5.141,4.649,274.7,235.6,-8.39,-6.594
2026-03-19 16:57:00,2822,13.45,-8.41,-8.15,77.82,77.7,0.798,2.372,1.03,2.548,19.92,992.4402,5.17,4.577,274.1,233.9,-8.43,-6.615
2026-03-19 16:57:00,2822,13.45,-8.41,-8.15,77.82,77.7,0.798,2.372,1.03,2.548,19.92,992.4402,5.17,4.577,274.1,233.9,-8.43,-6.615
2026-03-19 16:58:00,2823,13.45,-8.39,-8.11,77.77,77.57,0.592,2.128,0.978,2.548,17.06,992.4441,5.16,4.437,273.5,232.7,-8.47,-6.641
2026-03-19 16:58:00,2823,13.45,-8.39,-8.11,77.77,77.57,0.592,2.128,0.978,2.548,17.06,992.4441,5.16,4.437,273.5,232.7,-8.47,-6.641
2026-03-19 16:59:00,2824,13.45,-8.38,-8.09,77.44,76.66,0.475,1.007,1.493,1.764,258.2,992.4633,5.265,4.399,272.6,231.2,-8.52,-6.659
2026-03-19 16:59:00,2824,13.45,-8.38,-8.09,77.44,76.66,0.475,1.007,1.493,1.764,258.2,992.4633,5.265,4.399,272.6,231.2,-8.52,-6.659
2026-03-19 17:00:00,2825,13.45,-8.48,-8.27,77.15,76.83,1.092,1.617,1.441,1.96,257.6,992.4686,5.086,4.195,271.8,230.2,-8.6,-6.695
2026-03-19 17:00:00,2825,13.45,-8.48,-8.27,77.15,76.83,1.092,1.617,1.441,1.96,257.6,992.4686,5.086,4.195,271.8,230.2,-8.6,-6.695
2026-03-19 17:01:00,2826,13.45,-8.51,-8.33,78.28,78.82,1.103,1.782,1.853,2.45,311.4,992.4641,4.366,3.514,272.2,233.0,-8.62,-6.756
2026-03-19 17:01:00,2826,13.45,-8.51,-8.33,78.28,78.82,1.103,1.782,1.853,2.45,311.4,992.4641,4.366,3.514,272.2,233.0,-8.62,-6.756
2026-03-19 17:02:00,2827,13.45,-8.32,-8.18,79.01,79.15,0.379,1.317,0.824,1.862,354.5,992.4627,5.129,4.311,273.6,237.1,-8.55,-6.802
2026-03-19 17:02:00,2827,13.45,-8.32,-8.18,79.01,79.15,0.379,1.317,0.824,1.862,354.5,992.4627,5.129,4.311,273.6,237.1,-8.55,-6.802
2026-03-19 17:03:00,2828,13.45,-8.11,-8.03,78.58,78.35,0.121,0.781,0.824,1.666,341.7,992.4704,5.767,5.024,274.0,239.5,-8.5,-6.799
2026-03-19 17:03:00,2828,13.45,-8.11,-8.03,78.58,78.35,0.121,0.781,0.824,1.666,341.7,992.4704,5.767,5.024,274.0,239.5,-8.5,-6.799
2026-03-19 17:04:00,2829,13.45,-7.969,-7.928,77.99,78.24,0.004,0.446,0.103,1.274,267.2,992.5016,5.793,5.065,273.3,241.2,-8.49,-6.779
2026-03-19 17:04:00,2829,13.45,-7.969,-7.928,77.99,78.24,0.004,0.446,0.103,1.274,267.2,992.5016,5.793,5.065,273.3,241.2,-8.49,-6.779
2026-03-19 17:05:00,2830,13.45,-7.896,-7.856,77.36,77.48,0.705,1.66,1.236,2.254,266.3,992.5317,5.473,4.793,273.1,242.6,-8.51,-6.767
2026-03-19 17:05:00,2830,13.45,-7.896,-7.856,77.36,77.48,0.705,1.66,1.236,2.254,266.3,992.5317,5.473,4.793,273.1,242.6,-8.51,-6.767
2026-03-19 17:06:00,2831,13.45,-7.887,-7.79,77.2,78.08,0.546,1.369,1.236,2.058,290.7,992.5445,5.248,4.682,273.3,245.6,-8.52,-6.766
2026-03-19 17:06:00,2831,13.45,-7.887,-7.79,77.2,78.08,0.546,1.369,1.236,2.058,290.7,992.5445,5.248,4.682,273.3,245.6,-8.52,-6.766
2026-03-19 17:07:00,2832,13.45,-7.787,-7.66,77.72,78.22,0.001,0.475,0.051,0.784,309.1,992.5398,4.745,4.281,273.4,249.3,-8.5,-6.77
2026-03-19 17:07:00,2832,13.45,-7.787,-7.66,77.72,78.22,0.001,0.475,0.051,0.784,309.1,992.5398,4.745,4.281,273.4,249.3,-8.5,-6.77
2026-03-19 17:08:00,2833,13.45,-7.631,-7.511,77.69,77.96,0.0,0.229,0.0,0.49,309.4,992.5488,4.939,4.604,273.8,252.4,-8.46,-6.762
2026-03-19 17:08:00,2833,13.45,-7.631,-7.511,77.69,77.96,0.0,0.229,0.0,0.49,309.4,992.5488,4.939,4.604,273.8,252.4,-8.46,-6.762
2026-03-19 17:09:00,2834,13.45,-7.48,-7.365,77.33,77.35,0.006,0.426,0.206,1.176,261.6,992.5726,4.955,4.726,274.0,254.5,-8.44,-6.751
2026-03-19 17:09:00,2834,13.45,-7.48,-7.365,77.33,77.35,0.006,0.426,0.206,1.176,261.6,992.5726,4.955,4.726,274.0,254.5,-8.44,-6.751
2026-03-19 17:10:00,2835,13.45,-7.416,-7.308,76.26,76.31,0.442,1.229,1.03,1.96,254.2,992.5975,4.702,4.63,274.5,256.3,-8.44,-6.738
2026-03-19 17:10:00,2835,13.45,-7.416,-7.308,76.26,76.31,0.442,1.229,1.03,1.96,254.2,992.5975,4.702,4.63,274.5,256.3,-8.44,-6.738
2026-03-19 17:11:00,2836,13.45,-7.392,-7.264,76.35,76.77,0.0,0.315,0.0,0.882,254.2,992.5972,4.303,4.304,274.9,260.1,-8.43,-6.731
2026-03-19 17:11:00,2836,13.45,-7.392,-7.264,76.35,76.77,0.0,0.315,0.0,0.882,254.2,992.5972,4.303,4.304,274.9,260.1,-8.43,-6.731
2026-03-19 17:12:00,2837,13.45,-7.304,-7.136,76.55,77.2,0.0,0.216,0.0,0.49,262.3,992.6001,4.303,4.37,275.4,264.1,-8.39,-6.718
2026-03-19 17:12:00,2837,13.45,-7.304,-7.136,76.55,77.2,0.0,0.216,0.0,0.49,262.3,992.6001,4.303,4.37,275.4,264.1,-8.39,-6.718
2026-03-19 17:13:00,2838,13.45,-7.197,-7.001,76.42,76.58,0.0,0.808,0.0,1.078,262.2,992.628,4.266,4.577,276.0,267.7,-8.37,-6.686
2026-03-19 17:13:00,2838,13.45,-7.197,-7.001,76.42,76.58,0.0,0.808,0.0,1.078,262.2,992.628,4.266,4.577,276.0,267.7,-8.37,-6.686
2026-03-19 17:14:00,2839,13.45,-7.112,-6.937,76.08,75.88,0.0,1.256,0.0,1.47,258.8,992.6545,4.165,4.595,276.8,270.7,-8.33,-6.654
2026-03-19 17:14:00,2839,13.45,-7.112,-6.937,76.08,75.88,0.0,1.256,0.0,1.47,258.8,992.6545,4.165,4.595,276.8,270.7,-8.33,-6.654
2026-03-19 17:15:00,2840,13.45,-7.06,-6.902,75.62,75.37,0.401,1.33,1.081,1.96,243.1,992.6775,3.811,4.414,277.7,273.3,-8.29,-6.626
2026-03-19 17:15:00,2840,13.45,-7.06,-6.902,75.62,75.37,0.401,1.33,1.081,1.96,243.1,992.6775,3.811,4.414,277.7,273.3,-8.29,-6.626
2026-03-19 17:16:00,2841,13.45,-7.081,-6.879,75.13,75.53,0.154,1.121,0.463,1.372,243.1,992.6962,3.882,4.585,278.6,275.2,-8.26,-6.601
2026-03-19 17:16:00,2841,13.45,-7.081,-6.879,75.13,75.53,0.154,1.121,0.463,1.372,243.1,992.6962,3.882,4.585,278.6,275.2,-8.26,-6.601
2026-03-19 17:17:00,2842,13.45,-7.141,-6.876,74.73,74.57,0.585,1.569,1.133,1.764,238.2,992.7278,3.72,4.444,279.1,275.6,-8.23,-6.57
2026-03-19 17:17:00,2842,13.45,-7.141,-6.876,74.73,74.57,0.585,1.569,1.133,1.764,238.2,992.7278,3.72,4.444,279.1,275.6,-8.23,-6.57
2026-03-19 17:18:00,2843,13.45,-7.261,-6.952,74.64,74.72,0.588,1.484,1.03,1.666,238.2,992.7497,3.342,4.113,279.4,275.9,-8.22,-6.535
2026-03-19 17:18:00,2843,13.45,-7.261,-6.952,74.64,74.72,0.588,1.484,1.03,1.666,238.2,992.7497,3.342,4.113,279.4,275.9,-8.22,-6.535
2026-03-19 17:19:00,2844,13.45,-7.346,-6.985,75.02,75.17,0.54,1.459,0.824,1.568,238.5,992.774,3.112,3.802,279.7,276.4,-8.22,-6.507
2026-03-19 17:19:00,2844,13.45,-7.346,-6.985,75.02,75.17,0.54,1.459,0.824,1.568,238.5,992.774,3.112,3.802,279.7,276.4,-8.22,-6.507
2026-03-19 17:20:00,2845,13.45,-7.405,-6.958,75.42,75.47,0.596,1.534,1.03,1.764,238.7,992.8027,2.931,3.586,279.9,276.9,-8.21,-6.478
2026-03-19 17:20:00,2845,13.45,-7.405,-6.958,75.42,75.47,0.596,1.534,1.03,1.764,238.7,992.8027,2.931,3.586,279.9,276.9,-8.21,-6.478
2026-03-19 17:21:00,2846,13.45,-7.403,-6.919,75.79,75.44,0.456,1.477,0.927,1.666,238.7,992.8182,2.791,3.442,280.2,277.6,-8.21,-6.448
2026-03-19 17:21:00,2846,13.45,-7.403,-6.919,75.79,75.44,0.456,1.477,0.927,1.666,238.7,992.8182,2.791,3.442,280.2,277.6,-8.21,-6.448
2026-03-19 17:22:00,2847,13.45,-7.431,-6.879,75.84,75.17,0.16,1.251,0.36,1.47,238.7,992.8304,2.724,3.394,280.5,278.2,-8.19,-6.424
2026-03-19 17:22:00,2847,13.45,-7.431,-6.879,75.84,75.17,0.16,1.251,0.36,1.47,238.7,992.8304,2.724,3.394,280.5,278.2,-8.19,-6.424
2026-03-19 17:23:00,2848,13.45,-7.449,-6.872,75.98,75.11,0.0,1.169,0.0,1.274,238.7,992.8245,2.604,3.26,280.7,278.3,-8.19,-6.399
2026-03-19 17:23:00,2848,13.45,-7.449,-6.872,75.98,75.11,0.0,1.169,0.0,1.274,238.7,992.8245,2.604,3.26,280.7,278.3,-8.19,-6.399
2026-03-19 17:24:00,2849,13.45,-7.436,-6.853,76.22,75.14,0.0,0.901,0.0,1.176,238.7,992.8072,2.547,3.184,280.9,277.6,-8.19,-6.369
2026-03-19 17:24:00,2849,13.45,-7.436,-6.853,76.22,75.14,0.0,0.901,0.0,1.176,238.7,992.8072,2.547,3.184,280.9,277.6,-8.19,-6.369
2026-03-19 17:25:00,2850,13.45,-7.394,-6.857,76.33,74.77,0.0,0.437,0.0,0.784,238.7,992.7971,2.508,3.126,281.0,276.0,-8.18,-6.339
2026-03-19 17:25:00,2850,13.45,-7.394,-6.857,76.33,74.77,0.0,0.437,0.0,0.784,238.7,992.7971,2.508,3.126,281.0,276.0,-8.18,-6.339
2026-03-19 17:26:00,2851,13.45,-7.37,-6.921,76.15,74.63,0.0,0.337,0.0,0.686,238.8,992.7734,2.57,3.112,281.0,273.5,-8.15,-6.31
2026-03-19 17:26:00,2851,13.45,-7.37,-6.921,76.15,74.63,0.0,0.337,0.0,0.686,238.8,992.7734,2.57,3.112,281.0,273.5,-8.15,-6.31
2026-03-19 17:27:00,2852,13.45,-7.389,-7.006,75.96,74.52,0.001,0.71,0.051,1.176,293.6,992.7693,2.675,3.097,280.7,269.9,-8.13,-6.284
2026-03-19 17:27:00,2852,13.45,-7.389,-7.006,75.96,74.52,0.001,0.71,0.051,1.176,293.6,992.7693,2.675,3.097,280.7,269.9,-8.13,-6.284
2026-03-19 17:28:00,2853,13.45,-7.469,-7.184,75.86,75.18,0.0,0.909,0.0,1.372,298.3,992.7513,2.68,2.916,280.2,266.6,-8.13,-6.268
2026-03-19 17:28:00,2853,13.45,-7.469,-7.184,75.86,75.18,0.0,0.909,0.0,1.372,298.3,992.7513,2.68,2.916,280.2,266.6,-8.13,-6.268
2026-03-19 17:29:00,2854,13.45,-7.573,-7.311,76.26,76.66,0.0,1.048,0.0,1.274,298.4,992.7476,2.538,2.615,279.8,264.4,-8.13,-6.257
2026-03-19 17:29:00,2854,13.45,-7.573,-7.311,76.26,76.66,0.0,1.048,0.0,1.274,298.4,992.7476,2.538,2.615,279.8,264.4,-8.13,-6.257
2026-03-19 17:30:00,2855,13.45,-7.643,-7.334,76.64,77.28,0.0,0.875,0.0,1.078,298.4,992.7458,2.446,2.432,279.4,262.9,-8.13,-6.248
2026-03-19 17:30:00,2855,13.45,-7.643,-7.334,76.64,77.28,0.0,0.875,0.0,1.078,298.4,992.7458,2.446,2.432,279.4,262.9,-8.13,-6.248
2026-03-19 17:31:00,2856,13.45,-7.66,-7.32,77.25,77.36,0.0,0.672,0.0,0.784,298.4,992.7427,2.441,2.17,279.1,262.9,-8.14,-6.243
2026-03-19 17:31:00,2856,13.45,-7.66,-7.32,77.25,77.36,0.0,0.672,0.0,0.784,298.4,992.7427,2.441,2.17,279.1,262.9,-8.14,-6.243
2026-03-19 17:32:00,2857,13.45,-7.627,-7.34,77.38,77.41,0.0,0.584,0.0,0.784,298.3,992.7587,2.441,2.154,279.0,264.5,-8.14,-6.238
2026-03-19 17:32:00,2857,13.45,-7.627,-7.34,77.38,77.41,0.0,0.584,0.0,0.784,298.3,992.7587,2.441,2.154,279.0,264.5,-8.14,-6.238
2026-03-19 17:33:00,2858,13.45,-7.622,-7.369,77.45,77.56,0.0,0.035,0.0,0.392,298.3,992.7647,2.398,2.145,279.1,266.6,-8.13,-6.225
2026-03-19 17:33:00,2858,13.45,-7.622,-7.369,77.45,77.56,0.0,0.035,0.0,0.392,298.3,992.7647,2.398,2.145,279.1,266.6,-8.13,-6.225
2026-03-19 17:34:00,2859,13.45,-7.628,-7.386,77.52,77.9,0.0,0.0,0.0,0.0,298.3,992.7659,2.274,1.997,279.3,267.6,-8.14,-6.217
2026-03-19 17:34:00,2859,13.45,-7.628,-7.386,77.52,77.9,0.0,0.0,0.0,0.0,298.3,992.7659,2.274,1.997,279.3,267.6,-8.14,-6.217
2026-03-19 17:35:00,2860,13.45,-7.627,-7.385,77.59,78.2,0.0,0.0,0.0,0.0,298.3,992.7766,2.231,1.925,279.4,267.5,-8.14,-6.193
2026-03-19 17:35:00,2860,13.45,-7.627,-7.385,77.59,78.2,0.0,0.0,0.0,0.0,298.3,992.7766,2.231,1.925,279.4,267.5,-8.14,-6.193
2026-03-19 17:36:00,2861,13.45,-7.622,-7.366,77.76,78.89,0.0,0.0,0.0,0.0,298.3,992.7851,2.155,1.867,279.4,267.9,-8.15,-6.181
2026-03-19 17:36:00,2861,13.45,-7.622,-7.366,77.76,78.89,0.0,0.0,0.0,0.0,298.3,992.7851,2.155,1.867,279.4,267.9,-8.15,-6.181
2026-03-19 17:37:00,2862,13.45,-7.596,-7.318,78.05,79.21,0.0,0.0,0.0,0.0,298.3,992.7759,2.154,1.857,279.5,269.3,-8.15,-6.162
2026-03-19 17:37:00,2862,13.45,-7.596,-7.318,78.05,79.21,0.0,0.0,0.0,0.0,298.3,992.7759,2.154,1.857,279.5,269.3,-8.15,-6.162
2026-03-19 17:38:00,2863,13.45,-7.563,-7.295,78.11,79.03,0.0,0.0,0.0,0.0,298.3,992.7715,2.078,1.79,279.8,270.7,-8.15,-6.14
2026-03-19 17:38:00,2863,13.45,-7.563,-7.295,78.11,79.03,0.0,0.0,0.0,0.0,298.3,992.7715,2.078,1.79,279.8,270.7,-8.15,-6.14
2026-03-19 17:39:00,2864,13.45,-7.557,-7.296,77.97,78.83,0.0,0.0,0.0,0.0,298.3,992.768,2.083,1.838,280.1,271.7,-8.14,-6.113
2026-03-19 17:39:00,2864,13.45,-7.557,-7.296,77.97,78.83,0.0,0.0,0.0,0.0,298.3,992.768,2.083,1.838,280.1,271.7,-8.14,-6.113
2026-03-19 17:40:00,2865,13.45,-7.607,-7.336,77.72,78.52,0.0,0.192,0.0,0.784,85.8,992.7612,1.92,1.8,280.4,272.6,-8.13,-6.093
2026-03-19 17:40:00,2865,13.45,-7.607,-7.336,77.72,78.52,0.0,0.192,0.0,0.784,85.8,992.7612,1.92,1.8,280.4,272.6,-8.13,-6.093
2026-03-19 17:41:00,2866,13.46,-7.656,-7.404,78.75,80.0,0.0,0.829,0.0,1.372,94.3,992.759,1.747,1.661,280.8,273.8,-8.09,-6.069
2026-03-19 17:41:00,2866,13.46,-7.656,-7.404,78.75,80.0,0.0,0.829,0.0,1.372,94.3,992.759,1.747,1.661,280.8,273.8,-8.09,-6.069
2026-03-19 17:42:00,2867,13.45,-7.556,-7.357,79.68,80.9,0.0,1.259,0.0,1.47,94.2,992.7488,1.972,1.942,281.4,275.2,-8.02,-6.05
2026-03-19 17:42:00,2867,13.45,-7.556,-7.357,79.68,80.9,0.0,1.259,0.0,1.47,94.2,992.7488,1.972,1.942,281.4,275.2,-8.02,-6.05
2026-03-19 17:43:00,2868,13.45,-7.373,-7.241,80.3,81.4,0.0,1.161,0.0,1.47,92.0,992.7338,2.23,2.263,282.1,276.4,-7.921,-6.027
2026-03-19 17:43:00,2868,13.45,-7.373,-7.241,80.3,81.4,0.0,1.161,0.0,1.47,92.0,992.7338,2.23,2.263,282.1,276.4,-7.921,-6.027
2026-03-19 17:44:00,2869,13.45,-7.185,-7.108,80.4,81.6,0.0,0.575,0.0,0.98,92.0,992.7176,2.556,2.617,282.5,276.7,-7.825,-6.006
2026-03-19 17:44:00,2869,13.45,-7.185,-7.108,80.4,81.6,0.0,0.575,0.0,0.98,92.0,992.7176,2.556,2.617,282.5,276.7,-7.825,-6.006
2026-03-19 17:45:00,2870,13.46,-7.027,-6.98,80.2,81.4,0.0,0.082,0.0,0.49,92.0,992.7024,2.938,3.039,282.9,276.1,-7.747,-5.978
2026-03-19 17:45:00,2870,13.46,-7.027,-6.98,80.2,81.4,0.0,0.082,0.0,0.49,92.0,992.7024,2.938,3.039,282.9,276.1,-7.747,-5.978
2026-03-19 17:46:00,2871,13.46,-6.913,-6.88,79.95,81.0,0.0,0.0,0.0,0.0,92.0,992.6968,3.021,3.103,283.0,274.9,-7.702,-5.943
2026-03-19 17:46:00,2871,13.46,-6.913,-6.88,79.95,81.0,0.0,0.0,0.0,0.0,92.0,992.6968,3.021,3.103,283.0,274.9,-7.702,-5.943
2026-03-19 17:47:00,2872,13.45,-6.826,-6.792,79.96,81.6,0.0,0.061,0.0,0.588,7.351,992.7076,2.868,2.896,283.0,273.2,-7.66,-5.912
2026-03-19 17:47:00,2872,13.45,-6.826,-6.792,79.96,81.6,0.0,0.061,0.0,0.588,7.351,992.7076,2.868,2.896,283.0,273.2,-7.66,-5.912
2026-03-19 17:48:00,2873,13.46,-6.717,-6.68,80.0,81.4,0.0,0.429,0.0,0.784,7.333,992.7158,2.872,2.853,283.0,271.9,-7.609,-5.889
2026-03-19 17:48:00,2873,13.46,-6.717,-6.68,80.0,81.4,0.0,0.429,0.0,0.784,7.333,992.7158,2.872,2.853,283.0,271.9,-7.609,-5.889
2026-03-19 17:49:00,2874,13.46,-6.627,-6.601,79.71,80.9,0.0,0.054,0.0,0.588,15.08,992.7129,2.883,2.815,282.8,272.0,-7.584,-5.86
2026-03-19 17:49:00,2874,13.46,-6.627,-6.601,79.71,80.9,0.0,0.054,0.0,0.588,15.08,992.7129,2.883,2.815,282.8,272.0,-7.584,-5.86
2026-03-19 17:50:00,2875,13.46,-6.595,-6.567,79.36,80.6,0.0,0.675,0.0,1.078,32.06,992.7172,2.59,2.433,282.8,272.2,-7.554,-5.84
2026-03-19 17:50:00,2875,13.46,-6.595,-6.567,79.36,80.6,0.0,0.675,0.0,1.078,32.06,992.7172,2.59,2.433,282.8,272.2,-7.554,-5.84
2026-03-19 17:51:00,2876,13.46,-6.586,-6.557,79.19,80.3,0.0,0.619,0.0,0.882,39.43,992.7122,2.466,2.279,282.8,272.2,-7.513,-5.823
2026-03-19 17:51:00,2876,13.46,-6.586,-6.557,79.19,80.3,0.0,0.619,0.0,0.882,39.43,992.7122,2.466,2.279,282.8,272.2,-7.513,-5.823
2026-03-19 17:52:00,2877,13.46,-6.581,-6.564,79.19,80.3,0.0,0.133,0.0,0.588,39.45,992.7049,2.398,2.198,282.8,271.9,-7.474,-5.814
2026-03-19 17:52:00,2877,13.46,-6.581,-6.564,79.19,80.3,0.0,0.133,0.0,0.588,39.45,992.7049,2.398,2.198,282.8,271.9,-7.474,-5.814
2026-03-19 17:53:00,2878,13.45,-6.57,-6.562,79.11,80.2,0.0,0.0,0.0,0.0,39.46,992.7061,2.361,2.093,282.6,271.7,-7.468,-5.804
2026-03-19 17:53:00,2878,13.45,-6.57,-6.562,79.11,80.2,0.0,0.0,0.0,0.0,39.46,992.7061,2.361,2.093,282.6,271.7,-7.468,-5.804
2026-03-19 17:54:00,2879,13.45,-6.575,-6.582,79.0,80.3,0.0,0.0,0.0,0.0,39.46,992.7112,2.226,1.891,282.6,272.1,-7.456,-5.785
2026-03-19 17:54:00,2879,13.45,-6.575,-6.582,79.0,80.3,0.0,0.0,0.0,0.0,39.46,992.7112,2.226,1.891,282.6,272.1,-7.456,-5.785
2026-03-19 17:55:00,2880,13.46,-6.587,-6.6,79.05,80.5,0.0,0.0,0.0,0.0,39.46,992.7216,2.078,1.748,282.6,272.8,-7.435,-5.77
2026-03-19 17:55:00,2880,13.46,-6.587,-6.6,79.05,80.5,0.0,0.0,0.0,0.0,39.46,992.7216,2.078,1.748,282.6,272.8,-7.435,-5.77
2026-03-19 17:56:00,2881,13.46,-6.593,-6.614,78.98,80.4,0.0,0.544,0.0,0.882,31.4,992.7499,2.001,1.714,282.8,273.1,-7.411,-5.755
2026-03-19 17:56:00,2881,13.46,-6.593,-6.614,78.98,80.4,0.0,0.544,0.0,0.882,31.4,992.7499,2.001,1.714,282.8,273.1,-7.411,-5.755
2026-03-19 17:57:00,2882,13.46,-6.627,-6.647,78.94,79.96,0.002,0.686,0.051,1.078,31.4,992.7599,1.877,1.652,282.8,273.3,-7.404,-5.744
2026-03-19 17:57:00,2882,13.46,-6.627,-6.647,78.94,79.96,0.002,0.686,0.051,1.078,31.4,992.7599,1.877,1.652,282.8,273.3,-7.404,-5.744
2026-03-19 17:58:00,2883,13.46,-6.712,-6.715,78.25,79.14,0.001,0.999,0.051,1.372,31.39,992.7635,1.609,1.412,282.8,273.0,-7.412,-5.734
2026-03-19 17:58:00,2883,13.46,-6.712,-6.715,78.25,79.14,0.001,0.999,0.051,1.372,31.39,992.7635,1.609,1.412,282.8,273.0,-7.412,-5.734
2026-03-19 17:59:00,2884,13.46,-6.848,-6.812,78.06,78.75,0.0,1.304,0.0,1.47,31.53,992.757,1.365,1.149,282.8,272.7,-7.412,-5.739
2026-03-19 17:59:00,2884,13.46,-6.848,-6.812,78.06,78.75,0.0,1.304,0.0,1.47,31.53,992.757,1.365,1.149,282.8,272.7,-7.412,-5.739
2026-03-19 18:00:00,2885,13.46,-6.946,-6.879,78.27,79.05,0.0,1.087,0.0,1.372,32.27,992.7528,1.236,0.991,282.7,272.5,-7.412,-5.747
2026-03-19 18:00:00,2885,13.46,-6.946,-6.879,78.27,79.05,0.0,1.087,0.0,1.372,32.27,992.7528,1.236,0.991,282.7,272.5,-7.412,-5.747
2026-03-19 18:01:00,2886,13.46,-6.989,-6.901,78.59,79.26,0.0,0.649,0.0,0.784,42.5,992.7547,1.149,0.877,282.7,272.8,-7.407,-5.756
2026-03-19 18:01:00,2886,13.46,-6.989,-6.901,78.59,79.26,0.0,0.649,0.0,0.784,42.5,992.7547,1.149,0.877,282.7,272.8,-7.407,-5.756
2026-03-19 18:02:00,2887,13.46,-6.984,-6.897,78.69,79.39,0.0,0.485,0.0,0.686,42.51,992.7484,1.149,0.848,282.8,273.2,-7.4,-5.764
2026-03-19 18:02:00,2887,13.46,-6.984,-6.897,78.69,79.39,0.0,0.485,0.0,0.686,42.51,992.7484,1.149,0.848,282.8,273.2,-7.4,-5.764
2026-03-19 18:03:00,2888,13.45,-6.965,-6.88,78.85,79.55,0.0,0.073,0.0,0.392,42.51,992.7622,1.158,0.837,282.8,274.1,-7.398,-5.763
2026-03-19 18:03:00,2888,13.45,-6.965,-6.88,78.85,79.55,0.0,0.073,0.0,0.392,42.51,992.7622,1.158,0.837,282.8,274.1,-7.398,-5.763
2026-03-19 18:04:00,2889,13.45,-6.926,-6.852,79.08,79.59,0.0,0.0,0.0,0.0,42.51,992.7798,1.144,0.79,283.0,275.5,-7.393,-5.76
2026-03-19 18:04:00,2889,13.45,-6.926,-6.852,79.08,79.59,0.0,0.0,0.0,0.0,42.51,992.7798,1.144,0.79,283.0,275.5,-7.393,-5.76
2026-03-19 18:05:00,2890,13.46,-6.879,-6.825,79.18,79.62,0.0,0.0,0.0,0.0,42.49,992.7998,1.101,0.77,283.2,277.2,-7.387,-5.747
2026-03-19 18:05:00,2890,13.46,-6.879,-6.825,79.18,79.62,0.0,0.0,0.0,0.0,42.49,992.7998,1.101,0.77,283.2,277.2,-7.387,-5.747
2026-03-19 18:06:00,2891,13.46,-6.837,-6.795,79.21,79.78,0.0,0.0,0.0,0.0,42.14,992.8163,1.14,0.871,283.5,278.5,-7.381,-5.732
2026-03-19 18:06:00,2891,13.46,-6.837,-6.795,79.21,79.78,0.0,0.0,0.0,0.0,42.14,992.8163,1.14,0.871,283.5,278.5,-7.381,-5.732
2026-03-19 18:07:00,2892,13.46,-6.796,-6.771,79.2,80.0,0.0,0.14,0.0,0.686,32.95,992.8219,1.058,0.876,283.8,279.3,-7.372,-5.716
2026-03-19 18:07:00,2892,13.46,-6.796,-6.771,79.2,80.0,0.0,0.14,0.0,0.686,32.95,992.8219,1.058,0.876,283.8,279.3,-7.372,-5.716
2026-03-19 18:08:00,2893,13.45,-6.767,-6.752,78.82,78.73,0.0,1.008,0.0,1.372,22.79,992.8265,1.005,0.976,284.0,279.8,-7.358,-5.701
2026-03-19 18:08:00,2893,13.45,-6.767,-6.752,78.82,78.73,0.0,1.008,0.0,1.372,22.79,992.8265,1.005,0.976,284.0,279.8,-7.358,-5.701
2026-03-19 18:09:00,2894,13.45,-6.771,-6.765,78.25,77.91,0.0,1.129,0.0,1.274,22.85,992.8166,1.005,1.0,284.2,280.1,-7.334,-5.688
2026-03-19 18:09:00,2894,13.45,-6.771,-6.765,78.25,77.91,0.0,1.129,0.0,1.274,22.85,992.8166,1.005,1.0,284.2,280.1,-7.334,-5.688
2026-03-19 18:10:00,2895,13.46,-6.796,-6.783,77.96,77.1,0.0,0.899,0.0,1.078,23.15,992.8149,1.091,1.039,284.4,280.5,-7.311,-5.685
2026-03-19 18:10:00,2895,13.46,-6.796,-6.783,77.96,77.1,0.0,0.899,0.0,1.078,23.15,992.8149,1.091,1.039,284.4,280.5,-7.311,-5.685
2026-03-19 18:11:00,2896,13.46,-6.814,-6.757,77.62,76.88,0.0,0.835,0.0,1.078,23.16,992.8079,1.144,1.101,284.5,280.7,-7.29,-5.677
2026-03-19 18:11:00,2896,13.46,-6.814,-6.757,77.62,76.88,0.0,0.835,0.0,1.078,23.16,992.8079,1.144,1.101,284.5,280.7,-7.29,-5.677
2026-03-19 18:12:00,2897,13.46,-6.825,-6.701,77.41,77.16,0.0,0.69,0.0,0.98,31.68,992.8154,1.072,1.048,284.6,281.1,-7.273,-5.673
2026-03-19 18:12:00,2897,13.46,-6.825,-6.701,77.41,77.16,0.0,0.69,0.0,0.98,31.68,992.8154,1.072,1.048,284.6,281.1,-7.273,-5.673
2026-03-19 18:13:00,2898,13.46,-6.832,-6.641,77.34,76.85,0.0,0.515,0.0,0.784,31.98,992.814,1.005,1.005,284.7,281.5,-7.257,-5.664
2026-03-19 18:13:00,2898,13.46,-6.832,-6.641,77.34,76.85,0.0,0.515,0.0,0.784,31.98,992.814,1.005,1.005,284.7,281.5,-7.257,-5.664
2026-03-19 18:14:00,2899,13.46,-6.829,-6.597,77.48,77.1,0.0,0.149,0.0,0.392,31.98,992.8116,1.063,1.01,284.9,282.1,-7.238,-5.645
2026-03-19 18:14:00,2899,13.46,-6.829,-6.597,77.48,77.1,0.0,0.149,0.0,0.392,31.98,992.8116,1.063,1.01,284.9,282.1,-7.238,-5.645
2026-03-19 18:15:00,2900,13.46,-6.81,-6.54,77.66,77.17,0.0,0.066,0.0,0.392,31.96,992.8137,1.039,1.005,285.0,282.5,-7.23,-5.626
2026-03-19 18:15:00,2900,13.46,-6.81,-6.54,77.66,77.17,0.0,0.066,0.0,0.392,31.96,992.8137,1.039,1.005,285.0,282.5,-7.23,-5.626
2026-03-19 18:16:00,2901,13.46,-6.779,-6.486,77.88,77.16,0.0,0.06,0.0,0.392,31.96,992.8065,0.976,0.981,285.2,282.9,-7.213,-5.602
2026-03-19 18:16:00,2901,13.46,-6.779,-6.486,77.88,77.16,0.0,0.06,0.0,0.392,31.96,992.8065,0.976,0.981,285.2,282.9,-7.213,-5.602
2026-03-19 18:17:00,2902,13.46,-6.739,-6.422,78.13,76.85,0.0,0.028,0.0,0.392,31.97,992.8074,0.962,0.948,285.4,283.1,-7.201,-5.582
2026-03-19 18:17:00,2902,13.46,-6.739,-6.422,78.13,76.85,0.0,0.028,0.0,0.392,31.97,992.8074,0.962,0.948,285.4,283.1,-7.201,-5.582
2026-03-19 18:18:00,2903,13.46,-6.673,-6.343,78.29,76.49,0.0,0.0,0.0,0.0,31.93,992.8162,0.986,0.967,285.5,283.4,-7.184,-5.563
2026-03-19 18:18:00,2903,13.46,-6.673,-6.343,78.29,76.49,0.0,0.0,0.0,0.0,31.93,992.8162,0.986,0.967,285.5,283.4,-7.184,-5.563
2026-03-19 18:19:00,2904,13.46,-6.608,-6.279,78.34,76.37,0.0,0.013,0.0,0.392,31.76,992.8219,1.057,1.039,285.6,283.7,-7.16,-5.544
2026-03-19 18:19:00,2904,13.46,-6.608,-6.279,78.34,76.37,0.0,0.013,0.0,0.392,31.76,992.8219,1.057,1.039,285.6,283.7,-7.16,-5.544
2026-03-19 18:20:00,2905,13.46,-6.537,-6.23,78.25,76.11,0.0,0.0,0.0,0.0,31.76,992.8217,1.149,1.158,285.9,283.9,-7.134,-5.529
2026-03-19 18:20:00,2905,13.46,-6.537,-6.23,78.25,76.11,0.0,0.0,0.0,0.0,31.76,992.8217,1.149,1.158,285.9,283.9,-7.134,-5.529
2026-03-19 18:21:00,2906,13.46,-6.477,-6.2,78.09,76.12,0.0,0.0,0.0,0.0,31.76,992.8079,1.221,1.278,286.1,283.9,-7.109,-5.51
2026-03-19 18:21:00,2906,13.46,-6.477,-6.2,78.09,76.12,0.0,0.0,0.0,0.0,31.76,992.8079,1.221,1.278,286.1,283.9,-7.109,-5.51
2026-03-19 18:22:00,2907,13.45,-6.428,-6.17,77.93,76.11,0.0,0.0,0.0,0.0,31.76,992.7976,1.168,1.293,286.3,283.8,-7.087,-5.489
2026-03-19 18:22:00,2907,13.45,-6.428,-6.17,77.93,76.11,0.0,0.0,0.0,0.0,31.76,992.7976,1.168,1.293,286.3,283.8,-7.087,-5.489
2026-03-19 18:23:00,2908,13.46,-6.386,-6.147,77.79,76.09,0.0,0.0,0.0,0.0,31.76,992.7797,1.149,1.187,286.3,283.5,-7.085,-5.463
2026-03-19 18:23:00,2908,13.46,-6.386,-6.147,77.79,76.09,0.0,0.0,0.0,0.0,31.76,992.7797,1.149,1.187,286.3,283.5,-7.085,-5.463
2026-03-19 18:24:00,2909,13.46,-6.348,-6.129,77.67,75.83,0.0,0.0,0.0,0.0,31.6,992.7728,1.149,1.183,286.4,283.5,-7.068,-5.444
2026-03-19 18:24:00,2909,13.46,-6.348,-6.129,77.67,75.83,0.0,0.0,0.0,0.0,31.6,992.7728,1.149,1.183,286.4,283.5,-7.068,-5.444
2026-03-19 18:25:00,2910,13.46,-6.313,-6.111,77.54,75.58,0.0,0.0,0.0,0.0,31.6,992.7754,1.149,1.149,286.4,283.6,-7.06,-5.43
2026-03-19 18:25:00,2910,13.46,-6.313,-6.111,77.54,75.58,0.0,0.0,0.0,0.0,31.6,992.7754,1.149,1.149,286.4,283.6,-7.06,-5.43
2026-03-19 18:26:00,2911,13.46,-6.284,-6.096,77.38,75.38,0.0,0.0,0.0,0.0,31.6,992.7839,1.149,1.135,286.5,283.7,-7.049,-5.412
2026-03-19 18:26:00,2911,13.46,-6.284,-6.096,77.38,75.38,0.0,0.0,0.0,0.0,31.6,992.7839,1.149,1.135,286.5,283.7,-7.049,-5.412
2026-03-19 18:27:00,2912,13.46,-6.257,-6.085,77.24,75.23,0.0,0.0,0.0,0.0,31.61,992.7888,1.149,1.082,286.5,283.8,-7.039,-5.391
2026-03-19 18:27:00,2912,13.46,-6.257,-6.085,77.24,75.23,0.0,0.0,0.0,0.0,31.61,992.7888,1.149,1.082,286.5,283.8,-7.039,-5.391
2026-03-19 18:28:00,2913,13.46,-6.24,-6.072,77.17,75.12,0.0,0.0,0.0,0.0,31.62,992.7879,1.149,1.101,286.5,283.8,-7.02,-5.371
2026-03-19 18:28:00,2913,13.46,-6.24,-6.072,77.17,75.12,0.0,0.0,0.0,0.0,31.62,992.7879,1.149,1.101,286.5,283.8,-7.02,-5.371
2026-03-19 18:29:00,2914,13.46,-6.221,-6.066,77.1,74.96,0.0,0.0,0.0,0.0,31.62,992.7695,1.149,1.106,286.5,283.8,-7.004,-5.359
2026-03-19 18:29:00,2914,13.46,-6.221,-6.066,77.1,74.96,0.0,0.0,0.0,0.0,31.62,992.7695,1.149,1.106,286.5,283.8,-7.004,-5.359
2026-03-19 18:30:00,2915,13.46,-6.206,-6.06,77.01,74.85,0.0,0.0,0.0,0.0,31.62,992.7592,1.149,1.139,286.5,283.9,-6.985,-5.344
2026-03-19 18:30:00,2915,13.46,-6.206,-6.06,77.01,74.85,0.0,0.0,0.0,0.0,31.62,992.7592,1.149,1.139,286.5,283.9,-6.985,-5.344
2026-03-19 18:31:00,2916,13.46,-6.194,-6.052,76.92,74.8,0.0,0.0,0.0,0.0,31.62,992.7534,1.078,1.059,286.5,283.7,-6.97,-5.336
2026-03-19 18:31:00,2916,13.46,-6.194,-6.052,76.92,74.8,0.0,0.0,0.0,0.0,31.62,992.7534,1.078,1.059,286.5,283.7,-6.97,-5.336
2026-03-19 18:32:00,2917,13.46,-6.185,-6.049,76.81,74.79,0.0,0.0,0.0,0.0,31.6,992.7357,1.052,1.019,286.5,283.5,-6.947,-5.328
2026-03-19 18:32:00,2917,13.46,-6.185,-6.049,76.81,74.79,0.0,0.0,0.0,0.0,31.6,992.7357,1.052,1.019,286.5,283.5,-6.947,-5.328
2026-03-19 18:33:00,2918,13.46,-6.178,-6.056,76.68,74.7,0.0,0.0,0.0,0.0,31.61,992.7068,1.043,1.015,286.6,283.5,-6.933,-5.32
2026-03-19 18:33:00,2918,13.46,-6.178,-6.056,76.68,74.7,0.0,0.0,0.0,0.0,31.61,992.7068,1.043,1.015,286.6,283.5,-6.933,-5.32
2026-03-19 18:34:00,2919,13.46,-6.173,-6.069,76.54,74.73,0.0,0.0,0.0,0.0,31.61,992.6728,1.121,1.034,286.6,283.3,-6.917,-5.311
2026-03-19 18:34:00,2919,13.46,-6.173,-6.069,76.54,74.73,0.0,0.0,0.0,0.0,31.61,992.6728,1.121,1.034,286.6,283.3,-6.917,-5.311
2026-03-19 18:35:00,2920,13.46,-6.164,-6.086,76.41,74.88,0.0,0.0,0.0,0.0,31.61,992.6576,1.148,1.106,286.6,282.8,-6.898,-5.306
2026-03-19 18:35:00,2920,13.46,-6.164,-6.086,76.41,74.88,0.0,0.0,0.0,0.0,31.61,992.6576,1.148,1.106,286.6,282.8,-6.898,-5.306
2026-03-19 18:36:00,2921,13.46,-6.156,-6.104,76.32,75.07,0.0,0.0,0.0,0.0,31.61,992.6476,1.149,1.096,286.6,282.4,-6.872,-5.299
2026-03-19 18:36:00,2921,13.46,-6.156,-6.104,76.32,75.07,0.0,0.0,0.0,0.0,31.61,992.6476,1.149,1.096,286.6,282.4,-6.872,-5.299
2026-03-19 18:37:00,2922,13.46,-6.154,-6.12,76.24,75.17,0.0,0.0,0.0,0.0,31.61,992.6536,1.153,1.039,286.6,282.2,-6.856,-5.29
2026-03-19 18:37:00,2922,13.46,-6.154,-6.12,76.24,75.17,0.0,0.0,0.0,0.0,31.61,992.6536,1.153,1.039,286.6,282.2,-6.856,-5.29
2026-03-19 18:38:00,2923,13.46,-6.147,-6.123,76.17,75.23,0.0,0.0,0.0,0.0,31.61,992.6763,1.13,0.977,286.5,282.4,-6.842,-5.28
2026-03-19 18:38:00,2923,13.46,-6.147,-6.123,76.17,75.23,0.0,0.0,0.0,0.0,31.61,992.6763,1.13,0.977,286.5,282.4,-6.842,-5.28
2026-03-19 18:39:00,2924,13.46,-6.146,-6.134,76.19,75.34,0.0,0.0,0.0,0.0,31.61,992.6989,1.053,0.866,286.6,282.8,-6.817,-5.277
2026-03-19 18:39:00,2924,13.46,-6.146,-6.134,76.19,75.34,0.0,0.0,0.0,0.0,31.61,992.6989,1.053,0.866,286.6,282.8,-6.817,-5.277
2026-03-19 18:40:00,2925,13.46,-6.152,-6.15,76.35,75.57,0.0,0.0,0.0,0.0,31.62,992.723,0.986,0.862,286.6,282.8,-6.802,-5.27
2026-03-19 18:40:00,2925,13.46,-6.152,-6.15,76.35,75.57,0.0,0.0,0.0,0.0,31.62,992.723,0.986,0.862,286.6,282.8,-6.802,-5.27
2026-03-19 18:41:00,2926,13.46,-6.162,-6.158,76.37,75.5,0.0,0.0,0.0,0.0,31.61,992.7485,0.862,0.757,286.6,282.6,-6.788,-5.268
2026-03-19 18:41:00,2926,13.46,-6.162,-6.158,76.37,75.5,0.0,0.0,0.0,0.0,31.61,992.7485,0.862,0.757,286.6,282.6,-6.788,-5.268
2026-03-19 18:42:00,2927,13.46,-6.172,-6.173,76.22,75.55,0.0,0.0,0.0,0.0,31.61,992.7503,0.948,0.751,286.7,282.7,-6.769,-5.263
2026-03-19 18:42:00,2927,13.46,-6.172,-6.173,76.22,75.55,0.0,0.0,0.0,0.0,31.61,992.7503,0.948,0.751,286.7,282.7,-6.769,-5.263
2026-03-19 18:43:00,2928,13.46,-6.172,-6.186,76.11,75.59,0.0,0.0,0.0,0.0,31.46,992.7599,0.909,0.718,286.8,282.9,-6.741,-5.257
2026-03-19 18:43:00,2928,13.46,-6.172,-6.186,76.11,75.59,0.0,0.0,0.0,0.0,31.46,992.7599,0.909,0.718,286.8,282.9,-6.741,-5.257
2026-03-19 18:44:00,2929,13.46,-6.19,-6.212,76.36,75.99,0.001,0.0,0.051,0.0,31.33,992.7708,0.814,0.69,286.6,283.1,-6.731,-5.248
2026-03-19 18:44:00,2929,13.46,-6.19,-6.212,76.36,75.99,0.001,0.0,0.051,0.0,31.33,992.7708,0.814,0.69,286.6,283.1,-6.731,-5.248
2026-03-19 18:45:00,2930,13.46,-6.23,-6.243,76.55,76.16,0.0,0.0,0.0,0.0,31.33,992.7894,0.656,0.479,286.5,283.4,-6.744,-5.252
2026-03-19 18:45:00,2930,13.46,-6.23,-6.243,76.55,76.16,0.0,0.0,0.0,0.0,31.33,992.7894,0.656,0.479,286.5,283.4,-6.744,-5.252
2026-03-19 18:46:00,2931,13.46,-6.255,-6.249,76.63,76.26,0.0,0.0,0.0,0.0,31.34,992.8002,0.418,0.307,286.5,283.7,-6.744,-5.261
2026-03-19 18:46:00,2931,13.46,-6.255,-6.249,76.63,76.26,0.0,0.0,0.0,0.0,31.34,992.8002,0.418,0.307,286.5,283.7,-6.744,-5.261
2026-03-19 18:47:00,2932,13.46,-6.262,-6.249,76.61,76.39,0.0,0.0,0.0,0.0,31.34,992.8024,0.316,0.215,286.5,283.7,-6.747,-5.268
2026-03-19 18:47:00,2932,13.46,-6.262,-6.249,76.61,76.39,0.0,0.0,0.0,0.0,31.34,992.8024,0.316,0.215,286.5,283.7,-6.747,-5.268
2026-03-19 18:48:00,2933,13.46,-6.269,-6.246,76.57,76.39,0.0,0.124,0.0,1.078,248.2,992.8273,0.425,0.358,286.5,283.5,-6.74,-5.271
2026-03-19 18:48:00,2933,13.46,-6.269,-6.246,76.57,76.39,0.0,0.124,0.0,1.078,248.2,992.8273,0.425,0.358,286.5,283.5,-6.74,-5.271
2026-03-19 18:49:00,2934,13.46,-6.38,-6.341,76.83,77.2,0.248,1.396,0.978,1.666,248.5,992.8414,0.34,0.249,286.4,283.3,-6.743,-5.274
2026-03-19 18:49:00,2934,13.46,-6.38,-6.341,76.83,77.2,0.248,1.396,0.978,1.666,248.5,992.8414,0.34,0.249,286.4,283.3,-6.743,-5.274
2026-03-19 18:50:00,2935,13.46,-6.535,-6.507,77.44,78.2,0.313,0.709,0.875,1.568,248.3,992.8552,0.163,0.063,286.3,283.8,-6.763,-5.287
2026-03-19 18:50:00,2935,13.46,-6.535,-6.507,77.44,78.2,0.313,0.709,0.875,1.568,248.3,992.8552,0.163,0.063,286.3,283.8,-6.763,-5.287
2026-03-19 18:51:00,2936,13.46,-6.58,-6.539,78.0,78.71,0.0,0.0,0.0,0.0,248.3,992.8673,0.106,0.061,286.4,284.5,-6.747,-5.299
2026-03-19 18:51:00,2936,13.46,-6.58,-6.539,78.0,78.71,0.0,0.0,0.0,0.0,248.3,992.8673,0.106,0.061,286.4,284.5,-6.747,-5.299
2026-03-19 18:52:00,2937,13.45,-6.523,-6.5,78.23,78.82,0.0,0.002,0.0,0.098,248.3,992.8875,0.249,0.21,286.5,284.5,-6.736,-5.309
2026-03-19 18:52:00,2937,13.45,-6.523,-6.5,78.23,78.82,0.0,0.002,0.0,0.098,248.3,992.8875,0.249,0.21,286.5,284.5,-6.736,-5.309
2026-03-19 18:53:00,2938,13.46,-6.493,-6.489,78.1,78.55,0.01,0.859,0.309,1.274,248.2,992.8911,0.449,0.45,286.5,283.9,-6.727,-5.317
2026-03-19 18:53:00,2938,13.46,-6.493,-6.489,78.1,78.55,0.01,0.859,0.309,1.274,248.2,992.8911,0.449,0.45,286.5,283.9,-6.727,-5.317
2026-03-19 18:54:00,2939,13.45,-6.584,-6.585,78.17,79.02,0.02,0.589,0.206,1.176,248.2,992.9064,0.365,0.293,286.4,283.7,-6.737,-5.315
2026-03-19 18:54:00,2939,13.45,-6.584,-6.585,78.17,79.02,0.02,0.589,0.206,1.176,248.2,992.9064,0.365,0.293,286.4,283.7,-6.737,-5.315
2026-03-19 18:55:00,2940,13.46,-6.651,-6.621,78.44,79.29,0.0,0.0,0.0,0.0,248.2,992.9062,0.254,0.092,286.4,283.4,-6.743,-5.325
2026-03-19 18:55:00,2940,13.46,-6.651,-6.621,78.44,79.29,0.0,0.0,0.0,0.0,248.2,992.9062,0.254,0.092,286.4,283.4,-6.743,-5.325
2026-03-19 18:56:00,2941,13.45,-6.691,-6.641,78.59,79.32,0.0,0.0,0.0,0.0,248.2,992.9029,0.149,0.0,286.4,283.0,-6.745,-5.33
2026-03-19 18:56:00,2941,13.45,-6.691,-6.641,78.59,79.32,0.0,0.0,0.0,0.0,248.2,992.9029,0.149,0.0,286.4,283.0,-6.745,-5.33
2026-03-19 18:57:00,2942,13.46,-6.72,-6.677,78.75,79.42,0.0,0.0,0.0,0.0,248.2,992.9079,0.105,-0.005,286.4,282.7,-6.756,-5.337
2026-03-19 18:57:00,2942,13.46,-6.72,-6.677,78.75,79.42,0.0,0.0,0.0,0.0,248.2,992.9079,0.105,-0.005,286.4,282.7,-6.756,-5.337
2026-03-19 18:58:00,2943,13.46,-6.74,-6.719,78.89,79.61,0.0,0.0,0.0,0.0,248.2,992.9266,0.062,-0.028,286.3,282.2,-6.765,-5.33
2026-03-19 18:58:00,2943,13.46,-6.74,-6.719,78.89,79.61,0.0,0.0,0.0,0.0,248.2,992.9266,0.062,-0.028,286.3,282.2,-6.765,-5.33
2026-03-19 18:59:00,2944,13.45,-6.756,-6.762,79.06,79.84,0.0,0.0,0.0,0.0,248.2,992.9406,0.115,-0.077,286.3,282.2,-6.775,-5.332
2026-03-19 18:59:00,2944,13.45,-6.756,-6.762,79.06,79.84,0.0,0.0,0.0,0.0,248.2,992.9406,0.115,-0.077,286.3,282.2,-6.775,-5.332
2026-03-19 19:00:00,2945,13.46,-6.771,-6.791,79.19,80.1,0.0,0.0,0.0,0.0,248.2,992.9469,0.115,-0.086,286.3,282.3,-6.781,-5.326
2026-03-19 19:00:00,2945,13.46,-6.771,-6.791,79.19,80.1,0.0,0.0,0.0,0.0,248.2,992.9469,0.115,-0.086,286.3,282.3,-6.781,-5.326
2026-03-19 19:01:00,2946,13.46,-6.778,-6.797,79.38,80.4,0.0,0.0,0.0,0.0,248.2,992.9478,0.13,-0.091,286.4,282.4,-6.782,-5.323
2026-03-19 19:01:00,2946,13.46,-6.778,-6.797,79.38,80.4,0.0,0.0,0.0,0.0,248.2,992.9478,0.13,-0.091,286.4,282.4,-6.782,-5.323
2026-03-19 19:02:00,2947,13.46,-6.772,-6.77,79.52,80.5,0.0,0.0,0.0,0.0,253.4,992.9435,0.225,-0.01,286.5,282.3,-6.785,-5.32
2026-03-19 19:02:00,2947,13.46,-6.772,-6.77,79.52,80.5,0.0,0.0,0.0,0.0,253.4,992.9435,0.225,-0.01,286.5,282.3,-6.785,-5.32
2026-03-19 19:03:00,2948,13.46,-6.771,-6.767,79.68,80.7,0.0,0.0,0.0,0.0,314.1,992.9453,0.215,-0.028,286.4,282.1,-6.786,-5.311
2026-03-19 19:03:00,2948,13.46,-6.771,-6.767,79.68,80.7,0.0,0.0,0.0,0.0,314.1,992.9453,0.215,-0.028,286.4,282.1,-6.786,-5.311
2026-03-19 19:04:00,2949,13.45,-6.766,-6.78,79.8,80.8,0.0,0.0,0.0,0.0,322.5,992.9435,0.273,-0.02,286.5,282.2,-6.781,-5.313
2026-03-19 19:04:00,2949,13.45,-6.766,-6.78,79.8,80.8,0.0,0.0,0.0,0.0,322.5,992.9435,0.273,-0.02,286.5,282.2,-6.781,-5.313
2026-03-19 19:05:00,2950,13.46,-6.765,-6.787,79.91,80.9,0.0,0.0,0.0,0.0,322.4,992.9557,0.287,0.0,286.5,282.6,-6.779,-5.31
2026-03-19 19:05:00,2950,13.46,-6.765,-6.787,79.91,80.9,0.0,0.0,0.0,0.0,322.4,992.9557,0.287,0.0,286.5,282.6,-6.779,-5.31
2026-03-19 19:06:00,2951,13.46,-6.761,-6.796,79.97,81.0,0.0,0.0,0.0,0.0,322.4,992.9523,0.287,0.0,286.6,282.9,-6.775,-5.312
2026-03-19 19:06:00,2951,13.46,-6.761,-6.796,79.97,81.0,0.0,0.0,0.0,0.0,322.4,992.9523,0.287,0.0,286.6,282.9,-6.775,-5.312
2026-03-19 19:07:00,2952,13.45,-6.767,-6.811,80.0,81.1,0.0,0.0,0.0,0.0,322.1,992.9472,0.287,0.0,286.6,282.9,-6.772,-5.311
2026-03-19 19:07:00,2952,13.45,-6.767,-6.811,80.0,81.1,0.0,0.0,0.0,0.0,322.1,992.9472,0.287,0.0,286.6,282.9,-6.772,-5.311
2026-03-19 19:08:00,2953,13.46,-6.775,-6.812,80.1,81.1,0.0,0.0,0.0,0.0,322.1,992.9416,0.272,0.0,286.5,282.7,-6.777,-5.309
2026-03-19 19:08:00,2953,13.46,-6.775,-6.812,80.1,81.1,0.0,0.0,0.0,0.0,322.1,992.9416,0.272,0.0,286.5,282.7,-6.777,-5.309
2026-03-19 19:09:00,2954,13.46,-6.775,-6.797,80.1,80.9,0.0,0.0,0.0,0.0,322.2,992.9359,0.287,0.0,286.5,282.4,-6.778,-5.31
2026-03-19 19:09:00,2954,13.46,-6.775,-6.797,80.1,80.9,0.0,0.0,0.0,0.0,322.2,992.9359,0.287,0.0,286.5,282.4,-6.778,-5.31
2026-03-19 19:10:00,2955,13.46,-6.774,-6.783,80.1,80.8,0.0,0.0,0.0,0.0,322.2,992.9343,0.287,0.0,286.5,282.2,-6.783,-5.31
2026-03-19 19:10:00,2955,13.46,-6.774,-6.783,80.1,80.8,0.0,0.0,0.0,0.0,322.2,992.9343,0.287,0.0,286.5,282.2,-6.783,-5.31
2026-03-19 19:11:00,2956,13.46,-6.774,-6.777,80.2,80.8,0.0,0.0,0.0,0.0,322.1,992.941,0.287,0.0,286.5,282.1,-6.786,-5.309
2026-03-19 19:11:00,2956,13.46,-6.774,-6.777,80.2,80.8,0.0,0.0,0.0,0.0,322.1,992.941,0.287,0.0,286.5,282.1,-6.786,-5.309
2026-03-19 19:12:00,2957,13.46,-6.767,-6.783,80.2,80.8,0.0,0.0,0.0,0.0,322.2,992.9448,0.287,0.0,286.5,282.4,-6.786,-5.307
2026-03-19 19:12:00,2957,13.46,-6.767,-6.783,80.2,80.8,0.0,0.0,0.0,0.0,322.2,992.9448,0.287,0.0,286.5,282.4,-6.786,-5.307
2026-03-19 19:13:00,2958,13.46,-6.765,-6.782,80.3,80.9,0.0,0.0,0.0,0.0,322.2,992.9545,0.282,0.0,286.6,282.7,-6.785,-5.303
2026-03-19 19:13:00,2958,13.46,-6.765,-6.782,80.3,80.9,0.0,0.0,0.0,0.0,322.2,992.9545,0.282,0.0,286.6,282.7,-6.785,-5.303
2026-03-19 19:14:00,2959,13.46,-6.758,-6.763,80.3,80.7,0.0,0.0,0.0,0.0,322.2,992.9644,0.287,0.0,286.7,282.9,-6.781,-5.294
2026-03-19 19:14:00,2959,13.46,-6.758,-6.763,80.3,80.7,0.0,0.0,0.0,0.0,322.2,992.9644,0.287,0.0,286.7,282.9,-6.781,-5.294
2026-03-19 19:15:00,2960,13.46,-6.747,-6.739,80.2,80.5,0.0,0.0,0.0,0.0,322.2,992.9693,0.287,0.0,286.8,283.0,-6.768,-5.289
2026-03-19 19:15:00,2960,13.46,-6.747,-6.739,80.2,80.5,0.0,0.0,0.0,0.0,322.2,992.9693,0.287,0.0,286.8,283.0,-6.768,-5.289
2026-03-19 19:16:00,2961,13.45,-6.725,-6.708,80.1,80.2,0.0,0.0,0.0,0.0,322.2,992.9744,0.287,0.01,286.9,282.9,-6.759,-5.283
2026-03-19 19:16:00,2961,13.45,-6.725,-6.708,80.1,80.2,0.0,0.0,0.0,0.0,322.2,992.9744,0.287,0.01,286.9,282.9,-6.759,-5.283
2026-03-19 19:17:00,2962,13.46,-6.7,-6.679,80.0,79.93,0.0,0.0,0.0,0.0,322.2,992.9797,0.287,0.0,286.9,282.7,-6.757,-5.277
2026-03-19 19:17:00,2962,13.46,-6.7,-6.679,80.0,79.93,0.0,0.0,0.0,0.0,322.2,992.9797,0.287,0.0,286.9,282.7,-6.757,-5.277
2026-03-19 19:18:00,2963,13.46,-6.678,-6.65,79.91,79.76,0.0,0.0,0.0,0.0,322.2,992.9805,0.287,0.01,286.8,282.4,-6.76,-5.27
2026-03-19 19:18:00,2963,13.46,-6.678,-6.65,79.91,79.76,0.0,0.0,0.0,0.0,322.2,992.9805,0.287,0.01,286.8,282.4,-6.76,-5.27
2026-03-19 19:19:00,2964,13.46,-6.665,-6.629,79.83,79.62,0.0,0.0,0.0,0.0,322.2,992.9855,0.287,0.01,286.8,282.3,-6.755,-5.259
2026-03-19 19:19:00,2964,13.46,-6.665,-6.629,79.83,79.62,0.0,0.0,0.0,0.0,322.2,992.9855,0.287,0.01,286.8,282.3,-6.755,-5.259
2026-03-19 19:20:00,2965,13.46,-6.655,-6.609,79.75,79.44,0.0,0.0,0.0,0.0,322.2,992.9727,0.287,0.0,286.7,282.2,-6.762,-5.253
2026-03-19 19:20:00,2965,13.46,-6.655,-6.609,79.75,79.44,0.0,0.0,0.0,0.0,322.2,992.9727,0.287,0.0,286.7,282.2,-6.762,-5.253
2026-03-19 19:21:00,2966,13.46,-6.638,-6.586,79.65,79.14,0.0,0.0,0.0,0.0,322.2,992.9723,0.287,0.0,286.8,282.3,-6.762,-5.249
2026-03-19 19:21:00,2966,13.46,-6.638,-6.586,79.65,79.14,0.0,0.0,0.0,0.0,322.2,992.9723,0.287,0.0,286.8,282.3,-6.762,-5.249
2026-03-19 19:22:00,2967,13.46,-6.611,-6.566,79.51,78.85,0.0,0.0,0.0,0.0,322.2,992.9733,0.287,0.0,286.8,282.4,-6.748,-5.247
2026-03-19 19:22:00,2967,13.46,-6.611,-6.566,79.51,78.85,0.0,0.0,0.0,0.0,322.2,992.9733,0.287,0.0,286.8,282.4,-6.748,-5.247
2026-03-19 19:23:00,2968,13.46,-6.586,-6.544,79.35,78.52,0.0,0.0,0.0,0.0,322.2,992.9683,0.287,0.0,286.9,282.4,-6.745,-5.241
2026-03-19 19:23:00,2968,13.46,-6.586,-6.544,79.35,78.52,0.0,0.0,0.0,0.0,322.2,992.9683,0.287,0.0,286.9,282.4,-6.745,-5.241
2026-03-19 19:24:00,2969,13.46,-6.556,-6.518,79.15,78.27,0.0,0.0,0.0,0.0,322.2,992.9667,0.287,0.0,286.8,282.3,-6.744,-5.238
2026-03-19 19:24:00,2969,13.46,-6.556,-6.518,79.15,78.27,0.0,0.0,0.0,0.0,322.2,992.9667,0.287,0.0,286.8,282.3,-6.744,-5.238
2026-03-19 19:25:00,2970,13.46,-6.529,-6.497,79.0,78.16,0.0,0.0,0.0,0.0,322.2,992.9667,0.287,0.0,286.8,282.3,-6.745,-5.233
2026-03-19 19:25:00,2970,13.46,-6.529,-6.497,79.0,78.16,0.0,0.0,0.0,0.0,322.2,992.9667,0.287,0.0,286.8,282.3,-6.745,-5.233
2026-03-19 19:26:00,2971,13.46,-6.517,-6.488,78.87,78.06,0.0,0.0,0.0,0.0,322.2,992.9686,0.287,0.005,286.7,282.4,-6.746,-5.231
2026-03-19 19:26:00,2971,13.46,-6.517,-6.488,78.87,78.06,0.0,0.0,0.0,0.0,322.2,992.9686,0.287,0.005,286.7,282.4,-6.746,-5.231
2026-03-19 19:27:00,2972,13.47,-6.51,-6.476,78.76,77.99,0.0,0.0,0.0,0.0,322.2,992.9713,0.287,0.005,286.8,282.7,-6.741,-5.23
2026-03-19 19:27:00,2972,13.47,-6.51,-6.476,78.76,77.99,0.0,0.0,0.0,0.0,322.2,992.9713,0.287,0.005,286.8,282.7,-6.741,-5.23
2026-03-19 19:28:00,2973,13.46,-6.499,-6.467,78.68,77.94,0.0,0.0,0.0,0.0,322.2,992.976,0.287,0.005,286.8,282.8,-6.746,-5.228
2026-03-19 19:28:00,2973,13.46,-6.499,-6.467,78.68,77.94,0.0,0.0,0.0,0.0,322.2,992.976,0.287,0.005,286.8,282.8,-6.746,-5.228
2026-03-19 19:29:00,2974,13.46,-6.502,-6.453,78.63,77.89,0.0,0.0,0.0,0.0,322.2,992.9733,0.302,0.048,286.9,282.9,-6.74,-5.224
2026-03-19 19:29:00,2974,13.46,-6.502,-6.453,78.63,77.89,0.0,0.0,0.0,0.0,322.2,992.9733,0.302,0.048,286.9,282.9,-6.74,-5.224
2026-03-19 19:30:00,2975,13.46,-6.496,-6.444,78.6,77.83,0.0,0.0,0.0,0.0,322.2,992.9661,0.287,0.0,286.9,282.7,-6.742,-5.222
2026-03-19 19:30:00,2975,13.46,-6.496,-6.444,78.6,77.83,0.0,0.0,0.0,0.0,322.2,992.9661,0.287,0.0,286.9,282.7,-6.742,-5.222
2026-03-19 19:31:00,2976,13.46,-6.483,-6.429,78.57,77.8,0.0,0.0,0.0,0.0,322.2,992.9633,0.287,0.0,287.0,282.5,-6.738,-5.217
2026-03-19 19:31:00,2976,13.46,-6.483,-6.429,78.57,77.8,0.0,0.0,0.0,0.0,322.2,992.9633,0.287,0.0,287.0,282.5,-6.738,-5.217
2026-03-19 19:32:00,2977,13.46,-6.461,-6.412,78.56,77.69,0.0,0.0,0.0,0.0,322.2,992.9617,0.287,0.0,287.0,282.3,-6.736,-5.21
2026-03-19 19:32:00,2977,13.46,-6.461,-6.412,78.56,77.69,0.0,0.0,0.0,0.0,322.2,992.9617,0.287,0.0,287.0,282.3,-6.736,-5.21
2026-03-19 19:33:00,2978,13.46,-6.445,-6.402,78.62,77.55,0.0,0.0,0.0,0.0,322.2,992.958,0.287,0.0,287.0,282.0,-6.729,-5.203
2026-03-19 19:33:00,2978,13.46,-6.445,-6.402,78.62,77.55,0.0,0.0,0.0,0.0,322.2,992.958,0.287,0.0,287.0,282.0,-6.729,-5.203
2026-03-19 19:34:00,2979,13.46,-6.444,-6.4,78.85,78.21,0.0,0.0,0.0,0.0,322.4,992.9611,0.292,0.0,286.9,281.6,-6.728,-5.194
2026-03-19 19:34:00,2979,13.46,-6.444,-6.4,78.85,78.21,0.0,0.0,0.0,0.0,322.4,992.9611,0.292,0.0,286.9,281.6,-6.728,-5.194
2026-03-19 19:35:00,2980,13.45,-6.459,-6.421,79.29,78.62,0.0,0.0,0.0,0.0,322.4,992.9597,0.349,0.019,286.9,281.4,-6.718,-5.191
2026-03-19 19:35:00,2980,13.45,-6.459,-6.421,79.29,78.62,0.0,0.0,0.0,0.0,322.4,992.9597,0.349,0.019,286.9,281.4,-6.718,-5.191
2026-03-19 19:36:00,2981,13.46,-6.476,-6.451,79.58,78.78,0.0,0.0,0.0,0.0,322.3,992.9505,0.46,0.148,286.9,281.6,-6.717,-5.182
2026-03-19 19:36:00,2981,13.46,-6.476,-6.451,79.58,78.78,0.0,0.0,0.0,0.0,322.3,992.9505,0.46,0.148,286.9,281.6,-6.717,-5.182
2026-03-19 19:37:00,2982,13.46,-6.477,-6.447,79.75,78.85,0.0,0.0,0.0,0.0,322.3,992.9431,0.454,0.134,286.8,281.7,-6.712,-5.175
2026-03-19 19:37:00,2982,13.46,-6.477,-6.447,79.75,78.85,0.0,0.0,0.0,0.0,322.3,992.9431,0.454,0.134,286.8,281.7,-6.712,-5.175
2026-03-19 19:38:00,2983,13.46,-6.481,-6.432,79.83,78.91,0.0,0.0,0.0,0.0,322.3,992.932,0.493,0.134,286.9,281.7,-6.701,-5.173
2026-03-19 19:38:00,2983,13.46,-6.481,-6.432,79.83,78.91,0.0,0.0,0.0,0.0,322.3,992.932,0.493,0.134,286.9,281.7,-6.701,-5.173
2026-03-19 19:39:00,2984,13.46,-6.477,-6.417,79.93,79.3,0.0,0.0,0.0,0.0,322.8,992.9254,0.521,0.11,286.9,281.7,-6.697,-5.171
2026-03-19 19:39:00,2984,13.46,-6.477,-6.417,79.93,79.3,0.0,0.0,0.0,0.0,322.8,992.9254,0.521,0.11,286.9,281.7,-6.697,-5.171
2026-03-19 19:40:00,2985,13.46,-6.46,-6.381,80.0,79.37,0.0,0.0,0.0,0.0,7.763,992.9023,0.512,0.129,287.0,281.7,-6.696,-5.165
2026-03-19 19:40:00,2985,13.46,-6.46,-6.381,80.0,79.37,0.0,0.0,0.0,0.0,7.763,992.9023,0.512,0.129,287.0,281.7,-6.696,-5.165
2026-03-19 19:41:00,2986,13.46,-6.415,-6.342,80.1,79.13,0.0,0.836,0.0,1.47,43.19,992.8885,0.555,0.243,287.0,281.6,-6.671,-5.161
2026-03-19 19:41:00,2986,13.46,-6.415,-6.342,80.1,79.13,0.0,0.836,0.0,1.47,43.19,992.8885,0.555,0.243,287.0,281.6,-6.671,-5.161
2026-03-19 19:42:00,2987,13.46,-6.364,-6.319,79.64,78.07,0.0,1.182,0.0,1.372,50.67,992.8752,0.579,0.287,287.1,281.6,-6.634,-5.161
2026-03-19 19:42:00,2987,13.46,-6.364,-6.319,79.64,78.07,0.0,1.182,0.0,1.372,50.67,992.8752,0.579,0.287,287.1,281.6,-6.634,-5.161
2026-03-19 19:43:00,2988,13.46,-6.303,-6.292,79.09,78.01,0.0,1.308,0.0,1.47,50.5,992.8728,0.761,0.511,287.2,281.6,-6.598,-5.169
2026-03-19 19:43:00,2988,13.46,-6.303,-6.292,79.09,78.01,0.0,1.308,0.0,1.47,50.5,992.8728,0.761,0.511,287.2,281.6,-6.598,-5.169
2026-03-19 19:44:00,2989,13.46,-6.263,-6.278,78.49,77.61,0.0,1.429,0.0,1.568,50.72,992.8631,0.828,0.574,287.2,281.7,-6.569,-5.173
2026-03-19 19:44:00,2989,13.46,-6.263,-6.278,78.49,77.61,0.0,1.429,0.0,1.568,50.72,992.8631,0.828,0.574,287.2,281.7,-6.569,-5.173
2026-03-19 19:45:00,2990,13.46,-6.245,-6.281,78.3,77.54,0.001,1.449,0.051,1.666,58.1,992.8464,0.699,0.455,287.2,281.6,-6.539,-5.178
2026-03-19 19:45:00,2990,13.46,-6.245,-6.281,78.3,77.54,0.001,1.449,0.051,1.666,58.1,992.8464,0.699,0.455,287.2,281.6,-6.539,-5.178
2026-03-19 19:46:00,2991,13.46,-6.233,-6.281,78.1,77.75,0.0,1.443,0.0,1.666,62.76,992.8187,0.69,0.536,287.2,281.7,-6.506,-5.182
2026-03-19 19:46:00,2991,13.46,-6.233,-6.281,78.1,77.75,0.0,1.443,0.0,1.666,62.76,992.8187,0.69,0.536,287.2,281.7,-6.506,-5.182
2026-03-19 19:47:00,2992,13.46,-6.219,-6.269,78.01,77.79,0.033,1.558,0.515,1.764,63.95,992.7822,0.77,0.55,287.2,281.8,-6.477,-5.181
2026-03-19 19:47:00,2992,13.46,-6.219,-6.269,78.01,77.79,0.033,1.558,0.515,1.764,63.95,992.7822,0.77,0.55,287.2,281.8,-6.477,-5.181
2026-03-19 19:48:00,2993,13.46,-6.195,-6.245,78.16,77.95,1.127,1.677,1.493,1.862,60.04,992.755,0.656,0.384,287.4,281.8,-6.443,-5.181
2026-03-19 19:48:00,2993,13.46,-6.195,-6.245,78.16,77.95,1.127,1.677,1.493,1.862,60.04,992.755,0.656,0.384,287.4,281.8,-6.443,-5.181
2026-03-19 19:49:00,2994,13.46,-6.176,-6.231,77.78,77.35,1.37,1.842,1.956,2.254,48.13,992.7426,0.7,0.406,287.4,281.7,-6.415,-5.183
2026-03-19 19:49:00,2994,13.46,-6.176,-6.231,77.78,77.35,1.37,1.842,1.956,2.254,48.13,992.7426,0.7,0.406,287.4,281.7,-6.415,-5.183
2026-03-19 19:50:00,2995,13.46,-6.165,-6.239,77.36,76.75,1.084,1.784,1.544,2.058,46.23,992.7196,0.757,0.412,287.4,281.6,-6.393,-5.186
2026-03-19 19:50:00,2995,13.46,-6.165,-6.239,77.36,76.75,1.084,1.784,1.544,2.058,46.23,992.7196,0.757,0.412,287.4,281.6,-6.393,-5.186
2026-03-19 19:51:00,2996,13.46,-6.185,-6.274,76.81,76.55,1.577,1.986,1.905,2.254,46.51,992.6997,0.608,0.301,287.3,281.5,-6.388,-5.193
2026-03-19 19:51:00,2996,13.46,-6.185,-6.274,76.81,76.55,1.577,1.986,1.905,2.254,46.51,992.6997,0.608,0.301,287.3,281.5,-6.388,-5.193
2026-03-19 19:52:00,2997,13.46,-6.23,-6.331,76.67,77.04,1.443,1.83,1.75,2.156,43.43,992.6746,0.574,0.278,287.1,281.2,-6.394,-5.207
2026-03-19 19:52:00,2997,13.46,-6.23,-6.331,76.67,77.04,1.443,1.83,1.75,2.156,43.43,992.6746,0.574,0.278,287.1,281.2,-6.394,-5.207
2026-03-19 19:53:00,2998,13.47,-6.275,-6.382,76.96,77.47,1.468,1.912,1.75,2.156,42.98,992.6766,0.45,0.03,287.1,281.1,-6.385,-5.218
2026-03-19 19:53:00,2998,13.47,-6.275,-6.382,76.96,77.47,1.468,1.912,1.75,2.156,42.98,992.6766,0.45,0.03,287.1,281.1,-6.385,-5.218
2026-03-19 19:54:00,2999,13.46,-6.316,-6.429,77.16,77.83,1.318,1.834,1.699,2.058,35.71,992.7015,0.355,0.0,287.0,280.8,-6.395,-5.229
2026-03-19 19:54:00,2999,13.46,-6.316,-6.429,77.16,77.83,1.318,1.834,1.699,2.058,35.71,992.7015,0.355,0.0,287.0,280.8,-6.395,-5.229
2026-03-19 19:55:00,3000,13.46,-6.357,-6.48,77.44,78.37,0.147,1.309,0.927,1.666,33.84,992.7466,0.297,-0.004,287.0,280.8,-6.39,-5.245
2026-03-19 19:55:00,3000,13.46,-6.357,-6.48,77.44,78.37,0.147,1.309,0.927,1.666,33.84,992.7466,0.297,-0.004,287.0,280.8,-6.39,-5.245
2026-03-19 19:56:00,3001,13.46,-6.392,-6.517,77.7,78.76,0.0,0.746,0.0,1.274,16.48,992.7977,0.287,-0.119,287.0,281.3,-6.399,-5.252
2026-03-19 19:56:00,3001,13.46,-6.392,-6.517,77.7,78.76,0.0,0.746,0.0,1.274,16.48,992.7977,0.287,-0.119,287.0,281.3,-6.399,-5.252
2026-03-19 19:57:00,3002,13.46,-6.418,-6.541,77.91,78.98,0.0,0.213,0.0,0.686,0.071,992.8403,0.263,-0.177,287.0,282.5,-6.407,-5.262
2026-03-19 19:57:00,3002,13.46,-6.418,-6.541,77.91,78.98,0.0,0.213,0.0,0.686,0.071,992.8403,0.263,-0.177,287.0,282.5,-6.407,-5.262
2026-03-19 19:58:00,3003,13.46,-6.433,-6.561,78.02,79.12,0.0,0.491,0.0,0.784,345.9,992.8672,0.212,-0.172,287.1,283.2,-6.411,-5.26
2026-03-19 19:58:00,3003,13.46,-6.433,-6.561,78.02,79.12,0.0,0.491,0.0,0.784,345.9,992.8672,0.212,-0.172,287.1,283.2,-6.411,-5.26
2026-03-19 19:59:00,3004,13.46,-6.459,-6.584,78.09,79.28,0.0,0.09,0.0,0.686,345.6,992.8551,0.148,-0.148,287.1,283.0,-6.423,-5.257
2026-03-19 19:59:00,3004,13.46,-6.459,-6.584,78.09,79.28,0.0,0.09,0.0,0.686,345.6,992.8551,0.148,-0.148,287.1,283.0,-6.423,-5.257
2026-03-19 20:00:00,3005,13.46,-6.483,-6.606,78.2,79.42,0.0,0.0,0.0,0.0,345.6,992.829,0.129,-0.172,287.1,282.3,-6.421,-5.257
2026-03-19 20:00:00,3005,13.46,-6.483,-6.606,78.2,79.42,0.0,0.0,0.0,0.0,345.6,992.829,0.129,-0.172,287.1,282.3,-6.421,-5.257
2026-03-19 20:01:00,3006,13.46,-6.501,-6.628,78.35,79.52,0.0,0.0,0.0,0.0,345.6,992.8118,0.125,-0.201,287.0,281.8,-6.432,-5.259
2026-03-19 20:01:00,3006,13.46,-6.501,-6.628,78.35,79.52,0.0,0.0,0.0,0.0,345.6,992.8118,0.125,-0.201,287.0,281.8,-6.432,-5.259
2026-03-19 20:02:00,3007,13.46,-6.518,-6.644,78.4,79.56,0.0,0.0,0.0,0.0,345.6,992.8132,0.124,-0.224,286.9,281.9,-6.446,-5.262
2026-03-19 20:02:00,3007,13.46,-6.518,-6.644,78.4,79.56,0.0,0.0,0.0,0.0,345.6,992.8132,0.124,-0.224,286.9,281.9,-6.446,-5.262
2026-03-19 20:03:00,3008,13.46,-6.532,-6.66,78.51,79.59,0.0,0.0,0.0,0.0,345.6,992.8159,0.01,-0.287,286.9,282.5,-6.457,-5.262
2026-03-19 20:03:00,3008,13.46,-6.532,-6.66,78.51,79.59,0.0,0.0,0.0,0.0,345.6,992.8159,0.01,-0.287,286.9,282.5,-6.457,-5.262
2026-03-19 20:04:00,3009,13.46,-6.553,-6.671,78.54,79.72,0.0,0.0,0.0,0.0,345.5,992.8072,0.005,-0.282,287.0,283.0,-6.462,-5.265
2026-03-19 20:04:00,3009,13.46,-6.553,-6.671,78.54,79.72,0.0,0.0,0.0,0.0,345.5,992.8072,0.005,-0.282,287.0,283.0,-6.462,-5.265
2026-03-19 20:05:00,3010,13.46,-6.573,-6.662,78.6,79.6,0.0,0.0,0.0,0.0,345.5,992.783,0.005,-0.277,287.0,282.4,-6.471,-5.269
2026-03-19 20:05:00,3010,13.46,-6.573,-6.662,78.6,79.6,0.0,0.0,0.0,0.0,345.5,992.783,0.005,-0.277,287.0,282.4,-6.471,-5.269
2026-03-19 20:06:00,3011,13.45,-6.579,-6.663,78.67,79.57,0.0,0.0,0.0,0.0,345.5,992.7377,0.0,-0.282,286.9,281.5,-6.48,-5.271
2026-03-19 20:06:00,3011,13.45,-6.579,-6.663,78.67,79.57,0.0,0.0,0.0,0.0,345.5,992.7377,0.0,-0.282,286.9,281.5,-6.48,-5.271
2026-03-19 20:07:00,3012,13.46,-6.574,-6.665,78.74,79.67,0.0,0.0,0.0,0.0,345.5,992.702,0.039,-0.287,286.9,280.9,-6.484,-5.273
2026-03-19 20:07:00,3012,13.46,-6.574,-6.665,78.74,79.67,0.0,0.0,0.0,0.0,345.5,992.702,0.039,-0.287,286.9,280.9,-6.484,-5.273
2026-03-19 20:08:00,3013,13.45,-6.566,-6.643,78.76,79.64,0.0,0.0,0.0,0.0,345.5,992.6968,0.109,-0.292,286.8,280.5,-6.49,-5.268
2026-03-19 20:08:00,3013,13.45,-6.566,-6.643,78.76,79.64,0.0,0.0,0.0,0.0,345.5,992.6968,0.109,-0.292,286.8,280.5,-6.49,-5.268
2026-03-19 20:09:00,3014,13.46,-6.551,-6.602,78.77,79.88,0.0,0.0,0.0,0.0,345.5,992.6959,0.101,-0.282,286.7,280.6,-6.495,-5.261
2026-03-19 20:09:00,3014,13.46,-6.551,-6.602,78.77,79.88,0.0,0.0,0.0,0.0,345.5,992.6959,0.101,-0.282,286.7,280.6,-6.495,-5.261
2026-03-19 20:10:00,3015,13.46,-6.539,-6.52,78.78,79.6,0.0,0.0,0.0,0.0,345.5,992.7029,0.076,-0.287,286.7,280.9,-6.502,-5.254
2026-03-19 20:10:00,3015,13.46,-6.539,-6.52,78.78,79.6,0.0,0.0,0.0,0.0,345.5,992.7029,0.076,-0.287,286.7,280.9,-6.502,-5.254
2026-03-19 20:11:00,3016,13.46,-6.541,-6.497,78.76,79.24,0.0,0.0,0.0,0.0,345.2,992.7098,0.096,-0.287,286.7,281.3,-6.519,-5.25
2026-03-19 20:11:00,3016,13.46,-6.541,-6.497,78.76,79.24,0.0,0.0,0.0,0.0,345.2,992.7098,0.096,-0.287,286.7,281.3,-6.519,-5.25
2026-03-19 20:12:00,3017,13.46,-6.559,-6.484,78.74,79.12,0.003,0.227,0.051,0.686,254.1,992.7342,0.067,-0.278,286.7,282.2,-6.527,-5.249
2026-03-19 20:12:00,3017,13.46,-6.559,-6.484,78.74,79.12,0.003,0.227,0.051,0.686,254.1,992.7342,0.067,-0.278,286.7,282.2,-6.527,-5.249
2026-03-19 20:13:00,3018,13.46,-6.575,-6.422,78.73,79.01,0.04,0.995,0.927,1.372,243.8,992.7607,0.034,-0.245,286.8,283.7,-6.53,-5.251
2026-03-19 20:13:00,3018,13.46,-6.575,-6.422,78.73,79.01,0.04,0.995,0.927,1.372,243.8,992.7607,0.034,-0.245,286.8,283.7,-6.53,-5.251
2026-03-19 20:14:00,3019,13.46,-6.517,-6.312,78.77,78.66,0.438,1.15,0.978,1.372,243.8,992.7883,0.052,-0.13,286.9,284.9,-6.532,-5.252
2026-03-19 20:14:00,3019,13.46,-6.517,-6.312,78.77,78.66,0.438,1.15,0.978,1.372,243.8,992.7883,0.052,-0.13,286.9,284.9,-6.532,-5.252
2026-03-19 20:15:00,3020,13.46,-6.479,-6.269,78.34,77.58,0.375,0.886,0.566,1.176,244.0,992.796,0.067,0.0,287.0,284.8,-6.526,-5.255
2026-03-19 20:15:00,3020,13.46,-6.479,-6.269,78.34,77.58,0.375,0.886,0.566,1.176,244.0,992.796,0.067,0.0,287.0,284.8,-6.526,-5.255
2026-03-19 20:16:00,3021,13.46,-6.502,-6.347,78.26,77.48,0.327,0.785,0.566,0.98,244.1,992.785,0.086,-0.014,287.0,284.0,-6.532,-5.258
2026-03-19 20:16:00,3021,13.46,-6.502,-6.347,78.26,77.48,0.327,0.785,0.566,0.98,244.1,992.785,0.086,-0.014,287.0,284.0,-6.532,-5.258
2026-03-19 20:17:00,3022,13.46,-6.532,-6.429,78.39,77.86,0.0,0.099,0.0,0.49,244.1,992.7629,0.048,-0.072,287.0,283.2,-6.535,-5.267
2026-03-19 20:17:00,3022,13.46,-6.532,-6.429,78.39,77.86,0.0,0.099,0.0,0.49,244.1,992.7629,0.048,-0.072,287.0,283.2,-6.535,-5.267
2026-03-19 20:18:00,3023,13.46,-6.541,-6.47,78.56,78.18,0.0,0.0,0.0,0.0,244.1,992.7407,0.095,-0.134,287.0,282.7,-6.536,-5.268
2026-03-19 20:18:00,3023,13.46,-6.541,-6.47,78.56,78.18,0.0,0.0,0.0,0.0,244.1,992.7407,0.095,-0.134,287.0,282.7,-6.536,-5.268
2026-03-19 20:19:00,3024,13.46,-6.541,-6.5,78.76,78.45,0.0,0.0,0.0,0.0,244.1,992.7289,0.095,-0.139,287.0,282.5,-6.542,-5.263
2026-03-19 20:19:00,3024,13.46,-6.541,-6.5,78.76,78.45,0.0,0.0,0.0,0.0,244.1,992.7289,0.095,-0.139,287.0,282.5,-6.542,-5.263
2026-03-19 20:20:00,3025,13.46,-6.539,-6.525,78.9,78.69,0.0,0.0,0.0,0.0,244.1,992.7167,0.124,-0.115,287.1,282.6,-6.548,-5.255
2026-03-19 20:20:00,3025,13.46,-6.539,-6.525,78.9,78.69,0.0,0.0,0.0,0.0,244.1,992.7167,0.124,-0.115,287.1,282.6,-6.548,-5.255
2026-03-19 20:21:00,3026,13.46,-6.542,-6.547,78.93,78.79,0.0,0.0,0.0,0.0,244.1,992.7142,0.153,-0.134,287.1,282.7,-6.551,-5.249
2026-03-19 20:21:00,3026,13.46,-6.542,-6.547,78.93,78.79,0.0,0.0,0.0,0.0,244.1,992.7142,0.153,-0.134,287.1,282.7,-6.551,-5.249
2026-03-19 20:22:00,3027,13.46,-6.547,-6.556,78.96,78.9,0.0,0.0,0.0,0.0,244.1,992.7037,0.148,-0.134,287.1,282.5,-6.55,-5.244
2026-03-19 20:22:00,3027,13.46,-6.547,-6.556,78.96,78.9,0.0,0.0,0.0,0.0,244.1,992.7037,0.148,-0.134,287.1,282.5,-6.55,-5.244
2026-03-19 20:23:00,3028,13.46,-6.544,-6.561,78.98,79.04,0.0,0.0,0.0,0.0,244.1,992.677,0.167,-0.11,287.1,281.9,-6.548,-5.241
2026-03-19 20:23:00,3028,13.46,-6.544,-6.561,78.98,79.04,0.0,0.0,0.0,0.0,244.1,992.677,0.167,-0.11,287.1,281.9,-6.548,-5.241
2026-03-19 20:24:00,3029,13.46,-6.541,-6.561,79.02,79.14,0.0,0.0,0.0,0.0,244.1,992.6522,0.23,-0.086,286.9,280.5,-6.551,-5.235
2026-03-19 20:24:00,3029,13.46,-6.541,-6.561,79.02,79.14,0.0,0.0,0.0,0.0,244.1,992.6522,0.23,-0.086,286.9,280.5,-6.551,-5.235
2026-03-19 20:25:00,3030,13.46,-6.532,-6.551,79.02,79.21,0.0,0.0,0.0,0.0,244.1,992.6282,0.259,-0.096,286.7,279.3,-6.553,-5.236
2026-03-19 20:25:00,3030,13.46,-6.532,-6.551,79.02,79.21,0.0,0.0,0.0,0.0,244.1,992.6282,0.259,-0.096,286.7,279.3,-6.553,-5.236
2026-03-19 20:26:00,3031,13.46,-6.527,-6.544,79.07,79.26,0.0,0.0,0.0,0.0,244.1,992.6359,0.287,-0.124,286.6,279.4,-6.563,-5.238
2026-03-19 20:26:00,3031,13.46,-6.527,-6.544,79.07,79.26,0.0,0.0,0.0,0.0,244.1,992.6359,0.287,-0.124,286.6,279.4,-6.563,-5.238
2026-03-19 20:27:00,3032,13.46,-6.522,-6.551,79.16,79.5,0.005,0.573,0.154,0.98,244.1,992.6589,0.24,-0.139,286.5,280.6,-6.565,-5.238
2026-03-19 20:27:00,3032,13.46,-6.522,-6.551,79.16,79.5,0.005,0.573,0.154,0.98,244.1,992.6589,0.24,-0.139,286.5,280.6,-6.565,-5.238
2026-03-19 20:28:00,3033,13.46,-6.528,-6.569,79.37,79.73,0.43,1.178,0.824,1.372,244.0,992.7043,0.196,-0.144,286.7,282.5,-6.56,-5.242
2026-03-19 20:28:00,3033,13.46,-6.528,-6.569,79.37,79.73,0.43,1.178,0.824,1.372,244.0,992.7043,0.196,-0.144,286.7,282.5,-6.56,-5.242
2026-03-19 20:29:00,3034,13.45,-6.538,-6.576,79.5,80.0,0.9,1.502,1.287,1.764,244.0,992.7351,0.182,-0.12,286.9,283.8,-6.554,-5.242
2026-03-19 20:29:00,3034,13.45,-6.538,-6.576,79.5,80.0,0.9,1.502,1.287,1.764,244.0,992.7351,0.182,-0.12,286.9,283.8,-6.554,-5.242
2026-03-19 20:30:00,3035,13.46,-6.536,-6.582,79.71,80.1,0.904,1.668,1.287,1.764,244.1,992.741,0.148,-0.048,287.0,284.3,-6.545,-5.253
2026-03-19 20:30:00,3035,13.46,-6.536,-6.582,79.71,80.1,0.904,1.668,1.287,1.764,244.1,992.741,0.148,-0.048,287.0,284.3,-6.545,-5.253
2026-03-19 20:31:00,3036,13.46,-6.532,-6.583,79.84,79.76,0.588,1.375,1.081,1.666,244.0,992.7371,0.206,0.081,287.1,284.3,-6.542,-5.256
2026-03-19 20:31:00,3036,13.46,-6.532,-6.583,79.84,79.76,0.588,1.375,1.081,1.666,244.0,992.7371,0.206,0.081,287.1,284.3,-6.542,-5.256
2026-03-19 20:32:00,3037,13.46,-6.532,-6.57,79.87,79.7,0.304,1.129,0.463,1.274,244.0,992.7382,0.192,0.125,287.2,284.3,-6.54,-5.258
2026-03-19 20:32:00,3037,13.46,-6.532,-6.57,79.87,79.7,0.304,1.129,0.463,1.274,244.0,992.7382,0.192,0.125,287.2,284.3,-6.54,-5.258
2026-03-19 20:33:00,3038,13.46,-6.525,-6.567,79.96,79.97,0.336,1.212,0.566,1.372,244.0,992.7567,0.215,0.115,287.2,284.5,-6.535,-5.262
2026-03-19 20:33:00,3038,13.46,-6.525,-6.567,79.96,79.97,0.336,1.212,0.566,1.372,244.0,992.7567,0.215,0.115,287.2,284.5,-6.535,-5.262
2026-03-19 20:34:00,3039,13.46,-6.52,-6.556,80.0,80.1,0.565,1.423,0.824,1.568,244.1,992.7706,0.226,0.144,287.3,284.8,-6.528,-5.261
2026-03-19 20:34:00,3039,13.46,-6.52,-6.556,80.0,80.1,0.565,1.423,0.824,1.568,244.1,992.7706,0.226,0.144,287.3,284.8,-6.528,-5.261
2026-03-19 20:35:00,3040,13.46,-6.519,-6.546,80.2,80.5,0.75,1.567,1.184,1.764,247.4,992.7721,0.234,0.129,287.3,284.7,-6.519,-5.259
2026-03-19 20:35:00,3040,13.46,-6.519,-6.546,80.2,80.5,0.75,1.567,1.184,1.764,247.4,992.7721,0.234,0.129,287.3,284.7,-6.519,-5.259
2026-03-19 20:36:00,3041,13.46,-6.528,-6.55,80.4,81.0,0.851,1.809,1.287,2.058,247.6,992.7664,0.229,0.115,287.4,284.6,-6.506,-5.262
2026-03-19 20:36:00,3041,13.46,-6.528,-6.55,80.4,81.0,0.851,1.809,1.287,2.058,247.6,992.7664,0.229,0.115,287.4,284.6,-6.506,-5.262
2026-03-19 20:37:00,3042,13.45,-6.506,-6.52,80.6,81.2,0.527,1.619,0.927,1.96,241.6,992.7524,0.187,0.029,287.4,284.8,-6.496,-5.268
2026-03-19 20:37:00,3042,13.45,-6.506,-6.52,80.6,81.2,0.527,1.619,0.927,1.96,241.6,992.7524,0.187,0.029,287.4,284.8,-6.496,-5.268
2026-03-19 20:38:00,3043,13.45,-6.461,-6.468,80.7,81.1,0.854,1.828,1.338,2.156,241.7,992.7441,0.277,0.186,287.5,284.9,-6.478,-5.272
2026-03-19 20:38:00,3043,13.45,-6.461,-6.468,80.7,81.1,0.854,1.828,1.338,2.156,241.7,992.7441,0.277,0.186,287.5,284.9,-6.478,-5.272
2026-03-19 20:39:00,3044,13.46,-6.406,-6.395,80.7,81.4,1.201,2.173,1.596,2.352,242.8,992.7465,0.292,0.273,287.6,285.2,-6.457,-5.271
2026-03-19 20:39:00,3044,13.46,-6.406,-6.395,80.7,81.4,1.201,2.173,1.596,2.352,242.8,992.7465,0.292,0.273,287.6,285.2,-6.457,-5.271
2026-03-19 20:40:00,3045,13.46,-6.337,-6.316,80.7,81.1,1.424,2.215,1.802,2.352,242.9,992.7416,0.33,0.268,287.8,285.5,-6.429,-5.268
2026-03-19 20:40:00,3045,13.46,-6.337,-6.316,80.7,81.1,1.424,2.215,1.802,2.352,242.9,992.7416,0.33,0.268,287.8,285.5,-6.429,-5.268
2026-03-19 20:41:00,3046,13.45,-6.276,-6.247,80.7,80.8,1.012,1.946,1.39,2.156,243.5,992.7424,0.421,0.358,287.8,285.6,-6.405,-5.268
2026-03-19 20:41:00,3046,13.45,-6.276,-6.247,80.7,80.8,1.012,1.946,1.39,2.156,243.5,992.7424,0.421,0.358,287.8,285.6,-6.405,-5.268
2026-03-19 20:42:00,3047,13.46,-6.233,-6.198,80.6,80.4,0.814,1.681,1.287,1.862,244.7,992.7064,0.431,0.431,287.9,285.5,-6.381,-5.263
2026-03-19 20:42:00,3047,13.46,-6.233,-6.198,80.6,80.4,0.814,1.681,1.287,1.862,244.7,992.7064,0.431,0.431,287.9,285.5,-6.381,-5.263
2026-03-19 20:43:00,3048,13.46,-6.201,-6.166,80.4,80.3,0.7,1.524,1.236,1.666,254.6,992.6891,0.431,0.431,288.0,285.3,-6.355,-5.255
2026-03-19 20:43:00,3048,13.46,-6.201,-6.166,80.4,80.3,0.7,1.524,1.236,1.666,254.6,992.6891,0.431,0.431,288.0,285.3,-6.355,-5.255
2026-03-19 20:44:00,3049,13.46,-6.18,-6.157,80.3,80.2,0.433,1.41,0.721,1.568,257.9,992.6682,0.436,0.431,288.0,285.1,-6.336,-5.25
2026-03-19 20:44:00,3049,13.46,-6.18,-6.157,80.3,80.2,0.433,1.41,0.721,1.568,257.9,992.6682,0.436,0.431,288.0,285.1,-6.336,-5.25
2026-03-19 20:45:00,3050,13.46,-6.17,-6.163,80.2,80.2,0.365,1.314,0.566,1.568,258.4,992.6713,0.431,0.431,288.1,285.3,-6.32,-5.243
2026-03-19 20:45:00,3050,13.46,-6.17,-6.163,80.2,80.2,0.365,1.314,0.566,1.568,258.4,992.6713,0.431,0.431,288.1,285.3,-6.32,-5.243
2026-03-19 20:46:00,3051,13.46,-6.159,-6.173,80.3,80.4,0.162,1.047,0.412,1.47,262.2,992.6785,0.436,0.416,288.2,285.7,-6.301,-5.24
2026-03-19 20:46:00,3051,13.46,-6.159,-6.173,80.3,80.4,0.162,1.047,0.412,1.47,262.2,992.6785,0.436,0.416,288.2,285.7,-6.301,-5.24
2026-03-19 20:47:00,3052,13.46,-6.156,-6.191,80.3,80.7,0.0,0.778,0.0,0.98,273.8,992.6732,0.431,0.407,288.2,285.6,-6.297,-5.234
2026-03-19 20:47:00,3052,13.46,-6.156,-6.191,80.3,80.7,0.0,0.778,0.0,0.98,273.8,992.6732,0.431,0.407,288.2,285.6,-6.297,-5.234
2026-03-19 20:48:00,3053,13.46,-6.16,-6.21,80.5,81.1,0.0,0.459,0.0,0.686,273.8,992.6743,0.417,0.297,288.2,285.3,-6.292,-5.224
2026-03-19 20:48:00,3053,13.46,-6.16,-6.21,80.5,81.1,0.0,0.459,0.0,0.686,273.8,992.6743,0.417,0.297,288.2,285.3,-6.292,-5.224
2026-03-19 20:49:00,3054,13.46,-6.161,-6.228,80.6,81.5,0.0,0.206,0.0,0.49,273.9,992.6747,0.407,0.254,288.3,284.9,-6.281,-5.216
2026-03-19 20:49:00,3054,13.46,-6.161,-6.228,80.6,81.5,0.0,0.206,0.0,0.49,273.9,992.6747,0.407,0.254,288.3,284.9,-6.281,-5.216
2026-03-19 20:50:00,3055,13.46,-6.166,-6.241,80.8,81.8,0.0,0.26,0.0,0.392,274.0,992.6824,0.331,0.197,288.3,284.7,-6.278,-5.206
2026-03-19 20:50:00,3055,13.46,-6.166,-6.241,80.8,81.8,0.0,0.26,0.0,0.392,274.0,992.6824,0.331,0.197,288.3,284.7,-6.278,-5.206
2026-03-19 20:51:00,3056,13.46,-6.178,-6.265,80.9,82.0,0.0,0.341,0.0,0.49,279.9,992.7139,0.297,0.144,288.3,285.0,-6.274,-5.189
2026-03-19 20:51:00,3056,13.46,-6.178,-6.265,80.9,82.0,0.0,0.341,0.0,0.49,279.9,992.7139,0.297,0.144,288.3,285.0,-6.274,-5.189
2026-03-19 20:52:00,3057,13.46,-6.198,-6.297,81.0,82.2,0.0,0.198,0.0,0.392,279.5,992.7441,0.292,0.125,288.4,285.4,-6.27,-5.182
2026-03-19 20:52:00,3057,13.46,-6.198,-6.297,81.0,82.2,0.0,0.198,0.0,0.392,279.5,992.7441,0.292,0.125,288.4,285.4,-6.27,-5.182
2026-03-19 20:53:00,3058,13.46,-6.219,-6.321,81.1,82.4,0.0,0.026,0.0,0.392,279.3,992.751,0.287,0.101,288.4,285.6,-6.271,-5.172
2026-03-19 20:53:00,3058,13.46,-6.219,-6.321,81.1,82.4,0.0,0.026,0.0,0.392,279.3,992.751,0.287,0.101,288.4,285.6,-6.271,-5.172
2026-03-19 20:54:00,3059,13.46,-6.228,-6.335,81.2,82.5,0.0,0.0,0.0,0.0,279.3,992.7606,0.287,0.01,288.5,285.5,-6.269,-5.163
2026-03-19 20:54:00,3059,13.46,-6.228,-6.335,81.2,82.5,0.0,0.0,0.0,0.0,279.3,992.7606,0.287,0.01,288.5,285.5,-6.269,-5.163
2026-03-19 20:55:00,3060,13.46,-6.23,-6.337,81.3,82.6,0.0,0.0,0.0,0.0,279.8,992.746,0.287,0.005,288.5,285.2,-6.269,-5.159
2026-03-19 20:55:00,3060,13.46,-6.23,-6.337,81.3,82.6,0.0,0.0,0.0,0.0,279.8,992.746,0.287,0.005,288.5,285.2,-6.269,-5.159
2026-03-19 20:56:00,3061,13.46,-6.232,-6.343,81.4,83.0,0.0,0.291,0.0,0.98,24.83,992.7386,0.287,0.0,288.5,284.9,-6.271,-5.149
2026-03-19 20:56:00,3061,13.46,-6.232,-6.343,81.4,83.0,0.0,0.291,0.0,0.98,24.83,992.7386,0.287,0.0,288.5,284.9,-6.271,-5.149
2026-03-19 20:57:00,3062,13.46,-6.254,-6.368,81.6,83.4,0.0,0.959,0.0,1.078,55.24,992.7424,0.254,0.0,288.4,284.7,-6.268,-5.141
2026-03-19 20:57:00,3062,13.46,-6.254,-6.368,81.6,83.4,0.0,0.959,0.0,1.078,55.24,992.7424,0.254,0.0,288.4,284.7,-6.268,-5.141
2026-03-19 20:58:00,3063,13.45,-6.273,-6.39,81.8,83.8,0.11,0.937,0.36,1.078,67.31,992.7357,0.263,0.0,288.4,284.7,-6.266,-5.135
2026-03-19 20:58:00,3063,13.45,-6.273,-6.39,81.8,83.8,0.11,0.937,0.36,1.078,67.31,992.7357,0.263,0.0,288.4,284.7,-6.266,-5.135
2026-03-19 20:59:00,3064,13.46,-6.262,-6.377,82.1,84.1,0.054,0.617,0.309,0.882,67.49,992.7289,0.287,0.009,288.4,284.8,-6.254,-5.137
2026-03-19 20:59:00,3064,13.46,-6.262,-6.377,82.1,84.1,0.054,0.617,0.309,0.882,67.49,992.7289,0.287,0.009,288.4,284.8,-6.254,-5.137
2026-03-19 21:00:00,3065,13.46,-6.213,-6.331,82.3,84.2,0.0,0.0,0.0,0.098,67.48,992.7176,0.301,0.048,288.5,284.8,-6.252,-5.131
2026-03-19 21:00:00,3065,13.46,-6.213,-6.331,82.3,84.2,0.0,0.0,0.0,0.098,67.48,992.7176,0.301,0.048,288.5,284.8,-6.252,-5.131
2026-03-19 21:01:00,3066,13.46,-6.17,-6.287,82.4,84.1,0.0,0.0,0.0,0.0,67.47,992.7129,0.435,0.205,288.6,284.9,-6.24,-5.118
2026-03-19 21:01:00,3066,13.46,-6.17,-6.287,82.4,84.1,0.0,0.0,0.0,0.0,67.47,992.7129,0.435,0.205,288.6,284.9,-6.24,-5.118
2026-03-19 21:02:00,3067,13.46,-6.14,-6.252,82.4,84.1,0.0,0.0,0.0,0.0,67.47,992.7144,0.488,0.23,288.6,284.8,-6.229,-5.107
2026-03-19 21:02:00,3067,13.46,-6.14,-6.252,82.4,84.1,0.0,0.0,0.0,0.0,67.47,992.7144,0.488,0.23,288.6,284.8,-6.229,-5.107
2026-03-19 21:03:00,3068,13.46,-6.119,-6.224,82.4,84.0,0.0,0.0,0.0,0.0,67.47,992.7114,0.498,0.258,288.7,284.8,-6.219,-5.093
2026-03-19 21:03:00,3068,13.46,-6.119,-6.224,82.4,84.0,0.0,0.0,0.0,0.0,67.47,992.7114,0.498,0.258,288.7,284.8,-6.219,-5.093
2026-03-19 21:04:00,3069,13.46,-6.095,-6.192,82.4,84.0,0.0,0.0,0.0,0.0,67.46,992.7219,0.474,0.263,288.7,284.6,-6.22,-5.082
2026-03-19 21:04:00,3069,13.46,-6.095,-6.192,82.4,84.0,0.0,0.0,0.0,0.0,67.46,992.7219,0.474,0.263,288.7,284.6,-6.22,-5.082
2026-03-19 21:05:00,3070,13.46,-6.061,-6.151,82.4,83.9,0.0,0.0,0.0,0.0,67.36,992.7373,0.474,0.225,288.7,284.5,-6.212,-5.067
2026-03-19 21:05:00,3070,13.46,-6.061,-6.151,82.4,83.9,0.0,0.0,0.0,0.0,67.36,992.7373,0.474,0.225,288.7,284.5,-6.212,-5.067
2026-03-19 21:06:00,3071,13.46,-6.022,-6.106,82.4,83.8,0.0,0.0,0.0,0.0,67.35,992.7385,0.54,0.282,288.7,284.3,-6.201,-5.058
2026-03-19 21:06:00,3071,13.46,-6.022,-6.106,82.4,83.8,0.0,0.0,0.0,0.0,67.35,992.7385,0.54,0.282,288.7,284.3,-6.201,-5.058
2026-03-19 21:07:00,3072,13.46,-5.98,-6.066,82.4,83.8,0.0,0.0,0.0,0.0,67.35,992.7516,0.574,0.282,288.8,284.4,-6.185,-5.052
2026-03-19 21:07:00,3072,13.46,-5.98,-6.066,82.4,83.8,0.0,0.0,0.0,0.0,67.35,992.7516,0.574,0.282,288.8,284.4,-6.185,-5.052
2026-03-19 21:08:00,3073,13.46,-5.949,-6.032,82.3,83.6,0.0,0.0,0.0,0.0,67.02,992.7437,0.574,0.282,288.8,284.4,-6.17,-5.039
2026-03-19 21:08:00,3073,13.46,-5.949,-6.032,82.3,83.6,0.0,0.0,0.0,0.0,67.02,992.7437,0.574,0.282,288.8,284.4,-6.17,-5.039
2026-03-19 21:09:00,3074,13.46,-5.92,-6.012,82.2,83.4,0.0,0.0,0.0,0.0,67.02,992.726,0.574,0.292,288.9,284.4,-6.152,-5.027
2026-03-19 21:09:00,3074,13.46,-5.92,-6.012,82.2,83.4,0.0,0.0,0.0,0.0,67.02,992.726,0.574,0.292,288.9,284.4,-6.152,-5.027
2026-03-19 21:10:00,3075,13.45,-5.903,-5.987,82.1,83.2,0.0,0.0,0.0,0.0,67.11,992.7161,0.574,0.311,288.8,284.4,-6.153,-5.021
2026-03-19 21:10:00,3075,13.45,-5.903,-5.987,82.1,83.2,0.0,0.0,0.0,0.0,67.11,992.7161,0.574,0.311,288.8,284.4,-6.153,-5.021
2026-03-19 21:11:00,3076,13.46,-5.878,-5.961,82.0,83.1,0.0,0.0,0.0,0.0,67.11,992.7256,0.574,0.321,288.9,284.6,-6.136,-5.01
2026-03-19 21:11:00,3076,13.46,-5.878,-5.961,82.0,83.1,0.0,0.0,0.0,0.0,67.11,992.7256,0.574,0.321,288.9,284.6,-6.136,-5.01
2026-03-19 21:12:00,3077,13.46,-5.851,-5.931,81.9,83.0,0.0,0.0,0.0,0.0,67.15,992.739,0.598,0.335,288.9,284.8,-6.132,-5.002
2026-03-19 21:12:00,3077,13.46,-5.851,-5.931,81.9,83.0,0.0,0.0,0.0,0.0,67.15,992.739,0.598,0.335,288.9,284.8,-6.132,-5.002
2026-03-19 21:13:00,3078,13.47,-5.813,-5.892,81.9,82.8,0.0,0.042,0.0,0.49,67.5,992.741,0.584,0.301,289.0,284.8,-6.11,-4.995
2026-03-19 21:13:00,3078,13.47,-5.813,-5.892,81.9,82.8,0.0,0.042,0.0,0.49,67.5,992.741,0.584,0.301,289.0,284.8,-6.11,-4.995
2026-03-19 21:14:00,3079,13.46,-5.776,-5.859,81.7,82.1,0.0,0.516,0.0,0.784,67.3,992.7408,0.703,0.426,289.0,284.5,-6.084,-4.984
2026-03-19 21:14:00,3079,13.46,-5.776,-5.859,81.7,82.1,0.0,0.516,0.0,0.784,67.3,992.7408,0.703,0.426,289.0,284.5,-6.084,-4.984
2026-03-19 21:15:00,3080,13.45,-5.748,-5.834,81.4,81.8,0.0,0.263,0.0,0.784,67.31,992.7307,0.708,0.44,289.0,284.3,-6.056,-4.973
2026-03-19 21:15:00,3080,13.45,-5.748,-5.834,81.4,81.8,0.0,0.263,0.0,0.784,67.31,992.7307,0.708,0.44,289.0,284.3,-6.056,-4.973
2026-03-19 21:16:00,3081,13.46,-5.705,-5.791,81.2,81.5,0.0,0.0,0.0,0.0,67.27,992.7098,0.861,0.574,289.2,284.5,-6.026,-4.971
2026-03-19 21:16:00,3081,13.46,-5.705,-5.791,81.2,81.5,0.0,0.0,0.0,0.0,67.27,992.7098,0.861,0.574,289.2,284.5,-6.026,-4.971
2026-03-19 21:17:00,3082,13.45,-5.661,-5.756,80.9,81.2,0.0,0.123,0.0,0.49,67.18,992.7025,0.861,0.574,289.2,284.6,-6.002,-4.961
2026-03-19 21:17:00,3082,13.45,-5.661,-5.756,80.9,81.2,0.0,0.123,0.0,0.49,67.18,992.7025,0.861,0.574,289.2,284.6,-6.002,-4.961
2026-03-19 21:18:00,3083,13.47,-5.626,-5.727,80.5,80.7,0.092,0.978,0.669,1.568,67.81,992.6964,0.842,0.565,289.2,284.4,-5.984,-4.954
2026-03-19 21:18:00,3083,13.47,-5.626,-5.727,80.5,80.7,0.092,0.978,0.669,1.568,67.81,992.6964,0.842,0.565,289.2,284.4,-5.984,-4.954
2026-03-19 21:19:00,3084,13.46,-5.61,-5.715,80.2,80.6,0.664,1.343,1.03,1.568,73.14,992.662,0.733,0.465,289.2,284.1,-5.954,-4.946
2026-03-19 21:19:00,3084,13.46,-5.61,-5.715,80.2,80.6,0.664,1.343,1.03,1.568,73.14,992.662,0.733,0.465,289.2,284.1,-5.954,-4.946
2026-03-19 21:20:00,3085,13.46,-5.59,-5.691,80.0,80.6,0.073,0.182,0.566,0.98,73.14,992.6346,0.803,0.517,289.2,284.0,-5.929,-4.941
2026-03-19 21:20:00,3085,13.46,-5.59,-5.691,80.0,80.6,0.073,0.182,0.566,0.98,73.14,992.6346,0.803,0.517,289.2,284.0,-5.929,-4.941
2026-03-19 21:21:00,3086,13.46,-5.565,-5.663,79.95,80.6,0.0,0.398,0.051,0.98,73.14,992.6255,0.847,0.551,289.2,283.6,-5.907,-4.936
2026-03-19 21:21:00,3086,13.46,-5.565,-5.663,79.95,80.6,0.0,0.398,0.051,0.98,73.14,992.6255,0.847,0.551,289.2,283.6,-5.907,-4.936
2026-03-19 21:22:00,3087,13.46,-5.542,-5.644,79.89,80.3,0.243,1.05,0.618,1.372,71.07,992.6301,0.833,0.445,289.3,283.4,-5.885,-4.929
2026-03-19 21:22:00,3087,13.46,-5.542,-5.644,79.89,80.3,0.243,1.05,0.618,1.372,71.07,992.6301,0.833,0.445,289.3,283.4,-5.885,-4.929
2026-03-19 21:23:00,3088,13.46,-5.538,-5.644,79.69,79.99,0.004,0.384,0.103,0.98,68.57,992.6462,0.727,0.412,289.2,284.0,-5.87,-4.925
2026-03-19 21:23:00,3088,13.46,-5.538,-5.644,79.69,79.99,0.004,0.384,0.103,0.98,68.57,992.6462,0.727,0.412,289.2,284.0,-5.87,-4.925
2026-03-19 21:24:00,3089,13.46,-5.537,-5.639,79.6,80.1,0.0,0.198,0.0,0.686,68.7,992.6622,0.804,0.359,289.2,284.2,-5.858,-4.921
2026-03-19 21:24:00,3089,13.46,-5.537,-5.639,79.6,80.1,0.0,0.198,0.0,0.686,68.7,992.6622,0.804,0.359,289.2,284.2,-5.858,-4.921
2026-03-19 21:25:00,3090,13.45,-5.535,-5.634,79.62,80.1,0.0,0.152,0.0,0.49,68.69,992.6658,0.661,0.302,289.2,284.2,-5.853,-4.919
2026-03-19 21:25:00,3090,13.45,-5.535,-5.634,79.62,80.1,0.0,0.152,0.0,0.49,68.69,992.6658,0.661,0.302,289.2,284.2,-5.853,-4.919
2026-03-19 21:26:00,3091,13.45,-5.523,-5.616,79.63,80.1,0.0,0.0,0.0,0.0,68.64,992.663,0.713,0.297,289.3,284.1,-5.844,-4.916
2026-03-19 21:26:00,3091,13.45,-5.523,-5.616,79.63,80.1,0.0,0.0,0.0,0.0,68.64,992.663,0.713,0.297,289.3,284.1,-5.844,-4.916
2026-03-19 21:27:00,3092,13.46,-5.507,-5.598,79.59,80.1,0.0,0.009,0.0,0.392,68.48,992.6493,0.637,0.278,289.2,283.6,-5.838,-4.912
2026-03-19 21:27:00,3092,13.46,-5.507,-5.598,79.59,80.1,0.0,0.009,0.0,0.392,68.48,992.6493,0.637,0.278,289.2,283.6,-5.838,-4.912
2026-03-19 21:28:00,3093,13.45,-5.488,-5.582,79.56,80.1,0.0,0.589,0.0,0.784,60.63,992.6367,0.598,0.264,289.2,282.9,-5.822,-4.906
2026-03-19 21:28:00,3093,13.45,-5.488,-5.582,79.56,80.1,0.0,0.589,0.0,0.784,60.63,992.6367,0.598,0.264,289.2,282.9,-5.822,-4.906
2026-03-19 21:29:00,3094,13.46,-5.482,-5.569,79.45,79.94,0.0,0.2,0.0,0.588,60.55,992.6252,0.574,0.23,289.2,282.7,-5.81,-4.903
2026-03-19 21:29:00,3094,13.46,-5.482,-5.569,79.45,79.94,0.0,0.2,0.0,0.588,60.55,992.6252,0.574,0.23,289.2,282.7,-5.81,-4.903
2026-03-19 21:30:00,3095,13.45,-5.471,-5.558,79.35,79.76,0.0,0.0,0.0,0.0,60.55,992.6174,0.603,0.278,289.1,282.4,-5.799,-4.9
2026-03-19 21:30:00,3095,13.45,-5.471,-5.558,79.35,79.76,0.0,0.0,0.0,0.0,60.55,992.6174,0.603,0.278,289.1,282.4,-5.799,-4.9
2026-03-19 21:31:00,3096,13.46,-5.452,-5.542,79.18,79.6,0.0,0.0,0.0,0.0,60.6,992.6036,0.646,0.245,289.0,282.0,-5.793,-4.901
2026-03-19 21:31:00,3096,13.46,-5.452,-5.542,79.18,79.6,0.0,0.0,0.0,0.0,60.6,992.6036,0.646,0.245,289.0,282.0,-5.793,-4.901
2026-03-19 21:32:00,3097,13.46,-5.433,-5.527,79.08,79.52,0.0,0.0,0.0,0.0,60.62,992.6057,0.622,0.144,289.0,281.7,-5.787,-4.901
2026-03-19 21:32:00,3097,13.46,-5.433,-5.527,79.08,79.52,0.0,0.0,0.0,0.0,60.62,992.6057,0.622,0.144,289.0,281.7,-5.787,-4.901
2026-03-19 21:33:00,3098,13.46,-5.407,-5.509,78.92,79.4,0.0,0.0,0.0,0.0,60.61,992.6011,0.694,0.167,288.9,281.1,-5.775,-4.9
2026-03-19 21:33:00,3098,13.46,-5.407,-5.509,78.92,79.4,0.0,0.0,0.0,0.0,60.61,992.6011,0.694,0.167,288.9,281.1,-5.775,-4.9
2026-03-19 21:34:00,3099,13.46,-5.388,-5.492,78.83,79.39,0.0,0.0,0.0,0.0,60.6,992.6021,0.694,0.168,288.7,280.0,-5.771,-4.9
2026-03-19 21:34:00,3099,13.46,-5.388,-5.492,78.83,79.39,0.0,0.0,0.0,0.0,60.6,992.6021,0.694,0.168,288.7,280.0,-5.771,-4.9
2026-03-19 21:35:00,3100,13.45,-5.373,-5.475,78.72,79.43,0.0,0.0,0.0,0.0,60.58,992.5933,0.661,0.129,288.5,279.0,-5.776,-4.897
2026-03-19 21:35:00,3100,13.45,-5.373,-5.475,78.72,79.43,0.0,0.0,0.0,0.0,60.58,992.5933,0.661,0.129,288.5,279.0,-5.776,-4.897
2026-03-19 21:36:00,3101,13.45,-5.376,-5.471,78.59,79.51,0.0,0.0,0.0,0.0,60.48,992.5886,0.656,0.082,288.3,278.4,-5.793,-4.899
2026-03-19 21:36:00,3101,13.45,-5.376,-5.471,78.59,79.51,0.0,0.0,0.0,0.0,60.48,992.5886,0.656,0.082,288.3,278.4,-5.793,-4.899
2026-03-19 21:37:00,3102,13.45,-5.432,-5.491,78.52,79.69,0.0,0.485,0.0,0.686,37.74,992.57,0.441,-0.143,288.1,278.6,-5.805,-4.899
2026-03-19 21:37:00,3102,13.45,-5.432,-5.491,78.52,79.69,0.0,0.485,0.0,0.686,37.74,992.57,0.441,-0.143,288.1,278.6,-5.805,-4.899
2026-03-19 21:38:00,3103,13.46,-5.513,-5.511,78.67,79.54,0.04,0.843,0.309,1.274,37.69,992.5666,0.312,-0.263,288.0,278.8,-5.826,-4.905
2026-03-19 21:38:00,3103,13.46,-5.513,-5.511,78.67,79.54,0.04,0.843,0.309,1.274,37.69,992.5666,0.312,-0.263,288.0,278.8,-5.826,-4.905
2026-03-19 21:39:00,3104,13.46,-5.586,-5.537,78.95,79.2,0.001,1.311,0.051,1.568,37.78,992.5742,0.22,-0.363,288.0,279.0,-5.847,-4.912
2026-03-19 21:39:00,3104,13.46,-5.586,-5.537,78.95,79.2,0.001,1.311,0.051,1.568,37.78,992.5742,0.22,-0.363,288.0,279.0,-5.847,-4.912
2026-03-19 21:40:00,3105,13.46,-5.634,-5.564,79.28,79.64,0.0,1.592,0.0,1.764,38.81,992.5623,0.191,-0.32,288.1,279.6,-5.858,-4.919
2026-03-19 21:40:00,3105,13.46,-5.634,-5.564,79.28,79.64,0.0,1.592,0.0,1.764,38.81,992.5623,0.191,-0.32,288.1,279.6,-5.858,-4.919
2026-03-19 21:41:00,3106,13.45,-5.672,-5.599,79.63,79.91,0.37,1.402,0.875,1.568,23.81,992.561,0.249,-0.278,288.2,280.3,-5.862,-4.926
2026-03-19 21:41:00,3106,13.45,-5.672,-5.599,79.63,79.91,0.37,1.402,0.875,1.568,23.81,992.561,0.249,-0.278,288.2,280.3,-5.862,-4.926
2026-03-19 21:42:00,3107,13.46,-5.706,-5.65,79.95,80.7,0.611,1.641,1.133,2.058,19.19,992.5541,0.282,-0.23,288.2,280.4,-5.873,-4.932
2026-03-19 21:42:00,3107,13.46,-5.706,-5.65,79.95,80.7,0.611,1.641,1.133,2.058,19.19,992.5541,0.282,-0.23,288.2,280.4,-5.873,-4.932
2026-03-19 21:43:00,3108,13.46,-5.765,-5.745,80.3,81.4,0.762,1.824,1.184,2.058,19.44,992.5364,0.244,-0.244,288.2,280.3,-5.886,-4.943
2026-03-19 21:43:00,3108,13.46,-5.765,-5.745,80.3,81.4,0.762,1.824,1.184,2.058,19.44,992.5364,0.244,-0.244,288.2,280.3,-5.886,-4.943
2026-03-19 21:44:00,3109,13.45,-5.832,-5.831,80.7,82.0,0.545,1.677,0.927,1.96,21.0,992.5084,0.182,-0.287,288.2,280.0,-5.906,-4.955
2026-03-19 21:44:00,3109,13.45,-5.832,-5.831,80.7,82.0,0.545,1.677,0.927,1.96,21.0,992.5084,0.182,-0.287,288.2,280.0,-5.906,-4.955
2026-03-19 21:45:00,3110,13.46,-5.879,-5.893,81.0,82.4,0.378,1.405,0.618,1.568,18.7,992.5035,0.11,-0.296,288.1,279.5,-5.922,-4.968
2026-03-19 21:45:00,3110,13.46,-5.879,-5.893,81.0,82.4,0.378,1.405,0.618,1.568,18.7,992.5035,0.11,-0.296,288.1,279.5,-5.922,-4.968
2026-03-19 21:46:00,3111,13.46,-5.919,-5.945,81.3,82.7,0.123,1.245,0.36,1.47,18.29,992.517,0.095,-0.369,288.0,279.4,-5.936,-4.977
2026-03-19 21:46:00,3111,13.46,-5.919,-5.945,81.3,82.7,0.123,1.245,0.36,1.47,18.29,992.517,0.095,-0.369,288.0,279.4,-5.936,-4.977
2026-03-19 21:47:00,3112,13.46,-5.943,-5.948,81.5,82.7,0.007,0.871,0.206,1.078,18.28,992.5351,0.052,-0.416,288.0,280.1,-5.947,-4.981
2026-03-19 21:47:00,3112,13.46,-5.943,-5.948,81.5,82.7,0.007,0.871,0.206,1.078,18.28,992.5351,0.052,-0.416,288.0,280.1,-5.947,-4.981
2026-03-19 21:48:00,3113,13.46,-5.955,-5.924,81.7,82.6,0.0,0.508,0.0,0.686,18.29,992.55,0.033,-0.335,288.0,281.3,-5.956,-4.984
2026-03-19 21:48:00,3113,13.46,-5.955,-5.924,81.7,82.6,0.0,0.508,0.0,0.686,18.29,992.55,0.033,-0.335,288.0,281.3,-5.956,-4.984
2026-03-19 21:49:00,3114,13.47,-5.951,-5.895,81.8,82.5,0.0,0.047,0.0,0.392,18.28,992.5475,0.068,-0.311,288.1,282.3,-5.966,-4.989
2026-03-19 21:49:00,3114,13.47,-5.951,-5.895,81.8,82.5,0.0,0.047,0.0,0.392,18.28,992.5475,0.068,-0.311,288.1,282.3,-5.966,-4.989
2026-03-19 21:50:00,3115,13.46,-5.938,-5.861,81.8,82.2,0.182,0.838,1.03,1.47,348.0,992.5403,0.124,-0.287,288.1,281.9,-5.976,-4.987
2026-03-19 21:50:00,3115,13.46,-5.938,-5.861,81.8,82.2,0.182,0.838,1.03,1.47,348.0,992.5403,0.124,-0.287,288.1,281.9,-5.976,-4.987
2026-03-19 21:51:00,3116,13.47,-5.947,-5.9,81.8,82.3,0.125,0.861,0.412,1.078,348.1,992.5269,0.201,-0.278,288.1,281.1,-5.985,-4.987
2026-03-19 21:51:00,3116,13.47,-5.947,-5.9,81.8,82.3,0.125,0.861,0.412,1.078,348.1,992.5269,0.201,-0.278,288.1,281.1,-5.985,-4.987
2026-03-19 21:52:00,3117,13.46,-5.991,-5.975,81.7,82.6,0.02,0.847,0.206,0.98,348.0,992.5075,0.105,-0.287,288.0,280.5,-6.005,-4.992
2026-03-19 21:52:00,3117,13.46,-5.991,-5.975,81.7,82.6,0.02,0.847,0.206,0.98,348.0,992.5075,0.105,-0.287,288.0,280.5,-6.005,-4.992
2026-03-19 21:53:00,3118,13.46,-6.053,-6.063,81.8,82.8,0.176,0.945,0.36,1.078,347.9,992.4984,0.015,-0.302,287.9,280.3,-6.023,-5.0
2026-03-19 21:53:00,3118,13.46,-6.053,-6.063,81.8,82.8,0.176,0.945,0.36,1.078,347.9,992.4984,0.015,-0.302,287.9,280.3,-6.023,-5.0
2026-03-19 21:54:00,3119,13.45,-6.11,-6.145,81.9,83.0,0.123,0.826,0.309,1.078,345.9,992.4929,0.0,-0.401,287.8,280.6,-6.048,-5.008
2026-03-19 21:54:00,3119,13.45,-6.11,-6.145,81.9,83.0,0.123,0.826,0.309,1.078,345.9,992.4929,0.0,-0.401,287.8,280.6,-6.048,-5.008
2026-03-19 21:55:00,3120,13.45,-6.157,-6.207,82.0,83.2,0.0,0.819,0.0,0.98,345.9,992.4742,0.0,-0.474,287.7,280.7,-6.069,-5.021
2026-03-19 21:55:00,3120,13.45,-6.157,-6.207,82.0,83.2,0.0,0.819,0.0,0.98,345.9,992.4742,0.0,-0.474,287.7,280.7,-6.069,-5.021
2026-03-19 21:56:00,3121,13.46,-6.194,-6.257,82.1,83.4,0.0,0.862,0.0,0.98,346.1,992.4527,0.0,-0.526,287.6,280.2,-6.089,-5.029
2026-03-19 21:56:00,3121,13.46,-6.194,-6.257,82.1,83.4,0.0,0.862,0.0,0.98,346.1,992.4527,0.0,-0.526,287.6,280.2,-6.089,-5.029
2026-03-19 21:57:00,3122,13.46,-6.224,-6.298,82.3,83.6,0.0,1.098,0.0,1.274,346.6,992.4375,0.0,-0.574,287.5,279.3,-6.112,-5.041
2026-03-19 21:57:00,3122,13.46,-6.224,-6.298,82.3,83.6,0.0,1.098,0.0,1.274,346.6,992.4375,0.0,-0.574,287.5,279.3,-6.112,-5.041
2026-03-19 21:58:00,3123,13.46,-6.251,-6.309,82.4,83.7,0.0,1.161,0.0,1.274,346.6,992.4124,0.0,-0.574,287.4,278.6,-6.127,-5.05
2026-03-19 21:58:00,3123,13.46,-6.251,-6.309,82.4,83.7,0.0,1.161,0.0,1.274,346.6,992.4124,0.0,-0.574,287.4,278.6,-6.127,-5.05
2026-03-19 21:59:00,3124,13.46,-6.261,-6.266,82.4,83.4,0.0,1.202,0.0,1.372,350.6,992.4106,0.0,-0.574,287.2,278.2,-6.148,-5.061
2026-03-19 21:59:00,3124,13.46,-6.261,-6.266,82.4,83.4,0.0,1.202,0.0,1.372,350.6,992.4106,0.0,-0.574,287.2,278.2,-6.148,-5.061
2026-03-19 22:00:00,3125,13.45,-6.271,-6.248,82.5,83.1,0.0,1.263,0.0,1.372,352.1,992.4103,0.0,-0.555,287.2,278.3,-6.156,-5.066
2026-03-19 22:00:00,3125,13.45,-6.271,-6.248,82.5,83.1,0.0,1.263,0.0,1.372,352.1,992.4103,0.0,-0.555,287.2,278.3,-6.156,-5.066
2026-03-19 22:01:00,3126,13.46,-6.273,-6.259,82.5,83.1,0.0,1.334,0.0,1.47,352.2,992.4034,0.0,-0.564,287.2,278.7,-6.174,-5.074
2026-03-19 22:01:00,3126,13.46,-6.273,-6.259,82.5,83.1,0.0,1.334,0.0,1.47,352.2,992.4034,0.0,-0.564,287.2,278.7,-6.174,-5.074
2026-03-19 22:02:00,3127,13.46,-6.278,-6.26,82.6,83.1,0.0,1.308,0.0,1.372,352.3,992.4042,0.0,-0.512,287.2,279.4,-6.191,-5.077
2026-03-19 22:02:00,3127,13.46,-6.278,-6.26,82.6,83.1,0.0,1.308,0.0,1.372,352.3,992.4042,0.0,-0.512,287.2,279.4,-6.191,-5.077
2026-03-19 22:03:00,3128,13.46,-6.28,-6.245,82.6,83.1,0.0,1.124,0.0,1.274,352.2,992.4057,0.0,-0.416,287.3,280.4,-6.198,-5.088
2026-03-19 22:03:00,3128,13.46,-6.28,-6.245,82.6,83.1,0.0,1.124,0.0,1.274,352.2,992.4057,0.0,-0.416,287.3,280.4,-6.198,-5.088
2026-03-19 22:04:00,3129,13.46,-6.276,-6.209,82.6,82.9,0.0,0.98,0.0,1.078,352.2,992.4155,0.014,-0.335,287.4,281.3,-6.207,-5.09
2026-03-19 22:04:00,3129,13.46,-6.276,-6.209,82.6,82.9,0.0,0.98,0.0,1.078,352.2,992.4155,0.014,-0.335,287.4,281.3,-6.207,-5.09
2026-03-19 22:05:00,3130,13.46,-6.27,-6.182,82.7,82.7,0.0,0.88,0.0,1.078,352.2,992.4185,0.053,-0.287,287.5,281.9,-6.214,-5.095
2026-03-19 22:05:00,3130,13.46,-6.27,-6.182,82.7,82.7,0.0,0.88,0.0,1.078,352.2,992.4185,0.053,-0.287,287.5,281.9,-6.214,-5.095
2026-03-19 22:06:00,3131,13.46,-6.26,-6.161,82.6,82.6,0.0,0.601,0.0,0.784,352.2,992.4174,0.148,-0.287,287.6,282.3,-6.223,-5.095
2026-03-19 22:06:00,3131,13.46,-6.26,-6.161,82.6,82.6,0.0,0.601,0.0,0.784,352.2,992.4174,0.148,-0.287,287.6,282.3,-6.223,-5.095
2026-03-19 22:07:00,3132,13.46,-6.255,-6.138,82.6,82.5,0.0,0.334,0.0,0.588,352.2,992.4109,0.144,-0.268,287.7,282.5,-6.226,-5.096
2026-03-19 22:07:00,3132,13.46,-6.255,-6.138,82.6,82.5,0.0,0.334,0.0,0.588,352.2,992.4109,0.144,-0.268,287.7,282.5,-6.226,-5.096
2026-03-19 22:08:00,3133,13.46,-6.244,-6.121,82.6,82.5,0.0,0.274,0.0,0.49,352.2,992.398,0.144,-0.282,287.7,282.3,-6.229,-5.096
2026-03-19 22:08:00,3133,13.46,-6.244,-6.121,82.6,82.5,0.0,0.274,0.0,0.49,352.2,992.398,0.144,-0.282,287.7,282.3,-6.229,-5.096
2026-03-19 22:09:00,3134,13.46,-6.232,-6.104,82.6,82.4,0.0,0.196,0.0,0.49,352.2,992.3864,0.153,-0.268,287.7,282.3,-6.242,-5.096
2026-03-19 22:09:00,3134,13.46,-6.232,-6.104,82.6,82.4,0.0,0.196,0.0,0.49,352.2,992.3864,0.153,-0.268,287.7,282.3,-6.242,-5.096
2026-03-19 22:10:00,3135,13.46,-6.213,-6.087,82.5,82.4,0.0,0.022,0.0,0.196,352.2,992.3629,0.158,-0.178,287.7,282.4,-6.239,-5.095
2026-03-19 22:10:00,3135,13.46,-6.213,-6.087,82.5,82.4,0.0,0.022,0.0,0.196,352.2,992.3629,0.158,-0.178,287.7,282.4,-6.239,-5.095
2026-03-19 22:11:00,3136,13.46,-6.194,-6.063,82.5,82.4,0.0,0.0,0.0,0.0,352.2,992.3533,0.172,-0.148,287.7,282.2,-6.246,-5.096
2026-03-19 22:11:00,3136,13.46,-6.194,-6.063,82.5,82.4,0.0,0.0,0.0,0.0,352.2,992.3533,0.172,-0.148,287.7,282.2,-6.246,-5.096
2026-03-19 22:12:00,3137,13.46,-6.176,-6.033,82.4,82.3,0.0,0.0,0.0,0.0,352.2,992.3331,0.192,-0.144,287.7,281.7,-6.249,-5.093
2026-03-19 22:12:00,3137,13.46,-6.176,-6.033,82.4,82.3,0.0,0.0,0.0,0.0,352.2,992.3331,0.192,-0.144,287.7,281.7,-6.249,-5.093
2026-03-19 22:13:00,3138,13.46,-6.158,-6.004,82.4,82.2,0.0,0.0,0.0,0.0,352.2,992.324,0.267,-0.139,287.6,280.8,-6.253,-5.087
2026-03-19 22:13:00,3138,13.46,-6.158,-6.004,82.4,82.2,0.0,0.0,0.0,0.0,352.2,992.324,0.267,-0.139,287.6,280.8,-6.253,-5.087
2026-03-19 22:14:00,3139,13.46,-6.136,-5.979,82.4,82.1,0.0,0.0,0.0,0.0,352.2,992.3209,0.296,-0.091,287.4,279.6,-6.253,-5.088
2026-03-19 22:14:00,3139,13.46,-6.136,-5.979,82.4,82.1,0.0,0.0,0.0,0.0,352.2,992.3209,0.296,-0.091,287.4,279.6,-6.253,-5.088
2026-03-19 22:15:00,3140,13.45,-6.107,-5.967,82.4,82.1,0.0,0.0,0.0,0.0,352.2,992.316,0.383,-0.057,287.2,278.3,-6.254,-5.087
2026-03-19 22:15:00,3140,13.45,-6.107,-5.967,82.4,82.1,0.0,0.0,0.0,0.0,352.2,992.316,0.383,-0.057,287.2,278.3,-6.254,-5.087
2026-03-19 22:16:00,3141,13.47,-6.082,-5.957,82.3,82.0,0.0,0.0,0.0,0.0,352.2,992.3267,0.435,-0.024,286.9,277.0,-6.268,-5.092
2026-03-19 22:16:00,3141,13.47,-6.082,-5.957,82.3,82.0,0.0,0.0,0.0,0.0,352.2,992.3267,0.435,-0.024,286.9,277.0,-6.268,-5.092
2026-03-19 22:17:00,3142,13.46,-6.057,-5.948,82.3,82.0,0.0,0.0,0.0,0.0,352.2,992.3276,0.426,-0.115,286.6,276.0,-6.268,-5.094
2026-03-19 22:17:00,3142,13.46,-6.057,-5.948,82.3,82.0,0.0,0.0,0.0,0.0,352.2,992.3276,0.426,-0.115,286.6,276.0,-6.268,-5.094
2026-03-19 22:18:00,3143,13.46,-6.03,-5.944,82.2,81.9,0.0,0.0,0.0,0.0,352.2,992.3267,0.445,-0.144,286.5,275.9,-6.268,-5.1
2026-03-19 22:18:00,3143,13.46,-6.03,-5.944,82.2,81.9,0.0,0.0,0.0,0.0,352.2,992.3267,0.445,-0.144,286.5,275.9,-6.268,-5.1
2026-03-19 22:19:00,3144,13.46,-6.006,-5.94,82.1,81.9,0.0,0.0,0.0,0.0,352.1,992.3206,0.455,-0.12,286.4,276.3,-6.266,-5.108
2026-03-19 22:19:00,3144,13.46,-6.006,-5.94,82.1,81.9,0.0,0.0,0.0,0.0,352.1,992.3206,0.455,-0.12,286.4,276.3,-6.266,-5.108
2026-03-19 22:20:00,3145,13.46,-5.991,-5.943,82.0,81.9,0.0,0.0,0.0,0.0,351.1,992.3165,0.44,-0.134,286.4,276.6,-6.269,-5.112
2026-03-19 22:20:00,3145,13.46,-5.991,-5.943,82.0,81.9,0.0,0.0,0.0,0.0,351.1,992.3165,0.44,-0.134,286.4,276.6,-6.269,-5.112
2026-03-19 22:21:00,3146,13.46,-6.017,-5.947,81.9,81.9,0.0,0.0,0.0,0.0,312.5,992.2933,0.297,-0.243,286.4,276.5,-6.281,-5.114
2026-03-19 22:21:00,3146,13.46,-6.017,-5.947,81.9,81.9,0.0,0.0,0.0,0.0,312.5,992.2933,0.297,-0.243,286.4,276.5,-6.281,-5.114
2026-03-19 22:22:00,3147,13.47,-6.003,-5.943,81.9,81.9,0.0,0.0,0.0,0.0,312.5,992.2534,0.258,-0.302,286.3,275.8,-6.281,-5.118
2026-03-19 22:22:00,3147,13.47,-6.003,-5.943,81.9,81.9,0.0,0.0,0.0,0.0,312.5,992.2534,0.258,-0.302,286.3,275.8,-6.281,-5.118
2026-03-19 22:23:00,3148,13.46,-5.963,-5.924,81.9,81.9,0.0,0.0,0.0,0.0,312.5,992.2115,0.325,-0.211,286.1,274.2,-6.286,-5.124
2026-03-19 22:23:00,3148,13.46,-5.963,-5.924,81.9,81.9,0.0,0.0,0.0,0.0,312.5,992.2115,0.325,-0.211,286.1,274.2,-6.286,-5.124
2026-03-19 22:24:00,3149,13.46,-5.94,-5.908,81.8,81.8,0.0,0.0,0.0,0.0,312.5,992.1736,0.388,-0.21,285.8,272.4,-6.294,-5.135
2026-03-19 22:24:00,3149,13.46,-5.94,-5.908,81.8,81.8,0.0,0.0,0.0,0.0,312.5,992.1736,0.388,-0.21,285.8,272.4,-6.294,-5.135
2026-03-19 22:25:00,3150,13.46,-5.928,-5.9,81.6,81.7,0.0,0.0,0.0,0.0,312.5,992.1396,0.378,-0.358,285.5,271.5,-6.306,-5.146
2026-03-19 22:25:00,3150,13.46,-5.928,-5.9,81.6,81.7,0.0,0.0,0.0,0.0,312.5,992.1396,0.378,-0.358,285.5,271.5,-6.306,-5.146
2026-03-19 22:26:00,3151,13.46,-5.936,-5.913,81.5,81.5,0.001,0.326,0.051,0.882,279.3,992.1219,0.297,-0.431,285.3,271.6,-6.33,-5.155
2026-03-19 22:26:00,3151,13.46,-5.936,-5.913,81.5,81.5,0.001,0.326,0.051,0.882,279.3,992.1219,0.297,-0.431,285.3,271.6,-6.33,-5.155
2026-03-19 22:27:00,3152,13.46,-6.022,-6.002,81.4,81.7,0.001,0.9,0.051,1.078,276.9,992.1179,0.273,-0.54,285.3,272.6,-6.354,-5.166
2026-03-19 22:27:00,3152,13.46,-6.022,-6.002,81.4,81.7,0.001,0.9,0.051,1.078,276.9,992.1179,0.273,-0.54,285.3,272.6,-6.354,-5.166
2026-03-19 22:28:00,3153,13.46,-6.114,-6.021,81.5,82.1,0.0,0.576,0.0,1.078,276.9,992.12,0.125,-0.612,285.4,274.5,-6.372,-5.176
2026-03-19 22:28:00,3153,13.46,-6.114,-6.021,81.5,82.1,0.0,0.576,0.0,1.078,276.9,992.12,0.125,-0.612,285.4,274.5,-6.372,-5.176
2026-03-19 22:29:00,3154,13.46,-6.144,-6.004,81.8,82.0,0.0,0.627,0.0,0.784,276.9,992.1169,0.08,-0.575,285.5,276.4,-6.38,-5.188
2026-03-19 22:29:00,3154,13.46,-6.144,-6.004,81.8,82.0,0.0,0.627,0.0,0.784,276.9,992.1169,0.08,-0.575,285.5,276.4,-6.38,-5.188
2026-03-19 22:30:00,3155,13.47,-6.144,-5.986,81.9,82.0,0.0,0.538,0.0,0.882,276.9,992.121,0.264,-0.354,285.9,277.9,-6.381,-5.197
2026-03-19 22:30:00,3155,13.47,-6.144,-5.986,81.9,82.0,0.0,0.538,0.0,0.882,276.9,992.121,0.264,-0.354,285.9,277.9,-6.381,-5.197
2026-03-19 22:31:00,3156,13.46,-6.152,-5.955,82.0,81.9,0.0,0.53,0.0,0.686,276.9,992.1295,0.282,-0.287,286.1,278.9,-6.393,-5.203
2026-03-19 22:31:00,3156,13.46,-6.152,-5.955,82.0,81.9,0.0,0.53,0.0,0.686,276.9,992.1295,0.282,-0.287,286.1,278.9,-6.393,-5.203
2026-03-19 22:32:00,3157,13.46,-6.191,-5.937,82.0,81.7,0.0,0.482,0.0,0.588,276.9,992.144,0.202,-0.296,286.2,279.8,-6.403,-5.214
2026-03-19 22:32:00,3157,13.46,-6.191,-5.937,82.0,81.7,0.0,0.482,0.0,0.588,276.9,992.144,0.202,-0.296,286.2,279.8,-6.403,-5.214
2026-03-19 22:33:00,3158,13.46,-6.231,-5.924,82.1,81.5,0.0,0.422,0.0,0.686,276.9,992.1568,0.144,-0.297,286.4,280.8,-6.406,-5.22
2026-03-19 22:33:00,3158,13.46,-6.231,-5.924,82.1,81.5,0.0,0.422,0.0,0.686,276.9,992.1568,0.144,-0.297,286.4,280.8,-6.406,-5.22
2026-03-19 22:34:00,3159,13.46,-6.271,-5.98,82.2,81.6,0.0,0.574,0.0,0.784,276.9,992.1725,0.134,-0.259,286.6,281.5,-6.412,-5.221
2026-03-19 22:34:00,3159,13.46,-6.271,-5.98,82.2,81.6,0.0,0.574,0.0,0.784,276.9,992.1725,0.134,-0.259,286.6,281.5,-6.412,-5.221
2026-03-19 22:35:00,3160,13.46,-6.311,-6.013,82.3,81.7,0.0,0.874,0.0,0.98,276.9,992.1821,0.124,-0.249,286.8,282.1,-6.421,-5.221
2026-03-19 22:35:00,3160,13.46,-6.311,-6.013,82.3,81.7,0.0,0.874,0.0,0.98,276.9,992.1821,0.124,-0.249,286.8,282.1,-6.421,-5.221
2026-03-19 22:36:00,3161,13.45,-6.343,-6.028,82.5,81.9,0.0,1.013,0.0,1.176,277.0,992.1913,0.139,-0.154,286.9,282.6,-6.426,-5.221
2026-03-19 22:36:00,3161,13.45,-6.343,-6.028,82.5,81.9,0.0,1.013,0.0,1.176,277.0,992.1913,0.139,-0.154,286.9,282.6,-6.426,-5.221
2026-03-19 22:37:00,3162,13.45,-6.378,-6.067,82.6,81.8,0.0,1.246,0.0,1.372,287.0,992.1997,0.129,-0.144,287.1,282.9,-6.433,-5.222
2026-03-19 22:37:00,3162,13.45,-6.378,-6.067,82.6,81.8,0.0,1.246,0.0,1.372,287.0,992.1997,0.129,-0.144,287.1,282.9,-6.433,-5.222
2026-03-19 22:38:00,3163,13.46,-6.417,-6.184,82.8,82.3,0.0,1.359,0.0,1.568,287.1,992.2053,0.115,-0.144,287.2,283.1,-6.441,-5.221
2026-03-19 22:38:00,3163,13.46,-6.417,-6.184,82.8,82.3,0.0,1.359,0.0,1.568,287.1,992.2053,0.115,-0.144,287.2,283.1,-6.441,-5.221
2026-03-19 22:39:00,3164,13.46,-6.455,-6.298,82.9,82.8,0.0,1.565,0.0,1.862,290.7,992.1874,0.101,-0.148,287.2,283.0,-6.439,-5.223
2026-03-19 22:39:00,3164,13.46,-6.455,-6.298,82.9,82.8,0.0,1.565,0.0,1.862,290.7,992.1874,0.101,-0.148,287.2,283.0,-6.439,-5.223
2026-03-19 22:40:00,3165,13.46,-6.48,-6.386,83.1,83.3,0.386,1.437,0.978,1.666,291.7,992.1723,0.134,-0.144,287.3,282.8,-6.44,-5.227
2026-03-19 22:40:00,3165,13.46,-6.48,-6.386,83.1,83.3,0.386,1.437,0.978,1.666,291.7,992.1723,0.134,-0.144,287.3,282.8,-6.44,-5.227
2026-03-19 22:41:00,3166,13.46,-6.497,-6.447,83.3,83.6,0.237,1.021,0.566,1.372,291.7,992.142,0.134,-0.144,287.3,282.4,-6.447,-5.229
2026-03-19 22:41:00,3166,13.46,-6.497,-6.447,83.3,83.6,0.237,1.021,0.566,1.372,291.7,992.142,0.134,-0.144,287.3,282.4,-6.447,-5.229
2026-03-19 22:42:00,3167,13.46,-6.51,-6.493,83.5,83.9,0.0,0.76,0.0,0.98,291.7,992.1263,0.134,-0.144,287.2,281.9,-6.454,-5.233
2026-03-19 22:42:00,3167,13.46,-6.51,-6.493,83.5,83.9,0.0,0.76,0.0,0.98,291.7,992.1263,0.134,-0.144,287.2,281.9,-6.454,-5.233
2026-03-19 22:43:00,3168,13.46,-6.514,-6.529,83.6,84.1,0.0,0.812,0.0,0.98,291.6,992.1251,0.144,-0.144,287.2,281.5,-6.46,-5.233
2026-03-19 22:43:00,3168,13.46,-6.514,-6.529,83.6,84.1,0.0,0.812,0.0,0.98,291.6,992.1251,0.144,-0.144,287.2,281.5,-6.46,-5.233
2026-03-19 22:44:00,3169,13.46,-6.524,-6.55,83.7,84.4,0.006,1.053,0.206,1.274,291.4,992.1176,0.144,-0.144,287.1,281.4,-6.464,-5.235
2026-03-19 22:44:00,3169,13.46,-6.524,-6.55,83.7,84.4,0.006,1.053,0.206,1.274,291.4,992.1176,0.144,-0.144,287.1,281.4,-6.464,-5.235
2026-03-19 22:45:00,3170,13.45,-6.524,-6.559,83.8,84.6,0.0,1.093,0.0,1.274,291.2,992.1191,0.144,-0.144,287.1,281.4,-6.467,-5.238
2026-03-19 22:45:00,3170,13.45,-6.524,-6.559,83.8,84.6,0.0,1.093,0.0,1.274,291.2,992.1191,0.144,-0.144,287.1,281.4,-6.467,-5.238
2026-03-19 22:46:00,3171,13.46,-6.522,-6.574,83.9,84.7,0.138,1.222,0.669,1.47,275.3,992.1163,0.144,-0.144,287.1,281.2,-6.474,-5.239
2026-03-19 22:46:00,3171,13.46,-6.522,-6.574,83.9,84.7,0.138,1.222,0.669,1.47,275.3,992.1163,0.144,-0.144,287.1,281.2,-6.474,-5.239
2026-03-19 22:47:00,3172,13.46,-6.528,-6.577,84.1,85.0,0.524,1.396,1.184,1.568,280.7,992.1165,0.144,-0.144,287.0,281.3,-6.477,-5.245
2026-03-19 22:47:00,3172,13.46,-6.528,-6.577,84.1,85.0,0.524,1.396,1.184,1.568,280.7,992.1165,0.144,-0.144,287.0,281.3,-6.477,-5.245
2026-03-19 22:48:00,3173,13.46,-6.502,-6.496,84.3,85.2,0.4,1.37,0.669,1.47,284.6,992.1011,0.144,-0.144,287.1,281.2,-6.471,-5.253
2026-03-19 22:48:00,3173,13.46,-6.502,-6.496,84.3,85.2,0.4,1.37,0.669,1.47,284.6,992.1011,0.144,-0.144,287.1,281.2,-6.471,-5.253
2026-03-19 22:49:00,3174,13.46,-6.45,-6.397,84.3,85.1,0.223,0.916,0.515,1.372,281.3,992.0773,0.22,-0.101,287.1,280.6,-6.461,-5.256
2026-03-19 22:49:00,3174,13.46,-6.45,-6.397,84.3,85.1,0.223,0.916,0.515,1.372,281.3,992.0773,0.22,-0.101,287.1,280.6,-6.461,-5.256
2026-03-19 22:50:00,3175,13.47,-6.424,-6.411,84.3,84.6,0.0,0.778,0.0,1.078,273.9,992.0604,0.363,0.048,287.0,279.8,-6.462,-5.257
2026-03-19 22:50:00,3175,13.47,-6.424,-6.411,84.3,84.6,0.0,0.778,0.0,1.078,273.9,992.0604,0.363,0.048,287.0,279.8,-6.462,-5.257
2026-03-19 22:51:00,3176,13.46,-6.448,-6.459,84.3,84.6,0.0,0.934,0.0,1.176,274.7,992.051,0.287,-0.119,286.8,279.5,-6.471,-5.258
2026-03-19 22:51:00,3176,13.46,-6.448,-6.459,84.3,84.6,0.0,0.934,0.0,1.176,274.7,992.051,0.287,-0.119,286.8,279.5,-6.471,-5.258
2026-03-19 22:52:00,3177,13.46,-6.444,-6.438,84.3,84.9,0.0,1.101,0.0,1.176,280.4,992.0463,0.215,-0.144,286.8,279.1,-6.474,-5.26
2026-03-19 22:52:00,3177,13.46,-6.444,-6.438,84.3,84.9,0.0,1.101,0.0,1.176,280.4,992.0463,0.215,-0.144,286.8,279.1,-6.474,-5.26
2026-03-19 22:53:00,3178,13.46,-6.424,-6.44,84.3,84.8,0.0,0.97,0.0,1.274,280.3,992.0494,0.292,-0.144,286.7,278.8,-6.478,-5.262
2026-03-19 22:53:00,3178,13.46,-6.424,-6.44,84.3,84.8,0.0,0.97,0.0,1.274,280.3,992.0494,0.292,-0.144,286.7,278.8,-6.478,-5.262
2026-03-19 22:54:00,3179,13.45,-6.444,-6.451,84.3,84.9,0.0,1.188,0.0,1.372,280.5,992.0588,0.278,-0.144,286.6,278.7,-6.488,-5.267
2026-03-19 22:54:00,3179,13.45,-6.444,-6.451,84.3,84.9,0.0,1.188,0.0,1.372,280.5,992.0588,0.278,-0.144,286.6,278.7,-6.488,-5.267
2026-03-19 22:55:00,3180,13.46,-6.448,-6.45,84.3,84.9,0.0,1.14,0.0,1.274,280.3,992.0545,0.244,-0.144,286.6,278.3,-6.491,-5.274
2026-03-19 22:55:00,3180,13.46,-6.448,-6.45,84.3,84.9,0.0,1.14,0.0,1.274,280.3,992.0545,0.244,-0.144,286.6,278.3,-6.491,-5.274
2026-03-19 22:56:00,3181,13.46,-6.465,-6.484,84.2,84.8,0.0,1.141,0.0,1.274,280.2,992.0594,0.258,-0.158,286.5,277.6,-6.496,-5.279
2026-03-19 22:56:00,3181,13.46,-6.465,-6.484,84.2,84.8,0.0,1.141,0.0,1.274,280.2,992.0594,0.258,-0.158,286.5,277.6,-6.496,-5.279
2026-03-19 22:57:00,3182,13.46,-6.493,-6.531,84.3,85.0,0.0,1.175,0.0,1.372,280.4,992.0632,0.235,-0.253,286.3,277.0,-6.505,-5.281
2026-03-19 22:57:00,3182,13.46,-6.493,-6.531,84.3,85.0,0.0,1.175,0.0,1.372,280.4,992.0632,0.235,-0.253,286.3,277.0,-6.505,-5.281
2026-03-19 22:58:00,3183,13.46,-6.517,-6.545,84.3,85.2,0.0,1.16,0.0,1.274,280.5,992.0693,0.167,-0.302,286.3,276.7,-6.511,-5.294
2026-03-19 22:58:00,3183,13.46,-6.517,-6.545,84.3,85.2,0.0,1.16,0.0,1.274,280.5,992.0693,0.167,-0.302,286.3,276.7,-6.511,-5.294
2026-03-19 22:59:00,3184,13.45,-6.518,-6.545,84.4,85.4,0.0,1.301,0.051,1.47,290.0,992.0762,0.168,-0.321,286.2,276.3,-6.518,-5.303
2026-03-19 22:59:00,3184,13.45,-6.518,-6.545,84.4,85.4,0.0,1.301,0.051,1.47,290.0,992.0762,0.168,-0.321,286.2,276.3,-6.518,-5.303
2026-03-19 23:00:00,3185,13.45,-6.521,-6.517,84.5,85.5,0.027,1.304,0.257,1.47,289.6,992.0719,0.167,-0.354,286.1,275.7,-6.532,-5.306
2026-03-19 23:00:00,3185,13.45,-6.521,-6.517,84.5,85.5,0.027,1.304,0.257,1.47,289.6,992.0719,0.167,-0.354,286.1,275.7,-6.532,-5.306
2026-03-19 23:01:00,3186,13.46,-6.521,-6.517,84.6,85.4,0.004,1.153,0.154,1.274,283.1,992.0701,0.191,-0.359,285.9,274.7,-6.538,-5.311
2026-03-19 23:01:00,3186,13.46,-6.521,-6.517,84.6,85.4,0.004,1.153,0.154,1.274,283.1,992.0701,0.191,-0.359,285.9,274.7,-6.538,-5.311
2026-03-19 23:02:00,3187,13.46,-6.527,-6.545,84.6,85.4,0.0,1.117,0.0,1.274,283.1,992.0613,0.254,-0.388,285.7,273.8,-6.545,-5.321
2026-03-19 23:02:00,3187,13.46,-6.527,-6.545,84.6,85.4,0.0,1.117,0.0,1.274,283.1,992.0613,0.254,-0.388,285.7,273.8,-6.545,-5.321
2026-03-19 23:03:00,3188,13.46,-6.541,-6.568,84.7,85.6,0.0,1.115,0.0,1.176,283.3,992.0571,0.235,-0.426,285.5,273.4,-6.554,-5.332
2026-03-19 23:03:00,3188,13.46,-6.541,-6.568,84.7,85.6,0.0,1.115,0.0,1.176,283.3,992.0571,0.235,-0.426,285.5,273.4,-6.554,-5.332
2026-03-19 23:04:00,3189,13.46,-6.541,-6.559,84.8,85.7,0.0,1.105,0.0,1.274,296.9,992.0494,0.23,-0.431,285.5,273.5,-6.56,-5.334
2026-03-19 23:04:00,3189,13.46,-6.541,-6.559,84.8,85.7,0.0,1.105,0.0,1.274,296.9,992.0494,0.23,-0.431,285.5,273.5,-6.56,-5.334
2026-03-19 23:05:00,3190,13.46,-6.532,-6.524,84.8,85.8,0.0,1.006,0.0,1.274,295.6,992.0404,0.263,-0.426,285.5,274.5,-6.57,-5.34
2026-03-19 23:05:00,3190,13.46,-6.532,-6.524,84.8,85.8,0.0,1.006,0.0,1.274,295.6,992.0404,0.263,-0.426,285.5,274.5,-6.57,-5.34
2026-03-19 23:06:00,3191,13.46,-6.501,-6.48,84.9,85.9,0.0,1.017,0.0,1.47,292.4,992.0525,0.259,-0.402,285.6,275.8,-6.569,-5.347
2026-03-19 23:06:00,3191,13.46,-6.501,-6.48,84.9,85.9,0.0,1.017,0.0,1.47,292.4,992.0525,0.259,-0.402,285.6,275.8,-6.569,-5.347
2026-03-19 23:07:00,3192,13.45,-6.468,-6.472,85.0,85.8,0.0,0.69,0.0,1.372,297.5,992.0626,0.297,-0.282,285.9,277.0,-6.555,-5.347
2026-03-19 23:07:00,3192,13.45,-6.468,-6.472,85.0,85.8,0.0,0.69,0.0,1.372,297.5,992.0626,0.297,-0.282,285.9,277.0,-6.555,-5.347
2026-03-19 23:08:00,3193,13.46,-6.454,-6.481,84.9,85.6,0.0,0.478,0.0,0.784,297.6,992.0655,0.339,-0.163,286.0,277.8,-6.555,-5.347
2026-03-19 23:08:00,3193,13.46,-6.454,-6.481,84.9,85.6,0.0,0.478,0.0,0.784,297.6,992.0655,0.339,-0.163,286.0,277.8,-6.555,-5.347
2026-03-19 23:09:00,3194,13.45,-6.453,-6.486,84.9,85.7,0.0,0.282,0.0,0.686,297.7,992.0575,0.292,-0.206,286.1,278.4,-6.555,-5.341
2026-03-19 23:09:00,3194,13.45,-6.453,-6.486,84.9,85.7,0.0,0.282,0.0,0.686,297.7,992.0575,0.292,-0.206,286.1,278.4,-6.555,-5.341
2026-03-19 23:10:00,3195,13.46,-6.436,-6.471,85.0,85.7,0.0,0.22,0.0,0.588,297.8,992.0538,0.297,-0.163,286.1,278.6,-6.554,-5.339
2026-03-19 23:10:00,3195,13.46,-6.436,-6.471,85.0,85.7,0.0,0.22,0.0,0.588,297.8,992.0538,0.297,-0.163,286.1,278.6,-6.554,-5.339
2026-03-19 23:11:00,3196,13.46,-6.414,-6.453,84.9,85.7,0.0,0.0,0.0,0.0,297.8,992.0607,0.292,-0.135,286.2,278.7,-6.556,-5.334
2026-03-19 23:11:00,3196,13.46,-6.414,-6.453,84.9,85.7,0.0,0.0,0.0,0.0,297.8,992.0607,0.292,-0.135,286.2,278.7,-6.556,-5.334
2026-03-19 23:12:00,3197,13.45,-6.396,-6.436,84.9,85.6,0.0,0.0,0.0,0.0,297.8,992.0588,0.301,-0.039,286.2,278.7,-6.556,-5.333
2026-03-19 23:12:00,3197,13.45,-6.396,-6.436,84.9,85.6,0.0,0.0,0.0,0.0,297.8,992.0588,0.301,-0.039,286.2,278.7,-6.556,-5.333
2026-03-19 23:13:00,3198,13.46,-6.377,-6.42,84.9,85.5,0.0,0.0,0.0,0.0,297.8,992.062,0.302,-0.052,286.2,278.7,-6.552,-5.325
2026-03-19 23:13:00,3198,13.46,-6.377,-6.42,84.9,85.5,0.0,0.0,0.0,0.0,297.8,992.062,0.302,-0.052,286.2,278.7,-6.552,-5.325
2026-03-19 23:14:00,3199,13.46,-6.355,-6.403,84.9,85.4,0.0,0.0,0.0,0.0,297.8,992.0531,0.335,-0.014,286.3,278.7,-6.543,-5.321
2026-03-19 23:14:00,3199,13.46,-6.355,-6.403,84.9,85.4,0.0,0.0,0.0,0.0,297.8,992.0531,0.335,-0.014,286.3,278.7,-6.543,-5.321
2026-03-19 23:15:00,3200,13.46,-6.331,-6.386,84.8,85.2,0.0,0.0,0.0,0.0,297.8,992.0475,0.507,0.0,286.4,278.5,-6.536,-5.311
2026-03-19 23:15:00,3200,13.46,-6.331,-6.386,84.8,85.2,0.0,0.0,0.0,0.0,297.8,992.0475,0.507,0.0,286.4,278.5,-6.536,-5.311
2026-03-19 23:16:00,3201,13.46,-6.309,-6.373,84.7,85.1,0.0,0.0,0.0,0.0,297.8,992.0477,0.536,0.0,286.4,278.2,-6.535,-5.304
2026-03-19 23:16:00,3201,13.46,-6.309,-6.373,84.7,85.1,0.0,0.0,0.0,0.0,297.8,992.0477,0.536,0.0,286.4,278.2,-6.535,-5.304
2026-03-19 23:17:00,3202,13.45,-6.294,-6.362,84.6,85.0,0.0,0.0,0.0,0.0,297.8,992.0495,0.546,0.005,286.3,277.9,-6.535,-5.297
2026-03-19 23:17:00,3202,13.45,-6.294,-6.362,84.6,85.0,0.0,0.0,0.0,0.0,297.8,992.0495,0.546,0.005,286.3,277.9,-6.535,-5.297
2026-03-19 23:18:00,3203,13.46,-6.277,-6.347,84.5,84.8,0.0,0.0,0.0,0.0,297.8,992.0363,0.517,-0.005,286.3,277.6,-6.536,-5.284
2026-03-19 23:18:00,3203,13.46,-6.277,-6.347,84.5,84.8,0.0,0.0,0.0,0.0,297.8,992.0363,0.517,-0.005,286.3,277.6,-6.536,-5.284
2026-03-19 23:19:00,3204,13.46,-6.265,-6.338,84.4,84.7,0.0,0.0,0.0,0.0,297.8,992.0336,0.497,-0.009,286.2,277.4,-6.536,-5.279
2026-03-19 23:19:00,3204,13.46,-6.265,-6.338,84.4,84.7,0.0,0.0,0.0,0.0,297.8,992.0336,0.497,-0.009,286.2,277.4,-6.536,-5.279
2026-03-19 23:20:00,3205,13.46,-6.254,-6.33,84.3,84.6,0.0,0.0,0.0,0.0,297.8,992.0283,0.498,-0.019,286.2,277.4,-6.538,-5.275
2026-03-19 23:20:00,3205,13.46,-6.254,-6.33,84.3,84.6,0.0,0.0,0.0,0.0,297.8,992.0283,0.498,-0.019,286.2,277.4,-6.538,-5.275
2026-03-19 23:21:00,3206,13.46,-6.245,-6.317,84.2,84.4,0.0,0.0,0.0,0.0,298.1,992.0264,0.44,-0.053,286.2,277.8,-6.536,-5.27
2026-03-19 23:21:00,3206,13.46,-6.245,-6.317,84.2,84.4,0.0,0.0,0.0,0.0,298.1,992.0264,0.44,-0.053,286.2,277.8,-6.536,-5.27
2026-03-19 23:22:00,3207,13.46,-6.241,-6.307,84.0,84.3,0.0,0.0,0.0,0.0,313.4,992.0115,0.431,-0.11,286.3,278.6,-6.539,-5.262
2026-03-19 23:22:00,3207,13.46,-6.241,-6.307,84.0,84.3,0.0,0.0,0.0,0.0,313.4,992.0115,0.431,-0.11,286.3,278.6,-6.539,-5.262
2026-03-19 23:23:00,3208,13.46,-6.231,-6.295,83.9,84.0,0.0,0.0,0.0,0.0,313.8,992.0037,0.436,-0.024,286.5,279.4,-6.537,-5.255
2026-03-19 23:23:00,3208,13.46,-6.231,-6.295,83.9,84.0,0.0,0.0,0.0,0.0,313.8,992.0037,0.436,-0.024,286.5,279.4,-6.537,-5.255
2026-03-19 23:24:00,3209,13.46,-6.22,-6.284,83.8,83.8,0.0,0.021,0.0,0.294,350.2,992.0016,0.497,0.047,286.7,280.2,-6.525,-5.252
2026-03-19 23:24:00,3209,13.46,-6.22,-6.284,83.8,83.8,0.0,0.021,0.0,0.294,350.2,992.0016,0.497,0.047,286.7,280.2,-6.525,-5.252
2026-03-19 23:25:00,3210,13.46,-6.21,-6.276,83.6,83.5,0.0,0.0,0.0,0.0,350.2,991.998,0.546,0.144,286.9,281.0,-6.509,-5.245
2026-03-19 23:25:00,3210,13.46,-6.21,-6.276,83.6,83.5,0.0,0.0,0.0,0.0,350.2,991.998,0.546,0.144,286.9,281.0,-6.509,-5.245
2026-03-19 23:26:00,3211,13.46,-6.206,-6.274,83.5,83.2,0.0,0.0,0.0,0.0,350.2,991.9928,0.57,0.176,287.0,281.7,-6.507,-5.235
2026-03-19 23:26:00,3211,13.46,-6.206,-6.274,83.5,83.2,0.0,0.0,0.0,0.0,350.2,991.9928,0.57,0.176,287.0,281.7,-6.507,-5.235
2026-03-19 23:27:00,3212,13.46,-6.204,-6.274,83.4,83.1,0.0,0.0,0.0,0.0,350.2,992.0009,0.574,0.206,287.2,282.4,-6.504,-5.224
2026-03-19 23:27:00,3212,13.46,-6.204,-6.274,83.4,83.1,0.0,0.0,0.0,0.0,350.2,992.0009,0.574,0.206,287.2,282.4,-6.504,-5.224
2026-03-19 23:28:00,3213,13.46,-6.206,-6.269,83.3,83.0,0.0,0.065,0.0,0.392,350.2,991.9982,0.564,0.262,287.3,283.0,-6.499,-5.215
2026-03-19 23:28:00,3213,13.46,-6.206,-6.269,83.3,83.0,0.0,0.065,0.0,0.392,350.2,991.9982,0.564,0.262,287.3,283.0,-6.499,-5.215
2026-03-19 23:29:00,3214,13.46,-6.205,-6.267,83.2,82.9,0.0,0.147,0.0,0.392,350.2,992.0009,0.57,0.282,287.5,283.5,-6.491,-5.204
2026-03-19 23:29:00,3214,13.46,-6.205,-6.267,83.2,82.9,0.0,0.147,0.0,0.392,350.2,992.0009,0.57,0.282,287.5,283.5,-6.491,-5.204
2026-03-19 23:30:00,3215,13.46,-6.198,-6.262,83.1,82.9,0.0,0.023,0.0,0.196,350.2,991.9881,0.57,0.296,287.6,283.8,-6.483,-5.188
2026-03-19 23:30:00,3215,13.46,-6.198,-6.262,83.1,82.9,0.0,0.023,0.0,0.196,350.2,991.9881,0.57,0.296,287.6,283.8,-6.483,-5.188
2026-03-19 23:31:00,3216,13.46,-6.196,-6.259,83.0,82.8,0.0,0.041,0.0,0.294,350.2,991.9767,0.574,0.317,287.8,284.0,-6.475,-5.181
2026-03-19 23:31:00,3216,13.46,-6.196,-6.259,83.0,82.8,0.0,0.041,0.0,0.294,350.2,991.9767,0.574,0.317,287.8,284.0,-6.475,-5.181
2026-03-19 23:32:00,3217,13.46,-6.19,-6.262,82.9,82.8,0.0,0.126,0.0,0.392,350.2,991.9723,0.574,0.33,287.8,284.1,-6.465,-5.172
2026-03-19 23:32:00,3217,13.46,-6.19,-6.262,82.9,82.8,0.0,0.126,0.0,0.392,350.2,991.9723,0.574,0.33,287.8,284.1,-6.465,-5.172
2026-03-19 23:33:00,3218,13.46,-6.191,-6.265,82.9,82.8,0.0,0.067,0.0,0.392,350.2,991.9666,0.574,0.301,287.9,284.2,-6.455,-5.162
2026-03-19 23:33:00,3218,13.46,-6.191,-6.265,82.9,82.8,0.0,0.067,0.0,0.392,350.2,991.9666,0.574,0.301,287.9,284.2,-6.455,-5.162
2026-03-19 23:34:00,3219,13.46,-6.184,-6.263,82.9,82.8,0.0,0.044,0.0,0.392,350.2,991.9629,0.574,0.321,288.0,284.4,-6.446,-5.156
2026-03-19 23:34:00,3219,13.46,-6.184,-6.263,82.9,82.8,0.0,0.044,0.0,0.392,350.2,991.9629,0.574,0.321,288.0,284.4,-6.446,-5.156
2026-03-19 23:35:00,3220,13.46,-6.184,-6.262,82.8,82.8,0.0,0.007,0.0,0.196,350.2,991.9573,0.574,0.411,288.1,284.5,-6.431,-5.15
2026-03-19 23:35:00,3220,13.46,-6.184,-6.262,82.8,82.8,0.0,0.007,0.0,0.196,350.2,991.9573,0.574,0.411,288.1,284.5,-6.431,-5.15
2026-03-19 23:36:00,3221,13.46,-6.177,-6.262,82.8,82.8,0.0,0.021,0.0,0.294,350.2,991.9479,0.574,0.421,288.1,284.6,-6.434,-5.14
2026-03-19 23:36:00,3221,13.46,-6.177,-6.262,82.8,82.8,0.0,0.021,0.0,0.294,350.2,991.9479,0.574,0.421,288.1,284.6,-6.434,-5.14
2026-03-19 23:37:00,3222,13.46,-6.176,-6.269,82.8,82.9,0.0,0.145,0.0,0.392,350.3,991.9338,0.574,0.388,288.2,284.6,-6.427,-5.138
2026-03-19 23:37:00,3222,13.46,-6.176,-6.269,82.8,82.9,0.0,0.145,0.0,0.392,350.3,991.9338,0.574,0.388,288.2,284.6,-6.427,-5.138
2026-03-19 23:38:00,3223,13.46,-6.181,-6.278,82.8,82.9,0.0,0.227,0.0,0.392,350.3,991.9369,0.555,0.363,288.2,284.7,-6.413,-5.129
2026-03-19 23:38:00,3223,13.46,-6.181,-6.278,82.8,82.9,0.0,0.227,0.0,0.392,350.3,991.9369,0.555,0.363,288.2,284.7,-6.413,-5.129
2026-03-19 23:39:00,3224,13.46,-6.191,-6.291,82.8,83.1,0.0,0.031,0.0,0.392,350.3,991.9323,0.55,0.412,288.3,284.8,-6.4,-5.123
2026-03-19 23:39:00,3224,13.46,-6.191,-6.291,82.8,83.1,0.0,0.031,0.0,0.392,350.3,991.9323,0.55,0.412,288.3,284.8,-6.4,-5.123
2026-03-19 23:40:00,3225,13.46,-6.195,-6.3,82.8,83.2,0.0,0.0,0.0,0.0,350.3,991.9257,0.565,0.397,288.3,284.7,-6.399,-5.122
2026-03-19 23:40:00,3225,13.46,-6.195,-6.3,82.8,83.2,0.0,0.0,0.0,0.0,350.3,991.9257,0.565,0.397,288.3,284.7,-6.399,-5.122
2026-03-19 23:41:00,3226,13.46,-6.195,-6.311,82.8,83.3,0.0,0.002,0.0,0.098,350.3,991.9121,0.521,0.34,288.3,284.7,-6.391,-5.114
2026-03-19 23:41:00,3226,13.46,-6.195,-6.311,82.8,83.3,0.0,0.002,0.0,0.098,350.3,991.9121,0.521,0.34,288.3,284.7,-6.391,-5.114
2026-03-19 23:42:00,3227,13.47,-6.205,-6.326,82.8,83.5,0.0,0.0,0.0,0.0,350.3,991.8998,0.531,0.307,288.3,284.7,-6.373,-5.115
2026-03-19 23:42:00,3227,13.47,-6.205,-6.326,82.8,83.5,0.0,0.0,0.0,0.0,350.3,991.8998,0.531,0.307,288.3,284.7,-6.373,-5.115
2026-03-19 23:43:00,3228,13.46,-6.214,-6.337,82.9,83.7,0.0,0.0,0.0,0.0,350.3,991.9067,0.512,0.296,288.3,284.5,-6.366,-5.109
2026-03-19 23:43:00,3228,13.46,-6.214,-6.337,82.9,83.7,0.0,0.0,0.0,0.0,350.3,991.9067,0.512,0.296,288.3,284.5,-6.366,-5.109
2026-03-19 23:44:00,3229,13.46,-6.221,-6.347,83.0,83.9,0.0,0.581,0.0,1.176,23.95,991.8746,0.474,0.254,288.3,284.5,-6.358,-5.107
2026-03-19 23:44:00,3229,13.46,-6.221,-6.347,83.0,83.9,0.0,0.581,0.0,1.176,23.95,991.8746,0.474,0.254,288.3,284.5,-6.358,-5.107
2026-03-19 23:45:00,3230,13.46,-6.228,-6.355,83.1,84.0,0.0,0.942,0.0,1.274,29.39,991.8641,0.431,0.248,288.3,284.3,-6.348,-5.106
2026-03-19 23:45:00,3230,13.46,-6.228,-6.355,83.1,84.0,0.0,0.942,0.0,1.274,29.39,991.8641,0.431,0.248,288.3,284.3,-6.348,-5.106
2026-03-19 23:46:00,3231,13.46,-6.232,-6.363,83.2,84.2,0.0,0.936,0.0,1.176,30.45,991.8475,0.464,0.268,288.4,284.2,-6.334,-5.107
2026-03-19 23:46:00,3231,13.46,-6.232,-6.363,83.2,84.2,0.0,0.936,0.0,1.176,30.45,991.8475,0.464,0.268,288.4,284.2,-6.334,-5.107
2026-03-19 23:47:00,3232,13.46,-6.238,-6.369,83.3,84.4,0.0,0.959,0.0,1.176,30.47,991.8364,0.441,0.206,288.3,284.1,-6.331,-5.107
2026-03-19 23:47:00,3232,13.46,-6.238,-6.369,83.3,84.4,0.0,0.959,0.0,1.176,30.47,991.8364,0.441,0.206,288.3,284.1,-6.331,-5.107
2026-03-19 23:48:00,3233,13.46,-6.244,-6.373,83.5,84.5,0.0,1.005,0.0,1.176,33.43,991.8235,0.426,0.186,288.3,283.9,-6.32,-5.106
2026-03-19 23:48:00,3233,13.46,-6.244,-6.373,83.5,84.5,0.0,1.005,0.0,1.176,33.43,991.8235,0.426,0.186,288.3,283.9,-6.32,-5.106
2026-03-19 23:49:00,3234,13.46,-6.249,-6.375,83.6,84.6,0.0,1.119,0.0,1.274,35.71,991.8207,0.431,0.154,288.3,283.8,-6.31,-5.105
2026-03-19 23:49:00,3234,13.46,-6.249,-6.375,83.6,84.6,0.0,1.119,0.0,1.274,35.71,991.8207,0.431,0.154,288.3,283.8,-6.31,-5.105
2026-03-19 23:50:00,3235,13.46,-6.254,-6.377,83.7,84.8,0.0,1.145,0.0,1.372,39.08,991.8046,0.431,0.144,288.4,283.9,-6.298,-5.108
2026-03-19 23:50:00,3235,13.46,-6.254,-6.377,83.7,84.8,0.0,1.145,0.0,1.372,39.08,991.8046,0.431,0.144,288.4,283.9,-6.298,-5.108
2026-03-19 23:51:00,3236,13.46,-6.253,-6.373,83.9,84.9,0.0,1.083,0.0,1.274,43.18,991.8001,0.412,0.144,288.4,283.9,-6.294,-5.108
2026-03-19 23:51:00,3236,13.46,-6.253,-6.373,83.9,84.9,0.0,1.083,0.0,1.274,43.18,991.8001,0.412,0.144,288.4,283.9,-6.294,-5.108
2026-03-19 23:52:00,3237,13.45,-6.242,-6.353,84.1,85.0,0.0,1.108,0.0,1.274,43.21,991.7875,0.392,0.144,288.4,284.0,-6.285,-5.107
2026-03-19 23:52:00,3237,13.45,-6.242,-6.353,84.1,85.0,0.0,1.108,0.0,1.274,43.21,991.7875,0.392,0.144,288.4,284.0,-6.285,-5.107
2026-03-19 23:53:00,3238,13.46,-6.218,-6.32,84.2,85.0,0.0,0.686,0.0,0.98,43.19,991.7772,0.436,0.181,288.5,284.2,-6.268,-5.107
2026-03-19 23:53:00,3238,13.46,-6.218,-6.32,84.2,85.0,0.0,0.686,0.0,0.98,43.19,991.7772,0.436,0.181,288.5,284.2,-6.268,-5.107
2026-03-19 23:54:00,3239,13.46,-6.191,-6.293,84.2,84.9,0.0,0.793,0.0,0.882,43.15,991.7604,0.506,0.273,288.6,284.3,-6.257,-5.099
2026-03-19 23:54:00,3239,13.46,-6.191,-6.293,84.2,84.9,0.0,0.793,0.0,0.882,43.15,991.7604,0.506,0.273,288.6,284.3,-6.257,-5.099
2026-03-19 23:55:00,3240,13.46,-6.17,-6.263,84.2,84.8,0.0,0.845,0.0,0.98,42.88,991.764,0.483,0.263,288.5,284.3,-6.261,-5.095
2026-03-19 23:55:00,3240,13.46,-6.17,-6.263,84.2,84.8,0.0,0.845,0.0,0.98,42.88,991.764,0.483,0.263,288.5,284.3,-6.261,-5.095
2026-03-19 23:56:00,3241,13.46,-6.154,-6.223,84.1,84.6,0.0,0.827,0.0,0.98,42.8,991.747,0.474,0.254,288.6,284.4,-6.242,-5.084
2026-03-19 23:56:00,3241,13.46,-6.154,-6.223,84.1,84.6,0.0,0.827,0.0,0.98,42.8,991.747,0.474,0.254,288.6,284.4,-6.242,-5.084
2026-03-19 23:57:00,3242,13.46,-6.139,-6.167,84.1,84.4,0.0,0.756,0.0,0.882,42.49,991.7321,0.431,0.206,288.7,284.5,-6.226,-5.082
2026-03-19 23:57:00,3242,13.46,-6.139,-6.167,84.1,84.4,0.0,0.756,0.0,0.882,42.49,991.7321,0.431,0.206,288.7,284.5,-6.226,-5.082
2026-03-19 23:58:00,3243,13.46,-6.12,-6.104,84.1,84.1,0.0,0.792,0.0,0.882,42.4,991.7084,0.455,0.23,288.7,284.4,-6.218,-5.078
2026-03-19 23:58:00,3243,13.46,-6.12,-6.104,84.1,84.1,0.0,0.792,0.0,0.882,42.4,991.7084,0.455,0.23,288.7,284.4,-6.218,-5.078
2026-03-19 23:59:00,3244,13.46,-6.098,-6.068,84.0,83.9,0.0,0.823,0.0,0.98,42.22,991.6904,0.469,0.259,288.7,284.4,-6.209,-5.075
2026-03-19 23:59:00,3244,13.46,-6.098,-6.068,84.0,83.9,0.0,0.823,0.0,0.98,42.22,991.6904,0.469,0.259,288.7,284.4,-6.209,-5.075
2026-03-20 00:00:00,3245,13.46,-6.079,-6.051,84.0,83.8,0.0,0.808,0.0,0.98,42.14,991.667,0.507,0.277,288.7,284.2,-6.205,-5.067
2026-03-20 00:00:00,3245,13.46,-6.079,-6.051,84.0,83.8,0.0,0.808,0.0,0.98,42.14,991.667,0.507,0.277,288.7,284.2,-6.205,-5.067
2026-03-20 00:01:00,3246,13.42,-6.069,-6.055,84.0,83.8,0.0,1.055,0.0,1.274,41.75,991.6469,0.503,0.287,288.7,284.0,-6.192,-5.065
2026-03-20 00:01:00,3246,13.42,-6.069,-6.055,84.0,83.8,0.0,1.055,0.0,1.274,41.75,991.6469,0.503,0.287,288.7,284.0,-6.192,-5.065
2026-03-20 00:02:00,3247,13.46,-6.056,-6.06,84.0,83.9,0.0,1.467,0.0,1.764,41.1,991.63,0.493,0.258,288.8,283.7,-6.181,-5.064
2026-03-20 00:02:00,3247,13.46,-6.056,-6.06,84.0,83.9,0.0,1.467,0.0,1.764,41.1,991.63,0.493,0.258,288.8,283.7,-6.181,-5.064
2026-03-20 00:03:00,3248,13.46,-6.053,-6.082,84.0,84.0,0.0,1.729,0.0,1.862,27.87,991.6157,0.474,0.258,288.8,283.4,-6.161,-5.059
2026-03-20 00:03:00,3248,13.46,-6.053,-6.082,84.0,84.0,0.0,1.729,0.0,1.862,27.87,991.6157,0.474,0.258,288.8,283.4,-6.161,-5.059
2026-03-20 00:04:00,3249,13.46,-6.054,-6.11,83.9,84.1,0.0,1.576,0.0,1.764,23.61,991.5812,0.546,0.287,288.7,283.2,-6.155,-5.059
2026-03-20 00:04:00,3249,13.46,-6.054,-6.11,83.9,84.1,0.0,1.576,0.0,1.764,23.61,991.5812,0.546,0.287,288.7,283.2,-6.155,-5.059
2026-03-20 00:05:00,3250,13.46,-6.068,-6.141,83.9,84.2,0.0,1.592,0.0,1.862,23.36,991.5599,0.465,0.216,288.6,282.9,-6.158,-5.06
2026-03-20 00:05:00,3250,13.46,-6.068,-6.141,83.9,84.2,0.0,1.592,0.0,1.862,23.36,991.5599,0.465,0.216,288.6,282.9,-6.158,-5.06
2026-03-20 00:06:00,3251,13.46,-6.08,-6.167,83.8,84.2,0.0,1.714,0.0,1.96,23.06,991.5275,0.44,0.187,288.5,282.7,-6.155,-5.062
2026-03-20 00:06:00,3251,13.46,-6.08,-6.167,83.8,84.2,0.0,1.714,0.0,1.96,23.06,991.5275,0.44,0.187,288.5,282.7,-6.155,-5.062
2026-03-20 00:07:00,3252,13.46,-6.092,-6.186,83.8,84.2,0.0,1.782,0.0,2.156,23.91,991.5177,0.421,0.139,288.6,282.7,-6.149,-5.067
2026-03-20 00:07:00,3252,13.46,-6.092,-6.186,83.8,84.2,0.0,1.782,0.0,2.156,23.91,991.5177,0.421,0.139,288.6,282.7,-6.149,-5.067
2026-03-20 00:08:00,3253,13.46,-6.099,-6.196,83.8,84.0,0.0,1.985,0.0,2.352,22.85,991.5077,0.374,0.139,288.5,282.8,-6.142,-5.069
2026-03-20 00:08:00,3253,13.46,-6.099,-6.196,83.8,84.0,0.0,1.985,0.0,2.352,22.85,991.5077,0.374,0.139,288.5,282.8,-6.142,-5.069
2026-03-20 00:09:00,3254,13.46,-6.104,-6.199,83.7,83.8,0.0,1.971,0.0,2.156,22.38,991.5021,0.383,0.139,288.5,283.1,-6.139,-5.07
2026-03-20 00:09:00,3254,13.46,-6.104,-6.199,83.7,83.8,0.0,1.971,0.0,2.156,22.38,991.5021,0.383,0.139,288.5,283.1,-6.139,-5.07
2026-03-20 00:10:00,3255,13.46,-6.102,-6.195,83.6,83.7,0.082,1.797,1.184,1.96,21.78,991.5021,0.377,0.139,288.5,283.3,-6.137,-5.071
2026-03-20 00:10:00,3255,13.46,-6.102,-6.195,83.6,83.7,0.082,1.797,1.184,1.96,21.78,991.5021,0.377,0.139,288.5,283.3,-6.137,-5.071
2026-03-20 00:11:00,3256,13.46,-6.096,-6.189,83.4,83.6,1.049,1.744,1.338,1.96,21.38,991.4931,0.397,0.144,288.6,283.4,-6.124,-5.076
2026-03-20 00:11:00,3256,13.46,-6.096,-6.189,83.4,83.6,1.049,1.744,1.338,1.96,21.38,991.4931,0.397,0.144,288.6,283.4,-6.124,-5.076
2026-03-20 00:12:00,3257,13.46,-6.089,-6.182,83.4,83.5,0.457,1.634,1.184,1.862,21.49,991.4931,0.407,0.144,288.6,283.3,-6.122,-5.079
2026-03-20 00:12:00,3257,13.46,-6.089,-6.182,83.4,83.5,0.457,1.634,1.184,1.862,21.49,991.4931,0.407,0.144,288.6,283.3,-6.122,-5.079
2026-03-20 00:13:00,3258,13.45,-6.084,-6.173,83.3,83.5,0.465,1.625,1.287,1.862,21.5,991.4755,0.412,0.144,288.6,283.1,-6.121,-5.079
2026-03-20 00:13:00,3258,13.45,-6.084,-6.173,83.3,83.5,0.465,1.625,1.287,1.862,21.5,991.4755,0.412,0.144,288.6,283.1,-6.121,-5.079
2026-03-20 00:14:00,3259,13.45,-6.075,-6.159,83.3,83.4,0.321,1.514,1.184,1.764,21.58,991.4664,0.402,0.144,288.6,282.9,-6.112,-5.08
2026-03-20 00:14:00,3259,13.45,-6.075,-6.159,83.3,83.4,0.321,1.514,1.184,1.764,21.58,991.4664,0.402,0.144,288.6,282.9,-6.112,-5.08
2026-03-20 00:15:00,3260,13.46,-6.054,-6.136,83.2,83.5,0.071,1.29,0.36,1.568,21.65,991.4554,0.398,0.139,288.5,282.6,-6.107,-5.08
2026-03-20 00:15:00,3260,13.46,-6.054,-6.136,83.2,83.5,0.071,1.29,0.36,1.568,21.65,991.4554,0.398,0.139,288.5,282.6,-6.107,-5.08
2026-03-20 00:16:00,3261,13.46,-6.035,-6.114,83.2,83.4,0.0,1.397,0.0,1.666,19.67,991.4494,0.406,0.134,288.6,282.6,-6.097,-5.082
2026-03-20 00:16:00,3261,13.46,-6.035,-6.114,83.2,83.4,0.0,1.397,0.0,1.666,19.67,991.4494,0.406,0.134,288.6,282.6,-6.097,-5.082
2026-03-20 00:17:00,3262,13.46,-6.01,-6.087,83.2,83.4,0.007,1.343,0.154,1.568,20.03,991.46,0.516,0.196,288.6,282.7,-6.092,-5.08
2026-03-20 00:17:00,3262,13.46,-6.01,-6.087,83.2,83.4,0.007,1.343,0.154,1.568,20.03,991.46,0.516,0.196,288.6,282.7,-6.092,-5.08
2026-03-20 00:18:00,3263,13.46,-5.982,-6.051,83.2,83.1,0.1,1.436,0.412,1.568,20.09,991.4601,0.493,0.181,288.6,282.8,-6.078,-5.073
2026-03-20 00:18:00,3263,13.46,-5.982,-6.051,83.2,83.1,0.1,1.436,0.412,1.568,20.09,991.4601,0.493,0.181,288.6,282.8,-6.078,-5.073
2026-03-20 00:19:00,3264,13.46,-5.945,-6.01,83.0,82.9,0.294,1.525,1.133,1.764,20.26,991.458,0.546,0.244,288.7,282.7,-6.071,-5.068
2026-03-20 00:19:00,3264,13.46,-5.945,-6.01,83.0,82.9,0.294,1.525,1.133,1.764,20.26,991.458,0.546,0.244,288.7,282.7,-6.071,-5.068
2026-03-20 00:20:00,3265,13.46,-5.91,-5.95,82.8,82.2,0.886,1.498,1.287,1.666,20.49,991.4604,0.507,0.234,288.7,282.7,-6.056,-5.065
2026-03-20 00:20:00,3265,13.46,-5.91,-5.95,82.8,82.2,0.886,1.498,1.287,1.666,20.49,991.4604,0.507,0.234,288.7,282.7,-6.056,-5.065
2026-03-20 00:21:00,3266,13.46,-5.864,-5.883,82.4,81.8,0.364,1.327,1.03,1.666,10.67,991.4615,0.56,0.287,288.8,282.7,-6.034,-5.064
2026-03-20 00:21:00,3266,13.46,-5.864,-5.883,82.4,81.8,0.364,1.327,1.03,1.666,10.67,991.4615,0.56,0.287,288.8,282.7,-6.034,-5.064
2026-03-20 00:22:00,3267,13.46,-5.812,-5.811,82.0,81.4,0.0,0.624,0.0,1.176,10.43,991.4661,0.612,0.397,288.7,282.3,-6.023,-5.061
2026-03-20 00:22:00,3267,13.46,-5.812,-5.811,82.0,81.4,0.0,0.624,0.0,1.176,10.43,991.4661,0.612,0.397,288.7,282.3,-6.023,-5.061
2026-03-20 00:23:00,3268,13.47,-5.758,-5.758,81.7,81.0,0.0,0.0,0.0,0.0,10.42,991.4617,0.718,0.445,288.6,281.8,-6.018,-5.06
2026-03-20 00:23:00,3268,13.47,-5.758,-5.758,81.7,81.0,0.0,0.0,0.0,0.0,10.42,991.4617,0.718,0.445,288.6,281.8,-6.018,-5.06
2026-03-20 00:24:00,3269,13.47,-5.715,-5.722,81.4,80.8,0.0,0.0,0.0,0.0,10.43,991.4427,0.699,0.431,288.4,281.1,-6.016,-5.055
2026-03-20 00:24:00,3269,13.47,-5.715,-5.722,81.4,80.8,0.0,0.0,0.0,0.0,10.43,991.4427,0.699,0.431,288.4,281.1,-6.016,-5.055
2026-03-20 00:25:00,3270,13.46,-5.679,-5.706,81.1,80.6,0.0,0.0,0.0,0.0,10.43,991.4297,0.723,0.402,288.3,280.3,-6.007,-5.048
2026-03-20 00:25:00,3270,13.46,-5.679,-5.706,81.1,80.6,0.0,0.0,0.0,0.0,10.43,991.4297,0.723,0.402,288.3,280.3,-6.007,-5.048
2026-03-20 00:26:00,3271,13.46,-5.648,-5.694,80.9,80.5,0.0,0.0,0.0,0.0,10.43,991.4188,0.718,0.407,288.1,279.4,-6.011,-5.042
2026-03-20 00:26:00,3271,13.46,-5.648,-5.694,80.9,80.5,0.0,0.0,0.0,0.0,10.43,991.4188,0.718,0.407,288.1,279.4,-6.011,-5.042
2026-03-20 00:27:00,3272,13.45,-5.631,-5.688,80.7,80.4,0.0,0.0,0.0,0.0,10.42,991.3965,0.708,0.259,287.8,278.6,-6.003,-5.036
2026-03-20 00:27:00,3272,13.45,-5.631,-5.688,80.7,80.4,0.0,0.0,0.0,0.0,10.42,991.3965,0.708,0.259,287.8,278.6,-6.003,-5.036
2026-03-20 00:28:00,3273,13.46,-5.618,-5.693,80.6,80.3,0.0,0.0,0.0,0.0,10.43,991.3676,0.718,0.153,287.6,277.6,-6.006,-5.031
2026-03-20 00:28:00,3273,13.46,-5.618,-5.693,80.6,80.3,0.0,0.0,0.0,0.0,10.43,991.3676,0.718,0.153,287.6,277.6,-6.006,-5.031
2026-03-20 00:29:00,3274,13.46,-5.615,-5.699,80.4,80.3,0.0,0.0,0.0,0.0,10.43,991.3492,0.66,0.144,287.4,276.7,-6.005,-5.031
2026-03-20 00:29:00,3274,13.46,-5.615,-5.699,80.4,80.3,0.0,0.0,0.0,0.0,10.43,991.3492,0.66,0.144,287.4,276.7,-6.005,-5.031
2026-03-20 00:30:00,3275,13.45,-5.617,-5.707,80.3,80.2,0.0,0.0,0.0,0.0,10.43,991.3305,0.709,0.129,287.2,276.0,-6.007,-5.03
2026-03-20 00:30:00,3275,13.45,-5.617,-5.707,80.3,80.2,0.0,0.0,0.0,0.0,10.43,991.3305,0.709,0.129,287.2,276.0,-6.007,-5.03
2026-03-20 00:31:00,3276,13.46,-5.617,-5.711,80.2,80.2,0.0,0.0,0.0,0.0,10.42,991.32,0.651,-0.032,287.0,275.4,-6.007,-5.03
2026-03-20 00:31:00,3276,13.46,-5.617,-5.711,80.2,80.2,0.0,0.0,0.0,0.0,10.42,991.32,0.651,-0.032,287.0,275.4,-6.007,-5.03
2026-03-20 00:32:00,3277,13.45,-5.618,-5.715,80.2,80.2,0.0,0.0,0.0,0.0,10.43,991.3152,0.66,-0.116,286.8,274.9,-6.023,-5.032
2026-03-20 00:32:00,3277,13.45,-5.618,-5.715,80.2,80.2,0.0,0.0,0.0,0.0,10.43,991.3152,0.66,-0.116,286.8,274.9,-6.023,-5.032
2026-03-20 00:33:00,3278,13.45,-5.617,-5.714,80.1,80.2,0.0,0.0,0.0,0.0,10.44,991.3209,0.556,-0.157,286.5,274.5,-6.029,-5.036
2026-03-20 00:33:00,3278,13.45,-5.617,-5.714,80.1,80.2,0.0,0.0,0.0,0.0,10.44,991.3209,0.556,-0.157,286.5,274.5,-6.029,-5.036
2026-03-20 00:34:00,3279,13.46,-5.617,-5.716,80.0,80.2,0.0,0.0,0.0,0.0,10.43,991.3293,0.445,-0.311,286.2,274.3,-6.052,-5.037
2026-03-20 00:34:00,3279,13.46,-5.617,-5.716,80.0,80.2,0.0,0.0,0.0,0.0,10.43,991.3293,0.445,-0.311,286.2,274.3,-6.052,-5.037
2026-03-20 00:35:00,3280,13.46,-5.618,-5.717,79.98,80.2,0.0,0.0,0.0,0.0,10.43,991.347,0.445,-0.373,286.1,274.4,-6.06,-5.047
2026-03-20 00:35:00,3280,13.46,-5.618,-5.717,79.98,80.2,0.0,0.0,0.0,0.0,10.43,991.347,0.445,-0.373,286.1,274.4,-6.06,-5.047
2026-03-20 00:36:00,3281,13.46,-5.618,-5.721,79.96,80.2,0.0,0.0,0.0,0.0,10.44,991.3492,0.431,-0.431,285.9,274.5,-6.072,-5.05
2026-03-20 00:36:00,3281,13.46,-5.618,-5.721,79.96,80.2,0.0,0.0,0.0,0.0,10.44,991.3492,0.431,-0.431,285.9,274.5,-6.072,-5.05
2026-03-20 00:37:00,3282,13.46,-5.629,-5.731,79.95,80.3,0.0,0.0,0.0,0.0,10.43,991.3598,0.431,-0.393,285.9,274.6,-6.076,-5.052
2026-03-20 00:37:00,3282,13.46,-5.629,-5.731,79.95,80.3,0.0,0.0,0.0,0.0,10.43,991.3598,0.431,-0.393,285.9,274.6,-6.076,-5.052
2026-03-20 00:38:00,3283,13.46,-5.648,-5.747,79.95,80.3,0.0,0.0,0.0,0.0,10.43,991.3606,0.44,-0.245,285.9,274.5,-6.086,-5.059
2026-03-20 00:38:00,3283,13.46,-5.648,-5.747,79.95,80.3,0.0,0.0,0.0,0.0,10.43,991.3606,0.44,-0.245,285.9,274.5,-6.086,-5.059
2026-03-20 00:39:00,3284,13.46,-5.656,-5.755,79.97,80.4,0.0,0.0,0.0,0.0,10.43,991.366,0.46,-0.144,285.8,274.1,-6.096,-5.066
2026-03-20 00:39:00,3284,13.46,-5.656,-5.755,79.97,80.4,0.0,0.0,0.0,0.0,10.43,991.366,0.46,-0.144,285.8,274.1,-6.096,-5.066
2026-03-20 00:40:00,3285,13.46,-5.663,-5.757,79.98,80.5,0.0,0.0,0.0,0.0,10.46,991.3586,0.44,-0.144,285.8,273.3,-6.101,-5.067
2026-03-20 00:40:00,3285,13.46,-5.663,-5.757,79.98,80.5,0.0,0.0,0.0,0.0,10.46,991.3586,0.44,-0.144,285.8,273.3,-6.101,-5.067
2026-03-20 00:41:00,3286,13.46,-5.686,-5.765,80.0,80.5,0.0,0.0,0.0,0.0,10.45,991.3458,0.435,-0.277,285.5,271.9,-6.115,-5.078
2026-03-20 00:41:00,3286,13.46,-5.686,-5.765,80.0,80.5,0.0,0.0,0.0,0.0,10.45,991.3458,0.435,-0.277,285.5,271.9,-6.115,-5.078
2026-03-20 00:42:00,3287,13.47,-5.715,-5.789,80.1,80.7,0.0,0.0,0.0,0.0,10.46,991.3237,0.474,-0.287,285.3,270.4,-6.124,-5.086
2026-03-20 00:42:00,3287,13.47,-5.715,-5.789,80.1,80.7,0.0,0.0,0.0,0.0,10.46,991.3237,0.474,-0.287,285.3,270.4,-6.124,-5.086
2026-03-20 00:43:00,3288,13.48,-5.748,-5.812,80.2,80.8,0.0,0.0,0.0,0.0,10.46,991.2821,0.435,-0.397,284.9,269.0,-6.137,-5.091
2026-03-20 00:43:00,3288,13.48,-5.748,-5.812,80.2,80.8,0.0,0.0,0.0,0.0,10.46,991.2821,0.435,-0.397,284.9,269.0,-6.137,-5.091
2026-03-20 00:44:00,3289,13.46,-5.764,-5.821,80.4,80.9,0.0,0.0,0.0,0.0,10.46,991.2497,0.436,-0.431,284.5,267.5,-6.152,-5.099
2026-03-20 00:44:00,3289,13.46,-5.764,-5.821,80.4,80.9,0.0,0.0,0.0,0.0,10.46,991.2497,0.436,-0.431,284.5,267.5,-6.152,-5.099
2026-03-20 00:45:00,3290,13.46,-5.784,-5.835,80.4,81.0,0.0,0.0,0.0,0.0,10.46,991.2186,0.402,-0.602,284.0,266.3,-6.172,-5.11
2026-03-20 00:45:00,3290,13.46,-5.784,-5.835,80.4,81.0,0.0,0.0,0.0,0.0,10.46,991.2186,0.402,-0.602,284.0,266.3,-6.172,-5.11
2026-03-20 00:46:00,3291,13.46,-5.814,-5.855,80.5,81.1,0.0,0.0,0.0,0.0,10.45,991.1943,0.378,-0.718,283.7,265.6,-6.193,-5.118
2026-03-20 00:46:00,3291,13.46,-5.814,-5.855,80.5,81.1,0.0,0.0,0.0,0.0,10.45,991.1943,0.378,-0.718,283.7,265.6,-6.193,-5.118
2026-03-20 00:47:00,3292,13.46,-5.829,-5.861,80.6,81.4,0.0,0.0,0.0,0.0,10.71,991.1943,0.302,-0.736,283.5,265.3,-6.214,-5.127
2026-03-20 00:47:00,3292,13.46,-5.829,-5.861,80.6,81.4,0.0,0.0,0.0,0.0,10.71,991.1943,0.302,-0.736,283.5,265.3,-6.214,-5.127
2026-03-20 00:48:00,3293,13.46,-5.828,-5.855,80.8,81.5,0.0,0.0,0.0,0.0,11.1,991.1893,0.426,-0.723,283.6,265.6,-6.218,-5.135
2026-03-20 00:48:00,3293,13.46,-5.828,-5.855,80.8,81.5,0.0,0.0,0.0,0.0,11.1,991.1893,0.426,-0.723,283.6,265.6,-6.218,-5.135
2026-03-20 00:49:00,3294,13.46,-5.818,-5.844,80.9,81.4,0.001,0.597,0.051,0.882,61.43,991.194,0.431,-0.718,283.9,266.2,-6.224,-5.138
2026-03-20 00:49:00,3294,13.46,-5.818,-5.844,80.9,81.4,0.001,0.597,0.051,0.882,61.43,991.194,0.431,-0.718,283.9,266.2,-6.224,-5.138
2026-03-20 00:50:00,3295,13.45,-5.8,-5.829,80.9,81.4,0.0,0.834,0.0,1.078,72.88,991.1951,0.431,-0.556,284.2,267.0,-6.218,-5.142
2026-03-20 00:50:00,3295,13.45,-5.8,-5.829,80.9,81.4,0.0,0.834,0.0,1.078,72.88,991.1951,0.431,-0.556,284.2,267.0,-6.218,-5.142
2026-03-20 00:51:00,3296,13.45,-5.779,-5.813,81.0,81.7,0.0,0.98,0.0,1.176,72.86,991.1909,0.44,-0.435,284.5,268.0,-6.216,-5.142
2026-03-20 00:51:00,3296,13.45,-5.779,-5.813,81.0,81.7,0.0,0.98,0.0,1.176,72.86,991.1909,0.44,-0.435,284.5,268.0,-6.216,-5.142
2026-03-20 00:52:00,3297,13.45,-5.744,-5.788,81.0,81.7,0.074,1.18,0.463,1.47,76.3,991.2086,0.603,-0.369,284.8,269.0,-6.204,-5.142
2026-03-20 00:52:00,3297,13.45,-5.744,-5.788,81.0,81.7,0.074,1.18,0.463,1.47,76.3,991.2086,0.603,-0.369,284.8,269.0,-6.204,-5.142
2026-03-20 00:53:00,3298,13.46,-5.726,-5.775,81.0,81.9,0.46,1.14,0.978,1.372,76.22,991.2093,0.66,-0.192,285.1,270.1,-6.203,-5.145
2026-03-20 00:53:00,3298,13.46,-5.726,-5.775,81.0,81.9,0.46,1.14,0.978,1.372,76.22,991.2093,0.66,-0.192,285.1,270.1,-6.203,-5.145
2026-03-20 00:54:00,3299,13.46,-5.726,-5.779,80.9,81.8,0.734,1.23,1.081,1.47,73.35,991.2162,0.603,-0.229,285.2,271.1,-6.208,-5.143
2026-03-20 00:54:00,3299,13.46,-5.726,-5.779,80.9,81.8,0.734,1.23,1.081,1.47,73.35,991.2162,0.603,-0.229,285.2,271.1,-6.208,-5.143
2026-03-20 00:55:00,3300,13.46,-5.749,-5.812,80.9,81.8,0.148,1.053,0.463,1.274,53.16,991.2142,0.503,-0.277,285.5,272.2,-6.204,-5.143
2026-03-20 00:55:00,3300,13.46,-5.749,-5.812,80.9,81.8,0.148,1.053,0.463,1.274,53.16,991.2142,0.503,-0.277,285.5,272.2,-6.204,-5.143
2026-03-20 00:56:00,3301,13.46,-5.788,-5.854,80.9,82.0,0.013,0.893,0.206,1.176,53.12,991.2188,0.464,-0.187,285.7,273.2,-6.204,-5.133
2026-03-20 00:56:00,3301,13.46,-5.788,-5.854,80.9,82.0,0.013,0.893,0.206,1.176,53.12,991.2188,0.464,-0.187,285.7,273.2,-6.204,-5.133
2026-03-20 00:57:00,3302,13.45,-5.806,-5.87,81.1,82.1,0.0,0.557,0.0,0.882,52.9,991.2231,0.44,-0.144,285.8,274.1,-6.203,-5.135
2026-03-20 00:57:00,3302,13.45,-5.806,-5.87,81.1,82.1,0.0,0.557,0.0,0.882,52.9,991.2231,0.44,-0.144,285.8,274.1,-6.203,-5.135
2026-03-20 00:58:00,3303,13.46,-5.809,-5.89,81.0,82.1,0.0,0.415,0.0,0.588,52.9,991.2134,0.469,-0.144,285.9,274.7,-6.203,-5.136
2026-03-20 00:58:00,3303,13.46,-5.809,-5.89,81.0,82.1,0.0,0.415,0.0,0.588,52.9,991.2134,0.469,-0.144,285.9,274.7,-6.203,-5.136
2026-03-20 00:59:00,3304,13.46,-5.84,-5.922,80.9,82.2,0.0,0.458,0.0,0.686,53.0,991.2079,0.431,-0.148,285.9,275.0,-6.216,-5.139
2026-03-20 00:59:00,3304,13.46,-5.84,-5.922,80.9,82.2,0.0,0.458,0.0,0.686,53.0,991.2079,0.431,-0.148,285.9,275.0,-6.216,-5.139
2026-03-20 01:00:00,3305,13.46,-5.875,-5.942,81.0,82.3,0.0,0.074,0.0,0.392,53.16,991.1891,0.388,-0.287,285.9,275.2,-6.229,-5.138
2026-03-20 01:00:00,3305,13.46,-5.875,-5.942,81.0,82.3,0.0,0.074,0.0,0.392,53.16,991.1891,0.388,-0.287,285.9,275.2,-6.229,-5.138
2026-03-20 01:01:00,3306,13.45,-5.899,-5.954,81.1,82.5,0.0,0.067,0.0,0.49,53.45,991.1675,0.364,-0.372,285.9,275.3,-6.235,-5.139
2026-03-20 01:01:00,3306,13.45,-5.899,-5.954,81.1,82.5,0.0,0.067,0.0,0.49,53.45,991.1675,0.364,-0.372,285.9,275.3,-6.235,-5.139
2026-03-20 01:02:00,3307,13.46,-5.915,-5.957,81.3,82.5,0.0,0.364,0.0,0.882,53.38,991.1337,0.359,-0.311,285.9,275.5,-6.235,-5.146
2026-03-20 01:02:00,3307,13.46,-5.915,-5.957,81.3,82.5,0.0,0.364,0.0,0.882,53.38,991.1337,0.359,-0.311,285.9,275.5,-6.235,-5.146
2026-03-20 01:03:00,3308,13.46,-5.919,-5.957,81.4,82.6,0.0,0.804,0.0,1.078,53.27,991.1083,0.378,-0.259,286.1,275.5,-6.234,-5.146
2026-03-20 01:03:00,3308,13.46,-5.919,-5.957,81.4,82.6,0.0,0.804,0.0,1.078,53.27,991.1083,0.378,-0.259,286.1,275.5,-6.234,-5.146
2026-03-20 01:04:00,3309,13.46,-5.928,-5.971,81.5,82.6,0.004,1.018,0.257,1.176,53.31,991.0732,0.431,-0.148,286.3,275.5,-6.233,-5.149
2026-03-20 01:04:00,3309,13.46,-5.928,-5.971,81.5,82.6,0.004,1.018,0.257,1.176,53.31,991.0732,0.431,-0.148,286.3,275.5,-6.233,-5.149
2026-03-20 01:05:00,3310,13.46,-5.941,-5.989,81.4,82.5,0.003,0.969,0.206,1.078,53.19,991.0679,0.426,-0.144,286.4,275.5,-6.234,-5.15
2026-03-20 01:05:00,3310,13.46,-5.941,-5.989,81.4,82.5,0.003,0.969,0.206,1.078,53.19,991.0679,0.426,-0.144,286.4,275.5,-6.234,-5.15
2026-03-20 01:06:00,3311,13.46,-5.974,-6.022,81.4,82.4,0.0,0.914,0.0,1.078,53.07,991.0653,0.412,-0.162,286.3,275.7,-6.249,-5.151
2026-03-20 01:06:00,3311,13.46,-5.974,-6.022,81.4,82.4,0.0,0.914,0.0,1.078,53.07,991.0653,0.412,-0.162,286.3,275.7,-6.249,-5.151
2026-03-20 01:07:00,3312,13.46,-6.003,-6.052,81.5,82.6,0.0,0.658,0.0,0.882,52.97,991.0502,0.312,-0.249,286.3,275.8,-6.264,-5.161
2026-03-20 01:07:00,3312,13.46,-6.003,-6.052,81.5,82.6,0.0,0.658,0.0,0.882,52.97,991.0502,0.312,-0.249,286.3,275.8,-6.264,-5.161
2026-03-20 01:08:00,3313,13.46,-6.014,-6.076,81.5,82.7,0.0,0.291,0.0,0.686,53.05,991.0508,0.421,-0.154,286.3,276.2,-6.265,-5.166
2026-03-20 01:08:00,3313,13.46,-6.014,-6.076,81.5,82.7,0.0,0.291,0.0,0.686,53.05,991.0508,0.421,-0.154,286.3,276.2,-6.265,-5.166
2026-03-20 01:09:00,3314,13.46,-6.016,-6.095,81.5,82.8,0.0,0.287,0.0,0.588,52.99,991.0528,0.369,-0.205,286.2,276.6,-6.267,-5.17
2026-03-20 01:09:00,3314,13.46,-6.016,-6.095,81.5,82.8,0.0,0.287,0.0,0.588,52.99,991.0528,0.369,-0.205,286.2,276.6,-6.267,-5.17
2026-03-20 01:10:00,3315,13.45,-6.037,-6.119,81.5,83.0,0.0,0.46,0.0,0.588,53.0,991.0575,0.316,-0.287,286.3,276.9,-6.271,-5.174
2026-03-20 01:10:00,3315,13.45,-6.037,-6.119,81.5,83.0,0.0,0.46,0.0,0.588,53.0,991.0575,0.316,-0.287,286.3,276.9,-6.271,-5.174
2026-03-20 01:11:00,3316,13.45,-6.053,-6.14,81.6,82.9,0.0,0.079,0.0,0.49,52.97,991.0432,0.297,-0.268,286.3,277.0,-6.281,-5.174
2026-03-20 01:11:00,3316,13.45,-6.053,-6.14,81.6,82.9,0.0,0.079,0.0,0.49,52.97,991.0432,0.297,-0.268,286.3,277.0,-6.281,-5.174
2026-03-20 01:12:00,3317,13.45,-6.077,-6.172,81.6,82.9,0.0,0.007,0.0,0.294,52.92,991.0334,0.306,-0.272,286.3,276.9,-6.289,-5.174
2026-03-20 01:12:00,3317,13.45,-6.077,-6.172,81.6,82.9,0.0,0.007,0.0,0.294,52.92,991.0334,0.306,-0.272,286.3,276.9,-6.289,-5.174
2026-03-20 01:13:00,3318,13.46,-6.107,-6.208,81.6,83.0,0.0,0.0,0.0,0.0,52.92,991.0115,0.282,-0.278,286.3,276.5,-6.298,-5.177
2026-03-20 01:13:00,3318,13.46,-6.107,-6.208,81.6,83.0,0.0,0.0,0.0,0.0,52.92,991.0115,0.282,-0.278,286.3,276.5,-6.298,-5.177
2026-03-20 01:14:00,3319,13.46,-6.139,-6.241,81.6,83.2,0.0,0.067,0.0,0.49,52.91,990.9899,0.287,-0.321,286.2,275.9,-6.31,-5.178
2026-03-20 01:14:00,3319,13.46,-6.139,-6.241,81.6,83.2,0.0,0.067,0.0,0.49,52.91,990.9899,0.287,-0.321,286.2,275.9,-6.31,-5.178
2026-03-20 01:15:00,3320,13.46,-6.172,-6.275,81.6,83.2,0.0,0.538,0.0,0.784,52.95,990.9711,0.254,-0.387,286.1,275.3,-6.321,-5.18
2026-03-20 01:15:00,3320,13.46,-6.172,-6.275,81.6,83.2,0.0,0.538,0.0,0.784,52.95,990.9711,0.254,-0.387,286.1,275.3,-6.321,-5.18
2026-03-20 01:16:00,3321,13.46,-6.206,-6.305,81.8,83.4,0.0,0.662,0.0,0.784,52.9,990.9492,0.22,-0.416,286.0,274.8,-6.334,-5.184
2026-03-20 01:16:00,3321,13.46,-6.206,-6.305,81.8,83.4,0.0,0.662,0.0,0.784,52.9,990.9492,0.22,-0.416,286.0,274.8,-6.334,-5.184
2026-03-20 01:17:00,3322,13.46,-6.231,-6.324,81.9,83.5,0.0,0.841,0.0,0.98,52.96,990.9608,0.173,-0.431,286.0,274.7,-6.348,-5.196
2026-03-20 01:17:00,3322,13.46,-6.231,-6.324,81.9,83.5,0.0,0.841,0.0,0.98,52.96,990.9608,0.173,-0.431,286.0,274.7,-6.348,-5.196
2026-03-20 01:18:00,3323,13.46,-6.253,-6.35,82.0,83.6,0.0,0.792,0.0,0.98,53.03,990.9694,0.182,-0.431,286.0,275.1,-6.356,-5.201
2026-03-20 01:18:00,3323,13.46,-6.253,-6.35,82.0,83.6,0.0,0.792,0.0,0.98,53.03,990.9694,0.182,-0.431,286.0,275.1,-6.356,-5.201
2026-03-20 01:19:00,3324,13.46,-6.274,-6.374,82.1,83.7,0.0,0.768,0.0,0.882,53.03,990.9771,0.168,-0.431,286.0,275.5,-6.366,-5.206
2026-03-20 01:19:00,3324,13.46,-6.274,-6.374,82.1,83.7,0.0,0.768,0.0,0.882,53.03,990.9771,0.168,-0.431,286.0,275.5,-6.366,-5.206
2026-03-20 01:20:00,3325,13.45,-6.292,-6.394,82.2,83.9,0.0,0.747,0.0,0.98,53.16,990.9734,0.196,-0.426,286.1,275.8,-6.37,-5.216
2026-03-20 01:20:00,3325,13.45,-6.292,-6.394,82.2,83.9,0.0,0.747,0.0,0.98,53.16,990.9734,0.196,-0.426,286.1,275.8,-6.37,-5.216
2026-03-20 01:21:00,3326,13.46,-6.302,-6.41,82.3,84.0,0.0,0.554,0.0,0.882,53.06,990.9597,0.273,-0.383,286.1,275.8,-6.369,-5.222
2026-03-20 01:21:00,3326,13.46,-6.302,-6.41,82.3,84.0,0.0,0.554,0.0,0.882,53.06,990.9597,0.273,-0.383,286.1,275.8,-6.369,-5.222
2026-03-20 01:22:00,3327,13.45,-6.311,-6.423,82.4,84.1,0.0,0.85,0.0,1.078,52.94,990.9355,0.296,-0.359,286.1,275.4,-6.378,-5.226
2026-03-20 01:22:00,3327,13.45,-6.311,-6.423,82.4,84.1,0.0,0.85,0.0,1.078,52.94,990.9355,0.296,-0.359,286.1,275.4,-6.378,-5.226
2026-03-20 01:23:00,3328,13.46,-6.327,-6.443,82.5,84.1,0.0,1.082,0.0,1.372,52.99,990.9105,0.282,-0.349,286.0,274.6,-6.388,-5.226
2026-03-20 01:23:00,3328,13.46,-6.327,-6.443,82.5,84.1,0.0,1.082,0.0,1.372,52.99,990.9105,0.282,-0.349,286.0,274.6,-6.388,-5.226
2026-03-20 01:24:00,3329,13.46,-6.346,-6.462,82.6,84.3,0.0,1.152,0.0,1.372,53.03,990.887,0.278,-0.335,286.0,274.1,-6.407,-5.23
2026-03-20 01:24:00,3329,13.46,-6.346,-6.462,82.6,84.3,0.0,1.152,0.0,1.372,53.03,990.887,0.278,-0.335,286.0,274.1,-6.407,-5.23
2026-03-20 01:25:00,3330,13.46,-6.362,-6.476,82.7,84.5,0.324,1.267,1.081,1.47,52.83,990.8821,0.282,-0.393,286.0,273.9,-6.405,-5.232
2026-03-20 01:25:00,3330,13.46,-6.362,-6.476,82.7,84.5,0.324,1.267,1.081,1.47,52.83,990.8821,0.282,-0.393,286.0,273.9,-6.405,-5.232
2026-03-20 01:26:00,3331,13.47,-6.371,-6.483,82.9,84.7,0.806,1.516,1.338,1.666,46.32,990.882,0.287,-0.35,286.1,274.0,-6.401,-5.237
2026-03-20 01:26:00,3331,13.47,-6.371,-6.483,82.9,84.7,0.806,1.516,1.338,1.666,46.32,990.882,0.287,-0.35,286.1,274.0,-6.401,-5.237
2026-03-20 01:27:00,3332,13.46,-6.384,-6.499,83.0,84.8,0.846,1.527,1.236,1.666,42.08,990.884,0.287,-0.292,286.0,274.1,-6.413,-5.241
2026-03-20 01:27:00,3332,13.46,-6.384,-6.499,83.0,84.8,0.846,1.527,1.236,1.666,42.08,990.884,0.287,-0.292,286.0,274.1,-6.413,-5.241
2026-03-20 01:28:00,3333,13.46,-6.403,-6.521,83.1,84.9,0.287,1.338,0.824,1.568,33.36,990.8862,0.287,-0.339,286.0,274.2,-6.426,-5.246
2026-03-20 01:28:00,3333,13.46,-6.403,-6.521,83.1,84.9,0.287,1.338,0.824,1.568,33.36,990.8862,0.287,-0.339,286.0,274.2,-6.426,-5.246
2026-03-20 01:29:00,3334,13.46,-6.43,-6.542,83.2,85.0,0.049,1.083,0.36,1.274,33.44,990.8887,0.258,-0.416,285.9,274.3,-6.437,-5.254
2026-03-20 01:29:00,3334,13.46,-6.43,-6.542,83.2,85.0,0.049,1.083,0.36,1.274,33.44,990.8887,0.258,-0.416,285.9,274.3,-6.437,-5.254
2026-03-20 01:30:00,3335,13.46,-6.45,-6.559,83.3,85.1,0.0,0.706,0.0,0.98,33.45,990.8832,0.201,-0.44,285.8,274.1,-6.451,-5.26
2026-03-20 01:30:00,3335,13.46,-6.45,-6.559,83.3,85.1,0.0,0.706,0.0,0.98,33.45,990.8832,0.201,-0.44,285.8,274.1,-6.451,-5.26
2026-03-20 01:31:00,3336,13.46,-6.469,-6.575,83.4,85.2,0.0,0.24,0.0,0.49,33.32,990.878,0.162,-0.484,285.6,273.5,-6.466,-5.266
2026-03-20 01:31:00,3336,13.46,-6.469,-6.575,83.4,85.2,0.0,0.24,0.0,0.49,33.32,990.878,0.162,-0.484,285.6,273.5,-6.466,-5.266
2026-03-20 01:32:00,3337,13.46,-6.477,-6.582,83.5,85.3,0.0,0.553,0.0,0.686,33.4,990.8514,0.148,-0.541,285.4,273.1,-6.479,-5.271
2026-03-20 01:32:00,3337,13.46,-6.477,-6.582,83.5,85.3,0.0,0.553,0.0,0.686,33.4,990.8514,0.148,-0.541,285.4,273.1,-6.479,-5.271
2026-03-20 01:33:00,3338,13.46,-6.487,-6.592,83.5,85.4,0.0,0.428,0.0,0.588,33.4,990.8339,0.153,-0.593,285.3,273.0,-6.501,-5.275
2026-03-20 01:33:00,3338,13.46,-6.487,-6.592,83.5,85.4,0.0,0.428,0.0,0.588,33.4,990.8339,0.153,-0.593,285.3,273.0,-6.501,-5.275
2026-03-20 01:34:00,3339,13.46,-6.499,-6.601,83.6,85.5,0.0,0.028,0.0,0.392,33.31,990.8171,0.144,-0.608,285.3,273.1,-6.51,-5.277
2026-03-20 01:34:00,3339,13.46,-6.499,-6.601,83.6,85.5,0.0,0.028,0.0,0.392,33.31,990.8171,0.144,-0.608,285.3,273.1,-6.51,-5.277
2026-03-20 01:35:00,3340,13.46,-6.504,-6.594,83.7,85.7,0.0,0.0,0.0,0.0,33.3,990.8002,0.148,-0.622,285.2,273.7,-6.532,-5.278
2026-03-20 01:35:00,3340,13.46,-6.504,-6.594,83.7,85.7,0.0,0.0,0.0,0.0,33.3,990.8002,0.148,-0.622,285.2,273.7,-6.532,-5.278
2026-03-20 01:36:00,3341,13.46,-6.509,-6.576,83.8,85.8,0.0,0.002,0.0,0.098,33.27,990.7993,0.144,-0.618,285.2,274.5,-6.544,-5.28
2026-03-20 01:36:00,3341,13.46,-6.509,-6.576,83.8,85.8,0.0,0.002,0.0,0.098,33.27,990.7993,0.144,-0.618,285.2,274.5,-6.544,-5.28
2026-03-20 01:37:00,3342,13.46,-6.511,-6.569,83.9,85.9,0.0,0.0,0.0,0.0,33.27,990.7957,0.144,-0.57,285.3,275.5,-6.552,-5.281
2026-03-20 01:37:00,3342,13.46,-6.511,-6.569,83.9,85.9,0.0,0.0,0.0,0.0,33.27,990.7957,0.144,-0.57,285.3,275.5,-6.552,-5.281
2026-03-20 01:38:00,3343,13.46,-6.518,-6.565,84.0,86.0,0.0,0.0,0.0,0.0,33.27,990.7977,0.139,-0.56,285.4,276.4,-6.559,-5.279
2026-03-20 01:38:00,3343,13.46,-6.518,-6.565,84.0,86.0,0.0,0.0,0.0,0.0,33.27,990.7977,0.139,-0.56,285.4,276.4,-6.559,-5.279
2026-03-20 01:39:00,3344,13.46,-6.517,-6.554,84.1,86.0,0.0,0.0,0.0,0.0,29.48,990.7985,0.144,-0.445,285.6,277.2,-6.571,-5.271
2026-03-20 01:39:00,3344,13.46,-6.517,-6.554,84.1,86.0,0.0,0.0,0.0,0.0,29.48,990.7985,0.144,-0.445,285.6,277.2,-6.571,-5.271
2026-03-20 01:40:00,3345,13.46,-6.51,-6.549,84.3,86.1,0.003,0.0,0.051,0.0,29.25,990.7925,0.144,-0.431,285.7,277.9,-6.574,-5.268
2026-03-20 01:40:00,3345,13.46,-6.51,-6.549,84.3,86.1,0.003,0.0,0.051,0.0,29.25,990.7925,0.144,-0.431,285.7,277.9,-6.574,-5.268
2026-03-20 01:41:00,3346,13.45,-6.503,-6.555,84.4,86.1,0.0,0.0,0.0,0.0,4.343,990.792,0.144,-0.431,285.9,278.4,-6.582,-5.265
2026-03-20 01:41:00,3346,13.45,-6.503,-6.555,84.4,86.1,0.0,0.0,0.0,0.0,4.343,990.792,0.144,-0.431,285.9,278.4,-6.582,-5.265
2026-03-20 01:42:00,3347,13.46,-6.504,-6.554,84.5,86.2,0.0,0.028,0.0,0.294,4.284,990.7967,0.144,-0.397,286.0,279.0,-6.577,-5.26
2026-03-20 01:42:00,3347,13.46,-6.504,-6.554,84.5,86.2,0.0,0.028,0.0,0.294,4.284,990.7967,0.144,-0.397,286.0,279.0,-6.577,-5.26
2026-03-20 01:43:00,3348,13.46,-6.497,-6.477,84.6,86.4,0.0,0.0,0.0,0.0,4.278,990.7857,0.144,-0.287,286.2,279.6,-6.578,-5.259
2026-03-20 01:43:00,3348,13.46,-6.497,-6.477,84.6,86.4,0.0,0.0,0.0,0.0,4.278,990.7857,0.144,-0.287,286.2,279.6,-6.578,-5.259
2026-03-20 01:44:00,3349,13.46,-6.476,-6.336,84.8,86.5,0.0,0.0,0.0,0.0,4.278,990.7895,0.148,-0.177,286.3,280.1,-6.577,-5.261
2026-03-20 01:44:00,3349,13.46,-6.476,-6.336,84.8,86.5,0.0,0.0,0.0,0.0,4.278,990.7895,0.148,-0.177,286.3,280.1,-6.577,-5.261
2026-03-20 01:45:00,3350,13.45,-6.389,-6.199,85.0,86.4,0.0,0.0,0.0,0.0,4.278,990.7783,0.158,-0.144,286.4,280.6,-6.576,-5.258
2026-03-20 01:45:00,3350,13.45,-6.389,-6.199,85.0,86.4,0.0,0.0,0.0,0.0,4.278,990.7783,0.158,-0.144,286.4,280.6,-6.576,-5.258
2026-03-20 01:46:00,3351,13.46,-6.274,-6.084,85.0,86.1,0.0,0.0,0.0,0.0,4.278,990.7624,0.245,-0.144,286.5,280.9,-6.576,-5.26
2026-03-20 01:46:00,3351,13.46,-6.274,-6.084,85.0,86.1,0.0,0.0,0.0,0.0,4.278,990.7624,0.245,-0.144,286.5,280.9,-6.576,-5.26
2026-03-20 01:47:00,3352,13.46,-6.164,-5.994,85.1,85.5,0.0,0.0,0.0,0.0,4.278,990.7397,0.253,-0.139,286.7,281.1,-6.575,-5.254
2026-03-20 01:47:00,3352,13.46,-6.164,-5.994,85.1,85.5,0.0,0.0,0.0,0.0,4.278,990.7397,0.253,-0.139,286.7,281.1,-6.575,-5.254
2026-03-20 01:48:00,3353,13.46,-6.098,-5.939,84.8,84.7,0.002,0.249,0.051,0.686,4.343,990.7213,0.297,-0.048,286.8,281.2,-6.58,-5.253
2026-03-20 01:48:00,3353,13.46,-6.098,-5.939,84.8,84.7,0.002,0.249,0.051,0.686,4.343,990.7213,0.297,-0.048,286.8,281.2,-6.58,-5.253
2026-03-20 01:49:00,3354,13.46,-6.149,-5.972,84.3,84.1,0.0,0.611,0.0,0.882,4.331,990.6977,0.272,-0.09,286.8,281.4,-6.579,-5.25
2026-03-20 01:49:00,3354,13.46,-6.149,-5.972,84.3,84.1,0.0,0.611,0.0,0.882,4.331,990.6977,0.272,-0.09,286.8,281.4,-6.579,-5.25
2026-03-20 01:50:00,3355,13.46,-6.234,-6.047,84.1,84.0,0.0,0.181,0.0,0.49,4.313,990.6928,0.215,-0.139,286.9,281.7,-6.581,-5.252
2026-03-20 01:50:00,3355,13.46,-6.234,-6.047,84.1,84.0,0.0,0.181,0.0,0.49,4.313,990.6928,0.215,-0.139,286.9,281.7,-6.581,-5.252
2026-03-20 01:51:00,3356,13.46,-6.279,-6.09,84.0,84.1,0.0,0.0,0.0,0.0,4.319,990.69,0.291,-0.115,287.0,281.9,-6.579,-5.253
2026-03-20 01:51:00,3356,13.46,-6.279,-6.09,84.0,84.1,0.0,0.0,0.0,0.0,4.319,990.69,0.291,-0.115,287.0,281.9,-6.579,-5.253
2026-03-20 01:52:00,3357,13.45,-6.304,-6.126,84.1,84.2,0.0,0.0,0.0,0.0,4.319,990.6884,0.311,-0.053,287.1,282.1,-6.572,-5.246
2026-03-20 01:52:00,3357,13.45,-6.304,-6.126,84.1,84.2,0.0,0.0,0.0,0.0,4.319,990.6884,0.311,-0.053,287.1,282.1,-6.572,-5.246
2026-03-20 01:53:00,3358,13.45,-6.317,-6.156,84.2,84.3,0.0,0.0,0.0,0.0,4.319,990.6838,0.302,-0.025,287.1,282.2,-6.57,-5.238
2026-03-20 01:53:00,3358,13.45,-6.317,-6.156,84.2,84.3,0.0,0.0,0.0,0.0,4.319,990.6838,0.302,-0.025,287.1,282.2,-6.57,-5.238
2026-03-20 01:54:00,3359,13.46,-6.334,-6.183,84.2,84.2,0.0,0.0,0.0,0.0,4.319,990.6745,0.321,0.005,287.1,282.3,-6.575,-5.232
2026-03-20 01:54:00,3359,13.46,-6.334,-6.183,84.2,84.2,0.0,0.0,0.0,0.0,4.319,990.6745,0.321,0.005,287.1,282.3,-6.575,-5.232
2026-03-20 01:55:00,3360,13.46,-6.373,-6.248,84.1,84.1,0.0,0.0,0.0,0.0,4.319,990.658,0.259,-0.1,287.1,282.5,-6.578,-5.227
2026-03-20 01:55:00,3360,13.46,-6.373,-6.248,84.1,84.1,0.0,0.0,0.0,0.0,4.319,990.658,0.259,-0.1,287.1,282.5,-6.578,-5.227
2026-03-20 01:56:00,3361,13.46,-6.422,-6.338,84.0,84.0,0.0,0.0,0.0,0.0,282.0,990.6616,0.182,-0.148,287.1,282.5,-6.58,-5.227
2026-03-20 01:56:00,3361,13.46,-6.422,-6.338,84.0,84.0,0.0,0.0,0.0,0.0,282.0,990.6616,0.182,-0.148,287.1,282.5,-6.58,-5.227
2026-03-20 01:57:00,3362,13.45,-6.48,-6.43,84.0,84.1,0.0,0.008,0.0,0.098,281.8,990.6533,0.143,-0.148,287.1,282.7,-6.59,-5.224
2026-03-20 01:57:00,3362,13.45,-6.48,-6.43,84.0,84.1,0.0,0.008,0.0,0.098,281.8,990.6533,0.143,-0.148,287.1,282.7,-6.59,-5.224
2026-03-20 01:58:00,3363,13.46,-6.536,-6.476,84.1,84.4,0.0,0.0,0.0,0.0,281.8,990.6326,0.125,-0.172,287.1,283.0,-6.599,-5.225
2026-03-20 01:58:00,3363,13.46,-6.536,-6.476,84.1,84.4,0.0,0.0,0.0,0.0,281.8,990.6326,0.125,-0.172,287.1,283.0,-6.599,-5.225
2026-03-20 01:59:00,3364,13.45,-6.557,-6.497,84.2,84.6,0.0,0.0,0.0,0.0,281.8,990.6243,0.105,-0.162,287.2,283.2,-6.605,-5.224
2026-03-20 01:59:00,3364,13.45,-6.557,-6.497,84.2,84.6,0.0,0.0,0.0,0.0,281.8,990.6243,0.105,-0.162,287.2,283.2,-6.605,-5.224
2026-03-20 02:00:00,3365,13.45,-6.573,-6.519,84.2,84.7,0.0,0.0,0.0,0.0,281.9,990.6067,0.13,-0.153,287.3,283.4,-6.605,-5.221
2026-03-20 02:00:00,3365,13.45,-6.573,-6.519,84.2,84.7,0.0,0.0,0.0,0.0,281.9,990.6067,0.13,-0.153,287.3,283.4,-6.605,-5.221
2026-03-20 02:01:00,3366,13.45,-6.581,-6.532,84.3,84.8,0.0,0.0,0.0,0.0,281.9,990.5925,0.139,-0.144,287.4,283.6,-6.608,-5.213
2026-03-20 02:01:00,3366,13.45,-6.581,-6.532,84.3,84.8,0.0,0.0,0.0,0.0,281.9,990.5925,0.139,-0.144,287.4,283.6,-6.608,-5.213
2026-03-20 02:02:00,3367,13.46,-6.578,-6.54,84.4,84.8,0.0,0.0,0.0,0.0,281.8,990.5803,0.144,-0.148,287.6,283.6,-6.609,-5.203
2026-03-20 02:02:00,3367,13.46,-6.578,-6.54,84.4,84.8,0.0,0.0,0.0,0.0,281.8,990.5803,0.144,-0.148,287.6,283.6,-6.609,-5.203
2026-03-20 02:03:00,3368,13.46,-6.571,-6.543,84.4,84.9,0.0,0.0,0.0,0.0,281.9,990.5659,0.148,-0.144,287.7,283.5,-6.604,-5.195
2026-03-20 02:03:00,3368,13.46,-6.571,-6.543,84.4,84.9,0.0,0.0,0.0,0.0,281.9,990.5659,0.148,-0.144,287.7,283.5,-6.604,-5.195
2026-03-20 02:04:00,3369,13.46,-6.558,-6.539,84.5,84.9,0.0,0.0,0.0,0.0,281.9,990.556,0.162,-0.148,287.8,283.4,-6.607,-5.187
2026-03-20 02:04:00,3369,13.46,-6.558,-6.539,84.5,84.9,0.0,0.0,0.0,0.0,281.9,990.556,0.162,-0.148,287.8,283.4,-6.607,-5.187
2026-03-20 02:05:00,3370,13.46,-6.551,-6.542,84.5,85.0,0.0,0.0,0.0,0.0,282.3,990.5417,0.187,-0.144,287.9,283.4,-6.601,-5.177
2026-03-20 02:05:00,3370,13.46,-6.551,-6.542,84.5,85.0,0.0,0.0,0.0,0.0,282.3,990.5417,0.187,-0.144,287.9,283.4,-6.601,-5.177
2026-03-20 02:06:00,3371,13.46,-6.555,-6.573,84.6,85.2,0.0,0.0,0.0,0.0,282.3,990.5296,0.272,-0.144,288.2,283.6,-6.6,-5.173
2026-03-20 02:06:00,3371,13.46,-6.555,-6.573,84.6,85.2,0.0,0.0,0.0,0.0,282.3,990.5296,0.272,-0.144,288.2,283.6,-6.6,-5.173
2026-03-20 02:07:00,3372,13.45,-6.564,-6.602,84.7,85.3,0.0,0.0,0.0,0.0,282.3,990.513,0.345,-0.191,288.9,283.7,-6.586,-5.169
2026-03-20 02:07:00,3372,13.45,-6.564,-6.602,84.7,85.3,0.0,0.0,0.0,0.0,282.3,990.513,0.345,-0.191,288.9,283.7,-6.586,-5.169
2026-03-20 02:08:00,3373,13.46,-6.568,-6.622,84.8,85.5,0.0,0.0,0.0,0.0,282.3,990.4984,0.368,-0.349,289.5,283.8,-6.578,-5.166
2026-03-20 02:08:00,3373,13.46,-6.568,-6.622,84.8,85.5,0.0,0.0,0.0,0.0,282.3,990.4984,0.368,-0.349,289.5,283.8,-6.578,-5.166
2026-03-20 02:09:00,3374,13.45,-6.563,-6.624,84.8,85.7,0.0,0.0,0.0,0.0,282.6,990.4653,0.421,-0.402,289.9,283.7,-6.577,-5.162
2026-03-20 02:09:00,3374,13.45,-6.563,-6.624,84.8,85.7,0.0,0.0,0.0,0.0,282.6,990.4653,0.421,-0.402,289.9,283.7,-6.577,-5.162
2026-03-20 02:10:00,3375,13.45,-6.558,-6.631,84.9,85.9,0.0,0.0,0.0,0.0,283.3,990.4583,0.435,-0.202,290.3,283.7,-6.566,-5.158
2026-03-20 02:10:00,3375,13.45,-6.558,-6.631,84.9,85.9,0.0,0.0,0.0,0.0,283.3,990.4583,0.435,-0.202,290.3,283.7,-6.566,-5.158
2026-03-20 02:11:00,3376,13.52,-6.552,-6.637,85.0,86.1,0.0,0.0,0.0,0.0,310.4,990.45,0.445,0.018,290.7,283.7,-6.554,-5.153
2026-03-20 02:11:00,3376,13.52,-6.552,-6.637,85.0,86.1,0.0,0.0,0.0,0.0,310.4,990.45,0.445,0.018,290.7,283.7,-6.554,-5.153
2026-03-20 02:12:00,3377,13.45,-6.54,-6.639,85.1,86.3,0.0,0.0,0.0,0.0,310.4,990.4395,0.487,0.187,291.0,283.7,-6.541,-5.149
2026-03-20 02:12:00,3377,13.45,-6.54,-6.639,85.1,86.3,0.0,0.0,0.0,0.0,310.4,990.4395,0.487,0.187,291.0,283.7,-6.541,-5.149
2026-03-20 02:13:00,3378,13.45,-6.541,-6.647,85.2,86.4,0.0,0.0,0.0,0.0,310.3,990.4472,0.474,0.144,291.1,283.6,-6.538,-5.144
2026-03-20 02:13:00,3378,13.45,-6.541,-6.647,85.2,86.4,0.0,0.0,0.0,0.0,310.3,990.4472,0.474,0.144,291.1,283.6,-6.538,-5.144
2026-03-20 02:14:00,3379,13.45,-6.541,-6.656,85.3,86.5,0.0,0.0,0.0,0.0,310.2,990.4428,0.459,0.106,290.9,283.5,-6.527,-5.144
2026-03-20 02:14:00,3379,13.45,-6.541,-6.656,85.3,86.5,0.0,0.0,0.0,0.0,310.2,990.4428,0.459,0.106,290.9,283.5,-6.527,-5.144
2026-03-20 02:15:00,3380,13.45,-6.551,-6.665,85.3,86.6,0.0,0.0,0.0,0.0,310.0,990.4326,0.435,0.144,290.6,283.2,-6.513,-5.14
2026-03-20 02:15:00,3380,13.45,-6.551,-6.665,85.3,86.6,0.0,0.0,0.0,0.0,310.0,990.4326,0.435,0.144,290.6,283.2,-6.513,-5.14
2026-03-20 02:16:00,3381,13.46,-6.557,-6.671,85.4,86.7,0.0,0.0,0.0,0.0,310.0,990.4291,0.431,0.367,290.4,282.9,-6.511,-5.125
2026-03-20 02:16:00,3381,13.46,-6.557,-6.671,85.4,86.7,0.0,0.0,0.0,0.0,310.0,990.4291,0.431,0.367,290.4,282.9,-6.511,-5.125
2026-03-20 02:17:00,3382,13.46,-6.558,-6.674,85.5,86.8,0.0,0.0,0.0,0.0,310.0,990.4041,0.431,0.421,290.1,282.6,-6.508,-5.109
2026-03-20 02:17:00,3382,13.46,-6.558,-6.674,85.5,86.8,0.0,0.0,0.0,0.0,310.0,990.4041,0.431,0.421,290.1,282.6,-6.508,-5.109
2026-03-20 02:18:00,3383,13.45,-6.549,-6.675,85.5,86.8,0.0,0.0,0.0,0.0,310.0,990.3881,0.483,0.636,289.9,281.8,-6.502,-5.098
2026-03-20 02:18:00,3383,13.45,-6.549,-6.675,85.5,86.8,0.0,0.0,0.0,0.0,310.0,990.3881,0.483,0.636,289.9,281.8,-6.502,-5.098
2026-03-20 02:19:00,3384,13.45,-6.542,-6.67,85.6,86.9,0.0,0.0,0.0,0.0,310.0,990.3576,0.479,0.455,289.6,280.6,-6.5,-5.088
2026-03-20 02:19:00,3384,13.45,-6.542,-6.67,85.6,86.9,0.0,0.0,0.0,0.0,310.0,990.3576,0.479,0.455,289.6,280.6,-6.5,-5.088
2026-03-20 02:20:00,3385,13.45,-6.536,-6.664,85.6,87.0,0.0,0.0,0.0,0.0,310.0,990.3321,0.441,0.116,289.4,279.1,-6.497,-5.088
2026-03-20 02:20:00,3385,13.45,-6.536,-6.664,85.6,87.0,0.0,0.0,0.0,0.0,310.0,990.3321,0.441,0.116,289.4,279.1,-6.497,-5.088
2026-03-20 02:21:00,3386,13.45,-6.531,-6.66,85.6,87.0,0.0,0.0,0.0,0.0,310.0,990.3226,0.44,0.005,289.2,277.6,-6.497,-5.098
2026-03-20 02:21:00,3386,13.45,-6.531,-6.66,85.6,87.0,0.0,0.0,0.0,0.0,310.0,990.3226,0.44,0.005,289.2,277.6,-6.497,-5.098
2026-03-20 02:22:00,3387,13.45,-6.527,-6.658,85.7,87.1,0.0,0.0,0.0,0.0,310.0,990.3055,0.45,-0.028,288.6,275.8,-6.502,-5.106
2026-03-20 02:22:00,3387,13.45,-6.527,-6.658,85.7,87.1,0.0,0.0,0.0,0.0,310.0,990.3055,0.45,-0.028,288.6,275.8,-6.502,-5.106
2026-03-20 02:23:00,3388,13.51,-6.525,-6.658,85.7,87.2,0.0,0.0,0.0,0.0,310.0,990.2916,0.536,-0.287,287.8,274.1,-6.503,-5.125
2026-03-20 02:23:00,3388,13.51,-6.525,-6.658,85.7,87.2,0.0,0.0,0.0,0.0,310.0,990.2916,0.536,-0.287,287.8,274.1,-6.503,-5.125
2026-03-20 02:24:00,3389,13.51,-6.525,-6.66,85.8,87.2,0.0,0.0,0.0,0.0,310.0,990.2791,0.488,-0.454,287.1,272.5,-6.518,-5.138
2026-03-20 02:24:00,3389,13.51,-6.525,-6.66,85.8,87.2,0.0,0.0,0.0,0.0,310.0,990.2791,0.488,-0.454,287.1,272.5,-6.518,-5.138
2026-03-20 02:25:00,3390,13.51,-6.522,-6.655,85.8,87.3,0.0,0.0,0.0,0.0,310.0,990.272,0.492,-0.574,286.5,271.1,-6.534,-5.155
2026-03-20 02:25:00,3390,13.51,-6.522,-6.655,85.8,87.3,0.0,0.0,0.0,0.0,310.0,990.272,0.492,-0.574,286.5,271.1,-6.534,-5.155
2026-03-20 02:26:00,3391,13.51,-6.527,-6.655,85.8,87.4,0.0,0.0,0.0,0.0,310.0,990.2552,0.47,-0.594,285.9,270.5,-6.551,-5.173
2026-03-20 02:26:00,3391,13.51,-6.527,-6.655,85.8,87.4,0.0,0.0,0.0,0.0,310.0,990.2552,0.47,-0.594,285.9,270.5,-6.551,-5.173
2026-03-20 02:27:00,3392,13.51,-6.533,-6.643,85.9,87.5,0.0,0.0,0.0,0.0,310.0,990.2401,0.46,-0.622,285.4,270.5,-6.567,-5.189
2026-03-20 02:27:00,3392,13.51,-6.533,-6.643,85.9,87.5,0.0,0.0,0.0,0.0,310.0,990.2401,0.46,-0.622,285.4,270.5,-6.567,-5.189
2026-03-20 02:28:00,3393,13.45,-6.534,-6.631,86.0,87.8,0.0,0.0,0.0,0.0,310.0,990.2349,0.431,-0.756,285.0,271.0,-6.573,-5.203
2026-03-20 02:28:00,3393,13.45,-6.534,-6.631,86.0,87.8,0.0,0.0,0.0,0.0,310.0,990.2349,0.431,-0.756,285.0,271.0,-6.573,-5.203
2026-03-20 02:29:00,3394,13.52,-6.534,-6.617,86.0,88.3,0.0,0.0,0.0,0.0,310.0,990.2239,0.402,-0.737,284.7,271.6,-6.599,-5.221
2026-03-20 02:29:00,3394,13.52,-6.534,-6.617,86.0,88.3,0.0,0.0,0.0,0.0,310.0,990.2239,0.402,-0.737,284.7,271.6,-6.599,-5.221
2026-03-20 02:30:00,3395,13.45,-6.536,-6.601,86.1,88.6,0.0,0.0,0.0,0.0,310.0,990.2214,0.335,-0.808,284.5,272.4,-6.618,-5.231
2026-03-20 02:30:00,3395,13.45,-6.536,-6.601,86.1,88.6,0.0,0.0,0.0,0.0,310.0,990.2214,0.335,-0.808,284.5,272.4,-6.618,-5.231
2026-03-20 02:31:00,3396,13.52,-6.535,-6.588,86.2,88.7,0.0,0.003,0.0,0.098,310.0,990.2266,0.297,-0.824,284.4,273.6,-6.631,-5.244
2026-03-20 02:31:00,3396,13.52,-6.535,-6.588,86.2,88.7,0.0,0.003,0.0,0.098,310.0,990.2266,0.297,-0.824,284.4,273.6,-6.631,-5.244
2026-03-20 02:32:00,3397,13.45,-6.524,-6.577,86.2,88.8,0.0,0.009,0.0,0.098,310.0,990.2231,0.287,-0.78,284.3,274.9,-6.641,-5.253
2026-03-20 02:32:00,3397,13.45,-6.524,-6.577,86.2,88.8,0.0,0.009,0.0,0.098,310.0,990.2231,0.287,-0.78,284.3,274.9,-6.641,-5.253
2026-03-20 02:33:00,3398,13.45,-6.516,-6.572,86.3,88.9,0.0,0.0,0.0,0.098,310.0,990.2095,0.287,-0.689,284.4,276.2,-6.66,-5.26
2026-03-20 02:33:00,3398,13.45,-6.516,-6.572,86.3,88.9,0.0,0.0,0.0,0.098,310.0,990.2095,0.287,-0.689,284.4,276.2,-6.66,-5.26
2026-03-20 02:34:00,3399,13.53,-6.516,-6.569,86.4,88.9,0.0,0.0,0.0,0.0,310.0,990.207,0.287,-0.585,284.6,277.6,-6.674,-5.267
2026-03-20 02:34:00,3399,13.53,-6.516,-6.569,86.4,88.9,0.0,0.0,0.0,0.0,310.0,990.207,0.287,-0.585,284.6,277.6,-6.674,-5.267
2026-03-20 02:35:00,3400,13.45,-6.512,-6.562,86.4,89.0,0.0,0.0,0.0,0.0,310.0,990.1962,0.273,-0.47,284.8,278.9,-6.677,-5.273
2026-03-20 02:35:00,3400,13.45,-6.512,-6.562,86.4,89.0,0.0,0.0,0.0,0.0,310.0,990.1962,0.273,-0.47,284.8,278.9,-6.677,-5.273
2026-03-20 02:36:00,3401,13.45,-6.499,-6.544,86.5,89.1,0.0,0.0,0.0,0.0,310.0,990.2008,0.287,-0.426,284.9,279.9,-6.686,-5.276
2026-03-20 02:36:00,3401,13.45,-6.499,-6.544,86.5,89.1,0.0,0.0,0.0,0.0,310.0,990.2008,0.287,-0.426,284.9,279.9,-6.686,-5.276
2026-03-20 02:37:00,3402,13.53,-6.493,-6.52,86.6,89.1,0.0,0.0,0.0,0.0,310.0,990.199,0.287,-0.369,285.2,280.8,-6.684,-5.277
2026-03-20 02:37:00,3402,13.53,-6.493,-6.52,86.6,89.1,0.0,0.0,0.0,0.0,310.0,990.199,0.287,-0.369,285.2,280.8,-6.684,-5.277
2026-03-20 02:38:00,3403,13.52,-6.487,-6.505,86.6,89.2,0.0,0.0,0.0,0.0,310.0,990.1969,0.287,-0.292,285.4,281.5,-6.69,-5.278
2026-03-20 02:38:00,3403,13.52,-6.487,-6.505,86.6,89.2,0.0,0.0,0.0,0.0,310.0,990.1969,0.287,-0.292,285.4,281.5,-6.69,-5.278
2026-03-20 02:39:00,3404,13.45,-6.483,-6.502,86.7,89.2,0.0,0.0,0.0,0.0,310.0,990.1909,0.268,-0.254,285.7,281.9,-6.694,-5.278
2026-03-20 02:39:00,3404,13.45,-6.483,-6.502,86.7,89.2,0.0,0.0,0.0,0.0,310.0,990.1909,0.268,-0.254,285.7,281.9,-6.694,-5.278
2026-03-20 02:40:00,3405,13.52,-6.484,-6.491,86.7,89.3,0.0,0.0,0.0,0.0,310.0,990.1671,0.287,-0.211,285.9,282.1,-6.694,-5.274
2026-03-20 02:40:00,3405,13.52,-6.484,-6.491,86.7,89.3,0.0,0.0,0.0,0.0,310.0,990.1671,0.287,-0.211,285.9,282.1,-6.694,-5.274
2026-03-20 02:41:00,3406,13.52,-6.481,-6.468,86.8,89.4,0.0,0.005,0.0,0.098,309.9,990.1573,0.287,-0.139,286.1,282.1,-6.688,-5.267
2026-03-20 02:41:00,3406,13.52,-6.481,-6.468,86.8,89.4,0.0,0.005,0.0,0.098,309.9,990.1573,0.287,-0.139,286.1,282.1,-6.688,-5.267
2026-03-20 02:42:00,3407,13.52,-6.471,-6.451,86.9,89.5,0.0,0.334,0.0,0.49,309.6,990.1533,0.287,-0.115,286.2,282.1,-6.687,-5.265
2026-03-20 02:42:00,3407,13.52,-6.471,-6.451,86.9,89.5,0.0,0.334,0.0,0.49,309.6,990.1533,0.287,-0.115,286.2,282.1,-6.687,-5.265
2026-03-20 02:43:00,3408,13.46,-6.458,-6.431,86.9,89.6,0.003,0.538,0.103,0.686,309.4,990.138,0.287,-0.124,286.3,282.0,-6.686,-5.261
2026-03-20 02:43:00,3408,13.46,-6.458,-6.431,86.9,89.6,0.003,0.538,0.103,0.686,309.4,990.138,0.287,-0.124,286.3,282.0,-6.686,-5.261
2026-03-20 02:44:00,3409,13.45,-6.458,-6.431,87.0,89.7,0.0,0.692,0.0,0.784,309.4,990.1303,0.287,-0.139,286.3,282.0,-6.689,-5.257
2026-03-20 02:44:00,3409,13.45,-6.458,-6.431,87.0,89.7,0.0,0.692,0.0,0.784,309.4,990.1303,0.287,-0.139,286.3,282.0,-6.689,-5.257
2026-03-20 02:45:00,3410,13.52,-6.452,-6.437,87.1,89.8,0.0,0.634,0.0,0.784,309.4,990.1287,0.282,-0.124,286.4,282.3,-6.689,-5.256
2026-03-20 02:45:00,3410,13.52,-6.452,-6.437,87.1,89.8,0.0,0.634,0.0,0.784,309.4,990.1287,0.282,-0.124,286.4,282.3,-6.689,-5.256
2026-03-20 02:46:00,3411,13.52,-6.454,-6.446,87.1,89.9,0.0,0.599,0.0,0.784,309.4,990.1262,0.287,-0.073,286.5,282.6,-6.683,-5.252
2026-03-20 02:46:00,3411,13.52,-6.454,-6.446,87.1,89.9,0.0,0.599,0.0,0.784,309.4,990.1262,0.287,-0.073,286.5,282.6,-6.683,-5.252
2026-03-20 02:47:00,3412,13.52,-6.454,-6.459,87.2,90.0,0.0,0.448,0.0,0.49,309.4,990.1259,0.301,0.01,286.6,283.0,-6.678,-5.254
2026-03-20 02:47:00,3412,13.52,-6.454,-6.459,87.2,90.0,0.0,0.448,0.0,0.49,309.4,990.1259,0.301,0.01,286.6,283.0,-6.678,-5.254
2026-03-20 02:48:00,3413,13.52,-6.449,-6.473,87.3,90.1,0.0,0.408,0.0,0.588,309.5,990.1218,0.311,0.048,286.8,283.3,-6.673,-5.253
2026-03-20 02:48:00,3413,13.52,-6.449,-6.473,87.3,90.1,0.0,0.408,0.0,0.588,309.5,990.1218,0.311,0.048,286.8,283.3,-6.673,-5.253
2026-03-20 02:49:00,3414,13.45,-6.455,-6.486,87.3,90.4,0.0,0.534,0.0,0.588,310.0,990.0984,0.307,0.096,286.9,283.5,-6.662,-5.251
2026-03-20 02:49:00,3414,13.45,-6.455,-6.486,87.3,90.4,0.0,0.534,0.0,0.588,310.0,990.0984,0.307,0.096,286.9,283.5,-6.662,-5.251
2026-03-20 02:50:00,3415,13.52,-6.473,-6.502,87.3,90.4,0.0,0.463,0.0,0.588,310.1,990.088,0.334,0.144,287.0,283.6,-6.657,-5.251
2026-03-20 02:50:00,3415,13.52,-6.473,-6.502,87.3,90.4,0.0,0.463,0.0,0.588,310.1,990.088,0.334,0.144,287.0,283.6,-6.657,-5.251
2026-03-20 02:51:00,3416,13.52,-6.493,-6.521,87.4,90.5,0.0,0.04,0.0,0.294,310.1,990.0662,0.345,0.139,287.1,283.7,-6.651,-5.244
2026-03-20 02:51:00,3416,13.52,-6.493,-6.521,87.4,90.5,0.0,0.04,0.0,0.294,310.1,990.0662,0.345,0.139,287.1,283.7,-6.651,-5.244
2026-03-20 02:52:00,3417,13.45,-6.511,-6.53,87.4,90.6,0.0,0.0,0.0,0.0,310.1,990.0552,0.311,0.13,287.2,283.6,-6.648,-5.24
2026-03-20 02:52:00,3417,13.45,-6.511,-6.53,87.4,90.6,0.0,0.0,0.0,0.0,310.1,990.0552,0.311,0.13,287.2,283.6,-6.648,-5.24
2026-03-20 02:53:00,3418,13.46,-6.522,-6.547,87.4,90.6,0.0,0.0,0.0,0.0,310.1,990.0493,0.321,0.139,287.2,283.4,-6.641,-5.232
2026-03-20 02:53:00,3418,13.46,-6.522,-6.547,87.4,90.6,0.0,0.0,0.0,0.0,310.1,990.0493,0.321,0.139,287.2,283.4,-6.641,-5.232
2026-03-20 02:54:00,3419,13.45,-6.532,-6.573,87.5,90.6,0.0,0.0,0.0,0.0,310.1,990.0361,0.34,0.139,287.2,283.2,-6.639,-5.23
2026-03-20 02:54:00,3419,13.45,-6.532,-6.573,87.5,90.6,0.0,0.0,0.0,0.0,310.1,990.0361,0.34,0.139,287.2,283.2,-6.639,-5.23
2026-03-20 02:55:00,3420,13.52,-6.533,-6.591,87.5,90.6,0.0,0.0,0.0,0.0,310.1,990.0322,0.344,0.12,287.2,283.1,-6.631,-5.224
2026-03-20 02:55:00,3420,13.52,-6.533,-6.591,87.5,90.6,0.0,0.0,0.0,0.0,310.1,990.0322,0.344,0.12,287.2,283.1,-6.631,-5.224
2026-03-20 02:56:00,3421,13.52,-6.528,-6.603,87.6,90.8,0.0,0.0,0.0,0.0,310.1,990.018,0.393,0.144,287.2,283.1,-6.622,-5.221
2026-03-20 02:56:00,3421,13.52,-6.528,-6.603,87.6,90.8,0.0,0.0,0.0,0.0,310.1,990.018,0.393,0.144,287.2,283.1,-6.622,-5.221
2026-03-20 02:57:00,3422,13.52,-6.518,-6.604,87.7,90.9,0.0,0.0,0.0,0.0,310.1,990.0126,0.44,0.201,287.3,282.9,-6.613,-5.218
2026-03-20 02:57:00,3422,13.52,-6.518,-6.604,87.7,90.9,0.0,0.0,0.0,0.0,310.1,990.0126,0.44,0.201,287.3,282.9,-6.613,-5.218
2026-03-20 02:58:00,3423,13.52,-6.506,-6.602,87.8,91.0,0.0,0.0,0.0,0.0,310.1,990.0005,0.503,0.191,287.3,282.8,-6.6,-5.211
2026-03-20 02:58:00,3423,13.52,-6.506,-6.602,87.8,91.0,0.0,0.0,0.0,0.0,310.1,990.0005,0.503,0.191,287.3,282.8,-6.6,-5.211
2026-03-20 02:59:00,3424,13.52,-6.492,-6.594,87.8,91.6,0.0,0.0,0.0,0.0,310.1,989.9779,0.54,0.268,287.3,282.6,-6.589,-5.204
2026-03-20 02:59:00,3424,13.52,-6.492,-6.594,87.8,91.6,0.0,0.0,0.0,0.0,310.1,989.9779,0.54,0.268,287.3,282.6,-6.589,-5.204
2026-03-20 03:00:00,3425,13.52,-6.483,-6.589,87.9,91.6,0.0,0.0,0.0,0.0,310.2,989.9562,0.545,0.263,287.4,282.2,-6.579,-5.198
2026-03-20 03:00:00,3425,13.52,-6.483,-6.589,87.9,91.6,0.0,0.0,0.0,0.0,310.2,989.9562,0.545,0.263,287.4,282.2,-6.579,-5.198
2026-03-20 03:01:00,3426,13.53,-6.474,-6.59,87.9,91.7,0.0,0.0,0.0,0.0,310.2,989.9521,0.535,0.216,287.4,281.8,-6.574,-5.192
2026-03-20 03:01:00,3426,13.53,-6.474,-6.59,87.9,91.7,0.0,0.0,0.0,0.0,310.2,989.9521,0.535,0.216,287.4,281.8,-6.574,-5.192
2026-03-20 03:02:00,3427,13.52,-6.464,-6.588,88.0,91.7,0.0,0.0,0.0,0.0,310.1,989.9352,0.56,0.211,287.4,281.5,-6.574,-5.193
2026-03-20 03:02:00,3427,13.52,-6.464,-6.588,88.0,91.7,0.0,0.0,0.0,0.0,310.1,989.9352,0.56,0.211,287.4,281.5,-6.574,-5.193
2026-03-20 03:03:00,3428,13.52,-6.452,-6.576,88.0,91.7,0.0,0.0,0.0,0.0,310.2,989.9299,0.531,0.163,287.3,281.2,-6.574,-5.189
2026-03-20 03:03:00,3428,13.52,-6.452,-6.576,88.0,91.7,0.0,0.0,0.0,0.0,310.2,989.9299,0.531,0.163,287.3,281.2,-6.574,-5.189
2026-03-20 03:04:00,3429,13.52,-6.445,-6.57,88.0,91.7,0.0,0.0,0.0,0.0,310.2,989.9243,0.55,0.163,287.4,281.2,-6.57,-5.179
2026-03-20 03:04:00,3429,13.52,-6.445,-6.57,88.0,91.7,0.0,0.0,0.0,0.0,310.2,989.9243,0.55,0.163,287.4,281.2,-6.57,-5.179
2026-03-20 03:05:00,3430,13.52,-6.441,-6.567,88.0,91.7,0.0,0.0,0.0,0.0,310.2,989.905,0.556,0.225,287.5,281.4,-6.558,-5.173
2026-03-20 03:05:00,3430,13.52,-6.441,-6.567,88.0,91.7,0.0,0.0,0.0,0.0,310.2,989.905,0.556,0.225,287.5,281.4,-6.558,-5.173
2026-03-20 03:06:00,3431,13.52,-6.436,-6.56,88.1,91.7,0.0,0.0,0.0,0.0,310.2,989.8989,0.546,0.181,287.6,281.6,-6.555,-5.172
2026-03-20 03:06:00,3431,13.52,-6.436,-6.56,88.1,91.7,0.0,0.0,0.0,0.0,310.2,989.8989,0.546,0.181,287.6,281.6,-6.555,-5.172
2026-03-20 03:07:00,3432,13.52,-6.429,-6.558,88.1,91.7,0.0,0.0,0.0,0.0,310.2,989.8958,0.522,0.282,287.9,281.8,-6.543,-5.164
2026-03-20 03:07:00,3432,13.52,-6.429,-6.558,88.1,91.7,0.0,0.0,0.0,0.0,310.2,989.8958,0.522,0.282,287.9,281.8,-6.543,-5.164
2026-03-20 03:08:00,3433,13.52,-6.429,-6.557,88.1,91.7,0.0,0.0,0.0,0.0,310.2,989.8753,0.479,0.287,287.9,282.0,-6.539,-5.162
2026-03-20 03:08:00,3433,13.52,-6.429,-6.557,88.1,91.7,0.0,0.0,0.0,0.0,310.2,989.8753,0.479,0.287,287.9,282.0,-6.539,-5.162
2026-03-20 03:09:00,3434,13.45,-6.428,-6.56,88.1,91.7,0.0,0.0,0.0,0.0,310.2,989.8663,0.455,0.331,287.9,282.3,-6.532,-5.155
2026-03-20 03:09:00,3434,13.45,-6.428,-6.56,88.1,91.7,0.0,0.0,0.0,0.0,310.2,989.8663,0.455,0.331,287.9,282.3,-6.532,-5.155
2026-03-20 03:10:00,3435,13.46,-6.427,-6.561,88.1,91.7,0.0,0.0,0.0,0.0,310.2,989.8477,0.507,0.302,287.8,282.6,-6.517,-5.159
2026-03-20 03:10:00,3435,13.46,-6.427,-6.561,88.1,91.7,0.0,0.0,0.0,0.0,310.2,989.8477,0.507,0.302,287.8,282.6,-6.517,-5.159
2026-03-20 03:11:00,3436,13.45,-6.432,-6.565,88.2,91.7,0.0,0.0,0.0,0.0,310.2,989.8295,0.542,0.234,287.7,282.8,-6.513,-5.151
2026-03-20 03:11:00,3436,13.45,-6.432,-6.565,88.2,91.7,0.0,0.0,0.0,0.0,310.2,989.8295,0.542,0.234,287.7,282.8,-6.513,-5.151
2026-03-20 03:12:00,3437,13.45,-6.433,-6.564,88.2,91.7,0.0,0.0,0.0,0.0,310.2,989.8091,0.474,0.153,287.7,283.0,-6.506,-5.149
2026-03-20 03:12:00,3437,13.45,-6.433,-6.564,88.2,91.7,0.0,0.0,0.0,0.0,310.2,989.8091,0.474,0.153,287.7,283.0,-6.506,-5.149
2026-03-20 03:13:00,3438,13.46,-6.434,-6.559,88.2,91.8,0.0,0.0,0.0,0.0,310.2,989.7814,0.493,0.148,287.6,283.1,-6.506,-5.146
2026-03-20 03:13:00,3438,13.46,-6.434,-6.559,88.2,91.8,0.0,0.0,0.0,0.0,310.2,989.7814,0.493,0.148,287.6,283.1,-6.506,-5.146
2026-03-20 03:14:00,3439,13.45,-6.431,-6.557,88.2,91.8,0.0,0.0,0.0,0.0,310.2,989.7696,0.484,0.148,287.6,283.1,-6.504,-5.143
2026-03-20 03:14:00,3439,13.45,-6.431,-6.557,88.2,91.8,0.0,0.0,0.0,0.0,310.2,989.7696,0.484,0.148,287.6,283.1,-6.504,-5.143
2026-03-20 03:15:00,3440,13.45,-6.427,-6.553,88.2,91.8,0.0,0.0,0.0,0.0,310.2,989.7614,0.474,0.144,287.5,283.2,-6.504,-5.143
2026-03-20 03:15:00,3440,13.45,-6.427,-6.553,88.2,91.8,0.0,0.0,0.0,0.0,310.2,989.7614,0.474,0.144,287.5,283.2,-6.504,-5.143
2026-03-20 03:16:00,3441,13.45,-6.427,-6.548,88.2,91.8,0.0,0.0,0.0,0.0,310.2,989.7355,0.44,0.139,287.5,283.2,-6.496,-5.142
2026-03-20 03:16:00,3441,13.45,-6.427,-6.548,88.2,91.8,0.0,0.0,0.0,0.0,310.2,989.7355,0.44,0.139,287.5,283.2,-6.496,-5.142
2026-03-20 03:17:00,3442,13.45,-6.427,-6.55,88.3,91.8,0.0,0.0,0.0,0.0,310.2,989.7234,0.45,0.143,287.5,283.3,-6.495,-5.141
2026-03-20 03:17:00,3442,13.45,-6.427,-6.55,88.3,91.8,0.0,0.0,0.0,0.0,310.2,989.7234,0.45,0.143,287.5,283.3,-6.495,-5.141
2026-03-20 03:18:00,3443,13.45,-6.426,-6.542,88.3,91.8,0.0,0.0,0.0,0.0,310.2,989.7193,0.479,0.077,287.5,283.3,-6.492,-5.138
2026-03-20 03:18:00,3443,13.45,-6.426,-6.542,88.3,91.8,0.0,0.0,0.0,0.0,310.2,989.7193,0.479,0.077,287.5,283.3,-6.492,-5.138
2026-03-20 03:19:00,3444,13.45,-6.423,-6.537,88.3,91.8,0.0,0.0,0.0,0.0,310.2,989.7194,0.445,0.11,287.5,283.5,-6.492,-5.141
2026-03-20 03:19:00,3444,13.45,-6.423,-6.537,88.3,91.8,0.0,0.0,0.0,0.0,310.2,989.7194,0.445,0.11,287.5,283.5,-6.492,-5.141
2026-03-20 03:20:00,3445,13.46,-6.419,-6.533,88.3,91.8,0.0,0.0,0.0,0.0,310.2,989.7319,0.479,0.091,287.4,283.6,-6.492,-5.139
2026-03-20 03:20:00,3445,13.46,-6.419,-6.533,88.3,91.8,0.0,0.0,0.0,0.0,310.2,989.7319,0.479,0.091,287.4,283.6,-6.492,-5.139
2026-03-20 03:21:00,3446,13.46,-6.412,-6.533,88.3,91.8,0.0,0.0,0.0,0.0,310.2,989.7286,0.445,0.119,287.4,283.7,-6.491,-5.129
2026-03-20 03:21:00,3446,13.46,-6.412,-6.533,88.3,91.8,0.0,0.0,0.0,0.0,310.2,989.7286,0.445,0.119,287.4,283.7,-6.491,-5.129
2026-03-20 03:22:00,3447,13.46,-6.408,-6.531,88.3,91.8,0.0,0.0,0.0,0.0,310.2,989.7058,0.464,0.1,287.4,283.6,-6.492,-5.121
2026-03-20 03:22:00,3447,13.46,-6.408,-6.531,88.3,91.8,0.0,0.0,0.0,0.0,310.2,989.7058,0.464,0.1,287.4,283.6,-6.492,-5.121
2026-03-20 03:23:00,3448,13.45,-6.396,-6.527,88.3,91.8,0.0,0.0,0.0,0.0,310.2,989.6918,0.431,0.105,287.4,283.6,-6.492,-5.111
2026-03-20 03:23:00,3448,13.45,-6.396,-6.527,88.3,91.8,0.0,0.0,0.0,0.0,310.2,989.6918,0.431,0.105,287.4,283.6,-6.492,-5.111
2026-03-20 03:24:00,3449,13.45,-6.389,-6.52,88.3,91.8,0.0,0.0,0.0,0.0,310.2,989.6707,0.445,0.053,287.4,283.5,-6.494,-5.109
2026-03-20 03:24:00,3449,13.45,-6.389,-6.52,88.3,91.8,0.0,0.0,0.0,0.0,310.2,989.6707,0.445,0.053,287.4,283.5,-6.494,-5.109
2026-03-20 03:25:00,3450,13.46,-6.379,-6.512,88.3,91.8,0.0,0.0,0.0,0.0,310.2,989.6591,0.436,0.105,287.6,283.5,-6.487,-5.103
2026-03-20 03:25:00,3450,13.46,-6.379,-6.512,88.3,91.8,0.0,0.0,0.0,0.0,310.2,989.6591,0.436,0.105,287.6,283.5,-6.487,-5.103
2026-03-20 03:26:00,3451,13.45,-6.369,-6.504,88.3,91.8,0.0,0.0,0.0,0.0,310.2,989.6342,0.483,0.144,287.7,283.5,-6.487,-5.094
2026-03-20 03:26:00,3451,13.45,-6.369,-6.504,88.3,91.8,0.0,0.0,0.0,0.0,310.2,989.6342,0.483,0.144,287.7,283.5,-6.487,-5.094
2026-03-20 03:27:00,3452,13.45,-6.362,-6.495,88.3,91.8,0.0,0.0,0.0,0.0,310.2,989.6057,0.488,0.144,287.6,283.5,-6.486,-5.091
2026-03-20 03:27:00,3452,13.45,-6.362,-6.495,88.3,91.8,0.0,0.0,0.0,0.0,310.2,989.6057,0.488,0.144,287.6,283.5,-6.486,-5.091
2026-03-20 03:28:00,3453,13.46,-6.357,-6.48,88.3,91.8,0.0,0.0,0.0,0.0,310.2,989.5908,0.503,0.12,287.5,283.5,-6.492,-5.089
2026-03-20 03:28:00,3453,13.46,-6.357,-6.48,88.3,91.8,0.0,0.0,0.0,0.0,310.2,989.5908,0.503,0.12,287.5,283.5,-6.492,-5.089
2026-03-20 03:29:00,3454,13.46,-6.344,-6.469,88.3,91.8,0.0,0.0,0.0,0.0,310.2,989.5525,0.564,0.058,287.5,283.5,-6.491,-5.086
2026-03-20 03:29:00,3454,13.46,-6.344,-6.469,88.3,91.8,0.0,0.0,0.0,0.0,310.2,989.5525,0.564,0.058,287.5,283.5,-6.491,-5.086
2026-03-20 03:30:00,3455,13.45,-6.339,-6.457,88.3,91.9,0.0,0.0,0.0,0.0,310.2,989.5332,0.574,0.014,287.5,283.6,-6.492,-5.08
2026-03-20 03:30:00,3455,13.45,-6.339,-6.457,88.3,91.9,0.0,0.0,0.0,0.0,310.2,989.5332,0.574,0.014,287.5,283.6,-6.492,-5.08
2026-03-20 03:31:00,3456,13.45,-6.328,-6.435,88.3,91.9,0.0,0.0,0.0,0.0,310.2,989.5135,0.569,0.019,287.5,283.6,-6.492,-5.079
2026-03-20 03:31:00,3456,13.45,-6.328,-6.435,88.3,91.9,0.0,0.0,0.0,0.0,310.2,989.5135,0.569,0.019,287.5,283.6,-6.492,-5.079
2026-03-20 03:32:00,3457,13.45,-6.317,-6.417,88.3,91.9,0.0,0.0,0.0,0.0,310.2,989.4963,0.555,0.119,287.6,283.6,-6.483,-5.074
2026-03-20 03:32:00,3457,13.45,-6.317,-6.417,88.3,91.9,0.0,0.0,0.0,0.0,310.2,989.4963,0.555,0.119,287.6,283.6,-6.483,-5.074
2026-03-20 03:33:00,3458,13.45,-6.307,-6.395,88.4,91.9,0.0,0.0,0.0,0.0,310.2,989.4667,0.56,0.163,287.6,283.7,-6.47,-5.068
2026-03-20 03:33:00,3458,13.45,-6.307,-6.395,88.4,91.9,0.0,0.0,0.0,0.0,310.2,989.4667,0.56,0.163,287.6,283.7,-6.47,-5.068
2026-03-20 03:34:00,3459,13.46,-6.291,-6.383,88.4,91.9,0.0,0.0,0.0,0.0,310.2,989.4373,0.574,0.239,287.7,283.8,-6.458,-5.071
2026-03-20 03:34:00,3459,13.46,-6.291,-6.383,88.4,91.9,0.0,0.0,0.0,0.0,310.2,989.4373,0.574,0.239,287.7,283.8,-6.458,-5.071
2026-03-20 03:35:00,3460,13.46,-6.284,-6.378,88.4,91.9,0.0,0.0,0.0,0.0,310.2,989.4188,0.574,0.278,287.7,283.9,-6.449,-5.072
2026-03-20 03:35:00,3460,13.46,-6.284,-6.378,88.4,91.9,0.0,0.0,0.0,0.0,310.2,989.4188,0.574,0.278,287.7,283.9,-6.449,-5.072
2026-03-20 03:36:00,3461,13.46,-6.283,-6.373,88.4,91.9,0.0,0.0,0.0,0.0,310.2,989.3918,0.574,0.282,287.7,283.9,-6.441,-5.071
2026-03-20 03:36:00,3461,13.46,-6.283,-6.373,88.4,91.9,0.0,0.0,0.0,0.0,310.2,989.3918,0.574,0.282,287.7,283.9,-6.441,-5.071
2026-03-20 03:37:00,3462,13.45,-6.286,-6.363,88.4,91.9,0.0,0.0,0.0,0.0,310.2,989.3548,0.574,0.273,287.7,284.0,-6.432,-5.072
2026-03-20 03:37:00,3462,13.45,-6.286,-6.363,88.4,91.9,0.0,0.0,0.0,0.0,310.2,989.3548,0.574,0.273,287.7,284.0,-6.432,-5.072
2026-03-20 03:38:00,3463,13.45,-6.272,-6.347,88.5,91.9,0.0,0.0,0.0,0.0,310.2,989.3198,0.574,0.287,287.8,284.1,-6.432,-5.069
2026-03-20 03:38:00,3463,13.45,-6.272,-6.347,88.5,91.9,0.0,0.0,0.0,0.0,310.2,989.3198,0.574,0.287,287.8,284.1,-6.432,-5.069
2026-03-20 03:39:00,3464,13.45,-6.256,-6.335,88.5,91.9,0.0,0.0,0.0,0.0,310.2,989.2927,0.574,0.287,287.8,284.1,-6.428,-5.07
2026-03-20 03:39:00,3464,13.45,-6.256,-6.335,88.5,91.9,0.0,0.0,0.0,0.0,310.2,989.2927,0.574,0.287,287.8,284.1,-6.428,-5.07
2026-03-20 03:40:00,3465,13.45,-6.253,-6.336,88.5,91.7,0.0,0.0,0.0,0.0,310.2,989.2777,0.574,0.287,287.8,284.1,-6.417,-5.07
2026-03-20 03:40:00,3465,13.45,-6.253,-6.336,88.5,91.7,0.0,0.0,0.0,0.0,310.2,989.2777,0.574,0.287,287.8,284.1,-6.417,-5.07
2026-03-20 03:41:00,3466,13.45,-6.262,-6.361,88.5,91.6,0.0,0.0,0.0,0.0,310.2,989.2541,0.574,0.287,287.8,284.1,-6.415,-5.071
2026-03-20 03:41:00,3466,13.45,-6.262,-6.361,88.5,91.6,0.0,0.0,0.0,0.0,310.2,989.2541,0.574,0.287,287.8,284.1,-6.415,-5.071
2026-03-20 03:42:00,3467,13.45,-6.277,-6.383,88.4,91.5,0.0,0.0,0.0,0.0,310.3,989.2383,0.579,0.282,287.8,284.2,-6.412,-5.069
2026-03-20 03:42:00,3467,13.45,-6.277,-6.383,88.4,91.5,0.0,0.0,0.0,0.0,310.3,989.2383,0.579,0.282,287.8,284.2,-6.412,-5.069
2026-03-20 03:43:00,3468,13.45,-6.293,-6.406,88.4,91.4,0.0,0.0,0.0,0.0,310.4,989.2298,0.574,0.282,287.8,284.1,-6.415,-5.07
2026-03-20 03:43:00,3468,13.45,-6.293,-6.406,88.4,91.4,0.0,0.0,0.0,0.0,310.4,989.2298,0.574,0.282,287.8,284.1,-6.415,-5.07
2026-03-20 03:44:00,3469,13.46,-6.305,-6.423,88.3,91.3,0.0,0.0,0.0,0.0,310.6,989.2128,0.574,0.268,287.8,284.1,-6.406,-5.075
2026-03-20 03:44:00,3469,13.46,-6.305,-6.423,88.3,91.3,0.0,0.0,0.0,0.0,310.6,989.2128,0.574,0.268,287.8,284.1,-6.406,-5.075
2026-03-20 03:45:00,3470,13.46,-6.315,-6.437,88.3,91.2,0.0,0.0,0.0,0.0,310.7,989.1902,0.574,0.245,287.8,284.1,-6.406,-5.076
2026-03-20 03:45:00,3470,13.46,-6.315,-6.437,88.3,91.2,0.0,0.0,0.0,0.0,310.7,989.1902,0.574,0.245,287.8,284.1,-6.406,-5.076
2026-03-20 03:46:00,3471,13.46,-6.318,-6.441,88.3,91.1,0.0,0.279,0.0,0.686,21.65,989.1791,0.579,0.186,287.7,284.1,-6.407,-5.08
2026-03-20 03:46:00,3471,13.46,-6.318,-6.441,88.3,91.1,0.0,0.279,0.0,0.686,21.65,989.1791,0.579,0.186,287.7,284.1,-6.407,-5.08
2026-03-20 03:47:00,3472,13.46,-6.318,-6.444,88.3,91.1,0.0,0.309,0.0,0.588,21.67,989.166,0.579,0.192,287.8,284.2,-6.402,-5.078
2026-03-20 03:47:00,3472,13.46,-6.318,-6.444,88.3,91.1,0.0,0.309,0.0,0.588,21.67,989.166,0.579,0.192,287.8,284.2,-6.402,-5.078
2026-03-20 03:48:00,3473,13.46,-6.315,-6.424,88.2,91.1,0.0,0.002,0.0,0.098,21.67,989.1551,0.589,0.248,287.8,284.2,-6.399,-5.076
2026-03-20 03:48:00,3473,13.46,-6.315,-6.424,88.2,91.1,0.0,0.002,0.0,0.098,21.67,989.1551,0.589,0.248,287.8,284.2,-6.399,-5.076
2026-03-20 03:49:00,3474,13.53,-6.311,-6.385,88.2,91.2,0.0,0.0,0.0,0.0,21.67,989.149,0.622,0.287,287.8,284.2,-6.397,-5.076
2026-03-20 03:49:00,3474,13.53,-6.311,-6.385,88.2,91.2,0.0,0.0,0.0,0.0,21.67,989.149,0.622,0.287,287.8,284.2,-6.397,-5.076
2026-03-20 03:50:00,3475,13.53,-6.294,-6.332,88.2,91.3,0.0,0.0,0.0,0.0,21.67,989.1323,0.717,0.287,287.8,284.2,-6.399,-5.075
2026-03-20 03:50:00,3475,13.53,-6.294,-6.332,88.2,91.3,0.0,0.0,0.0,0.0,21.67,989.1323,0.717,0.287,287.8,284.2,-6.399,-5.075
2026-03-20 03:51:00,3476,13.52,-6.263,-6.281,88.3,91.4,0.0,0.0,0.0,0.0,21.66,989.1035,0.785,0.287,287.8,284.3,-6.403,-5.07
2026-03-20 03:51:00,3476,13.52,-6.263,-6.281,88.3,91.4,0.0,0.0,0.0,0.0,21.66,989.1035,0.785,0.287,287.8,284.3,-6.403,-5.07
2026-03-20 03:52:00,3477,13.52,-6.216,-6.23,88.3,91.5,0.0,0.0,0.0,0.0,21.64,989.0861,0.852,0.287,287.8,284.2,-6.405,-5.069
2026-03-20 03:52:00,3477,13.52,-6.216,-6.23,88.3,91.5,0.0,0.0,0.0,0.0,21.64,989.0861,0.852,0.287,287.8,284.2,-6.405,-5.069
2026-03-20 03:53:00,3478,13.52,-6.173,-6.182,88.3,91.5,0.0,0.0,0.0,0.0,21.63,989.0569,0.861,0.315,287.8,284.2,-6.399,-5.064
2026-03-20 03:53:00,3478,13.52,-6.173,-6.182,88.3,91.5,0.0,0.0,0.0,0.0,21.63,989.0569,0.861,0.315,287.8,284.2,-6.399,-5.064
2026-03-20 03:54:00,3479,13.52,-6.141,-6.141,88.4,91.4,0.0,0.0,0.0,0.0,21.63,989.0329,0.861,0.331,287.8,284.2,-6.388,-5.058
2026-03-20 03:54:00,3479,13.52,-6.141,-6.141,88.4,91.4,0.0,0.0,0.0,0.0,21.63,989.0329,0.861,0.331,287.8,284.2,-6.388,-5.058
2026-03-20 03:55:00,3480,13.53,-6.109,-6.104,88.4,91.4,0.0,0.0,0.0,0.0,21.63,989.0274,0.856,0.316,287.7,284.2,-6.395,-5.058
2026-03-20 03:55:00,3480,13.53,-6.109,-6.104,88.4,91.4,0.0,0.0,0.0,0.0,21.63,989.0274,0.856,0.316,287.7,284.2,-6.395,-5.058
2026-03-20 03:56:00,3481,13.52,-6.098,-6.076,88.3,91.4,0.0,0.0,0.0,0.0,21.54,989.0243,0.861,0.307,287.6,284.1,-6.402,-5.058
2026-03-20 03:56:00,3481,13.52,-6.098,-6.076,88.3,91.4,0.0,0.0,0.0,0.0,21.54,989.0243,0.861,0.307,287.6,284.1,-6.402,-5.058
2026-03-20 03:57:00,3482,13.52,-6.142,-6.108,88.3,91.3,0.0,0.0,0.0,0.0,267.1,989.0045,0.809,0.339,287.5,284.0,-6.405,-5.061
2026-03-20 03:57:00,3482,13.52,-6.142,-6.108,88.3,91.3,0.0,0.0,0.0,0.0,267.1,989.0045,0.809,0.339,287.5,284.0,-6.405,-5.061
2026-03-20 03:58:00,3483,13.52,-6.206,-6.184,88.2,91.0,0.018,0.078,0.36,1.078,234.9,988.9871,0.757,0.368,287.5,284.0,-6.403,-5.062
2026-03-20 03:58:00,3483,13.52,-6.206,-6.184,88.2,91.0,0.018,0.078,0.36,1.078,234.9,988.9871,0.757,0.368,287.5,284.0,-6.403,-5.062
2026-03-20 03:59:00,3484,13.52,-6.261,-6.272,88.1,90.8,0.443,1.018,0.927,1.274,234.6,988.9593,0.78,0.34,287.5,283.8,-6.402,-5.065
2026-03-20 03:59:00,3484,13.52,-6.261,-6.272,88.1,90.8,0.443,1.018,0.927,1.274,234.6,988.9593,0.78,0.34,287.5,283.8,-6.402,-5.065
2026-03-20 04:00:00,3485,13.52,-6.32,-6.327,88.0,90.7,0.074,0.099,0.772,0.686,234.6,988.9427,0.728,0.306,287.4,284.0,-6.403,-5.071
2026-03-20 04:00:00,3485,13.52,-6.32,-6.327,88.0,90.7,0.074,0.099,0.772,0.686,234.6,988.9427,0.728,0.306,287.4,284.0,-6.403,-5.071
2026-03-20 04:01:00,3486,13.52,-6.339,-6.364,88.0,90.7,0.0,0.0,0.0,0.0,234.7,988.9296,0.655,0.287,287.4,283.9,-6.414,-5.081
2026-03-20 04:01:00,3486,13.52,-6.339,-6.364,88.0,90.7,0.0,0.0,0.0,0.0,234.7,988.9296,0.655,0.287,287.4,283.9,-6.414,-5.081
2026-03-20 04:02:00,3487,13.52,-6.34,-6.374,88.0,90.8,0.0,0.075,0.051,0.686,223.7,988.923,0.751,0.345,287.4,283.9,-6.408,-5.084
2026-03-20 04:02:00,3487,13.52,-6.34,-6.374,88.0,90.8,0.0,0.075,0.051,0.686,223.7,988.923,0.751,0.345,287.4,283.9,-6.408,-5.084
2026-03-20 04:03:00,3488,13.53,-6.354,-6.41,88.0,90.8,0.055,1.087,0.618,1.568,223.2,988.9109,0.852,0.549,287.4,283.7,-6.417,-5.087
2026-03-20 04:03:00,3488,13.53,-6.354,-6.41,88.0,90.8,0.055,1.087,0.618,1.568,223.2,988.9109,0.852,0.549,287.4,283.7,-6.417,-5.087
2026-03-20 04:04:00,3489,13.52,-6.373,-6.426,88.1,90.9,0.86,1.379,1.236,1.568,223.4,988.8785,0.823,0.531,287.4,283.7,-6.415,-5.09
2026-03-20 04:04:00,3489,13.52,-6.373,-6.426,88.1,90.9,0.86,1.379,1.236,1.568,223.4,988.8785,0.823,0.531,287.4,283.7,-6.415,-5.09
2026-03-20 04:05:00,3490,13.52,-6.374,-6.429,88.2,91.1,0.225,1.074,0.463,1.372,246.1,988.8397,0.814,0.574,287.4,283.8,-6.407,-5.1
2026-03-20 04:05:00,3490,13.52,-6.374,-6.429,88.2,91.1,0.225,1.074,0.463,1.372,246.1,988.8397,0.814,0.574,287.4,283.8,-6.407,-5.1
2026-03-20 04:06:00,3491,13.52,-6.362,-6.412,88.2,91.2,0.0,0.632,0.0,0.98,254.6,988.7939,0.861,0.584,287.4,284.0,-6.4,-5.103
2026-03-20 04:06:00,3491,13.52,-6.362,-6.412,88.2,91.2,0.0,0.632,0.0,0.98,254.6,988.7939,0.861,0.584,287.4,284.0,-6.4,-5.103
2026-03-20 04:07:00,3492,13.52,-6.34,-6.39,88.3,91.3,0.0,0.514,0.0,0.784,257.8,988.7661,0.861,0.665,287.4,284.0,-6.404,-5.111
2026-03-20 04:07:00,3492,13.52,-6.34,-6.39,88.3,91.3,0.0,0.514,0.0,0.784,257.8,988.7661,0.861,0.665,287.4,284.0,-6.404,-5.111
2026-03-20 04:08:00,3493,13.52,-6.336,-6.39,88.4,91.3,0.0,0.876,0.0,1.078,257.6,988.7889,0.861,0.751,287.4,283.8,-6.406,-5.115
2026-03-20 04:08:00,3493,13.52,-6.336,-6.39,88.4,91.3,0.0,0.876,0.0,1.078,257.6,988.7889,0.861,0.751,287.4,283.8,-6.406,-5.115
2026-03-20 04:09:00,3494,13.52,-6.337,-6.393,88.4,91.3,0.0,0.418,0.0,0.686,255.3,988.7944,0.876,0.785,287.3,283.7,-6.405,-5.116
2026-03-20 04:09:00,3494,13.52,-6.337,-6.393,88.4,91.3,0.0,0.418,0.0,0.686,255.3,988.7944,0.876,0.785,287.3,283.7,-6.405,-5.116
2026-03-20 04:10:00,3495,13.52,-6.343,-6.382,88.4,91.4,0.0,0.338,0.0,0.588,243.7,988.8011,0.914,0.775,287.3,283.7,-6.403,-5.123
2026-03-20 04:10:00,3495,13.52,-6.343,-6.382,88.4,91.4,0.0,0.338,0.0,0.588,243.7,988.8011,0.914,0.775,287.3,283.7,-6.403,-5.123
2026-03-20 04:11:00,3496,13.52,-6.35,-6.383,88.4,91.4,0.0,0.053,0.0,0.49,243.7,988.8035,0.98,0.813,287.3,283.6,-6.401,-5.123
2026-03-20 04:11:00,3496,13.52,-6.35,-6.383,88.4,91.4,0.0,0.053,0.0,0.49,243.7,988.8035,0.98,0.813,287.3,283.6,-6.401,-5.123
2026-03-20 04:12:00,3497,13.52,-6.35,-6.402,88.5,91.4,0.0,0.0,0.0,0.0,243.7,988.7977,1.143,0.861,287.3,283.7,-6.4,-5.121
2026-03-20 04:12:00,3497,13.52,-6.35,-6.402,88.5,91.4,0.0,0.0,0.0,0.0,243.7,988.7977,1.143,0.861,287.3,283.7,-6.4,-5.121
2026-03-20 04:13:00,3498,13.52,-6.347,-6.411,88.4,91.3,0.0,0.0,0.0,0.0,243.7,988.7935,1.139,0.861,287.3,283.7,-6.404,-5.117
2026-03-20 04:13:00,3498,13.52,-6.347,-6.411,88.4,91.3,0.0,0.0,0.0,0.0,243.7,988.7935,1.139,0.861,287.3,283.7,-6.404,-5.117
2026-03-20 04:14:00,3499,13.52,-6.341,-6.411,88.4,91.4,0.0,0.0,0.0,0.0,243.7,988.7879,1.148,0.861,287.3,283.8,-6.405,-5.114
2026-03-20 04:14:00,3499,13.52,-6.341,-6.411,88.4,91.4,0.0,0.0,0.0,0.0,243.7,988.7879,1.148,0.861,287.3,283.8,-6.405,-5.114
2026-03-20 04:15:00,3500,13.52,-6.329,-6.397,88.4,91.3,0.0,0.0,0.0,0.0,243.7,988.7819,1.172,0.947,287.4,283.8,-6.406,-5.107
2026-03-20 04:15:00,3500,13.52,-6.329,-6.397,88.4,91.3,0.0,0.0,0.0,0.0,243.7,988.7819,1.172,0.947,287.4,283.8,-6.406,-5.107
2026-03-20 04:16:00,3501,13.52,-6.324,-6.397,88.4,91.3,0.0,0.0,0.0,0.0,243.7,988.7709,1.273,1.143,287.4,283.8,-6.404,-5.107
2026-03-20 04:16:00,3501,13.52,-6.324,-6.397,88.4,91.3,0.0,0.0,0.0,0.0,243.7,988.7709,1.273,1.143,287.4,283.8,-6.404,-5.107
2026-03-20 04:17:00,3502,13.52,-6.323,-6.391,88.5,91.3,0.0,0.0,0.0,0.0,243.8,988.778,1.354,1.186,287.4,283.7,-6.407,-5.097
2026-03-20 04:17:00,3502,13.52,-6.323,-6.391,88.5,91.3,0.0,0.0,0.0,0.0,243.8,988.778,1.354,1.186,287.4,283.7,-6.407,-5.097
2026-03-20 04:18:00,3503,13.52,-6.319,-6.396,88.5,91.3,0.0,0.0,0.0,0.0,243.8,988.765,1.445,1.377,287.4,283.8,-6.406,-5.093
2026-03-20 04:18:00,3503,13.52,-6.319,-6.396,88.5,91.3,0.0,0.0,0.0,0.0,243.8,988.765,1.445,1.377,287.4,283.8,-6.406,-5.093
2026-03-20 04:19:00,3504,13.52,-6.321,-6.4,88.5,91.3,0.0,0.0,0.0,0.0,243.8,988.7537,1.583,1.469,287.4,283.9,-6.402,-5.09
2026-03-20 04:19:00,3504,13.52,-6.321,-6.4,88.5,91.3,0.0,0.0,0.0,0.0,243.8,988.7537,1.583,1.469,287.4,283.9,-6.402,-5.09
2026-03-20 04:20:00,3505,13.52,-6.316,-6.395,88.4,91.4,0.0,0.0,0.0,0.0,243.8,988.7322,1.708,1.712,287.5,283.9,-6.403,-5.089
2026-03-20 04:20:00,3505,13.52,-6.316,-6.395,88.4,91.4,0.0,0.0,0.0,0.0,243.8,988.7322,1.708,1.712,287.5,283.9,-6.403,-5.089
2026-03-20 04:21:00,3506,13.52,-6.315,-6.369,88.5,91.5,0.0,0.0,0.0,0.0,243.8,988.7073,1.832,1.909,287.5,284.0,-6.402,-5.087
2026-03-20 04:21:00,3506,13.52,-6.315,-6.369,88.5,91.5,0.0,0.0,0.0,0.0,243.8,988.7073,1.832,1.909,287.5,284.0,-6.402,-5.087
2026-03-20 04:22:00,3507,13.52,-6.305,-6.323,88.5,91.6,0.0,0.0,0.0,0.0,243.9,988.6916,2.0,2.1,287.6,284.0,-6.401,-5.089
2026-03-20 04:22:00,3507,13.52,-6.305,-6.323,88.5,91.6,0.0,0.0,0.0,0.0,243.9,988.6916,2.0,2.1,287.6,284.0,-6.401,-5.089
2026-03-20 04:23:00,3508,13.52,-6.294,-6.272,88.5,91.6,0.0,0.0,0.0,0.0,243.9,988.6844,2.115,2.311,287.6,284.0,-6.402,-5.085
2026-03-20 04:23:00,3508,13.52,-6.294,-6.272,88.5,91.6,0.0,0.0,0.0,0.0,243.9,988.6844,2.115,2.311,287.6,284.0,-6.402,-5.085
2026-03-20 04:24:00,3509,13.46,-6.292,-6.241,88.5,91.5,0.0,0.0,0.0,0.0,243.9,988.6893,2.282,2.54,287.6,283.9,-6.398,-5.086
2026-03-20 04:24:00,3509,13.46,-6.292,-6.241,88.5,91.5,0.0,0.0,0.0,0.0,243.9,988.6893,2.282,2.54,287.6,283.9,-6.398,-5.086
2026-03-20 04:25:00,3510,13.52,-6.301,-6.232,88.5,91.5,0.0,0.0,0.0,0.0,243.7,988.685,2.392,2.679,287.6,283.9,-6.392,-5.08
2026-03-20 04:25:00,3510,13.52,-6.301,-6.232,88.5,91.5,0.0,0.0,0.0,0.0,243.7,988.685,2.392,2.679,287.6,283.9,-6.392,-5.08
2026-03-20 04:26:00,3511,13.46,-6.303,-6.197,88.5,91.4,0.0,0.0,0.0,0.0,243.7,988.6813,2.575,2.876,287.6,283.8,-6.386,-5.075
2026-03-20 04:26:00,3511,13.46,-6.303,-6.197,88.5,91.4,0.0,0.0,0.0,0.0,243.7,988.6813,2.575,2.876,287.6,283.8,-6.386,-5.075
2026-03-20 04:27:00,3512,13.46,-6.3,-6.201,88.5,91.2,0.0,0.0,0.0,0.0,243.7,988.6611,2.689,3.096,287.6,283.9,-6.374,-5.07
2026-03-20 04:27:00,3512,13.46,-6.3,-6.201,88.5,91.2,0.0,0.0,0.0,0.0,243.7,988.6611,2.689,3.096,287.6,283.9,-6.374,-5.07
2026-03-20 04:28:00,3513,13.52,-6.294,-6.209,88.6,91.1,0.0,0.007,0.0,0.098,9.91,988.6265,2.803,3.234,287.7,283.9,-6.369,-5.065
2026-03-20 04:28:00,3513,13.52,-6.294,-6.209,88.6,91.1,0.0,0.007,0.0,0.098,9.91,988.6265,2.803,3.234,287.7,283.9,-6.369,-5.065
2026-03-20 04:29:00,3514,13.46,-6.286,-6.226,88.6,91.1,0.0,0.488,0.0,0.686,9.95,988.5804,2.976,3.427,287.7,284.0,-6.362,-5.062
2026-03-20 04:29:00,3514,13.46,-6.286,-6.226,88.6,91.1,0.0,0.488,0.0,0.686,9.95,988.5804,2.976,3.427,287.7,284.0,-6.362,-5.062
2026-03-20 04:30:00,3515,13.52,-6.254,-6.221,88.7,91.3,0.0,0.701,0.0,0.882,9.93,988.5366,3.019,3.541,287.8,284.1,-6.353,-5.056
2026-03-20 04:30:00,3515,13.52,-6.254,-6.221,88.7,91.3,0.0,0.701,0.0,0.882,9.93,988.5366,3.019,3.541,287.8,284.1,-6.353,-5.056
2026-03-20 04:31:00,3516,13.52,-6.205,-6.19,88.8,91.3,0.0,0.858,0.0,0.98,9.89,988.4991,3.091,3.67,287.9,284.2,-6.336,-5.054
2026-03-20 04:31:00,3516,13.52,-6.205,-6.19,88.8,91.3,0.0,0.858,0.0,0.98,9.89,988.4991,3.091,3.67,287.9,284.2,-6.336,-5.054
2026-03-20 04:32:00,3517,13.46,-6.172,-6.167,88.8,91.3,0.0,0.665,0.0,0.784,9.89,988.4882,3.263,3.818,288.0,284.2,-6.326,-5.055
2026-03-20 04:32:00,3517,13.46,-6.172,-6.167,88.8,91.3,0.0,0.665,0.0,0.784,9.89,988.4882,3.263,3.818,288.0,284.2,-6.326,-5.055
2026-03-20 04:33:00,3518,13.52,-6.172,-6.164,88.8,91.2,0.0,0.47,0.0,0.588,9.91,988.491,3.302,3.9,287.9,284.2,-6.321,-5.054
2026-03-20 04:33:00,3518,13.52,-6.172,-6.164,88.8,91.2,0.0,0.47,0.0,0.588,9.91,988.491,3.302,3.9,287.9,284.2,-6.321,-5.054
2026-03-20 04:34:00,3519,13.46,-6.18,-6.178,88.7,91.1,0.0,0.048,0.0,0.392,9.92,988.4844,3.302,3.824,287.9,284.1,-6.314,-5.05
2026-03-20 04:34:00,3519,13.46,-6.18,-6.178,88.7,91.1,0.0,0.048,0.0,0.392,9.92,988.4844,3.302,3.824,287.9,284.1,-6.314,-5.05
2026-03-20 04:35:00,3520,13.46,-6.185,-6.185,88.7,91.0,0.0,0.449,0.0,0.686,17.34,988.4855,3.307,3.757,287.9,284.1,-6.308,-5.051
2026-03-20 04:35:00,3520,13.46,-6.185,-6.185,88.7,91.0,0.0,0.449,0.0,0.686,17.34,988.4855,3.307,3.757,287.9,284.1,-6.308,-5.051
2026-03-20 04:36:00,3521,13.46,-6.191,-6.202,88.6,90.8,0.0,0.57,0.0,0.686,23.83,988.4836,3.302,3.742,288.0,284.1,-6.294,-5.048
2026-03-20 04:36:00,3521,13.46,-6.191,-6.202,88.6,90.8,0.0,0.57,0.0,0.686,23.83,988.4836,3.302,3.742,288.0,284.1,-6.294,-5.048
2026-03-20 04:37:00,3522,13.46,-6.193,-6.217,88.6,90.6,0.0,0.614,0.0,0.686,23.84,988.4741,3.301,3.733,288.0,284.1,-6.296,-5.05
2026-03-20 04:37:00,3522,13.46,-6.193,-6.217,88.6,90.6,0.0,0.614,0.0,0.686,23.84,988.4741,3.301,3.733,288.0,284.1,-6.296,-5.05
2026-03-20 04:38:00,3523,13.46,-6.197,-6.239,88.5,90.3,0.0,0.553,0.0,0.686,23.9,988.4875,3.293,3.733,287.9,284.1,-6.295,-5.05
2026-03-20 04:38:00,3523,13.46,-6.197,-6.239,88.5,90.3,0.0,0.553,0.0,0.686,23.9,988.4875,3.293,3.733,287.9,284.1,-6.295,-5.05
2026-03-20 04:39:00,3524,13.45,-6.2,-6.265,88.5,90.2,0.0,0.393,0.0,0.588,24.09,988.4916,3.298,3.69,287.9,284.0,-6.292,-5.052
2026-03-20 04:39:00,3524,13.45,-6.2,-6.265,88.5,90.2,0.0,0.393,0.0,0.588,24.09,988.4916,3.298,3.69,287.9,284.0,-6.292,-5.052
2026-03-20 04:40:00,3525,13.46,-6.209,-6.286,88.4,90.0,0.0,0.032,0.0,0.392,24.12,988.4938,3.283,3.604,287.8,284.0,-6.284,-5.054
2026-03-20 04:40:00,3525,13.46,-6.209,-6.286,88.4,90.0,0.0,0.032,0.0,0.392,24.12,988.4938,3.283,3.604,287.8,284.0,-6.284,-5.054
2026-03-20 04:41:00,3526,13.46,-6.217,-6.296,88.3,89.9,0.0,0.0,0.0,0.0,24.12,988.4916,3.321,3.575,287.8,284.0,-6.282,-5.049
2026-03-20 04:41:00,3526,13.46,-6.217,-6.296,88.3,89.9,0.0,0.0,0.0,0.0,24.12,988.4916,3.321,3.575,287.8,284.0,-6.282,-5.049
2026-03-20 04:42:00,3527,13.46,-6.212,-6.297,88.3,89.8,0.0,0.0,0.0,0.0,24.12,988.4594,3.33,3.532,287.8,284.1,-6.278,-5.042
2026-03-20 04:42:00,3527,13.46,-6.212,-6.297,88.3,89.8,0.0,0.0,0.0,0.0,24.12,988.4594,3.33,3.532,287.8,284.1,-6.278,-5.042
2026-03-20 04:43:00,3528,13.52,-6.196,-6.272,88.2,89.8,0.0,0.0,0.0,0.0,24.12,988.4126,3.417,3.545,287.8,284.1,-6.282,-5.039
2026-03-20 04:43:00,3528,13.52,-6.196,-6.272,88.2,89.8,0.0,0.0,0.0,0.0,24.12,988.4126,3.417,3.545,287.8,284.1,-6.282,-5.039
2026-03-20 04:44:00,3529,13.46,-6.175,-6.251,88.2,89.8,0.0,0.267,0.0,0.686,24.05,988.3613,3.445,3.632,287.9,284.2,-6.267,-5.036
2026-03-20 04:44:00,3529,13.46,-6.175,-6.251,88.2,89.8,0.0,0.267,0.0,0.686,24.05,988.3613,3.445,3.632,287.9,284.2,-6.267,-5.036
2026-03-20 04:45:00,3530,13.46,-6.159,-6.236,88.1,89.9,0.0,0.781,0.0,1.078,23.99,988.3062,3.445,3.699,288.0,284.3,-6.26,-5.036
2026-03-20 04:45:00,3530,13.46,-6.159,-6.236,88.1,89.9,0.0,0.781,0.0,1.078,23.99,988.3062,3.445,3.699,288.0,284.3,-6.26,-5.036
2026-03-20 04:46:00,3531,13.46,-6.152,-6.221,88.0,89.9,0.0,1.081,0.0,1.176,23.96,988.2747,3.445,3.623,288.0,284.3,-6.264,-5.036
2026-03-20 04:46:00,3531,13.46,-6.152,-6.221,88.0,89.9,0.0,1.081,0.0,1.176,23.96,988.2747,3.445,3.623,288.0,284.3,-6.264,-5.036
2026-03-20 04:47:00,3532,13.46,-6.149,-6.213,87.9,89.9,0.0,1.193,0.0,1.372,23.94,988.2548,3.445,3.632,288.0,284.3,-6.258,-5.039
2026-03-20 04:47:00,3532,13.46,-6.149,-6.213,87.9,89.9,0.0,1.193,0.0,1.372,23.94,988.2548,3.445,3.632,288.0,284.3,-6.258,-5.039
2026-03-20 04:48:00,3533,13.46,-6.157,-6.225,87.7,89.8,0.0,1.324,0.0,1.47,24.17,988.2361,3.445,3.537,288.0,284.2,-6.257,-5.042
2026-03-20 04:48:00,3533,13.46,-6.157,-6.225,87.7,89.8,0.0,1.324,0.0,1.47,24.17,988.2361,3.445,3.537,288.0,284.2,-6.257,-5.042
2026-03-20 04:49:00,3534,13.52,-6.173,-6.243,87.6,89.8,0.0,1.396,0.0,1.47,30.62,988.2046,3.445,3.445,288.0,284.2,-6.258,-5.046
2026-03-20 04:49:00,3534,13.52,-6.173,-6.243,87.6,89.8,0.0,1.396,0.0,1.47,30.62,988.2046,3.445,3.445,288.0,284.2,-6.258,-5.046
2026-03-20 04:50:00,3535,13.46,-6.184,-6.261,87.5,89.7,0.0,1.243,0.0,1.372,31.99,988.1857,3.445,3.445,288.0,284.2,-6.253,-5.05
2026-03-20 04:50:00,3535,13.46,-6.184,-6.261,87.5,89.7,0.0,1.243,0.0,1.372,31.99,988.1857,3.445,3.445,288.0,284.2,-6.253,-5.05
2026-03-20 04:51:00,3536,13.46,-6.192,-6.28,87.4,89.7,0.0,1.155,0.0,1.274,32.44,988.158,3.445,3.445,287.9,284.2,-6.253,-5.052
2026-03-20 04:51:00,3536,13.46,-6.192,-6.28,87.4,89.7,0.0,1.155,0.0,1.274,32.44,988.158,3.445,3.445,287.9,284.2,-6.253,-5.052
2026-03-20 04:52:00,3537,13.46,-6.202,-6.295,87.4,89.7,0.0,1.113,0.0,1.274,32.35,988.1298,3.445,3.445,287.9,284.1,-6.255,-5.059
2026-03-20 04:52:00,3537,13.46,-6.202,-6.295,87.4,89.7,0.0,1.113,0.0,1.274,32.35,988.1298,3.445,3.445,287.9,284.1,-6.255,-5.059
2026-03-20 04:53:00,3538,13.45,-6.209,-6.307,87.3,89.8,0.0,0.813,0.0,1.176,32.35,988.1013,3.445,3.445,287.9,284.1,-6.254,-5.061
2026-03-20 04:53:00,3538,13.45,-6.209,-6.307,87.3,89.8,0.0,0.813,0.0,1.176,32.35,988.1013,3.445,3.445,287.9,284.1,-6.254,-5.061
2026-03-20 04:54:00,3539,13.46,-6.211,-6.316,87.3,89.9,0.0,0.823,0.0,0.98,32.35,988.0795,3.445,3.445,287.9,284.1,-6.255,-5.063
2026-03-20 04:54:00,3539,13.46,-6.211,-6.316,87.3,89.9,0.0,0.823,0.0,0.98,32.35,988.0795,3.445,3.445,287.9,284.1,-6.255,-5.063
2026-03-20 04:55:00,3540,13.46,-6.215,-6.324,87.3,90.0,0.0,0.869,0.0,1.078,32.45,988.0599,3.445,3.46,287.9,284.1,-6.256,-5.061
2026-03-20 04:55:00,3540,13.46,-6.215,-6.324,87.3,90.0,0.0,0.869,0.0,1.078,32.45,988.0599,3.445,3.46,287.9,284.1,-6.256,-5.061
2026-03-20 04:56:00,3541,13.46,-6.217,-6.335,87.3,90.1,0.0,1.093,0.0,1.372,34.22,988.0408,3.445,3.55,287.9,284.1,-6.255,-5.066
2026-03-20 04:56:00,3541,13.46,-6.217,-6.335,87.3,90.1,0.0,1.093,0.0,1.372,34.22,988.0408,3.445,3.55,287.9,284.1,-6.255,-5.066
2026-03-20 04:57:00,3542,13.45,-6.22,-6.338,87.3,90.2,0.0,1.174,0.0,1.372,35.18,988.0153,3.474,3.709,288.0,284.2,-6.246,-5.068
2026-03-20 04:57:00,3542,13.45,-6.22,-6.338,87.3,90.2,0.0,1.174,0.0,1.372,35.18,988.0153,3.474,3.709,288.0,284.2,-6.246,-5.068
2026-03-20 04:58:00,3543,13.45,-6.227,-6.346,87.3,90.3,0.0,1.364,0.0,1.47,35.08,987.9785,3.583,3.733,288.0,284.2,-6.248,-5.071
2026-03-20 04:58:00,3543,13.45,-6.227,-6.346,87.3,90.3,0.0,1.364,0.0,1.47,35.08,987.9785,3.583,3.733,288.0,284.2,-6.248,-5.071
2026-03-20 04:59:00,3544,13.45,-6.23,-6.349,87.3,90.3,0.0,1.409,0.0,1.568,34.85,987.9507,3.713,3.747,288.0,284.2,-6.244,-5.072
2026-03-20 04:59:00,3544,13.45,-6.23,-6.349,87.3,90.3,0.0,1.409,0.0,1.568,34.85,987.9507,3.713,3.747,288.0,284.2,-6.244,-5.072
2026-03-20 05:00:00,3545,13.46,-6.237,-6.357,87.3,90.4,0.0,1.411,0.0,1.568,35.01,987.941,3.728,3.881,288.0,284.2,-6.243,-5.076
2026-03-20 05:00:00,3545,13.46,-6.237,-6.357,87.3,90.4,0.0,1.411,0.0,1.568,35.01,987.941,3.728,3.881,288.0,284.2,-6.243,-5.076
2026-03-20 05:01:00,3546,13.46,-6.24,-6.364,87.3,90.5,0.0,1.332,0.0,1.47,35.03,987.9497,3.733,3.976,288.0,284.1,-6.243,-5.08
2026-03-20 05:01:00,3546,13.46,-6.24,-6.364,87.3,90.5,0.0,1.332,0.0,1.47,35.03,987.9497,3.733,3.976,288.0,284.1,-6.243,-5.08
2026-03-20 05:02:00,3547,13.45,-6.247,-6.37,87.4,90.5,0.0,1.201,0.0,1.47,34.97,987.9615,3.832,4.043,287.9,284.0,-6.243,-5.081
2026-03-20 05:02:00,3547,13.45,-6.247,-6.37,87.4,90.5,0.0,1.201,0.0,1.47,34.97,987.9615,3.832,4.043,287.9,284.0,-6.243,-5.081
2026-03-20 05:03:00,3548,13.46,-6.251,-6.379,87.4,90.6,0.0,0.917,0.0,1.274,34.5,987.9728,3.991,4.192,287.9,283.9,-6.241,-5.086
2026-03-20 05:03:00,3548,13.46,-6.251,-6.379,87.4,90.6,0.0,0.917,0.0,1.274,34.5,987.9728,3.991,4.192,287.9,283.9,-6.241,-5.086
2026-03-20 05:04:00,3549,13.46,-6.254,-6.382,87.4,90.7,0.0,0.879,0.0,1.176,34.54,987.978,4.02,4.287,287.9,283.9,-6.249,-5.088
2026-03-20 05:04:00,3549,13.46,-6.254,-6.382,87.4,90.7,0.0,0.879,0.0,1.176,34.54,987.978,4.02,4.287,287.9,283.9,-6.249,-5.088
2026-03-20 05:05:00,3550,13.46,-6.261,-6.396,87.4,90.8,0.0,0.716,0.0,1.176,34.59,987.9763,4.029,4.34,287.8,283.9,-6.252,-5.09
2026-03-20 05:05:00,3550,13.46,-6.261,-6.396,87.4,90.8,0.0,0.716,0.0,1.176,34.59,987.9763,4.029,4.34,287.8,283.9,-6.252,-5.09
2026-03-20 05:06:00,3551,13.46,-6.266,-6.399,87.5,90.8,0.0,0.847,0.0,1.176,35.07,987.9636,4.239,4.536,287.8,284.0,-6.256,-5.088
2026-03-20 05:06:00,3551,13.46,-6.266,-6.399,87.5,90.8,0.0,0.847,0.0,1.176,35.07,987.9636,4.239,4.536,287.8,284.0,-6.256,-5.088
2026-03-20 05:07:00,3552,13.45,-6.273,-6.409,87.5,90.9,0.0,1.196,0.0,1.372,34.75,987.9354,4.307,4.632,287.8,283.9,-6.262,-5.089
2026-03-20 05:07:00,3552,13.45,-6.273,-6.409,87.5,90.9,0.0,1.196,0.0,1.372,34.75,987.9354,4.307,4.632,287.8,283.9,-6.262,-5.089
2026-03-20 05:08:00,3553,13.46,-6.282,-6.411,87.5,91.0,0.0,1.254,0.0,1.47,33.24,987.9081,4.402,4.756,287.8,283.9,-6.264,-5.089
2026-03-20 05:08:00,3553,13.46,-6.282,-6.411,87.5,91.0,0.0,1.254,0.0,1.47,33.24,987.9081,4.402,4.756,287.8,283.9,-6.264,-5.089
2026-03-20 05:09:00,3554,13.46,-6.285,-6.414,87.5,91.0,0.0,1.451,0.0,1.666,26.3,987.8757,4.484,4.885,287.8,284.0,-6.264,-5.091
2026-03-20 05:09:00,3554,13.46,-6.285,-6.414,87.5,91.0,0.0,1.451,0.0,1.666,26.3,987.8757,4.484,4.885,287.8,284.0,-6.264,-5.091
2026-03-20 05:10:00,3555,13.45,-6.282,-6.411,87.6,91.1,0.109,1.349,0.463,1.568,26.32,987.8533,4.594,5.006,287.9,284.0,-6.257,-5.093
2026-03-20 05:10:00,3555,13.45,-6.282,-6.411,87.6,91.1,0.109,1.349,0.463,1.568,26.32,987.8533,4.594,5.006,287.9,284.0,-6.257,-5.093
2026-03-20 05:11:00,3556,13.46,-6.28,-6.409,87.6,91.0,0.294,1.26,0.463,1.47,26.38,987.8298,4.603,5.039,287.9,284.1,-6.253,-5.095
2026-03-20 05:11:00,3556,13.46,-6.28,-6.409,87.6,91.0,0.294,1.26,0.463,1.47,26.38,987.8298,4.603,5.039,287.9,284.1,-6.253,-5.095
2026-03-20 05:12:00,3557,13.46,-6.282,-6.406,87.6,91.0,0.112,1.387,0.721,1.568,26.25,987.803,4.704,5.058,287.9,284.0,-6.253,-5.095
2026-03-20 05:12:00,3557,13.46,-6.282,-6.406,87.6,91.0,0.112,1.387,0.721,1.568,26.25,987.803,4.704,5.058,287.9,284.0,-6.253,-5.095
2026-03-20 05:13:00,3558,13.46,-6.283,-6.411,87.6,91.0,0.91,1.658,1.236,1.96,25.64,987.7697,4.752,5.159,287.9,284.1,-6.249,-5.094
2026-03-20 05:13:00,3558,13.46,-6.283,-6.411,87.6,91.0,0.91,1.658,1.236,1.96,25.64,987.7697,4.752,5.159,287.9,284.1,-6.249,-5.094
2026-03-20 05:14:00,3559,13.45,-6.29,-6.412,87.6,91.1,0.774,1.705,1.338,2.156,18.6,987.7271,4.867,5.302,287.9,284.1,-6.251,-5.097
2026-03-20 05:14:00,3559,13.45,-6.29,-6.412,87.6,91.1,0.774,1.705,1.338,2.156,18.6,987.7271,4.867,5.302,287.9,284.1,-6.251,-5.097
2026-03-20 05:15:00,3560,13.45,-6.299,-6.423,87.6,91.1,1.207,1.984,1.596,2.156,17.8,987.6984,4.957,5.513,287.9,284.1,-6.259,-5.098
2026-03-20 05:15:00,3560,13.45,-6.299,-6.423,87.6,91.1,1.207,1.984,1.596,2.156,17.8,987.6984,4.957,5.513,287.9,284.1,-6.259,-5.098
2026-03-20 05:16:00,3561,13.45,-6.315,-6.437,87.6,91.1,1.063,1.859,1.544,2.156,17.5,987.6549,5.144,5.756,287.9,284.1,-6.263,-5.101
2026-03-20 05:16:00,3561,13.45,-6.315,-6.437,87.6,91.1,1.063,1.859,1.544,2.156,17.5,987.6549,5.144,5.756,287.9,284.1,-6.263,-5.101
2026-03-20 05:17:00,3562,13.46,-6.337,-6.454,87.6,91.1,0.691,1.832,1.39,2.156,14.24,987.6273,5.331,5.962,287.9,284.0,-6.266,-5.101
2026-03-20 05:17:00,3562,13.46,-6.337,-6.454,87.6,91.1,0.691,1.832,1.39,2.156,14.24,987.6273,5.331,5.962,287.9,284.0,-6.266,-5.101
2026-03-20 05:18:00,3563,13.45,-6.351,-6.47,87.6,91.2,0.256,1.588,0.463,1.862,14.35,987.616,5.507,6.23,287.9,284.0,-6.265,-5.103
2026-03-20 05:18:00,3563,13.45,-6.351,-6.47,87.6,91.2,0.256,1.588,0.463,1.862,14.35,987.616,5.507,6.23,287.9,284.0,-6.265,-5.103
2026-03-20 05:19:00,3564,13.45,-6.362,-6.477,87.7,91.2,0.182,1.361,0.515,1.568,14.71,987.6121,5.742,6.531,287.8,284.0,-6.266,-5.107
2026-03-20 05:19:00,3564,13.45,-6.362,-6.477,87.7,91.2,0.182,1.361,0.515,1.568,14.71,987.6121,5.742,6.531,287.8,284.0,-6.266,-5.107
2026-03-20 05:20:00,3565,13.46,-6.369,-6.487,87.7,91.2,0.229,1.363,0.515,1.666,15.08,987.588,5.948,6.814,287.8,283.9,-6.268,-5.105
2026-03-20 05:20:00,3565,13.46,-6.369,-6.487,87.7,91.2,0.229,1.363,0.515,1.666,15.08,987.588,5.948,6.814,287.8,283.9,-6.268,-5.105
2026-03-20 05:21:00,3566,13.45,-6.375,-6.499,87.7,91.2,0.037,1.13,0.36,1.372,16.51,987.5904,6.177,7.058,287.8,283.8,-6.268,-5.107
2026-03-20 05:21:00,3566,13.45,-6.375,-6.499,87.7,91.2,0.037,1.13,0.36,1.372,16.51,987.5904,6.177,7.058,287.8,283.8,-6.268,-5.107
2026-03-20 05:22:00,3567,13.46,-6.382,-6.51,87.7,91.2,0.019,1.063,0.309,1.372,16.53,987.5755,6.388,7.321,287.8,283.8,-6.269,-5.109
2026-03-20 05:22:00,3567,13.46,-6.382,-6.51,87.7,91.2,0.019,1.063,0.309,1.372,16.53,987.5755,6.388,7.321,287.8,283.8,-6.269,-5.109
2026-03-20 05:23:00,3568,13.45,-6.387,-6.516,87.7,91.2,0.0,0.86,0.0,1.176,16.61,987.5566,6.489,7.546,287.7,283.7,-6.278,-5.111
2026-03-20 05:23:00,3568,13.45,-6.387,-6.516,87.7,91.2,0.0,0.86,0.0,1.176,16.61,987.5566,6.489,7.546,287.7,283.7,-6.278,-5.111
2026-03-20 05:24:00,3569,13.45,-6.396,-6.526,87.7,91.2,0.0,0.955,0.0,1.274,16.64,987.5397,6.66,7.656,287.7,283.7,-6.279,-5.112
2026-03-20 05:24:00,3569,13.45,-6.396,-6.526,87.7,91.2,0.0,0.955,0.0,1.274,16.64,987.5397,6.66,7.656,287.7,283.7,-6.279,-5.112
2026-03-20 05:25:00,3570,13.46,-6.403,-6.535,87.7,91.2,0.0,0.991,0.0,1.274,16.64,987.5124,6.757,7.872,287.7,283.7,-6.284,-5.114
2026-03-20 05:25:00,3570,13.46,-6.403,-6.535,87.7,91.2,0.0,0.991,0.0,1.274,16.64,987.5124,6.757,7.872,287.7,283.7,-6.284,-5.114
2026-03-20 05:26:00,3571,13.46,-6.41,-6.545,87.7,91.3,0.0,1.166,0.0,1.372,16.57,987.4882,6.891,7.915,287.7,283.7,-6.286,-5.115
2026-03-20 05:26:00,3571,13.46,-6.41,-6.545,87.7,91.3,0.0,1.166,0.0,1.372,16.57,987.4882,6.891,7.915,287.7,283.7,-6.286,-5.115
2026-03-20 05:27:00,3572,13.46,-6.415,-6.549,87.7,91.3,0.0,1.287,0.0,1.47,16.42,987.4597,6.949,8.1,287.7,283.7,-6.288,-5.116
2026-03-20 05:27:00,3572,13.46,-6.415,-6.549,87.7,91.3,0.0,1.287,0.0,1.47,16.42,987.4597,6.949,8.1,287.7,283.7,-6.288,-5.116
2026-03-20 05:28:00,3573,13.46,-6.419,-6.55,87.8,91.4,0.0,1.389,0.0,1.666,16.37,987.4477,7.096,8.21,287.6,283.6,-6.291,-5.118
2026-03-20 05:28:00,3573,13.46,-6.419,-6.55,87.8,91.4,0.0,1.389,0.0,1.666,16.37,987.4477,7.096,8.21,287.6,283.6,-6.291,-5.118
2026-03-20 05:29:00,3574,13.45,-6.424,-6.556,87.8,91.4,0.0,1.448,0.0,1.666,16.45,987.4222,7.169,8.34,287.7,283.6,-6.292,-5.116
2026-03-20 05:29:00,3574,13.45,-6.424,-6.556,87.8,91.4,0.0,1.448,0.0,1.666,16.45,987.4222,7.169,8.34,287.7,283.6,-6.292,-5.116
2026-03-20 05:30:00,3575,13.46,-6.425,-6.559,87.8,91.4,0.0,1.325,0.0,1.47,16.54,987.4026,7.178,8.35,287.7,283.6,-6.293,-5.118
2026-03-20 05:30:00,3575,13.46,-6.425,-6.559,87.8,91.4,0.0,1.325,0.0,1.47,16.54,987.4026,7.178,8.35,287.7,283.6,-6.293,-5.118
2026-03-20 05:31:00,3576,13.45,-6.43,-6.557,87.8,91.5,0.0,1.324,0.0,1.568,16.58,987.3768,7.168,8.26,287.7,283.6,-6.293,-5.12
2026-03-20 05:31:00,3576,13.45,-6.43,-6.557,87.8,91.5,0.0,1.324,0.0,1.568,16.58,987.3768,7.168,8.26,287.7,283.6,-6.293,-5.12
2026-03-20 05:32:00,3577,13.45,-6.433,-6.557,87.9,91.5,0.32,1.603,1.287,1.764,16.6,987.3474,7.012,8.07,287.7,283.6,-6.296,-5.125
2026-03-20 05:32:00,3577,13.45,-6.433,-6.557,87.9,91.5,0.32,1.603,1.287,1.764,16.6,987.3474,7.012,8.07,287.7,283.6,-6.296,-5.125
2026-03-20 05:33:00,3578,13.45,-6.434,-6.558,87.9,91.5,1.069,1.836,1.338,2.156,16.61,987.2966,6.892,8.02,287.7,283.5,-6.294,-5.128
2026-03-20 05:33:00,3578,13.45,-6.434,-6.558,87.9,91.5,1.069,1.836,1.338,2.156,16.61,987.2966,6.892,8.02,287.7,283.5,-6.294,-5.128
2026-03-20 05:34:00,3579,13.45,-6.44,-6.562,87.9,91.6,1.311,2.069,1.699,2.352,15.76,987.2615,6.891,7.954,287.7,283.5,-6.297,-5.131
2026-03-20 05:34:00,3579,13.45,-6.44,-6.562,87.9,91.6,1.311,2.069,1.699,2.352,15.76,987.2615,6.891,7.954,287.7,283.5,-6.297,-5.131
2026-03-20 05:35:00,3580,13.46,-6.443,-6.57,87.9,91.6,1.45,2.3,1.75,2.548,13.8,987.2206,6.891,7.882,287.7,283.5,-6.303,-5.135
2026-03-20 05:35:00,3580,13.46,-6.443,-6.57,87.9,91.6,1.45,2.3,1.75,2.548,13.8,987.2206,6.891,7.882,287.7,283.5,-6.303,-5.135
2026-03-20 05:36:00,3581,13.45,-6.453,-6.58,88.0,91.6,1.505,2.33,1.853,2.548,12.47,987.1922,6.891,7.762,287.7,283.5,-6.309,-5.14
2026-03-20 05:36:00,3581,13.45,-6.453,-6.58,88.0,91.6,1.505,2.33,1.853,2.548,12.47,987.1922,6.891,7.762,287.7,283.5,-6.309,-5.14
2026-03-20 05:37:00,3582,13.46,-6.468,-6.591,88.0,91.6,1.356,2.141,1.699,2.352,11.21,987.1778,6.877,7.752,287.7,283.5,-6.311,-5.14
2026-03-20 05:37:00,3582,13.46,-6.468,-6.591,88.0,91.6,1.356,2.141,1.699,2.352,11.21,987.1778,6.877,7.752,287.7,283.5,-6.311,-5.14
2026-03-20 05:38:00,3583,13.46,-6.474,-6.603,88.0,91.7,1.151,1.892,1.441,2.156,9.39,987.1714,6.767,7.672,287.6,283.6,-6.314,-5.145
2026-03-20 05:38:00,3583,13.46,-6.474,-6.603,88.0,91.7,1.151,1.892,1.441,2.156,9.39,987.1714,6.767,7.672,287.6,283.6,-6.314,-5.145
2026-03-20 05:39:00,3584,13.46,-6.477,-6.605,88.0,91.7,0.522,1.684,1.03,1.96,9.25,987.1658,6.738,7.614,287.6,283.6,-6.319,-5.151
2026-03-20 05:39:00,3584,13.46,-6.477,-6.605,88.0,91.7,0.522,1.684,1.03,1.96,9.25,987.1658,6.738,7.614,287.6,283.6,-6.319,-5.151
2026-03-20 05:40:00,3585,13.46,-6.476,-6.604,88.1,91.7,0.812,1.735,1.081,1.96,7.224,987.1484,6.818,7.68,287.6,283.6,-6.319,-5.155
2026-03-20 05:40:00,3585,13.46,-6.476,-6.604,88.1,91.7,0.812,1.735,1.081,1.96,7.224,987.1484,6.818,7.68,287.6,283.6,-6.319,-5.155
2026-03-20 05:41:00,3586,13.46,-6.477,-6.606,88.1,91.8,0.769,1.629,1.184,1.862,7.2,987.1119,6.886,7.8,287.6,283.6,-6.321,-5.158
2026-03-20 05:41:00,3586,13.46,-6.477,-6.606,88.1,91.8,0.769,1.629,1.184,1.862,7.2,987.1119,6.886,7.8,287.6,283.6,-6.321,-5.158
2026-03-20 05:42:00,3587,13.45,-6.48,-6.612,88.1,91.8,0.81,1.708,1.184,1.96,6.869,987.0663,7.019,7.934,287.6,283.7,-6.319,-5.159
2026-03-20 05:42:00,3587,13.45,-6.48,-6.612,88.1,91.8,0.81,1.708,1.184,1.96,6.869,987.0663,7.019,7.934,287.6,283.7,-6.319,-5.159
2026-03-20 05:43:00,3588,13.45,-6.487,-6.617,88.1,91.7,0.949,1.636,1.184,1.862,5.035,987.0155,7.149,8.15,287.6,283.8,-6.321,-5.163
2026-03-20 05:43:00,3588,13.45,-6.487,-6.617,88.1,91.7,0.949,1.636,1.184,1.862,5.035,987.0155,7.149,8.15,287.6,283.8,-6.321,-5.163
2026-03-20 05:44:00,3589,13.46,-6.491,-6.619,88.1,91.7,0.653,1.542,0.875,1.862,4.396,986.9697,7.288,8.27,287.6,283.8,-6.326,-5.165
2026-03-20 05:44:00,3589,13.46,-6.491,-6.619,88.1,91.7,0.653,1.542,0.875,1.862,4.396,986.9697,7.288,8.27,287.6,283.8,-6.326,-5.165
2026-03-20 05:45:00,3590,13.46,-6.493,-6.625,88.1,91.7,0.593,1.346,0.927,1.568,4.106,986.9571,7.417,8.47,287.6,283.8,-6.326,-5.166
2026-03-20 05:45:00,3590,13.46,-6.493,-6.625,88.1,91.7,0.593,1.346,0.927,1.568,4.106,986.9571,7.417,8.47,287.6,283.8,-6.326,-5.166
2026-03-20 05:46:00,3591,13.45,-6.489,-6.622,88.1,91.7,0.739,1.595,1.081,1.862,3.26,986.924,7.579,8.68,287.6,283.8,-6.328,-5.163
2026-03-20 05:46:00,3591,13.45,-6.489,-6.622,88.1,91.7,0.739,1.595,1.081,1.862,3.26,986.924,7.579,8.68,287.6,283.8,-6.328,-5.163
2026-03-20 05:47:00,3592,13.46,-6.485,-6.616,88.1,91.7,0.651,1.563,0.927,1.862,11.58,986.9092,7.775,8.92,287.6,283.8,-6.319,-5.164
2026-03-20 05:47:00,3592,13.46,-6.485,-6.616,88.1,91.7,0.651,1.563,0.927,1.862,11.58,986.9092,7.775,8.92,287.6,283.8,-6.319,-5.164
2026-03-20 05:48:00,3593,13.46,-6.484,-6.613,88.1,91.7,0.529,1.474,0.875,1.764,11.69,986.8969,8.02,9.18,287.6,283.7,-6.324,-5.163
2026-03-20 05:48:00,3593,13.46,-6.484,-6.613,88.1,91.7,0.529,1.474,0.875,1.764,11.69,986.8969,8.02,9.18,287.6,283.7,-6.324,-5.163
2026-03-20 05:49:00,3594,13.46,-6.483,-6.615,88.1,91.7,0.689,1.631,0.978,1.862,13.34,986.877,8.2,9.45,287.6,283.7,-6.326,-5.164
2026-03-20 05:49:00,3594,13.46,-6.483,-6.615,88.1,91.7,0.689,1.631,0.978,1.862,13.34,986.877,8.2,9.45,287.6,283.7,-6.326,-5.164
2026-03-20 05:50:00,3595,13.46,-6.482,-6.615,88.1,91.7,0.515,1.399,0.824,1.764,11.44,986.853,8.46,9.77,287.6,283.6,-6.326,-5.165
2026-03-20 05:50:00,3595,13.46,-6.482,-6.615,88.1,91.7,0.515,1.399,0.824,1.764,11.44,986.853,8.46,9.77,287.6,283.6,-6.326,-5.165
2026-03-20 05:51:00,3596,13.46,-6.481,-6.611,88.1,91.7,0.43,1.308,0.618,1.568,11.3,986.8326,8.73,10.11,287.5,283.5,-6.332,-5.164
2026-03-20 05:51:00,3596,13.46,-6.481,-6.611,88.1,91.7,0.43,1.308,0.618,1.568,11.3,986.8326,8.73,10.11,287.5,283.5,-6.332,-5.164
2026-03-20 05:52:00,3597,13.46,-6.483,-6.612,88.1,91.7,0.09,1.049,0.412,1.372,11.35,986.7978,9.0,10.48,287.5,283.4,-6.328,-5.166
2026-03-20 05:52:00,3597,13.46,-6.483,-6.612,88.1,91.7,0.09,1.049,0.412,1.372,11.35,986.7978,9.0,10.48,287.5,283.4,-6.328,-5.166
2026-03-20 05:53:00,3598,13.45,-6.474,-6.606,88.0,91.7,0.002,0.928,0.154,1.078,11.24,986.7833,9.28,10.83,287.5,283.3,-6.319,-5.165
2026-03-20 05:53:00,3598,13.45,-6.474,-6.606,88.0,91.7,0.002,0.928,0.154,1.078,11.24,986.7833,9.28,10.83,287.5,283.3,-6.319,-5.165
2026-03-20 05:54:00,3599,13.45,-6.471,-6.599,88.0,91.7,0.0,0.956,0.0,1.176,6.39,986.7582,9.58,11.23,287.5,283.3,-6.319,-5.162
2026-03-20 05:54:00,3599,13.45,-6.471,-6.599,88.0,91.7,0.0,0.956,0.0,1.176,6.39,986.7582,9.58,11.23,287.5,283.3,-6.319,-5.162
2026-03-20 05:55:00,3600,13.45,-6.47,-6.603,88.0,91.6,0.004,1.016,0.154,1.274,6.313,986.7352,9.91,11.6,287.4,283.2,-6.317,-5.159
2026-03-20 05:55:00,3600,13.45,-6.47,-6.603,88.0,91.6,0.004,1.016,0.154,1.274,6.313,986.7352,9.91,11.6,287.4,283.2,-6.317,-5.159
2026-03-20 05:56:00,3601,13.45,-6.471,-6.606,88.0,91.6,0.0,1.121,0.0,1.274,6.301,986.726,10.18,11.98,287.4,283.1,-6.313,-5.155
2026-03-20 05:56:00,3601,13.45,-6.471,-6.606,88.0,91.6,0.0,1.121,0.0,1.274,6.301,986.726,10.18,11.98,287.4,283.1,-6.313,-5.155
2026-03-20 05:57:00,3602,13.45,-6.473,-6.605,88.0,91.6,0.0,1.057,0.0,1.274,6.301,986.7224,10.45,12.35,287.4,283.1,-6.312,-5.149
2026-03-20 05:57:00,3602,13.45,-6.473,-6.605,88.0,91.6,0.0,1.057,0.0,1.274,6.301,986.7224,10.45,12.35,287.4,283.1,-6.312,-5.149
2026-03-20 05:58:00,3603,13.45,-6.476,-6.608,88.0,91.6,0.0,1.013,0.0,1.176,6.236,986.7077,10.75,12.7,287.4,283.0,-6.309,-5.145
2026-03-20 05:58:00,3603,13.45,-6.476,-6.608,88.0,91.6,0.0,1.013,0.0,1.176,6.236,986.7077,10.75,12.7,287.4,283.0,-6.309,-5.145
2026-03-20 05:59:00,3604,13.46,-6.469,-6.607,88.0,91.6,0.009,0.989,0.154,1.078,6.094,986.7019,11.04,13.12,287.4,283.0,-6.303,-5.146
2026-03-20 05:59:00,3604,13.46,-6.469,-6.607,88.0,91.6,0.009,0.989,0.154,1.078,6.094,986.7019,11.04,13.12,287.4,283.0,-6.303,-5.146
2026-03-20 06:00:00,3605,13.46,-6.469,-6.6,88.0,91.6,0.009,0.933,0.103,1.078,6.082,986.675,11.36,13.49,287.4,283.0,-6.3,-5.142
2026-03-20 06:00:00,3605,13.46,-6.469,-6.6,88.0,91.6,0.009,0.933,0.103,1.078,6.082,986.675,11.36,13.49,287.4,283.0,-6.3,-5.142
2026-03-20 06:01:00,3606,13.46,-6.471,-6.599,88.0,91.6,0.0,0.871,0.0,1.078,4.787,986.6517,11.65,13.92,287.4,283.0,-6.298,-5.138
2026-03-20 06:01:00,3606,13.46,-6.471,-6.599,88.0,91.6,0.0,0.871,0.0,1.078,4.787,986.6517,11.65,13.92,287.4,283.0,-6.298,-5.138
2026-03-20 06:02:00,3607,13.45,-6.469,-6.601,88.0,91.6,0.0,0.726,0.0,0.98,4.769,986.6254,11.95,14.3,287.4,282.9,-6.301,-5.136
2026-03-20 06:02:00,3607,13.45,-6.469,-6.601,88.0,91.6,0.0,0.726,0.0,0.98,4.769,986.6254,11.95,14.3,287.4,282.9,-6.301,-5.136
2026-03-20 06:03:00,3608,13.46,-6.472,-6.603,88.0,91.5,0.0,0.74,0.0,0.98,4.751,986.5904,12.14,14.6,287.4,282.9,-6.298,-5.134
2026-03-20 06:03:00,3608,13.46,-6.472,-6.603,88.0,91.5,0.0,0.74,0.0,0.98,4.751,986.5904,12.14,14.6,287.4,282.9,-6.298,-5.134
2026-03-20 06:04:00,3609,13.46,-6.48,-6.613,88.0,91.5,0.0,1.122,0.0,1.274,4.674,986.5687,12.4,14.84,287.3,282.8,-6.303,-5.136
2026-03-20 06:04:00,3609,13.46,-6.48,-6.613,88.0,91.5,0.0,1.122,0.0,1.274,4.674,986.5687,12.4,14.84,287.3,282.8,-6.303,-5.136
2026-03-20 06:05:00,3610,13.45,-6.494,-6.616,87.9,91.5,0.0,1.311,0.0,1.47,4.751,986.5293,12.59,14.97,287.3,282.8,-6.307,-5.131
2026-03-20 06:05:00,3610,13.45,-6.494,-6.616,87.9,91.5,0.0,1.311,0.0,1.47,4.751,986.5293,12.59,14.97,287.3,282.8,-6.307,-5.131
2026-03-20 06:06:00,3611,13.46,-6.507,-6.607,88.0,91.6,0.0,1.445,0.0,1.666,4.828,986.4951,12.69,15.18,287.3,282.8,-6.306,-5.132
2026-03-20 06:06:00,3611,13.46,-6.507,-6.607,88.0,91.6,0.0,1.445,0.0,1.666,4.828,986.4951,12.69,15.18,287.3,282.8,-6.306,-5.132
2026-03-20 06:07:00,3612,13.46,-6.505,-6.595,88.0,91.4,0.0,1.517,0.0,1.666,4.846,986.4572,12.92,15.41,287.3,282.7,-6.295,-5.131
2026-03-20 06:07:00,3612,13.46,-6.505,-6.595,88.0,91.4,0.0,1.517,0.0,1.666,4.846,986.4572,12.92,15.41,287.3,282.7,-6.295,-5.131
2026-03-20 06:08:00,3613,13.45,-6.502,-6.589,87.9,91.4,0.0,1.424,0.0,1.568,4.899,986.4275,13.04,15.59,287.3,282.7,-6.292,-5.135
2026-03-20 06:08:00,3613,13.45,-6.502,-6.589,87.9,91.4,0.0,1.424,0.0,1.568,4.899,986.4275,13.04,15.59,287.3,282.7,-6.292,-5.135
2026-03-20 06:09:00,3614,13.46,-6.497,-6.583,87.9,91.3,0.0,1.219,0.0,1.47,4.982,986.394,13.21,15.76,287.3,282.8,-6.29,-5.135
2026-03-20 06:09:00,3614,13.46,-6.497,-6.583,87.9,91.3,0.0,1.219,0.0,1.47,4.982,986.394,13.21,15.76,287.3,282.8,-6.29,-5.135
2026-03-20 06:10:00,3615,13.52,-6.494,-6.584,87.9,91.3,0.0,1.075,0.0,1.176,4.94,986.3601,13.39,16.0,287.3,282.9,-6.289,-5.137
2026-03-20 06:10:00,3615,13.52,-6.494,-6.584,87.9,91.3,0.0,1.075,0.0,1.176,4.94,986.3601,13.39,16.0,287.3,282.9,-6.289,-5.137
2026-03-20 06:11:00,3616,13.46,-6.49,-6.583,87.9,91.3,0.0,0.954,0.0,1.078,4.934,986.3318,13.61,16.29,287.4,283.0,-6.287,-5.136
2026-03-20 06:11:00,3616,13.46,-6.49,-6.583,87.9,91.3,0.0,0.954,0.0,1.078,4.934,986.3318,13.61,16.29,287.4,283.0,-6.287,-5.136
2026-03-20 06:12:00,3617,13.52,-6.484,-6.578,87.9,91.3,0.0,0.911,0.0,0.98,4.952,986.3051,13.82,16.63,287.4,283.0,-6.28,-5.138
2026-03-20 06:12:00,3617,13.52,-6.484,-6.578,87.9,91.3,0.0,0.911,0.0,0.98,4.952,986.3051,13.82,16.63,287.4,283.0,-6.28,-5.138
2026-03-20 06:13:00,3618,13.51,-6.475,-6.57,87.9,91.3,0.0,0.901,0.0,0.98,4.97,986.2818,14.12,16.96,287.4,283.0,-6.27,-5.135
2026-03-20 06:13:00,3618,13.51,-6.475,-6.57,87.9,91.3,0.0,0.901,0.0,0.98,4.97,986.2818,14.12,16.96,287.4,283.0,-6.27,-5.135
2026-03-20 06:14:00,3619,13.52,-6.467,-6.565,87.9,91.3,0.0,0.742,0.0,0.98,5.041,986.2647,14.37,17.31,287.4,282.9,-6.272,-5.133
2026-03-20 06:14:00,3619,13.52,-6.467,-6.565,87.9,91.3,0.0,0.742,0.0,0.98,5.041,986.2647,14.37,17.31,287.4,282.9,-6.272,-5.133
2026-03-20 06:15:00,3620,13.52,-6.461,-6.559,87.9,91.3,0.0,0.48,0.0,0.686,5.059,986.2537,14.64,17.67,287.4,282.8,-6.271,-5.128
2026-03-20 06:15:00,3620,13.52,-6.461,-6.559,87.9,91.3,0.0,0.48,0.0,0.686,5.059,986.2537,14.64,17.67,287.4,282.8,-6.271,-5.128
2026-03-20 06:16:00,3621,13.52,-6.45,-6.559,87.9,91.3,0.0,0.181,0.0,0.392,5.011,986.2253,14.8,17.98,287.4,282.7,-6.261,-5.127
2026-03-20 06:16:00,3621,13.52,-6.45,-6.559,87.9,91.3,0.0,0.181,0.0,0.392,5.011,986.2253,14.8,17.98,287.4,282.7,-6.261,-5.127
2026-03-20 06:17:00,3622,13.46,-6.437,-6.552,87.9,91.4,0.0,0.0,0.0,0.0,4.804,986.205,14.98,18.29,287.3,282.6,-6.26,-5.12
2026-03-20 06:17:00,3622,13.46,-6.437,-6.552,87.9,91.4,0.0,0.0,0.0,0.0,4.804,986.205,14.98,18.29,287.3,282.6,-6.26,-5.12
2026-03-20 06:18:00,3623,13.52,-6.434,-6.559,87.9,91.4,0.0,0.0,0.0,0.0,4.71,986.1848,15.19,18.51,287.3,282.5,-6.259,-5.111
2026-03-20 06:18:00,3623,13.52,-6.434,-6.559,87.9,91.4,0.0,0.0,0.0,0.0,4.71,986.1848,15.19,18.51,287.3,282.5,-6.259,-5.111
2026-03-20 06:19:00,3624,13.46,-6.439,-6.562,87.9,91.4,0.0,0.0,0.0,0.0,4.721,986.1678,15.22,18.63,287.2,282.8,-6.259,-5.107
2026-03-20 06:19:00,3624,13.46,-6.439,-6.562,87.9,91.4,0.0,0.0,0.0,0.0,4.721,986.1678,15.22,18.63,287.2,282.8,-6.259,-5.107
2026-03-20 06:20:00,3625,13.46,-6.427,-6.541,87.9,91.5,0.0,0.173,0.0,0.882,324.2,986.1588,15.41,18.8,287.3,283.0,-6.254,-5.103
2026-03-20 06:20:00,3625,13.46,-6.427,-6.541,87.9,91.5,0.0,0.173,0.0,0.882,324.2,986.1588,15.41,18.8,287.3,283.0,-6.254,-5.103
2026-03-20 06:21:00,3626,13.46,-6.407,-6.511,88.0,91.6,0.0,0.75,0.0,1.078,312.7,986.1592,15.67,19.15,287.4,283.1,-6.236,-5.104
2026-03-20 06:21:00,3626,13.46,-6.407,-6.511,88.0,91.6,0.0,0.75,0.0,1.078,312.7,986.1592,15.67,19.15,287.4,283.1,-6.236,-5.104
2026-03-20 06:22:00,3627,13.46,-6.391,-6.496,88.0,91.6,0.0,0.883,0.0,1.176,301.9,986.158,16.02,19.61,287.4,283.1,-6.227,-5.099
2026-03-20 06:22:00,3627,13.46,-6.391,-6.496,88.0,91.6,0.0,0.883,0.0,1.176,301.9,986.158,16.02,19.61,287.4,283.1,-6.227,-5.099
2026-03-20 06:23:00,3628,13.52,-6.392,-6.503,88.0,91.5,0.0,0.823,0.0,1.176,302.0,986.1389,16.31,19.95,287.4,283.2,-6.229,-5.097
2026-03-20 06:23:00,3628,13.52,-6.392,-6.503,88.0,91.5,0.0,0.823,0.0,1.176,302.0,986.1389,16.31,19.95,287.4,283.2,-6.229,-5.097
2026-03-20 06:24:00,3629,13.46,-6.387,-6.44,88.0,91.7,0.0,1.08,0.0,1.372,302.2,986.119,16.58,20.31,287.5,283.4,-6.219,-5.095
2026-03-20 06:24:00,3629,13.46,-6.387,-6.44,88.0,91.7,0.0,1.08,0.0,1.372,302.2,986.119,16.58,20.31,287.5,283.4,-6.219,-5.095
2026-03-20 06:25:00,3630,13.46,-6.355,-6.346,88.0,91.9,0.0,1.037,0.0,1.274,302.1,986.1069,16.95,20.83,287.5,283.5,-6.205,-5.093
2026-03-20 06:25:00,3630,13.46,-6.355,-6.346,88.0,91.9,0.0,1.037,0.0,1.274,302.1,986.1069,16.95,20.83,287.5,283.5,-6.205,-5.093
2026-03-20 06:26:00,3631,13.46,-6.308,-6.289,88.1,91.8,0.064,1.4,1.03,1.764,286.2,986.0938,17.5,21.52,287.6,283.5,-6.185,-5.087
2026-03-20 06:26:00,3631,13.46,-6.308,-6.289,88.1,91.8,0.064,1.4,1.03,1.764,286.2,986.0938,17.5,21.52,287.6,283.5,-6.185,-5.087
2026-03-20 06:27:00,3632,13.46,-6.275,-6.263,88.1,91.6,0.648,1.399,1.133,1.862,271.6,986.0786,18.01,22.21,287.6,283.4,-6.176,-5.086
2026-03-20 06:27:00,3632,13.46,-6.275,-6.263,88.1,91.6,0.648,1.399,1.133,1.862,271.6,986.0786,18.01,22.21,287.6,283.4,-6.176,-5.086
2026-03-20 06:28:00,3633,13.46,-6.249,-6.268,88.1,91.4,0.838,1.596,1.699,1.96,270.1,986.0629,18.57,22.93,287.7,283.4,-6.16,-5.084
2026-03-20 06:28:00,3633,13.46,-6.249,-6.268,88.1,91.4,0.838,1.596,1.699,1.96,270.1,986.0629,18.57,22.93,287.7,283.4,-6.16,-5.084
2026-03-20 06:29:00,3634,13.46,-6.233,-6.278,88.0,91.2,0.9,1.465,1.493,1.862,272.4,986.042,19.2,23.75,287.8,283.4,-6.144,-5.086
2026-03-20 06:29:00,3634,13.46,-6.233,-6.278,88.0,91.2,0.9,1.465,1.493,1.862,272.4,986.042,19.2,23.75,287.8,283.4,-6.144,-5.086
2026-03-20 06:30:00,3635,13.46,-6.245,-6.324,87.9,91.0,0.875,1.58,1.287,1.96,273.0,986.0266,19.88,24.6,287.7,283.3,-6.147,-5.091
2026-03-20 06:30:00,3635,13.46,-6.245,-6.324,87.9,91.0,0.875,1.58,1.287,1.96,273.0,986.0266,19.88,24.6,287.7,283.3,-6.147,-5.091
2026-03-20 06:31:00,3636,13.46,-6.296,-6.396,87.7,90.9,1.165,1.865,1.544,2.058,271.3,985.9865,20.46,25.37,287.6,283.4,-6.155,-5.088
2026-03-20 06:31:00,3636,13.46,-6.296,-6.396,87.7,90.9,1.165,1.865,1.544,2.058,271.3,985.9865,20.46,25.37,287.6,283.4,-6.155,-5.088
2026-03-20 06:32:00,3637,13.46,-6.356,-6.458,87.6,90.9,1.213,1.923,1.647,2.058,271.3,985.9639,21.03,26.12,287.6,283.5,-6.159,-5.097
2026-03-20 06:32:00,3637,13.46,-6.356,-6.458,87.6,90.9,1.213,1.923,1.647,2.058,271.3,985.9639,21.03,26.12,287.6,283.5,-6.159,-5.097
2026-03-20 06:33:00,3638,13.46,-6.4,-6.495,87.6,91.0,1.098,1.861,1.493,2.058,271.8,985.9609,21.5,26.73,287.6,283.6,-6.156,-5.103
2026-03-20 06:33:00,3638,13.46,-6.4,-6.495,87.6,91.0,1.098,1.861,1.493,2.058,271.8,985.9609,21.5,26.73,287.6,283.6,-6.156,-5.103
2026-03-20 06:34:00,3639,13.46,-6.419,-6.508,87.6,91.1,1.074,1.856,1.596,2.058,275.6,985.9362,21.95,27.36,287.7,283.6,-6.167,-5.114
2026-03-20 06:34:00,3639,13.46,-6.419,-6.508,87.6,91.1,1.074,1.856,1.596,2.058,275.6,985.9362,21.95,27.36,287.7,283.6,-6.167,-5.114
2026-03-20 06:35:00,3640,13.46,-6.436,-6.526,87.7,91.2,1.13,1.871,1.493,1.96,276.0,985.9144,22.4,27.94,287.7,283.7,-6.166,-5.119
2026-03-20 06:35:00,3640,13.46,-6.436,-6.526,87.7,91.2,1.13,1.871,1.493,1.96,276.0,985.9144,22.4,27.94,287.7,283.7,-6.166,-5.119
2026-03-20 06:36:00,3641,13.46,-6.451,-6.533,87.7,91.3,1.239,1.931,1.699,2.156,274.5,985.8929,22.85,28.54,287.6,283.6,-6.174,-5.123
2026-03-20 06:36:00,3641,13.46,-6.451,-6.533,87.7,91.3,1.239,1.931,1.699,2.156,274.5,985.8929,22.85,28.54,287.6,283.6,-6.174,-5.123
2026-03-20 06:37:00,3642,13.46,-6.459,-6.549,87.8,91.3,0.99,1.87,1.39,1.96,273.3,985.8872,23.19,29.0,287.7,283.6,-6.173,-5.128
2026-03-20 06:37:00,3642,13.46,-6.459,-6.549,87.8,91.3,0.99,1.87,1.39,1.96,273.3,985.8872,23.19,29.0,287.7,283.6,-6.173,-5.128
2026-03-20 06:38:00,3643,13.45,-6.459,-6.556,87.9,91.4,1.08,1.878,1.544,2.058,267.4,985.8977,23.53,29.42,287.7,283.6,-6.164,-5.134
2026-03-20 06:38:00,3643,13.45,-6.459,-6.556,87.9,91.4,1.08,1.878,1.544,2.058,267.4,985.8977,23.53,29.42,287.7,283.6,-6.164,-5.134
2026-03-20 06:39:00,3644,13.46,-6.454,-6.552,87.9,91.6,0.836,1.665,1.287,1.96,264.0,985.916,23.93,29.91,287.7,283.6,-6.157,-5.137
2026-03-20 06:39:00,3644,13.46,-6.454,-6.552,87.9,91.6,0.836,1.665,1.287,1.96,264.0,985.916,23.93,29.91,287.7,283.6,-6.157,-5.137
2026-03-20 06:40:00,3645,13.46,-6.443,-6.543,88.0,91.6,0.449,1.269,0.978,1.666,263.5,985.9304,24.32,30.46,287.8,283.6,-6.146,-5.138
2026-03-20 06:40:00,3645,13.46,-6.443,-6.543,88.0,91.6,0.449,1.269,0.978,1.666,263.5,985.9304,24.32,30.46,287.8,283.6,-6.146,-5.138
2026-03-20 06:41:00,3646,13.46,-6.431,-6.54,88.0,91.6,0.354,1.05,0.618,1.176,263.5,985.9174,24.64,30.88,287.7,283.5,-6.141,-5.132
2026-03-20 06:41:00,3646,13.46,-6.431,-6.54,88.0,91.6,0.354,1.05,0.618,1.176,263.5,985.9174,24.64,30.88,287.7,283.5,-6.141,-5.132
2026-03-20 06:42:00,3647,13.46,-6.42,-6.541,88.0,91.6,0.375,1.129,0.566,1.274,263.5,985.8939,24.83,31.1,287.8,283.6,-6.126,-5.128
2026-03-20 06:42:00,3647,13.46,-6.42,-6.541,88.0,91.6,0.375,1.129,0.566,1.274,263.5,985.8939,24.83,31.1,287.8,283.6,-6.126,-5.128
2026-03-20 06:43:00,3648,13.46,-6.418,-6.539,88.0,91.6,0.521,1.247,0.669,1.47,263.5,985.8547,25.02,31.33,287.8,283.6,-6.122,-5.124
2026-03-20 06:43:00,3648,13.46,-6.418,-6.539,88.0,91.6,0.521,1.247,0.669,1.47,263.5,985.8547,25.02,31.33,287.8,283.6,-6.122,-5.124
2026-03-20 06:44:00,3649,13.46,-6.419,-6.543,88.1,91.6,0.752,1.525,1.03,1.862,263.5,985.8229,25.11,31.47,287.8,283.7,-6.116,-5.123
2026-03-20 06:44:00,3649,13.46,-6.419,-6.543,88.1,91.6,0.752,1.525,1.03,1.862,263.5,985.8229,25.11,31.47,287.8,283.7,-6.116,-5.123
2026-03-20 06:45:00,3650,13.45,-6.427,-6.546,88.0,91.6,1.045,1.785,1.338,1.96,264.0,985.7814,25.13,31.58,287.8,283.6,-6.119,-5.125
2026-03-20 06:45:00,3650,13.45,-6.427,-6.546,88.0,91.6,1.045,1.785,1.338,1.96,264.0,985.7814,25.13,31.58,287.8,283.6,-6.119,-5.125
2026-03-20 06:46:00,3651,13.46,-6.428,-6.545,88.0,91.6,1.011,1.658,1.39,1.96,266.0,985.7562,25.19,31.67,287.8,283.5,-6.118,-5.128
2026-03-20 06:46:00,3651,13.46,-6.428,-6.545,88.0,91.6,1.011,1.658,1.39,1.96,266.0,985.7562,25.19,31.67,287.8,283.5,-6.118,-5.128
2026-03-20 06:47:00,3652,13.46,-6.433,-6.546,88.0,91.6,0.72,1.397,0.978,1.568,266.0,985.7186,25.37,31.88,287.7,283.2,-6.119,-5.128
2026-03-20 06:47:00,3652,13.46,-6.433,-6.546,88.0,91.6,0.72,1.397,0.978,1.568,266.0,985.7186,25.37,31.88,287.7,283.2,-6.119,-5.128
2026-03-20 06:48:00,3653,13.46,-6.433,-6.553,88.0,91.6,0.624,1.422,0.927,1.568,266.0,985.6943,25.64,32.28,287.7,282.9,-6.118,-5.129
2026-03-20 06:48:00,3653,13.46,-6.433,-6.553,88.0,91.6,0.624,1.422,0.927,1.568,266.0,985.6943,25.64,32.28,287.7,282.9,-6.118,-5.129
2026-03-20 06:49:00,3654,13.46,-6.428,-6.55,88.1,91.7,0.441,1.337,1.03,1.568,267.9,985.6726,25.96,32.71,287.6,282.7,-6.105,-5.126
2026-03-20 06:49:00,3654,13.46,-6.428,-6.55,88.1,91.7,0.441,1.337,1.03,1.568,267.9,985.6726,25.96,32.71,287.6,282.7,-6.105,-5.126
2026-03-20 06:50:00,3655,13.46,-6.418,-6.538,88.1,91.7,0.103,0.91,0.36,1.274,267.8,985.6763,26.4,33.29,287.6,282.4,-6.094,-5.118
2026-03-20 06:50:00,3655,13.46,-6.418,-6.538,88.1,91.7,0.103,0.91,0.36,1.274,267.8,985.6763,26.4,33.29,287.6,282.4,-6.094,-5.118
2026-03-20 06:51:00,3656,13.46,-6.404,-6.535,88.1,91.8,0.0,0.289,0.0,0.784,267.7,985.6713,26.69,33.64,287.5,282.2,-6.08,-5.114
2026-03-20 06:51:00,3656,13.46,-6.404,-6.535,88.1,91.8,0.0,0.289,0.0,0.784,267.7,985.6713,26.69,33.64,287.5,282.2,-6.08,-5.114
2026-03-20 06:52:00,3657,13.46,-6.386,-6.517,88.2,91.8,0.0,0.0,0.0,0.0,267.7,985.6645,26.93,33.93,287.4,282.1,-6.063,-5.106
2026-03-20 06:52:00,3657,13.46,-6.386,-6.517,88.2,91.8,0.0,0.0,0.0,0.0,267.7,985.6645,26.93,33.93,287.4,282.1,-6.063,-5.106
2026-03-20 06:53:00,3658,13.45,-6.363,-6.487,88.2,91.8,0.0,0.0,0.0,0.0,267.7,985.6533,27.15,34.18,287.3,282.0,-6.037,-5.091
2026-03-20 06:53:00,3658,13.45,-6.363,-6.487,88.2,91.8,0.0,0.0,0.0,0.0,267.7,985.6533,27.15,34.18,287.3,282.0,-6.037,-5.091
2026-03-20 06:54:00,3659,13.45,-6.324,-6.451,88.2,91.9,0.0,0.0,0.0,0.0,267.7,985.6184,27.28,34.21,287.3,282.0,-6.016,-5.073
2026-03-20 06:54:00,3659,13.45,-6.324,-6.451,88.2,91.9,0.0,0.0,0.0,0.0,267.7,985.6184,27.28,34.21,287.3,282.0,-6.016,-5.073
2026-03-20 06:55:00,3660,13.46,-6.274,-6.409,88.2,91.9,0.0,0.0,0.0,0.0,267.7,985.6052,27.41,34.35,287.4,282.2,-5.996,-5.056
2026-03-20 06:55:00,3660,13.46,-6.274,-6.409,88.2,91.9,0.0,0.0,0.0,0.0,267.7,985.6052,27.41,34.35,287.4,282.2,-5.996,-5.056
2026-03-20 06:56:00,3661,13.45,-6.233,-6.375,88.2,91.8,0.0,0.0,0.0,0.0,267.7,985.613,27.59,34.52,287.4,282.6,-5.974,-5.038
2026-03-20 06:56:00,3661,13.45,-6.233,-6.375,88.2,91.8,0.0,0.0,0.0,0.0,267.7,985.613,27.59,34.52,287.4,282.6,-5.974,-5.038
2026-03-20 06:57:00,3662,13.46,-6.2,-6.348,88.1,91.8,0.0,0.0,0.0,0.0,267.7,985.5995,27.82,34.81,287.5,283.1,-5.948,-5.025
2026-03-20 06:57:00,3662,13.46,-6.2,-6.348,88.1,91.8,0.0,0.0,0.0,0.0,267.7,985.5995,27.82,34.81,287.5,283.1,-5.948,-5.025
2026-03-20 06:58:00,3663,13.46,-6.162,-6.312,88.1,91.8,0.0,0.0,0.0,0.0,267.7,985.5998,28.08,35.04,287.5,283.3,-5.924,-5.005
2026-03-20 06:58:00,3663,13.46,-6.162,-6.312,88.1,91.8,0.0,0.0,0.0,0.0,267.7,985.5998,28.08,35.04,287.5,283.3,-5.924,-5.005
2026-03-20 06:59:00,3664,13.45,-6.137,-6.287,88.1,91.7,0.0,0.0,0.0,0.0,267.7,985.6035,28.34,35.4,287.6,283.5,-5.895,-4.989
2026-03-20 06:59:00,3664,13.45,-6.137,-6.287,88.1,91.7,0.0,0.0,0.0,0.0,267.7,985.6035,28.34,35.4,287.6,283.5,-5.895,-4.989
2026-03-20 07:00:00,3665,13.46,-6.131,-6.272,88.0,91.6,0.0,0.0,0.0,0.0,267.7,985.5742,28.66,35.83,287.7,283.5,-5.878,-4.976
2026-03-20 07:00:00,3665,13.46,-6.131,-6.272,88.0,91.6,0.0,0.0,0.0,0.0,267.7,985.5742,28.66,35.83,287.7,283.5,-5.878,-4.976
2026-03-20 07:01:00,3666,13.46,-6.126,-6.258,88.0,91.6,0.0,0.0,0.0,0.0,267.7,985.5332,28.92,36.19,287.8,283.5,-5.868,-4.963
2026-03-20 07:01:00,3666,13.46,-6.126,-6.258,88.0,91.6,0.0,0.0,0.0,0.0,267.7,985.5332,28.92,36.19,287.8,283.5,-5.868,-4.963
2026-03-20 07:02:00,3667,13.46,-6.121,-6.244,87.9,91.5,0.0,0.0,0.0,0.0,267.8,985.4746,29.11,36.38,287.8,283.5,-5.852,-4.949
2026-03-20 07:02:00,3667,13.46,-6.121,-6.244,87.9,91.5,0.0,0.0,0.0,0.0,267.8,985.4746,29.11,36.38,287.8,283.5,-5.852,-4.949
2026-03-20 07:03:00,3668,13.46,-6.118,-6.226,87.9,91.5,0.0,0.0,0.0,0.0,267.7,985.4103,29.02,36.3,287.7,283.5,-5.837,-4.938
2026-03-20 07:03:00,3668,13.46,-6.118,-6.226,87.9,91.5,0.0,0.0,0.0,0.0,267.7,985.4103,29.02,36.3,287.7,283.5,-5.837,-4.938
2026-03-20 07:04:00,3669,13.46,-6.089,-6.187,87.9,91.5,0.0,0.0,0.0,0.0,267.7,985.3652,28.89,36.05,287.8,283.5,-5.804,-4.926
2026-03-20 07:04:00,3669,13.46,-6.089,-6.187,87.9,91.5,0.0,0.0,0.0,0.0,267.7,985.3652,28.89,36.05,287.8,283.5,-5.804,-4.926
2026-03-20 07:05:00,3670,13.46,-6.041,-6.149,87.8,91.5,0.0,0.0,0.0,0.0,267.7,985.3451,28.63,35.71,287.8,283.5,-5.786,-4.915
2026-03-20 07:05:00,3670,13.46,-6.041,-6.149,87.8,91.5,0.0,0.0,0.0,0.0,267.7,985.3451,28.63,35.71,287.8,283.5,-5.786,-4.915
2026-03-20 07:06:00,3671,13.46,-5.98,-6.103,87.8,91.4,0.0,0.0,0.0,0.0,267.7,985.3306,28.35,35.26,287.8,283.5,-5.756,-4.899
2026-03-20 07:06:00,3671,13.46,-5.98,-6.103,87.8,91.4,0.0,0.0,0.0,0.0,267.7,985.3306,28.35,35.26,287.8,283.5,-5.756,-4.899
2026-03-20 07:07:00,3672,13.46,-5.935,-6.053,87.8,91.4,0.0,0.0,0.0,0.0,267.7,985.3135,28.05,34.82,287.8,283.5,-5.74,-4.892
2026-03-20 07:07:00,3672,13.46,-5.935,-6.053,87.8,91.4,0.0,0.0,0.0,0.0,267.7,985.3135,28.05,34.82,287.8,283.5,-5.74,-4.892
2026-03-20 07:08:00,3673,13.46,-5.911,-6.011,87.7,91.4,0.0,0.0,0.0,0.0,267.8,985.2963,27.74,34.37,287.8,283.7,-5.726,-4.881
2026-03-20 07:08:00,3673,13.46,-5.911,-6.011,87.7,91.4,0.0,0.0,0.0,0.0,267.8,985.2963,27.74,34.37,287.8,283.7,-5.726,-4.881
2026-03-20 07:09:00,3674,13.46,-5.881,-5.97,87.7,91.3,0.0,0.0,0.0,0.0,267.7,985.2634,27.44,33.93,287.8,283.8,-5.709,-4.868
2026-03-20 07:09:00,3674,13.46,-5.881,-5.97,87.7,91.3,0.0,0.0,0.0,0.0,267.7,985.2634,27.44,33.93,287.8,283.8,-5.709,-4.868
2026-03-20 07:10:00,3675,13.46,-5.838,-5.941,87.6,91.1,0.0,0.0,0.0,0.0,267.7,985.222,27.39,33.74,287.8,283.9,-5.703,-4.86
2026-03-20 07:10:00,3675,13.46,-5.838,-5.941,87.6,91.1,0.0,0.0,0.0,0.0,267.7,985.222,27.39,33.74,287.8,283.9,-5.703,-4.86
2026-03-20 07:11:00,3676,13.46,-5.825,-5.953,87.4,90.9,0.0,0.0,0.0,0.0,267.7,985.1934,27.2,33.59,288.0,284.1,-5.693,-4.849
2026-03-20 07:11:00,3676,13.46,-5.825,-5.953,87.4,90.9,0.0,0.0,0.0,0.0,267.7,985.1934,27.2,33.59,288.0,284.1,-5.693,-4.849
2026-03-20 07:12:00,3677,13.46,-5.84,-5.982,87.3,90.7,0.0,0.0,0.0,0.0,267.7,985.166,27.29,33.65,288.0,284.2,-5.666,-4.842
2026-03-20 07:12:00,3677,13.46,-5.84,-5.982,87.3,90.7,0.0,0.0,0.0,0.0,267.7,985.166,27.29,33.65,288.0,284.2,-5.666,-4.842
2026-03-20 07:13:00,3678,13.45,-5.857,-6.004,87.2,90.6,0.0,0.0,0.0,0.0,267.7,985.1596,27.45,33.9,288.1,284.2,-5.648,-4.835
2026-03-20 07:13:00,3678,13.45,-5.857,-6.004,87.2,90.6,0.0,0.0,0.0,0.0,267.7,985.1596,27.45,33.9,288.1,284.2,-5.648,-4.835
2026-03-20 07:14:00,3679,13.46,-5.865,-6.01,87.1,90.7,0.0,0.0,0.0,0.0,267.7,985.1436,27.73,34.15,288.1,284.2,-5.637,-4.826
2026-03-20 07:14:00,3679,13.46,-5.865,-6.01,87.1,90.7,0.0,0.0,0.0,0.0,267.7,985.1436,27.73,34.15,288.1,284.2,-5.637,-4.826
2026-03-20 07:15:00,3680,13.46,-5.863,-5.999,87.1,90.7,0.0,0.0,0.0,0.0,267.7,985.1175,28.0,34.48,288.0,284.2,-5.616,-4.818
2026-03-20 07:15:00,3680,13.46,-5.863,-5.999,87.1,90.7,0.0,0.0,0.0,0.0,267.7,985.1175,28.0,34.48,288.0,284.2,-5.616,-4.818
2026-03-20 07:16:00,3681,13.46,-5.846,-5.989,87.1,90.7,0.0,0.0,0.0,0.0,267.7,985.0899,28.35,34.95,288.0,284.2,-5.594,-4.807
2026-03-20 07:16:00,3681,13.46,-5.846,-5.989,87.1,90.7,0.0,0.0,0.0,0.0,267.7,985.0899,28.35,34.95,288.0,284.2,-5.594,-4.807
2026-03-20 07:17:00,3682,13.46,-5.831,-5.983,87.1,90.6,0.0,0.0,0.0,0.0,267.7,985.0577,28.78,35.62,288.1,284.2,-5.579,-4.796
2026-03-20 07:17:00,3682,13.46,-5.831,-5.983,87.1,90.6,0.0,0.0,0.0,0.0,267.7,985.0577,28.78,35.62,288.1,284.2,-5.579,-4.796
2026-03-20 07:18:00,3683,13.45,-5.822,-5.983,87.0,90.5,0.0,0.0,0.0,0.0,267.7,985.0215,29.32,36.36,288.1,284.2,-5.566,-4.78
2026-03-20 07:18:00,3683,13.45,-5.822,-5.983,87.0,90.5,0.0,0.0,0.0,0.0,267.7,985.0215,29.32,36.36,288.1,284.2,-5.566,-4.78
2026-03-20 07:19:00,3684,13.46,-5.826,-5.985,87.0,90.4,0.0,0.0,0.0,0.0,267.7,984.9896,29.85,36.99,288.2,284.2,-5.556,-4.774
2026-03-20 07:19:00,3684,13.46,-5.826,-5.985,87.0,90.4,0.0,0.0,0.0,0.0,267.7,984.9896,29.85,36.99,288.2,284.2,-5.556,-4.774
2026-03-20 07:20:00,3685,13.46,-5.845,-5.992,86.9,90.3,0.0,0.0,0.0,0.0,267.7,984.9521,30.34,37.57,288.2,284.1,-5.553,-4.767
2026-03-20 07:20:00,3685,13.46,-5.845,-5.992,86.9,90.3,0.0,0.0,0.0,0.0,267.7,984.9521,30.34,37.57,288.2,284.1,-5.553,-4.767
2026-03-20 07:21:00,3686,13.46,-5.869,-6.002,86.8,90.3,0.0,0.0,0.0,0.0,267.7,984.9232,30.75,38.11,288.3,284.0,-5.548,-4.762
2026-03-20 07:21:00,3686,13.46,-5.869,-6.002,86.8,90.3,0.0,0.0,0.0,0.0,267.7,984.9232,30.75,38.11,288.3,284.0,-5.548,-4.762
2026-03-20 07:22:00,3687,13.46,-5.901,-6.014,86.8,90.3,0.0,0.0,0.0,0.0,267.7,984.8897,31.14,38.62,288.3,284.0,-5.538,-4.759
2026-03-20 07:22:00,3687,13.46,-5.901,-6.014,86.8,90.3,0.0,0.0,0.0,0.0,267.7,984.8897,31.14,38.62,288.3,284.0,-5.538,-4.759
2026-03-20 07:23:00,3688,13.46,-5.923,-6.03,86.8,90.4,0.0,0.0,0.0,0.0,267.7,984.8713,31.53,39.12,288.2,283.8,-5.533,-4.755
2026-03-20 07:23:00,3688,13.46,-5.923,-6.03,86.8,90.4,0.0,0.0,0.0,0.0,267.7,984.8713,31.53,39.12,288.2,283.8,-5.533,-4.755
2026-03-20 07:24:00,3689,13.46,-5.938,-6.042,86.8,90.4,0.0,0.0,0.0,0.0,267.7,984.8394,31.88,39.59,288.2,283.8,-5.524,-4.749
2026-03-20 07:24:00,3689,13.46,-5.938,-6.042,86.8,90.4,0.0,0.0,0.0,0.0,267.7,984.8394,31.88,39.59,288.2,283.8,-5.524,-4.749
2026-03-20 07:25:00,3690,13.46,-5.958,-6.057,86.8,90.4,0.0,0.0,0.0,0.0,267.8,984.817,32.23,40.05,288.2,283.7,-5.52,-4.747
2026-03-20 07:25:00,3690,13.46,-5.958,-6.057,86.8,90.4,0.0,0.0,0.0,0.0,267.8,984.817,32.23,40.05,288.2,283.7,-5.52,-4.747
2026-03-20 07:26:00,3691,13.46,-5.985,-6.078,86.8,90.4,0.0,0.015,0.0,0.392,273.6,984.8031,32.53,40.46,288.3,283.6,-5.516,-4.741
2026-03-20 07:26:00,3691,13.46,-5.985,-6.078,86.8,90.4,0.0,0.015,0.0,0.392,273.6,984.8031,32.53,40.46,288.3,283.6,-5.516,-4.741
2026-03-20 07:27:00,3692,13.45,-6.015,-6.114,86.9,90.6,0.0,0.516,0.0,0.686,43.69,984.7771,32.81,40.82,288.3,283.5,-5.518,-4.74
2026-03-20 07:27:00,3692,13.45,-6.015,-6.114,86.9,90.6,0.0,0.516,0.0,0.686,43.69,984.7771,32.81,40.82,288.3,283.5,-5.518,-4.74
2026-03-20 07:28:00,3693,13.46,-6.023,-6.116,87.1,91.0,0.0,0.516,0.0,0.686,43.67,984.7497,33.02,41.06,288.3,283.4,-5.515,-4.735
2026-03-20 07:28:00,3693,13.46,-6.023,-6.116,87.1,91.0,0.0,0.516,0.0,0.686,43.67,984.7497,33.02,41.06,288.3,283.4,-5.515,-4.735
2026-03-20 07:29:00,3694,13.46,-5.988,-6.083,87.3,91.2,0.0,0.498,0.0,0.882,43.01,984.7335,33.31,41.44,288.5,283.4,-5.5,-4.732
2026-03-20 07:29:00,3694,13.46,-5.988,-6.083,87.3,91.2,0.0,0.498,0.0,0.882,43.01,984.7335,33.31,41.44,288.5,283.4,-5.5,-4.732
2026-03-20 07:30:00,3695,13.46,-5.93,-6.036,87.5,91.3,0.0,0.304,0.0,0.588,43.03,984.7122,33.55,41.76,288.5,283.4,-5.483,-4.734
2026-03-20 07:30:00,3695,13.46,-5.93,-6.036,87.5,91.3,0.0,0.304,0.0,0.588,43.03,984.7122,33.55,41.76,288.5,283.4,-5.483,-4.734
2026-03-20 07:31:00,3696,13.46,-5.877,-5.981,87.6,91.3,0.0,0.055,0.0,0.49,43.03,984.6819,33.72,41.91,288.6,283.4,-5.465,-4.729
2026-03-20 07:31:00,3696,13.46,-5.877,-5.981,87.6,91.3,0.0,0.055,0.0,0.49,43.03,984.6819,33.72,41.91,288.6,283.4,-5.465,-4.729
2026-03-20 07:32:00,3697,13.46,-5.817,-5.927,87.7,91.4,0.0,0.0,0.0,0.0,43.03,984.6506,33.84,42.04,288.6,283.5,-5.441,-4.725
2026-03-20 07:32:00,3697,13.46,-5.817,-5.927,87.7,91.4,0.0,0.0,0.0,0.0,43.03,984.6506,33.84,42.04,288.6,283.5,-5.441,-4.725
2026-03-20 07:33:00,3698,13.46,-5.757,-5.862,87.7,91.4,0.0,0.0,0.0,0.0,43.03,984.6163,34.01,42.26,288.6,283.7,-5.413,-4.716
2026-03-20 07:33:00,3698,13.46,-5.757,-5.862,87.7,91.4,0.0,0.0,0.0,0.0,43.03,984.6163,34.01,42.26,288.6,283.7,-5.413,-4.716
2026-03-20 07:34:00,3699,13.46,-5.706,-5.812,87.7,91.3,0.0,0.0,0.0,0.0,43.05,984.5886,34.24,42.56,288.7,283.6,-5.387,-4.706
2026-03-20 07:34:00,3699,13.46,-5.706,-5.812,87.7,91.3,0.0,0.0,0.0,0.0,43.05,984.5886,34.24,42.56,288.7,283.6,-5.387,-4.706
2026-03-20 07:35:00,3700,13.46,-5.658,-5.764,87.7,91.2,0.0,0.0,0.0,0.0,43.05,984.5679,34.6,43.04,288.7,283.5,-5.359,-4.695
2026-03-20 07:35:00,3700,13.46,-5.658,-5.764,87.7,91.2,0.0,0.0,0.0,0.0,43.05,984.5679,34.6,43.04,288.7,283.5,-5.359,-4.695
2026-03-20 07:36:00,3701,13.46,-5.611,-5.723,87.7,91.1,0.0,0.22,0.0,0.686,43.05,984.5372,35.09,43.69,288.7,283.2,-5.344,-4.686
2026-03-20 07:36:00,3701,13.46,-5.611,-5.723,87.7,91.1,0.0,0.22,0.0,0.686,43.05,984.5372,35.09,43.69,288.7,283.2,-5.344,-4.686
2026-03-20 07:37:00,3702,13.51,-5.579,-5.69,87.6,91.0,0.0,0.627,0.0,0.882,43.02,984.5279,35.56,44.35,288.7,283.0,-5.326,-4.681
2026-03-20 07:37:00,3702,13.51,-5.579,-5.69,87.6,91.0,0.0,0.627,0.0,0.882,43.02,984.5279,35.56,44.35,288.7,283.0,-5.326,-4.681
2026-03-20 07:38:00,3703,13.51,-5.56,-5.669,87.5,90.8,0.0,0.547,0.0,0.784,37.31,984.5002,36.07,45.02,288.7,282.9,-5.318,-4.672
2026-03-20 07:38:00,3703,13.51,-5.56,-5.669,87.5,90.8,0.0,0.547,0.0,0.784,37.31,984.5002,36.07,45.02,288.7,282.9,-5.318,-4.672
2026-03-20 07:39:00,3704,13.51,-5.572,-5.663,87.3,90.6,0.0,0.638,0.0,0.784,37.17,984.4823,36.49,45.6,288.6,282.9,-5.313,-4.666
2026-03-20 07:39:00,3704,13.51,-5.572,-5.663,87.3,90.6,0.0,0.638,0.0,0.784,37.17,984.4823,36.49,45.6,288.6,282.9,-5.313,-4.666
2026-03-20 07:40:00,3705,13.51,-5.58,-5.657,87.1,90.3,0.0,0.909,0.0,1.176,37.19,984.4753,37.23,46.61,288.7,282.9,-5.31,-4.666
2026-03-20 07:40:00,3705,13.51,-5.58,-5.657,87.1,90.3,0.0,0.909,0.0,1.176,37.19,984.4753,37.23,46.61,288.7,282.9,-5.31,-4.666
2026-03-20 07:41:00,3706,13.52,-5.588,-5.654,87.0,90.2,0.0,1.181,0.0,1.47,37.15,984.4739,38.18,47.98,288.7,282.9,-5.312,-4.665
2026-03-20 07:41:00,3706,13.52,-5.588,-5.654,87.0,90.2,0.0,1.181,0.0,1.47,37.15,984.4739,38.18,47.98,288.7,282.9,-5.312,-4.665
2026-03-20 07:42:00,3707,13.52,-5.599,-5.662,86.8,89.9,0.0,1.128,0.0,1.47,36.76,984.4483,39.25,49.51,288.6,282.6,-5.31,-4.665
2026-03-20 07:42:00,3707,13.52,-5.599,-5.662,86.8,89.9,0.0,1.128,0.0,1.47,36.76,984.4483,39.25,49.51,288.6,282.6,-5.31,-4.665
2026-03-20 07:43:00,3708,13.52,-5.615,-5.671,86.7,89.8,0.0,0.514,0.0,0.98,28.59,984.4104,40.27,50.98,288.5,282.3,-5.296,-4.667
2026-03-20 07:43:00,3708,13.52,-5.615,-5.671,86.7,89.8,0.0,0.514,0.0,0.98,28.59,984.4104,40.27,50.98,288.5,282.3,-5.296,-4.667
2026-03-20 07:44:00,3709,13.51,-5.617,-5.661,86.7,89.7,0.0,0.0,0.0,0.0,28.6,984.3757,41.43,52.6,288.4,282.1,-5.263,-4.663
2026-03-20 07:44:00,3709,13.51,-5.617,-5.661,86.7,89.7,0.0,0.0,0.0,0.0,28.6,984.3757,41.43,52.6,288.4,282.1,-5.263,-4.663
2026-03-20 07:45:00,3710,13.51,-5.603,-5.639,86.7,89.7,0.0,0.0,0.0,0.0,28.62,984.3445,42.54,54.19,288.2,281.8,-5.241,-4.66
2026-03-20 07:45:00,3710,13.51,-5.603,-5.639,86.7,89.7,0.0,0.0,0.0,0.0,28.62,984.3445,42.54,54.19,288.2,281.8,-5.241,-4.66
2026-03-20 07:46:00,3711,13.52,-5.578,-5.614,86.7,89.5,0.0,0.007,0.0,0.098,28.65,984.3224,43.33,55.38,288.0,281.4,-5.205,-4.649
2026-03-20 07:46:00,3711,13.52,-5.578,-5.614,86.7,89.5,0.0,0.007,0.0,0.098,28.65,984.3224,43.33,55.38,288.0,281.4,-5.205,-4.649
2026-03-20 07:47:00,3712,13.51,-5.554,-5.619,86.6,89.3,0.0,0.122,0.0,0.392,29.08,984.3152,43.86,56.17,287.9,281.0,-5.178,-4.639
2026-03-20 07:47:00,3712,13.51,-5.554,-5.619,86.6,89.3,0.0,0.122,0.0,0.392,29.08,984.3152,43.86,56.17,287.9,281.0,-5.178,-4.639
2026-03-20 07:48:00,3713,13.51,-5.565,-5.644,86.5,89.2,0.0,0.139,0.0,0.588,29.96,984.2978,44.1,56.58,287.9,280.3,-5.17,-4.633
2026-03-20 07:48:00,3713,13.51,-5.565,-5.644,86.5,89.2,0.0,0.139,0.0,0.588,29.96,984.2978,44.1,56.58,287.9,280.3,-5.17,-4.633
2026-03-20 07:49:00,3714,13.51,-5.584,-5.68,86.4,89.2,0.0,0.003,0.0,0.196,29.97,984.2853,44.15,56.74,287.6,279.1,-5.169,-4.634
2026-03-20 07:49:00,3714,13.51,-5.584,-5.68,86.4,89.2,0.0,0.003,0.0,0.196,29.97,984.2853,44.15,56.74,287.6,279.1,-5.169,-4.634
2026-03-20 07:50:00,3715,13.51,-5.603,-5.705,86.3,89.2,0.0,0.073,0.0,0.392,29.89,984.236,43.65,56.11,287.2,277.4,-5.167,-4.634
2026-03-20 07:50:00,3715,13.51,-5.603,-5.705,86.3,89.2,0.0,0.073,0.0,0.392,29.89,984.236,43.65,56.11,287.2,277.4,-5.167,-4.634
2026-03-20 07:51:00,3716,13.51,-5.609,-5.726,86.3,89.3,0.0,0.272,0.0,0.686,26.45,984.1859,43.09,55.37,286.7,275.9,-5.152,-4.636
2026-03-20 07:51:00,3716,13.51,-5.609,-5.726,86.3,89.3,0.0,0.272,0.0,0.686,26.45,984.1859,43.09,55.37,286.7,275.9,-5.152,-4.636
2026-03-20 07:52:00,3717,13.51,-5.6,-5.731,86.3,89.3,0.0,0.0,0.0,0.098,26.43,984.1405,42.68,54.79,286.1,274.8,-5.14,-4.64
2026-03-20 07:52:00,3717,13.51,-5.6,-5.731,86.3,89.3,0.0,0.0,0.0,0.098,26.43,984.1405,42.68,54.79,286.1,274.8,-5.14,-4.64
2026-03-20 07:53:00,3718,13.51,-5.592,-5.728,86.2,89.3,0.0,0.0,0.0,0.0,26.43,984.1175,42.63,54.69,285.7,274.5,-5.138,-4.655
2026-03-20 07:53:00,3718,13.51,-5.592,-5.728,86.2,89.3,0.0,0.0,0.0,0.0,26.43,984.1175,42.63,54.69,285.7,274.5,-5.138,-4.655
2026-03-20 07:54:00,3719,13.51,-5.585,-5.722,86.2,89.3,0.0,0.0,0.0,0.0,26.43,984.0884,42.64,54.63,285.5,274.5,-5.14,-4.659
2026-03-20 07:54:00,3719,13.51,-5.585,-5.722,86.2,89.3,0.0,0.0,0.0,0.0,26.43,984.0884,42.64,54.63,285.5,274.5,-5.14,-4.659
2026-03-20 07:55:00,3720,13.51,-5.589,-5.729,86.1,89.2,0.0,0.0,0.0,0.0,26.4,984.069,42.62,54.43,285.2,273.8,-5.142,-4.67
2026-03-20 07:55:00,3720,13.51,-5.589,-5.729,86.1,89.2,0.0,0.0,0.0,0.0,26.4,984.069,42.62,54.43,285.2,273.8,-5.142,-4.67
2026-03-20 07:56:00,3721,13.51,-5.597,-5.737,86.0,89.2,0.0,0.0,0.0,0.0,26.4,984.051,42.64,54.69,284.8,273.5,-5.16,-4.682
2026-03-20 07:56:00,3721,13.51,-5.597,-5.737,86.0,89.2,0.0,0.0,0.0,0.0,26.4,984.051,42.64,54.69,284.8,273.5,-5.16,-4.682
2026-03-20 07:57:00,3722,13.51,-5.609,-5.744,86.0,89.2,0.0,0.0,0.0,0.0,26.4,984.0377,42.69,54.69,284.2,273.0,-5.142,-4.693
2026-03-20 07:57:00,3722,13.51,-5.609,-5.744,86.0,89.2,0.0,0.0,0.0,0.0,26.4,984.0377,42.69,54.69,284.2,273.0,-5.142,-4.693
2026-03-20 07:58:00,3723,13.51,-5.611,-5.739,86.0,89.2,0.0,0.0,0.0,0.0,26.4,984.0202,43.03,55.07,283.9,272.6,-5.128,-4.696
2026-03-20 07:58:00,3723,13.51,-5.611,-5.739,86.0,89.2,0.0,0.0,0.0,0.0,26.4,984.0202,43.03,55.07,283.9,272.6,-5.128,-4.696
2026-03-20 07:59:00,3724,13.51,-5.627,-5.726,86.0,89.2,0.0,0.0,0.0,0.0,26.44,984.0219,43.77,55.96,283.7,272.8,-5.125,-4.7
2026-03-20 07:59:00,3724,13.51,-5.627,-5.726,86.0,89.2,0.0,0.0,0.0,0.0,26.44,984.0219,43.77,55.96,283.7,272.8,-5.125,-4.7
2026-03-20 08:00:00,3725,13.51,-5.641,-5.717,85.9,88.9,0.0,0.0,0.0,0.0,26.53,984.0258,44.87,57.47,283.8,273.1,-5.136,-4.707
2026-03-20 08:00:00,3725,13.51,-5.641,-5.717,85.9,88.9,0.0,0.0,0.0,0.0,26.53,984.0258,44.87,57.47,283.8,273.1,-5.136,-4.707
2026-03-20 08:01:00,3726,13.51,-5.632,-5.722,85.7,88.5,0.0,0.003,0.0,0.098,29.57,984.0109,45.89,58.85,283.9,272.9,-5.147,-4.714
2026-03-20 08:01:00,3726,13.51,-5.632,-5.722,85.7,88.5,0.0,0.003,0.0,0.098,29.57,984.0109,45.89,58.85,283.9,272.9,-5.147,-4.714
2026-03-20 08:02:00,3727,13.51,-5.642,-5.75,85.6,88.4,0.0,0.281,0.0,0.784,29.51,983.9796,47.04,60.45,283.9,272.3,-5.175,-4.715
2026-03-20 08:02:00,3727,13.51,-5.642,-5.75,85.6,88.4,0.0,0.281,0.0,0.784,29.51,983.9796,47.04,60.45,283.9,272.3,-5.175,-4.715
2026-03-20 08:03:00,3728,13.51,-5.666,-5.79,85.4,88.4,0.0,0.512,0.0,0.784,14.6,983.934,48.4,62.25,284.2,272.0,-5.19,-4.716
2026-03-20 08:03:00,3728,13.51,-5.666,-5.79,85.4,88.4,0.0,0.512,0.0,0.784,14.6,983.934,48.4,62.25,284.2,272.0,-5.19,-4.716
2026-03-20 08:04:00,3729,13.5,-5.704,-5.842,85.3,88.5,0.001,0.775,0.051,1.078,0.142,983.9057,49.93,64.32,284.2,271.8,-5.208,-4.725
2026-03-20 08:04:00,3729,13.5,-5.704,-5.842,85.3,88.5,0.001,0.775,0.051,1.078,0.142,983.9057,49.93,64.32,284.2,271.8,-5.208,-4.725
2026-03-20 08:05:00,3730,13.5,-5.759,-5.897,85.2,88.6,0.0,0.848,0.0,0.98,0.083,983.8794,51.91,66.88,284.5,272.1,-5.245,-4.725
2026-03-20 08:05:00,3730,13.5,-5.759,-5.897,85.2,88.6,0.0,0.848,0.0,0.98,0.083,983.8794,51.91,66.88,284.5,272.1,-5.245,-4.725
2026-03-20 08:06:00,3731,13.5,-5.823,-5.947,85.2,88.6,0.0,0.787,0.0,0.98,349.9,983.8564,53.88,69.54,284.5,272.9,-5.273,-4.732
2026-03-20 08:06:00,3731,13.5,-5.823,-5.947,85.2,88.6,0.0,0.787,0.0,0.98,349.9,983.8564,53.88,69.54,284.5,272.9,-5.273,-4.732
2026-03-20 08:07:00,3732,13.5,-5.874,-5.987,85.3,88.8,0.0,0.166,0.0,0.588,349.8,983.8553,55.69,72.03,284.3,272.7,-5.285,-4.739
2026-03-20 08:07:00,3732,13.5,-5.874,-5.987,85.3,88.8,0.0,0.166,0.0,0.588,349.8,983.8553,55.69,72.03,284.3,272.7,-5.285,-4.739
2026-03-20 08:08:00,3733,13.5,-5.903,-6.011,85.4,88.9,0.0,0.0,0.0,0.0,349.9,983.8687,57.17,74.12,283.9,271.8,-5.279,-4.752
2026-03-20 08:08:00,3733,13.5,-5.903,-6.011,85.4,88.9,0.0,0.0,0.0,0.0,349.9,983.8687,57.17,74.12,283.9,271.8,-5.279,-4.752
2026-03-20 08:09:00,3734,13.5,-5.898,-6.007,85.6,89.1,0.0,0.0,0.0,0.0,349.9,983.8564,58.52,75.9,283.4,271.1,-5.251,-4.758
2026-03-20 08:09:00,3734,13.5,-5.898,-6.007,85.6,89.1,0.0,0.0,0.0,0.0,349.9,983.8564,58.52,75.9,283.4,271.1,-5.251,-4.758
2026-03-20 08:10:00,3735,13.5,-5.864,-5.968,85.8,89.2,0.0,0.0,0.0,0.0,349.9,983.8422,59.63,77.43,283.1,270.6,-5.212,-4.767
2026-03-20 08:10:00,3735,13.5,-5.864,-5.968,85.8,89.2,0.0,0.0,0.0,0.0,349.9,983.8422,59.63,77.43,283.1,270.6,-5.212,-4.767
2026-03-20 08:11:00,3736,13.5,-5.829,-5.905,85.8,89.4,0.0,0.0,0.0,0.0,349.9,983.8436,60.46,78.53,282.9,269.6,-5.204,-4.771
2026-03-20 08:11:00,3736,13.5,-5.829,-5.905,85.8,89.4,0.0,0.0,0.0,0.0,349.9,983.8436,60.46,78.53,282.9,269.6,-5.204,-4.771
2026-03-20 08:12:00,3737,13.52,-5.885,-5.898,85.7,89.2,0.0,0.0,0.0,0.0,349.9,983.8337,60.71,78.97,282.7,268.5,-5.204,-4.779
2026-03-20 08:12:00,3737,13.52,-5.885,-5.898,85.7,89.2,0.0,0.0,0.0,0.0,349.9,983.8337,60.71,78.97,282.7,268.5,-5.204,-4.779
2026-03-20 08:13:00,3738,13.5,-5.953,-5.914,85.5,89.0,0.0,0.0,0.0,0.0,349.9,983.8355,60.13,78.04,282.6,268.2,-5.207,-4.799
2026-03-20 08:13:00,3738,13.5,-5.953,-5.914,85.5,89.0,0.0,0.0,0.0,0.0,349.9,983.8355,60.13,78.04,282.6,268.2,-5.207,-4.799
2026-03-20 08:14:00,3739,13.5,-5.979,-5.931,85.5,88.8,0.0,0.145,0.0,0.686,196.7,983.8421,59.21,76.69,282.5,267.8,-5.22,-4.822
2026-03-20 08:14:00,3739,13.5,-5.979,-5.931,85.5,88.8,0.0,0.145,0.0,0.686,196.7,983.8421,59.21,76.69,282.5,267.8,-5.22,-4.822
2026-03-20 08:15:00,3740,13.5,-6.102,-6.021,85.1,88.4,0.157,1.441,0.515,1.764,191.3,983.8434,57.99,74.95,282.7,268.1,-5.27,-4.851
2026-03-20 08:15:00,3740,13.5,-6.102,-6.021,85.1,88.4,0.157,1.441,0.515,1.764,191.3,983.8434,57.99,74.95,282.7,268.1,-5.27,-4.851
2026-03-20 08:16:00,3741,13.5,-6.174,-6.092,85.3,88.6,0.081,1.093,0.309,1.568,191.2,983.8577,55.56,71.62,283.2,270.0,-5.332,-4.889
2026-03-20 08:16:00,3741,13.5,-6.174,-6.092,85.3,88.6,0.081,1.093,0.309,1.568,191.2,983.8577,55.56,71.62,283.2,270.0,-5.332,-4.889
2026-03-20 08:17:00,3742,13.5,-6.149,-6.11,85.8,88.9,0.0,0.581,0.0,0.784,191.2,983.8417,53.42,68.63,283.3,271.0,-5.351,-4.932
2026-03-20 08:17:00,3742,13.5,-6.149,-6.11,85.8,88.9,0.0,0.581,0.0,0.784,191.2,983.8417,53.42,68.63,283.3,271.0,-5.351,-4.932
2026-03-20 08:18:00,3743,13.5,-6.131,-6.106,86.0,89.2,0.0,0.05,0.0,0.392,191.2,983.832,52.1,66.9,283.2,270.8,-5.378,-4.955
2026-03-20 08:18:00,3743,13.5,-6.131,-6.106,86.0,89.2,0.0,0.05,0.0,0.392,191.2,983.832,52.1,66.9,283.2,270.8,-5.378,-4.955
2026-03-20 08:19:00,3744,13.5,-6.101,-6.087,86.2,89.4,0.0,0.011,0.0,0.196,191.2,983.8146,50.79,65.27,283.0,270.3,-5.394,-4.976
2026-03-20 08:19:00,3744,13.5,-6.101,-6.087,86.2,89.4,0.0,0.011,0.0,0.196,191.2,983.8146,50.79,65.27,283.0,270.3,-5.394,-4.976
2026-03-20 08:20:00,3745,13.5,-6.106,-6.086,86.3,89.2,0.179,0.935,0.669,1.47,201.1,983.8159,49.98,64.21,282.8,270.3,-5.418,-4.997
2026-03-20 08:20:00,3745,13.5,-6.106,-6.086,86.3,89.2,0.179,0.935,0.669,1.47,201.1,983.8159,49.98,64.21,282.8,270.3,-5.418,-4.997
2026-03-20 08:21:00,3746,13.5,-6.26,-6.177,85.9,89.1,0.529,1.201,1.184,1.47,201.1,983.8109,48.64,62.4,282.8,269.5,-5.468,-5.011
2026-03-20 08:21:00,3746,13.5,-6.26,-6.177,85.9,89.1,0.529,1.201,1.184,1.47,201.1,983.8109,48.64,62.4,282.8,269.5,-5.468,-5.011
2026-03-20 08:22:00,3747,13.5,-6.329,-6.174,85.9,89.5,0.535,0.793,1.133,0.98,201.1,983.7858,46.28,59.35,282.5,267.0,-5.523,-5.035
2026-03-20 08:22:00,3747,13.5,-6.329,-6.174,85.9,89.5,0.535,0.793,1.133,0.98,201.1,983.7858,46.28,59.35,282.5,267.0,-5.523,-5.035
2026-03-20 08:23:00,3748,13.51,-6.299,-6.157,86.2,89.7,0.768,1.06,0.927,1.372,219.7,983.7416,45.04,57.73,282.2,266.2,-5.584,-5.061
2026-03-20 08:23:00,3748,13.51,-6.299,-6.157,86.2,89.7,0.768,1.06,0.927,1.372,219.7,983.7416,45.04,57.73,282.2,266.2,-5.584,-5.061
2026-03-20 08:24:00,3749,13.51,-6.388,-6.168,86.2,89.8,0.897,1.32,1.03,1.568,230.6,983.6922,44.76,57.33,282.1,266.6,-5.652,-5.089
2026-03-20 08:24:00,3749,13.51,-6.388,-6.168,86.2,89.8,0.897,1.32,1.03,1.568,230.6,983.6922,44.76,57.33,282.1,266.6,-5.652,-5.089
2026-03-20 08:25:00,3750,13.51,-6.5,-6.193,86.0,89.8,0.912,1.479,1.081,1.666,231.6,983.6358,43.31,55.64,281.7,263.9,-5.735,-5.115
2026-03-20 08:25:00,3750,13.51,-6.5,-6.193,86.0,89.8,0.912,1.479,1.081,1.666,231.6,983.6358,43.31,55.64,281.7,263.9,-5.735,-5.115
2026-03-20 08:26:00,3751,13.51,-6.591,-6.199,86.1,90.0,0.797,1.325,0.978,1.47,231.5,983.6082,42.36,54.11,280.8,260.5,-5.814,-5.15
2026-03-20 08:26:00,3751,13.51,-6.591,-6.199,86.1,90.0,0.797,1.325,0.978,1.47,231.5,983.6082,42.36,54.11,280.8,260.5,-5.814,-5.15
2026-03-20 08:27:00,3752,13.51,-6.631,-6.182,86.3,90.2,0.491,0.747,0.669,1.078,231.0,983.6028,41.83,53.26,279.9,259.1,-5.877,-5.184
2026-03-20 08:27:00,3752,13.51,-6.631,-6.182,86.3,90.2,0.491,0.747,0.669,1.078,231.0,983.6028,41.83,53.26,279.9,259.1,-5.877,-5.184
2026-03-20 08:28:00,3753,13.51,-6.594,-6.161,86.6,90.3,0.441,1.051,0.618,1.372,230.8,983.5845,42.35,53.77,279.2,258.7,-5.926,-5.212
2026-03-20 08:28:00,3753,13.51,-6.594,-6.161,86.6,90.3,0.441,1.051,0.618,1.372,230.8,983.5845,42.35,53.77,279.2,258.7,-5.926,-5.212
2026-03-20 08:29:00,3754,13.51,-6.584,-6.154,86.9,90.3,0.524,0.824,0.824,0.98,210.5,983.5699,43.36,55.13,278.8,258.9,-5.969,-5.238
2026-03-20 08:29:00,3754,13.51,-6.584,-6.154,86.9,90.3,0.524,0.824,0.824,0.98,210.5,983.5699,43.36,55.13,278.8,258.9,-5.969,-5.238
2026-03-20 08:30:00,3755,13.51,-6.448,-6.125,87.3,90.3,0.691,1.151,1.03,1.47,209.9,983.5422,44.37,56.5,278.5,257.5,-6.012,-5.264
2026-03-20 08:30:00,3755,13.51,-6.448,-6.125,87.3,90.3,0.691,1.151,1.03,1.47,209.9,983.5422,44.37,56.5,278.5,257.5,-6.012,-5.264
2026-03-20 08:31:00,3756,13.52,-6.487,-6.141,87.2,90.3,0.085,0.678,0.412,1.078,209.9,983.5034,45.39,57.88,278.1,256.9,-6.045,-5.284
2026-03-20 08:31:00,3756,13.52,-6.487,-6.141,87.2,90.3,0.085,0.678,0.412,1.078,209.9,983.5034,45.39,57.88,278.1,256.9,-6.045,-5.284
2026-03-20 08:32:00,3757,13.51,-6.42,-6.095,87.3,90.4,0.0,0.002,0.0,0.098,209.9,983.4565,46.8,59.68,277.3,258.0,-6.057,-5.297
2026-03-20 08:32:00,3757,13.51,-6.42,-6.095,87.3,90.4,0.0,0.002,0.0,0.098,209.9,983.4565,46.8,59.68,277.3,258.0,-6.057,-5.297
2026-03-20 08:33:00,3758,13.51,-6.259,-6.018,87.6,90.6,0.0,0.0,0.0,0.0,210.0,983.4183,48.54,62.05,276.9,258.8,-6.052,-5.302
2026-03-20 08:33:00,3758,13.51,-6.259,-6.018,87.6,90.6,0.0,0.0,0.0,0.0,210.0,983.4183,48.54,62.05,276.9,258.8,-6.052,-5.302
2026-03-20 08:34:00,3759,13.51,-6.166,-5.954,87.6,90.6,0.0,0.0,0.0,0.0,210.0,983.4002,50.47,64.65,276.9,259.5,-6.057,-5.307
2026-03-20 08:34:00,3759,13.51,-6.166,-5.954,87.6,90.6,0.0,0.0,0.0,0.0,210.0,983.4002,50.47,64.65,276.9,259.5,-6.057,-5.307
2026-03-20 08:35:00,3760,13.51,-6.107,-5.883,87.5,90.5,0.0,0.0,0.0,0.0,209.9,983.3857,52.42,67.23,277.0,260.3,-6.056,-5.306
2026-03-20 08:35:00,3760,13.51,-6.107,-5.883,87.5,90.5,0.0,0.0,0.0,0.0,209.9,983.3857,52.42,67.23,277.0,260.3,-6.056,-5.306
2026-03-20 08:36:00,3761,13.52,-6.103,-5.847,87.2,90.3,0.0,0.0,0.0,0.0,210.0,983.3601,54.66,70.39,277.5,261.4,-6.066,-5.303
2026-03-20 08:36:00,3761,13.52,-6.103,-5.847,87.2,90.3,0.0,0.0,0.0,0.0,210.0,983.3601,54.66,70.39,277.5,261.4,-6.066,-5.303
2026-03-20 08:37:00,3762,13.51,-6.084,-5.781,87.1,90.3,0.0,0.0,0.0,0.0,209.9,983.3379,57.2,73.92,277.5,262.6,-6.044,-5.3
2026-03-20 08:37:00,3762,13.51,-6.084,-5.781,87.1,90.3,0.0,0.0,0.0,0.0,209.9,983.3379,57.2,73.92,277.5,262.6,-6.044,-5.3
2026-03-20 08:38:00,3763,13.51,-6.043,-5.703,87.1,90.1,0.0,0.0,0.0,0.0,210.0,983.3041,60.44,78.33,277.5,263.3,-6.01,-5.285
2026-03-20 08:38:00,3763,13.51,-6.043,-5.703,87.1,90.1,0.0,0.0,0.0,0.0,210.0,983.3041,60.44,78.33,277.5,263.3,-6.01,-5.285
2026-03-20 08:39:00,3764,13.51,-6.079,-5.715,86.8,89.7,0.0,0.0,0.0,0.0,209.9,983.2951,63.56,82.7,277.8,264.4,-5.974,-5.267
2026-03-20 08:39:00,3764,13.51,-6.079,-5.715,86.8,89.7,0.0,0.0,0.0,0.0,209.9,983.2951,63.56,82.7,277.8,264.4,-5.974,-5.267
2026-03-20 08:40:00,3765,13.51,-6.05,-5.687,86.7,88.9,0.0,0.0,0.0,0.0,210.2,983.2896,66.56,86.8,278.3,265.1,-5.932,-5.242
2026-03-20 08:40:00,3765,13.51,-6.05,-5.687,86.7,88.9,0.0,0.0,0.0,0.0,210.2,983.2896,66.56,86.8,278.3,265.1,-5.932,-5.242
2026-03-20 08:41:00,3766,13.51,-6.02,-5.706,86.3,88.7,0.001,0.343,0.051,0.784,210.2,983.2997,70.02,91.6,279.4,266.0,-5.91,-5.215
2026-03-20 08:41:00,3766,13.51,-6.02,-5.706,86.3,88.7,0.001,0.343,0.051,0.784,210.2,983.2997,70.02,91.6,279.4,266.0,-5.91,-5.215
2026-03-20 08:42:00,3767,13.51,-6.016,-5.696,86.3,88.9,0.001,0.674,0.051,0.882,209.4,983.2975,73.64,96.7,280.2,267.1,-5.923,-5.195
2026-03-20 08:42:00,3767,13.51,-6.016,-5.696,86.3,88.9,0.001,0.674,0.051,0.882,209.4,983.2975,73.64,96.7,280.2,267.1,-5.923,-5.195
2026-03-20 08:43:00,3768,13.51,-5.971,-5.657,86.1,88.5,0.0,0.57,0.0,1.176,37.76,983.3024,77.34,101.8,280.7,268.1,-5.91,-5.176
2026-03-20 08:43:00,3768,13.51,-5.971,-5.657,86.1,88.5,0.0,0.57,0.0,1.176,37.76,983.3024,77.34,101.8,280.7,268.1,-5.91,-5.176
2026-03-20 08:44:00,3769,13.51,-6.072,-5.71,85.7,88.3,0.0,0.906,0.0,1.078,37.8,983.3026,81.4,107.3,281.2,268.8,-5.891,-5.153
2026-03-20 08:44:00,3769,13.51,-6.072,-5.71,85.7,88.3,0.0,0.906,0.0,1.078,37.8,983.3026,81.4,107.3,281.2,268.8,-5.891,-5.153
2026-03-20 08:45:00,3770,13.51,-6.084,-5.73,86.1,88.7,0.0,0.734,0.0,0.882,37.72,983.3058,84.8,112.0,281.7,269.2,-5.851,-5.13
2026-03-20 08:45:00,3770,13.51,-6.084,-5.73,86.1,88.7,0.0,0.734,0.0,0.882,37.72,983.3058,84.8,112.0,281.7,269.2,-5.851,-5.13
2026-03-20 08:46:00,3771,13.51,-5.997,-5.695,86.2,88.6,0.0,0.587,0.0,0.98,37.75,983.2779,87.3,115.4,282.2,269.1,-5.797,-5.104
2026-03-20 08:46:00,3771,13.51,-5.997,-5.695,86.2,88.6,0.0,0.587,0.0,0.98,37.75,983.2779,87.3,115.4,282.2,269.1,-5.797,-5.104
2026-03-20 08:47:00,3772,13.51,-6.005,-5.656,85.8,88.4,0.275,0.916,1.39,1.666,39.85,983.2472,89.6,118.6,282.6,268.9,-5.764,-5.083
2026-03-20 08:47:00,3772,13.51,-6.005,-5.656,85.8,88.4,0.275,0.916,1.39,1.666,39.85,983.2472,89.6,118.6,282.6,268.9,-5.764,-5.083
2026-03-20 08:48:00,3773,13.51,-6.099,-5.727,85.5,87.9,1.322,1.738,1.596,2.058,44.23,983.2061,91.2,120.6,283.0,268.0,-5.764,-5.062
2026-03-20 08:48:00,3773,13.51,-6.099,-5.727,85.5,87.9,1.322,1.738,1.596,2.058,44.23,983.2061,91.2,120.6,283.0,268.0,-5.764,-5.062
2026-03-20 08:49:00,3774,13.51,-6.159,-5.825,85.8,88.8,0.86,1.393,1.236,1.666,32.01,983.1796,92.1,121.9,283.2,267.2,-5.753,-5.058
2026-03-20 08:49:00,3774,13.51,-6.159,-5.825,85.8,88.8,0.86,1.393,1.236,1.666,32.01,983.1796,92.1,121.9,283.2,267.2,-5.753,-5.058
2026-03-20 08:50:00,3775,13.51,-6.12,-5.811,86.3,89.3,0.157,0.621,0.566,1.078,26.51,983.1353,91.7,122.1,283.4,268.5,-5.682,-5.05
2026-03-20 08:50:00,3775,13.51,-6.12,-5.811,86.3,89.3,0.157,0.621,0.566,1.078,26.51,983.1353,91.7,122.1,283.4,268.5,-5.682,-5.05
2026-03-20 08:51:00,3776,13.5,-6.016,-5.756,86.7,89.7,0.0,0.0,0.0,0.0,26.54,983.0867,88.2,109.7,283.7,264.8,-5.587,-5.036
2026-03-20 08:51:00,3776,13.5,-6.016,-5.756,86.7,89.7,0.0,0.0,0.0,0.0,26.54,983.0867,88.2,109.7,283.7,264.8,-5.587,-5.036
2026-03-20 08:52:00,3777,13.5,-5.907,-5.673,86.9,89.9,0.0,0.0,0.0,0.0,26.55,983.0566,90.9,141.1,283.1,251.5,-5.507,-5.023
2026-03-20 08:52:00,3777,13.5,-5.907,-5.673,86.9,89.9,0.0,0.0,0.0,0.0,26.55,983.0566,90.9,141.1,283.1,251.5,-5.507,-5.023
2026-03-20 08:53:00,3778,13.5,-5.819,-5.581,86.9,89.8,0.0,0.081,0.0,0.588,26.4,983.0203,89.9,132.0,282.7,249.6,-5.467,-5.007
2026-03-20 08:53:00,3778,13.5,-5.819,-5.581,86.9,89.8,0.0,0.081,0.0,0.588,26.4,983.0203,89.9,132.0,282.7,249.6,-5.467,-5.007
2026-03-20 08:54:00,3779,13.5,-5.798,-5.542,86.4,89.0,0.554,1.351,1.287,1.862,23.52,982.9729,88.6,125.0,282.3,247.4,-5.425,-4.998
2026-03-20 08:54:00,3779,13.5,-5.798,-5.542,86.4,89.0,0.554,1.351,1.287,1.862,23.52,982.9729,88.6,125.0,282.3,247.4,-5.425,-4.998
2026-03-20 08:55:00,3780,13.51,-5.934,-5.619,85.8,88.7,1.035,1.685,1.236,1.862,24.31,982.9435,88.0,120.9,282.2,245.5,-5.456,-4.998
2026-03-20 08:55:00,3780,13.51,-5.934,-5.619,85.8,88.7,1.035,1.685,1.236,1.862,24.31,982.9435,88.0,120.9,282.2,245.5,-5.456,-4.998
2026-03-20 08:56:00,3781,13.51,-6.01,-5.673,85.9,88.7,0.84,1.583,1.03,1.764,33.79,982.9328,88.7,119.7,281.9,244.1,-5.477,-5.005
2026-03-20 08:56:00,3781,13.51,-6.01,-5.673,85.9,88.7,0.84,1.583,1.03,1.764,33.79,982.9328,88.7,119.7,281.9,244.1,-5.477,-5.005
2026-03-20 08:57:00,3782,13.46,-6.055,-5.717,85.6,88.5,0.791,1.779,1.03,2.156,32.25,982.921,92.2,122.5,281.6,242.6,-5.481,-5.021
2026-03-20 08:57:00,3782,13.46,-6.055,-5.717,85.6,88.5,0.791,1.779,1.03,2.156,32.25,982.921,92.2,122.5,281.6,242.6,-5.481,-5.021
2026-03-20 08:58:00,3783,13.51,-6.154,-5.785,85.4,88.6,0.775,1.564,1.03,1.96,19.83,982.8849,98.4,129.4,281.3,241.5,-5.464,-5.024
2026-03-20 08:58:00,3783,13.51,-6.154,-5.785,85.4,88.6,0.775,1.564,1.03,1.96,19.83,982.8849,98.4,129.4,281.3,241.5,-5.464,-5.024
2026-03-20 08:59:00,3784,13.51,-6.204,-5.815,85.5,88.7,0.996,1.837,1.39,2.058,0.077,982.8339,98.7,129.6,281.3,240.9,-5.419,-5.029
2026-03-20 08:59:00,3784,13.51,-6.204,-5.815,85.5,88.7,0.996,1.837,1.39,2.058,0.077,982.8339,98.7,129.6,281.3,240.9,-5.419,-5.029
2026-03-20 09:00:00,3785,13.51,-6.24,-5.856,85.6,88.7,0.999,1.844,1.441,2.058,353.8,982.7855,98.6,129.4,281.3,240.4,-5.434,-5.025
2026-03-20 09:00:00,3785,13.51,-6.24,-5.856,85.6,88.7,0.999,1.844,1.441,2.058,353.8,982.7855,98.6,129.4,281.3,240.4,-5.434,-5.025
2026-03-20 09:01:00,3786,13.45,-6.275,-5.902,85.7,88.7,0.117,1.123,0.515,1.568,354.3,982.8032,95.4,125.4,280.9,240.1,-5.394,-5.027
2026-03-20 09:01:00,3786,13.45,-6.275,-5.902,85.7,88.7,0.117,1.123,0.515,1.568,354.3,982.8032,95.4,125.4,280.9,240.1,-5.394,-5.027
2026-03-20 09:02:00,3787,13.51,-6.267,-5.937,86.0,88.5,0.0,1.226,0.0,1.568,4.425,982.8008,92.0,121.2,280.7,240.0,-5.311,-5.024
2026-03-20 09:02:00,3787,13.51,-6.267,-5.937,86.0,88.5,0.0,1.226,0.0,1.568,4.425,982.8008,92.0,121.2,280.7,240.0,-5.311,-5.024
2026-03-20 09:03:00,3788,13.45,-6.274,-6.007,85.8,88.1,0.003,1.629,0.051,1.862,30.47,982.7954,89.5,118.2,280.8,239.8,-5.293,-5.023
2026-03-20 09:03:00,3788,13.45,-6.274,-6.007,85.8,88.1,0.003,1.629,0.051,1.862,30.47,982.7954,89.5,118.2,280.8,239.8,-5.293,-5.023
2026-03-20 09:04:00,3789,13.45,-6.369,-6.11,85.5,88.2,0.788,2.082,1.39,2.45,42.34,982.7892,88.9,117.3,280.9,239.3,-5.34,-5.028
2026-03-20 09:04:00,3789,13.45,-6.369,-6.11,85.5,88.2,0.788,2.082,1.39,2.45,42.34,982.7892,88.9,117.3,280.9,239.3,-5.34,-5.028
2026-03-20 09:05:00,3790,13.46,-6.477,-6.206,85.5,88.6,1.183,2.164,1.544,2.646,49.09,982.7722,91.1,119.9,281.0,238.5,-5.383,-5.036
2026-03-20 09:05:00,3790,13.46,-6.477,-6.206,85.5,88.6,1.183,2.164,1.544,2.646,49.09,982.7722,91.1,119.9,281.0,238.5,-5.383,-5.036
2026-03-20 09:06:00,3791,13.45,-6.479,-6.258,86.0,89.3,0.272,1.157,0.875,1.764,44.82,982.7393,90.5,119.3,281.1,239.0,-5.36,-5.048
2026-03-20 09:06:00,3791,13.45,-6.479,-6.258,86.0,89.3,0.272,1.157,0.875,1.764,44.82,982.7393,90.5,119.3,281.1,239.0,-5.36,-5.048
2026-03-20 09:07:00,3792,13.46,-6.41,-6.247,86.4,89.7,0.0,0.091,0.0,0.784,44.88,982.6912,90.8,119.5,280.6,239.8,-5.289,-5.054
2026-03-20 09:07:00,3792,13.46,-6.41,-6.247,86.4,89.7,0.0,0.091,0.0,0.784,44.88,982.6912,90.8,119.5,280.6,239.8,-5.289,-5.054
2026-03-20 09:08:00,3793,13.46,-6.305,-6.179,86.7,90.0,0.0,0.0,0.0,0.0,44.87,982.6745,90.2,118.7,279.8,239.9,-5.194,-5.039
2026-03-20 09:08:00,3793,13.46,-6.305,-6.179,86.7,90.0,0.0,0.0,0.0,0.0,44.87,982.6745,90.2,118.7,279.8,239.9,-5.194,-5.039
2026-03-20 09:09:00,3794,13.46,-6.174,-6.075,87.0,90.4,0.0,0.0,0.0,0.0,44.88,982.665,89.6,117.8,279.4,240.1,-5.115,-5.026
2026-03-20 09:09:00,3794,13.46,-6.174,-6.075,87.0,90.4,0.0,0.0,0.0,0.0,44.88,982.665,89.6,117.8,279.4,240.1,-5.115,-5.026
2026-03-20 09:10:00,3795,13.45,-6.097,-6.004,87.0,90.3,0.0,0.002,0.0,0.098,44.82,982.6597,91.6,120.6,279.6,240.4,-5.096,-5.014
2026-03-20 09:10:00,3795,13.45,-6.097,-6.004,87.0,90.3,0.0,0.002,0.0,0.098,44.82,982.6597,91.6,120.6,279.6,240.4,-5.096,-5.014
2026-03-20 09:11:00,3796,13.45,-6.129,-6.012,86.7,89.9,0.001,0.007,0.051,0.392,285.2,982.6318,84.3,112.3,279.9,240.6,-5.121,-5.02
2026-03-20 09:11:00,3796,13.45,-6.129,-6.012,86.7,89.9,0.001,0.007,0.051,0.392,285.2,982.6318,84.3,112.3,279.9,240.6,-5.121,-5.02
2026-03-20 09:12:00,3797,13.45,-6.126,-6.036,86.4,89.5,0.0,0.18,0.0,0.49,285.0,982.6188,83.8,111.7,279.8,240.8,-5.175,-5.037
2026-03-20 09:12:00,3797,13.45,-6.126,-6.036,86.4,89.5,0.0,0.18,0.0,0.49,285.0,982.6188,83.8,111.7,279.8,240.8,-5.175,-5.037
2026-03-20 09:13:00,3798,13.46,-6.139,-6.058,86.1,89.1,0.0,0.026,0.0,0.294,285.4,982.6225,84.6,112.6,279.4,241.4,-5.23,-5.069
2026-03-20 09:13:00,3798,13.46,-6.139,-6.058,86.1,89.1,0.0,0.026,0.0,0.294,285.4,982.6225,84.6,112.6,279.4,241.4,-5.23,-5.069
2026-03-20 09:14:00,3799,13.45,-6.153,-6.062,86.0,88.8,0.0,0.0,0.0,0.0,285.4,982.6375,86.2,114.8,278.8,241.5,-5.228,-5.087
2026-03-20 09:14:00,3799,13.45,-6.153,-6.062,86.0,88.8,0.0,0.0,0.0,0.0,285.4,982.6375,86.2,114.8,278.8,241.5,-5.228,-5.087
2026-03-20 09:15:00,3800,13.46,-6.097,-6.015,85.9,88.6,0.0,0.0,0.0,0.0,285.4,982.638,86.9,115.9,278.9,242.8,-5.184,-5.089
2026-03-20 09:15:00,3800,13.46,-6.097,-6.015,85.9,88.6,0.0,0.0,0.0,0.0,285.4,982.638,86.9,115.9,278.9,242.8,-5.184,-5.089
2026-03-20 09:16:00,3801,13.45,-6.022,-5.944,85.9,88.8,0.0,0.0,0.0,0.0,285.3,982.6005,97.8,129.1,278.9,244.8,-5.134,-5.077
2026-03-20 09:16:00,3801,13.45,-6.022,-5.944,85.9,88.8,0.0,0.0,0.0,0.0,285.3,982.6005,97.8,129.1,278.9,244.8,-5.134,-5.077
2026-03-20 09:17:00,3802,13.45,-6.025,-5.893,85.8,88.8,0.0,0.0,0.0,0.0,285.3,982.5557,102.3,135.7,279.6,246.6,-5.078,-5.053
2026-03-20 09:17:00,3802,13.45,-6.025,-5.893,85.8,88.8,0.0,0.0,0.0,0.0,285.3,982.5557,102.3,135.7,279.6,246.6,-5.078,-5.053
2026-03-20 09:18:00,3803,13.46,-6.017,-5.88,85.6,88.5,0.0,0.0,0.0,0.0,285.2,982.5267,96.4,129.5,280.1,247.3,-5.045,-5.039
2026-03-20 09:18:00,3803,13.46,-6.017,-5.88,85.6,88.5,0.0,0.0,0.0,0.0,285.2,982.5267,96.4,129.5,280.1,247.3,-5.045,-5.039
2026-03-20 09:19:00,3804,13.45,-6.007,-5.912,85.4,88.1,0.0,0.0,0.0,0.0,285.2,982.4949,97.0,130.7,280.5,248.3,-5.055,-5.032
2026-03-20 09:19:00,3804,13.45,-6.007,-5.912,85.4,88.1,0.0,0.0,0.0,0.0,285.2,982.4949,97.0,130.7,280.5,248.3,-5.055,-5.032
2026-03-20 09:20:00,3805,13.45,-6.038,-5.937,85.1,87.9,0.0,0.0,0.0,0.0,285.2,982.4927,99.2,134.3,280.5,247.9,-5.06,-5.031
2026-03-20 09:20:00,3805,13.45,-6.038,-5.937,85.1,87.9,0.0,0.0,0.0,0.0,285.2,982.4927,99.2,134.3,280.5,247.9,-5.06,-5.031
2026-03-20 09:21:00,3806,13.46,-6.117,-5.96,85.0,87.7,0.0,0.0,0.0,0.0,285.2,982.483,100.2,136.1,280.4,246.3,-5.06,-5.015
2026-03-20 09:21:00,3806,13.46,-6.117,-5.96,85.0,87.7,0.0,0.0,0.0,0.0,285.2,982.483,100.2,136.1,280.4,246.3,-5.06,-5.015
2026-03-20 09:22:00,3807,13.45,-6.147,-5.938,85.0,87.7,0.0,0.0,0.0,0.0,285.2,982.4423,99.6,135.4,280.3,245.1,-5.037,-5.001
2026-03-20 09:22:00,3807,13.45,-6.147,-5.938,85.0,87.7,0.0,0.0,0.0,0.0,285.2,982.4423,99.6,135.4,280.3,245.1,-5.037,-5.001
2026-03-20 09:23:00,3808,13.46,-6.088,-5.877,85.0,87.8,0.0,0.0,0.0,0.0,285.2,982.4183,101.4,137.9,280.0,245.2,-4.986,-4.974
2026-03-20 09:23:00,3808,13.46,-6.088,-5.877,85.0,87.8,0.0,0.0,0.0,0.0,285.2,982.4183,101.4,137.9,280.0,245.2,-4.986,-4.974
2026-03-20 09:24:00,3809,13.45,-5.968,-5.777,85.1,87.3,0.0,0.0,0.0,0.0,285.2,982.3892,104.8,143.1,280.5,245.8,-4.93,-4.951
2026-03-20 09:24:00,3809,13.45,-5.968,-5.777,85.1,87.3,0.0,0.0,0.0,0.0,285.2,982.3892,104.8,143.1,280.5,245.8,-4.93,-4.951
2026-03-20 09:25:00,3810,13.45,-5.867,-5.724,84.9,87.0,0.0,0.0,0.0,0.0,285.4,982.3301,106.6,146.0,281.1,246.0,-4.899,-4.927
2026-03-20 09:25:00,3810,13.45,-5.867,-5.724,84.9,87.0,0.0,0.0,0.0,0.0,285.4,982.3301,106.6,146.0,281.1,246.0,-4.899,-4.927
2026-03-20 09:26:00,3811,13.45,-5.842,-5.73,84.5,87.0,0.002,0.032,0.051,0.686,335.7,982.2866,106.2,145.9,281.5,248.1,-4.889,-4.91
2026-03-20 09:26:00,3811,13.45,-5.842,-5.73,84.5,87.0,0.002,0.032,0.051,0.686,335.7,982.2866,106.2,145.9,281.5,248.1,-4.889,-4.91
2026-03-20 09:27:00,3812,13.45,-5.886,-5.763,84.3,87.2,0.0,0.962,0.0,1.372,348.0,982.2644,106.0,144.9,281.9,251.2,-4.896,-4.892
2026-03-20 09:27:00,3812,13.45,-5.886,-5.763,84.3,87.2,0.0,0.962,0.0,1.372,348.0,982.2644,106.0,144.9,281.9,251.2,-4.896,-4.892
2026-03-20 09:28:00,3813,13.45,-5.958,-5.816,84.1,87.1,0.221,1.731,1.184,2.058,0.166,982.2261,107.2,146.3,282.3,251.5,-4.923,-4.874
2026-03-20 09:28:00,3813,13.45,-5.958,-5.816,84.1,87.1,0.221,1.731,1.184,2.058,0.166,982.2261,107.2,146.3,282.3,251.5,-4.923,-4.874
2026-03-20 09:29:00,3814,13.45,-6.1,-5.919,83.8,87.1,0.912,1.893,1.133,2.156,4.792,982.2227,96.9,132.6,282.6,250.0,-4.916,-4.876
2026-03-20 09:29:00,3814,13.45,-6.1,-5.919,83.8,87.1,0.912,1.893,1.133,2.156,4.792,982.2227,96.9,132.6,282.6,250.0,-4.916,-4.876
2026-03-20 09:30:00,3815,13.46,-6.319,-6.042,83.6,87.4,0.327,1.413,0.978,1.764,4.461,982.22,95.3,130.0,282.4,249.2,-4.913,-4.884
2026-03-20 09:30:00,3815,13.46,-6.319,-6.042,83.6,87.4,0.327,1.413,0.978,1.764,4.461,982.22,95.3,130.0,282.4,249.2,-4.913,-4.884
2026-03-20 09:31:00,3816,13.45,-6.438,-6.129,84.0,87.9,0.003,0.206,0.103,0.882,4.33,982.1827,95.8,130.5,282.1,247.7,-4.868,-4.881
2026-03-20 09:31:00,3816,13.45,-6.438,-6.129,84.0,87.9,0.003,0.206,0.103,0.882,4.33,982.1827,95.8,130.5,282.1,247.7,-4.868,-4.881
2026-03-20 09:32:00,3817,13.46,-6.589,-6.214,84.2,88.1,0.198,0.0,0.618,0.0,4.313,982.1494,94.9,129.2,281.9,245.1,-4.878,-4.873
2026-03-20 09:32:00,3817,13.46,-6.589,-6.214,84.2,88.1,0.198,0.0,0.618,0.0,4.313,982.1494,94.9,129.2,281.9,245.1,-4.878,-4.873
2026-03-20 09:33:00,3818,13.45,-6.717,-6.297,84.5,88.3,0.105,0.0,0.515,0.0,4.295,982.0955,89.5,121.2,281.5,240.7,-4.917,-4.883
2026-03-20 09:33:00,3818,13.45,-6.717,-6.297,84.5,88.3,0.105,0.0,0.515,0.0,4.295,982.0955,89.5,121.2,281.5,240.7,-4.917,-4.883
2026-03-20 09:34:00,3819,13.46,-6.664,-6.257,85.1,88.7,0.0,0.0,0.0,0.0,4.307,982.0762,86.6,116.6,280.5,238.5,-4.917,-4.902
2026-03-20 09:34:00,3819,13.46,-6.664,-6.257,85.1,88.7,0.0,0.0,0.0,0.0,4.307,982.0762,86.6,116.6,280.5,238.5,-4.917,-4.902
2026-03-20 09:35:00,3820,13.45,-6.554,-6.154,85.5,88.9,0.0,0.34,0.0,0.882,4.248,982.0549,85.0,113.9,280.0,237.5,-4.943,-4.909
2026-03-20 09:35:00,3820,13.45,-6.554,-6.154,85.5,88.9,0.0,0.34,0.0,0.882,4.248,982.0549,85.0,113.9,280.0,237.5,-4.943,-4.909
2026-03-20 09:36:00,3821,13.45,-6.474,-6.101,85.6,88.5,0.0,1.117,0.0,1.372,5.034,982.0703,83.4,111.5,279.9,237.2,-4.971,-4.916
2026-03-20 09:36:00,3821,13.45,-6.474,-6.101,85.6,88.5,0.0,1.117,0.0,1.372,5.034,982.0703,83.4,111.5,279.9,237.2,-4.971,-4.916
2026-03-20 09:37:00,3822,13.46,-6.442,-6.114,85.7,88.5,0.0,1.139,0.051,1.274,28.53,982.0758,82.5,110.3,279.8,237.7,-5.039,-4.926
2026-03-20 09:37:00,3822,13.46,-6.442,-6.114,85.7,88.5,0.0,1.139,0.051,1.274,28.53,982.0758,82.5,110.3,279.8,237.7,-5.039,-4.926
2026-03-20 09:38:00,3823,13.46,-6.428,-6.127,85.7,88.8,0.007,0.724,0.103,1.078,32.15,982.0603,83.3,111.6,280.1,239.6,-5.082,-4.944
2026-03-20 09:38:00,3823,13.46,-6.428,-6.127,85.7,88.8,0.007,0.724,0.103,1.078,32.15,982.0603,83.3,111.6,280.1,239.6,-5.082,-4.944
2026-03-20 09:39:00,3824,13.46,-6.396,-6.106,85.8,88.7,0.001,0.442,0.051,0.784,32.15,982.0293,82.9,111.1,279.8,241.4,-5.068,-4.953
2026-03-20 09:39:00,3824,13.46,-6.396,-6.106,85.8,88.7,0.001,0.442,0.051,0.784,32.15,982.0293,82.9,111.1,279.8,241.4,-5.068,-4.953
2026-03-20 09:40:00,3825,13.46,-6.378,-6.117,85.8,88.9,0.0,0.537,0.0,0.686,32.04,981.9922,80.5,108.0,279.5,243.3,-5.074,-4.949
2026-03-20 09:40:00,3825,13.46,-6.378,-6.117,85.8,88.9,0.0,0.537,0.0,0.686,32.04,981.9922,80.5,108.0,279.5,243.3,-5.074,-4.949
2026-03-20 09:41:00,3826,13.45,-6.311,-6.11,86.0,89.0,0.0,0.328,0.0,1.078,354.5,981.9525,77.92,104.2,280.0,245.3,-5.076,-4.948
2026-03-20 09:41:00,3826,13.45,-6.311,-6.11,86.0,89.0,0.0,0.328,0.0,1.078,354.5,981.9525,77.92,104.2,280.0,245.3,-5.076,-4.948
2026-03-20 09:42:00,3827,13.46,-6.26,-6.127,85.9,88.6,0.035,1.368,0.412,1.568,348.4,981.9379,76.91,102.5,280.6,247.6,-5.136,-4.946
2026-03-20 09:42:00,3827,13.46,-6.26,-6.127,85.9,88.6,0.035,1.368,0.412,1.568,348.4,981.9379,76.91,102.5,280.6,247.6,-5.136,-4.946
2026-03-20 09:43:00,3828,13.45,-6.273,-6.181,85.7,88.7,0.066,0.79,0.36,1.372,348.3,981.9213,76.79,102.4,281.4,251.8,-5.168,-4.953
2026-03-20 09:43:00,3828,13.45,-6.273,-6.181,85.7,88.7,0.066,0.79,0.36,1.372,348.3,981.9213,76.79,102.4,281.4,251.8,-5.168,-4.953
2026-03-20 09:44:00,3829,13.46,-6.265,-6.173,85.7,89.0,0.0,0.096,0.0,0.49,348.4,981.9139,76.16,101.5,281.5,256.8,-5.15,-4.964
2026-03-20 09:44:00,3829,13.46,-6.265,-6.173,85.7,89.0,0.0,0.096,0.0,0.49,348.4,981.9139,76.16,101.5,281.5,256.8,-5.15,-4.964
2026-03-20 09:45:00,3830,13.45,-6.246,-6.131,85.6,88.8,0.068,0.165,1.03,1.862,115.7,981.9207,74.33,98.8,282.0,258.9,-5.092,-4.961
2026-03-20 09:45:00,3830,13.45,-6.246,-6.131,85.6,88.8,0.068,0.165,1.03,1.862,115.7,981.9207,74.33,98.8,282.0,258.9,-5.092,-4.961
2026-03-20 09:46:00,3831,13.45,-6.245,-6.116,85.6,88.9,1.122,1.576,1.596,1.96,126.4,981.9142,71.75,95.3,282.8,257.5,-5.137,-4.957
2026-03-20 09:46:00,3831,13.45,-6.245,-6.116,85.6,88.9,1.122,1.576,1.596,1.96,126.4,981.9142,71.75,95.3,282.8,257.5,-5.137,-4.957
2026-03-20 09:47:00,3832,13.45,-6.186,-6.071,85.8,89.1,0.472,0.794,1.544,1.568,124.6,981.8793,67.81,90.0,282.7,255.5,-5.171,-4.961
2026-03-20 09:47:00,3832,13.45,-6.186,-6.071,85.8,89.1,0.472,0.794,1.544,1.568,124.6,981.8793,67.81,90.0,282.7,255.5,-5.171,-4.961
2026-03-20 09:48:00,3833,13.46,-6.101,-6.002,86.0,89.2,0.002,0.0,0.051,0.0,125.0,981.813,64.49,85.2,282.3,254.2,-5.168,-4.968
2026-03-20 09:48:00,3833,13.46,-6.101,-6.002,86.0,89.2,0.002,0.0,0.051,0.0,125.0,981.813,64.49,85.2,282.3,254.2,-5.168,-4.968
2026-03-20 09:49:00,3834,13.45,-6.063,-5.985,86.0,89.1,0.001,0.056,0.051,0.784,193.7,981.77,62.7,82.5,282.4,255.1,-5.149,-4.976
2026-03-20 09:49:00,3834,13.45,-6.063,-5.985,86.0,89.1,0.001,0.056,0.051,0.784,193.7,981.77,62.7,82.5,282.4,255.1,-5.149,-4.976
2026-03-20 09:50:00,3835,13.45,-6.002,-5.952,86.0,89.2,0.008,0.661,0.206,0.784,241.6,981.7092,61.09,80.1,282.5,255.5,-5.163,-4.983
2026-03-20 09:50:00,3835,13.45,-6.002,-5.952,86.0,89.2,0.008,0.661,0.206,0.784,241.6,981.7092,61.09,80.1,282.5,255.5,-5.163,-4.983
2026-03-20 09:51:00,3836,13.45,-5.889,-5.846,86.2,89.4,0.001,0.271,0.051,0.686,270.0,981.648,58.66,76.63,282.5,254.3,-5.179,-5.0
2026-03-20 09:51:00,3836,13.45,-5.889,-5.846,86.2,89.4,0.001,0.271,0.051,0.686,270.0,981.648,58.66,76.63,282.5,254.3,-5.179,-5.0
2026-03-20 09:52:00,3837,13.46,-5.747,-5.702,86.2,89.4,0.003,0.103,0.051,0.49,283.7,981.6504,57.71,75.16,282.4,254.7,-5.222,-5.01
2026-03-20 09:52:00,3837,13.46,-5.747,-5.702,86.2,89.4,0.003,0.103,0.051,0.49,283.7,981.6504,57.71,75.16,282.4,254.7,-5.222,-5.01
2026-03-20 09:53:00,3838,13.46,-5.696,-5.622,85.4,88.4,0.079,0.952,0.772,1.568,17.72,981.6738,58.77,76.71,282.4,257.0,-5.269,-5.017
2026-03-20 09:53:00,3838,13.46,-5.696,-5.622,85.4,88.4,0.079,0.952,0.772,1.568,17.72,981.6738,58.77,76.71,282.4,257.0,-5.269,-5.017
2026-03-20 09:54:00,3839,13.45,-5.852,-5.673,84.5,88.0,0.441,1.059,1.184,1.47,21.26,981.6497,60.33,79.33,282.7,259.2,-5.344,-5.027
2026-03-20 09:54:00,3839,13.45,-5.852,-5.673,84.5,88.0,0.441,1.059,1.184,1.47,21.26,981.6497,60.33,79.33,282.7,259.2,-5.344,-5.027
2026-03-20 09:55:00,3840,13.46,-5.956,-5.706,84.3,88.1,0.0,0.212,0.0,0.784,21.25,981.6143,60.53,80.0,282.9,259.4,-5.344,-5.04
2026-03-20 09:55:00,3840,13.46,-5.956,-5.706,84.3,88.1,0.0,0.212,0.0,0.784,21.25,981.6143,60.53,80.0,282.9,259.4,-5.344,-5.04
2026-03-20 09:56:00,3841,13.46,-6.044,-5.732,84.3,87.8,0.008,0.0,0.206,0.0,106.6,981.5894,58.66,77.56,282.7,256.8,-5.336,-5.037
2026-03-20 09:56:00,3841,13.46,-6.044,-5.732,84.3,87.8,0.008,0.0,0.206,0.0,106.6,981.5894,58.66,77.56,282.7,256.8,-5.336,-5.037
2026-03-20 09:57:00,3842,13.45,-6.041,-5.779,84.9,87.9,0.0,0.0,0.0,0.0,115.9,981.5385,56.47,74.37,282.4,253.7,-5.32,-5.039
2026-03-20 09:57:00,3842,13.45,-6.041,-5.779,84.9,87.9,0.0,0.0,0.0,0.0,115.9,981.5385,56.47,74.37,282.4,253.7,-5.32,-5.039
2026-03-20 09:58:00,3843,13.45,-5.934,-5.741,85.3,88.1,0.0,0.0,0.0,0.0,115.8,981.5034,55.13,72.28,282.0,253.4,-5.305,-5.046
2026-03-20 09:58:00,3843,13.45,-5.934,-5.741,85.3,88.1,0.0,0.0,0.0,0.0,115.8,981.5034,55.13,72.28,282.0,253.4,-5.305,-5.046
2026-03-20 09:59:00,3844,13.46,-5.838,-5.679,85.6,88.2,0.0,0.0,0.0,0.0,115.8,981.4789,55.19,72.13,281.7,255.7,-5.273,-5.051
2026-03-20 09:59:00,3844,13.46,-5.838,-5.679,85.6,88.2,0.0,0.0,0.0,0.0,115.8,981.4789,55.19,72.13,281.7,255.7,-5.273,-5.051
2026-03-20 10:00:00,3845,13.45,-5.753,-5.611,85.6,88.1,0.0,0.013,0.0,0.588,15.93,981.4827,56.19,73.51,282.0,257.6,-5.264,-5.051
2026-03-20 10:00:00,3845,13.45,-5.753,-5.611,85.6,88.1,0.0,0.013,0.0,0.588,15.93,981.4827,56.19,73.51,282.0,257.6,-5.264,-5.051
2026-03-20 10:01:00,3846,13.45,-5.702,-5.581,85.1,87.2,0.389,1.254,1.39,1.862,6.016,981.4771,56.8,74.64,282.5,258.0,-5.294,-5.045
2026-03-20 10:01:00,3846,13.45,-5.702,-5.581,85.1,87.2,0.389,1.254,1.39,1.862,6.016,981.4771,56.8,74.64,282.5,258.0,-5.294,-5.045
2026-03-20 10:02:00,3847,13.45,-5.809,-5.676,84.3,86.6,0.461,0.986,0.978,1.274,341.6,981.4434,56.59,74.41,282.9,259.7,-5.36,-5.045
2026-03-20 10:02:00,3847,13.45,-5.809,-5.676,84.3,86.6,0.461,0.986,0.978,1.274,341.6,981.4434,56.59,74.41,282.9,259.7,-5.36,-5.045
2026-03-20 10:03:00,3848,13.45,-5.909,-5.744,84.2,87.1,0.005,0.59,0.154,0.882,342.0,981.4061,57.11,75.16,283.4,264.5,-5.388,-5.056
2026-03-20 10:03:00,3848,13.45,-5.909,-5.744,84.2,87.1,0.005,0.59,0.154,0.882,342.0,981.4061,57.11,75.16,283.4,264.5,-5.388,-5.056
2026-03-20 10:04:00,3849,13.45,-5.936,-5.732,84.2,87.2,0.003,0.416,0.103,0.882,21.76,981.4153,57.47,75.79,283.8,268.1,-5.371,-5.061
2026-03-20 10:04:00,3849,13.45,-5.936,-5.732,84.2,87.2,0.003,0.416,0.103,0.882,21.76,981.4153,57.47,75.79,283.8,268.1,-5.371,-5.061
2026-03-20 10:05:00,3850,13.45,-5.976,-5.722,84.1,86.8,0.003,1.363,0.051,1.96,354.1,981.3649,57.15,75.55,284.2,269.9,-5.357,-5.057
2026-03-20 10:05:00,3850,13.45,-5.976,-5.722,84.1,86.8,0.003,1.363,0.051,1.96,354.1,981.3649,57.15,75.55,284.2,269.9,-5.357,-5.057
2026-03-20 10:06:00,3851,13.45,-6.021,-5.769,84.2,87.0,0.552,1.366,1.133,1.96,350.7,981.313,57.31,75.82,284.5,269.3,-5.369,-5.044
2026-03-20 10:06:00,3851,13.45,-6.021,-5.769,84.2,87.0,0.552,1.366,1.133,1.96,350.7,981.313,57.31,75.82,284.5,269.3,-5.369,-5.044
2026-03-20 10:07:00,3852,13.46,-6.012,-5.753,84.4,87.3,0.027,0.45,0.257,0.784,334.1,981.2637,57.3,76.05,284.8,268.1,-5.37,-5.033
2026-03-20 10:07:00,3852,13.46,-6.012,-5.753,84.4,87.3,0.027,0.45,0.257,0.784,334.1,981.2637,57.3,76.05,284.8,268.1,-5.37,-5.033
2026-03-20 10:08:00,3853,13.45,-5.958,-5.64,84.8,87.8,0.424,1.198,1.544,1.568,293.5,981.1683,58.09,77.06,285.0,268.4,-5.361,-5.018
2026-03-20 10:08:00,3853,13.45,-5.958,-5.64,84.8,87.8,0.424,1.198,1.544,1.568,293.5,981.1683,58.09,77.06,285.0,268.4,-5.361,-5.018
2026-03-20 10:09:00,3854,13.46,-5.838,-5.462,84.7,87.0,0.645,0.918,1.39,1.568,254.9,981.163,59.06,78.6,285.1,267.0,-5.387,-5.012
2026-03-20 10:09:00,3854,13.46,-5.838,-5.462,84.7,87.0,0.645,0.918,1.39,1.568,254.9,981.163,59.06,78.6,285.1,267.0,-5.387,-5.012
2026-03-20 10:10:00,3855,13.45,-6.019,-5.66,83.6,84.3,0.373,1.537,1.39,2.254,187.4,981.2098,59.27,78.98,284.5,263.5,-5.412,-5.02
2026-03-20 10:10:00,3855,13.45,-6.019,-5.66,83.6,84.3,0.373,1.537,1.39,2.254,187.4,981.2098,59.27,78.98,284.5,263.5,-5.412,-5.02
2026-03-20 10:11:00,3856,13.45,-6.233,-5.915,83.6,85.5,1.412,1.748,2.214,2.156,212.5,981.1589,59.49,79.35,284.7,262.9,-5.448,-5.031
2026-03-20 10:11:00,3856,13.45,-6.233,-5.915,83.6,85.5,1.412,1.748,2.214,2.156,212.5,981.1589,59.49,79.35,284.7,262.9,-5.448,-5.031
2026-03-20 10:12:00,3857,13.45,-6.287,-6.021,84.1,86.6,0.527,1.066,1.493,1.568,225.5,981.1104,59.36,79.11,284.6,262.1,-5.471,-5.043
2026-03-20 10:12:00,3857,13.45,-6.287,-6.021,84.1,86.6,0.527,1.066,1.493,1.568,225.5,981.1104,59.36,79.11,284.6,262.1,-5.471,-5.043
2026-03-20 10:13:00,3858,13.46,-6.283,-6.038,84.6,87.4,0.006,0.2,0.154,0.686,225.5,981.0797,58.55,77.91,284.2,261.1,-5.473,-5.053
2026-03-20 10:13:00,3858,13.46,-6.283,-6.038,84.6,87.4,0.006,0.2,0.154,0.686,225.5,981.0797,58.55,77.91,284.2,261.1,-5.473,-5.053
2026-03-20 10:14:00,3859,13.45,-6.208,-5.993,85.1,87.8,0.0,0.067,0.0,0.49,270.0,981.0414,57.8,76.64,283.9,262.0,-5.451,-5.048
2026-03-20 10:14:00,3859,13.45,-6.208,-5.993,85.1,87.8,0.0,0.067,0.0,0.49,270.0,981.0414,57.8,76.64,283.9,262.0,-5.451,-5.048
2026-03-20 10:15:00,3860,13.46,-6.139,-5.947,85.2,87.9,0.001,0.556,0.051,1.078,287.0,981.011,58.09,76.91,284.2,263.5,-5.452,-5.039
2026-03-20 10:15:00,3860,13.46,-6.139,-5.947,85.2,87.9,0.001,0.556,0.051,1.078,287.0,981.011,58.09,76.91,284.2,263.5,-5.452,-5.039
2026-03-20 10:16:00,3861,13.45,-6.093,-5.948,85.2,87.7,0.0,0.64,0.0,0.882,285.0,981.0069,58.14,77.09,284.3,263.2,-5.451,-5.032
2026-03-20 10:16:00,3861,13.45,-6.093,-5.948,85.2,87.7,0.0,0.64,0.0,0.882,285.0,981.0069,58.14,77.09,284.3,263.2,-5.451,-5.032
2026-03-20 10:17:00,3862,13.46,-6.099,-5.988,85.1,87.5,0.0,0.731,0.0,0.98,274.1,981.0173,57.87,76.74,284.1,263.7,-5.434,-5.024
2026-03-20 10:17:00,3862,13.46,-6.099,-5.988,85.1,87.5,0.0,0.731,0.0,0.98,274.1,981.0173,57.87,76.74,284.1,263.7,-5.434,-5.024
2026-03-20 10:18:00,3863,13.46,-6.136,-6.049,84.9,87.4,0.0,0.645,0.0,0.784,277.3,980.9996,57.33,75.93,284.2,265.5,-5.415,-5.013
2026-03-20 10:18:00,3863,13.46,-6.136,-6.049,84.9,87.4,0.0,0.645,0.0,0.784,277.3,980.9996,57.33,75.93,284.2,265.5,-5.415,-5.013
2026-03-20 10:19:00,3864,13.45,-6.179,-6.126,84.7,87.3,0.0,0.919,0.0,1.078,272.3,980.9688,57.2,75.64,284.5,267.1,-5.416,-5.003
2026-03-20 10:19:00,3864,13.45,-6.179,-6.126,84.7,87.3,0.0,0.919,0.0,1.078,272.3,980.9688,57.2,75.64,284.5,267.1,-5.416,-5.003
2026-03-20 10:20:00,3865,13.45,-6.249,-6.197,84.5,87.5,0.123,1.197,0.618,1.372,254.5,980.9603,57.58,76.18,284.7,266.8,-5.431,-5.0
2026-03-20 10:20:00,3865,13.45,-6.249,-6.197,84.5,87.5,0.123,1.197,0.618,1.372,254.5,980.9603,57.58,76.18,284.7,266.8,-5.431,-5.0
2026-03-20 10:21:00,3866,13.46,-6.345,-6.238,84.4,87.8,0.874,1.55,1.338,1.764,246.6,980.9551,58.13,77.27,284.6,264.2,-5.463,-4.999
2026-03-20 10:21:00,3866,13.46,-6.345,-6.238,84.4,87.8,0.874,1.55,1.338,1.764,246.6,980.9551,58.13,77.27,284.6,264.2,-5.463,-4.999
2026-03-20 10:22:00,3867,13.45,-6.389,-6.26,84.7,88.3,0.91,1.398,1.287,1.666,244.0,980.9255,58.12,77.27,284.4,261.8,-5.496,-5.002
2026-03-20 10:22:00,3867,13.45,-6.389,-6.26,84.7,88.3,0.91,1.398,1.287,1.666,244.0,980.9255,58.12,77.27,284.4,261.8,-5.496,-5.002
2026-03-20 10:23:00,3868,13.46,-6.425,-6.323,84.8,88.2,1.348,1.856,1.75,2.058,252.4,980.8834,57.62,76.58,284.3,260.7,-5.543,-5.011
2026-03-20 10:23:00,3868,13.46,-6.425,-6.323,84.8,88.2,1.348,1.856,1.75,2.058,252.4,980.8834,57.62,76.58,284.3,260.7,-5.543,-5.011
2026-03-20 10:24:00,3869,13.46,-6.439,-6.38,85.1,88.5,1.168,1.678,1.699,1.96,267.4,980.8337,57.16,75.94,284.4,261.1,-5.584,-5.027
2026-03-20 10:24:00,3869,13.46,-6.439,-6.38,85.1,88.5,1.168,1.678,1.699,1.96,267.4,980.8337,57.16,75.94,284.4,261.1,-5.584,-5.027
2026-03-20 10:25:00,3870,13.46,-6.419,-6.39,85.4,88.9,1.47,1.846,1.802,2.058,268.9,980.8008,57.52,76.27,284.5,262.4,-5.621,-5.049
2026-03-20 10:25:00,3870,13.46,-6.419,-6.39,85.4,88.9,1.47,1.846,1.802,2.058,268.9,980.8008,57.52,76.27,284.5,262.4,-5.621,-5.049
2026-03-20 10:26:00,3871,13.45,-6.387,-6.336,85.7,89.5,1.464,1.85,1.853,1.96,268.8,980.7986,57.05,75.51,284.7,264.2,-5.647,-5.066
2026-03-20 10:26:00,3871,13.45,-6.387,-6.336,85.7,89.5,1.464,1.85,1.853,1.96,268.8,980.7986,57.05,75.51,284.7,264.2,-5.647,-5.066
2026-03-20 10:27:00,3872,13.45,-6.363,-6.246,85.8,89.6,1.099,1.844,1.596,1.96,270.2,980.8046,56.88,75.12,284.9,264.9,-5.662,-5.086
2026-03-20 10:27:00,3872,13.45,-6.363,-6.246,85.8,89.6,1.099,1.844,1.596,1.96,270.2,980.8046,56.88,75.12,284.9,264.9,-5.662,-5.086
2026-03-20 10:28:00,3873,13.46,-6.375,-6.176,85.8,89.7,1.55,1.874,1.853,2.156,271.7,980.7693,56.78,74.93,284.8,264.8,-5.693,-5.098
2026-03-20 10:28:00,3873,13.46,-6.375,-6.176,85.8,89.7,1.55,1.874,1.853,2.156,271.7,980.7693,56.78,74.93,284.8,264.8,-5.693,-5.098
2026-03-20 10:29:00,3874,13.46,-6.394,-6.203,85.7,89.0,0.924,1.733,1.647,2.058,263.0,980.7507,56.99,75.25,284.8,265.5,-5.716,-5.11
2026-03-20 10:29:00,3874,13.46,-6.394,-6.203,85.7,89.0,0.924,1.733,1.647,2.058,263.0,980.7507,56.99,75.25,284.8,265.5,-5.716,-5.11
2026-03-20 10:30:00,3875,13.45,-6.449,-6.263,85.6,89.1,1.043,1.744,1.493,2.058,256.6,980.7424,57.59,76.06,284.9,268.1,-5.721,-5.114
2026-03-20 10:30:00,3875,13.45,-6.449,-6.263,85.6,89.1,1.043,1.744,1.493,2.058,256.6,980.7424,57.59,76.06,284.9,268.1,-5.721,-5.114
2026-03-20 10:31:00,3876,13.45,-6.439,-6.213,85.8,89.3,1.486,1.917,1.853,2.254,251.2,980.7198,58.55,77.41,285.3,270.3,-5.712,-5.116
2026-03-20 10:31:00,3876,13.45,-6.439,-6.213,85.8,89.3,1.486,1.917,1.853,2.254,251.2,980.7198,58.55,77.41,285.3,270.3,-5.712,-5.116
2026-03-20 10:32:00,3877,13.46,-6.472,-6.288,85.7,88.8,1.483,2.112,1.853,2.254,247.8,980.6973,58.75,77.75,285.5,269.5,-5.735,-5.111
2026-03-20 10:32:00,3877,13.46,-6.472,-6.288,85.7,88.8,1.483,2.112,1.853,2.254,247.8,980.6973,58.75,77.75,285.5,269.5,-5.735,-5.111
2026-03-20 10:33:00,3878,13.45,-6.552,-6.429,85.6,88.7,1.476,2.165,1.802,2.45,260.7,980.6785,58.44,77.51,285.4,269.1,-5.759,-5.113
2026-03-20 10:33:00,3878,13.45,-6.552,-6.429,85.6,88.7,1.476,2.165,1.802,2.45,260.7,980.6785,58.44,77.51,285.4,269.1,-5.759,-5.113
2026-03-20 10:34:00,3879,13.46,-6.579,-6.416,85.9,89.6,1.73,2.449,2.008,2.646,267.0,980.6483,58.91,77.92,285.6,269.6,-5.777,-5.117
2026-03-20 10:34:00,3879,13.46,-6.579,-6.416,85.9,89.6,1.73,2.449,2.008,2.646,267.0,980.6483,58.91,77.92,285.6,269.6,-5.777,-5.117
2026-03-20 10:35:00,3880,13.45,-6.509,-6.31,86.3,90.0,1.656,2.426,2.111,2.646,261.5,980.6334,59.62,78.88,285.9,270.2,-5.782,-5.121
2026-03-20 10:35:00,3880,13.45,-6.509,-6.31,86.3,90.0,1.656,2.426,2.111,2.646,261.5,980.6334,59.62,78.88,285.9,270.2,-5.782,-5.121
2026-03-20 10:36:00,3881,13.45,-6.448,-6.278,86.4,89.8,0.707,2.051,1.493,2.352,263.7,980.6259,60.85,80.4,286.0,270.8,-5.768,-5.119
2026-03-20 10:36:00,3881,13.45,-6.448,-6.278,86.4,89.8,0.707,2.051,1.493,2.352,263.7,980.6259,60.85,80.4,286.0,270.8,-5.768,-5.119
2026-03-20 10:37:00,3882,13.45,-6.423,-6.268,86.5,89.7,1.64,2.676,2.368,3.038,268.6,980.5803,61.89,81.7,286.2,271.8,-5.747,-5.108
2026-03-20 10:37:00,3882,13.45,-6.423,-6.268,86.5,89.7,1.64,2.676,2.368,3.038,268.6,980.5803,61.89,81.7,286.2,271.8,-5.747,-5.108
2026-03-20 10:38:00,3883,13.46,-6.319,-6.13,86.6,89.7,2.293,3.033,2.677,3.332,266.6,980.5283,63.2,83.5,286.7,272.9,-5.721,-5.101
2026-03-20 10:38:00,3883,13.46,-6.319,-6.13,86.6,89.7,2.293,3.033,2.677,3.332,266.6,980.5283,63.2,83.5,286.7,272.9,-5.721,-5.101
2026-03-20 10:39:00,3884,13.46,-6.219,-6.06,86.5,89.1,2.098,2.98,2.523,3.234,266.0,980.5056,64.7,85.4,287.0,273.7,-5.689,-5.091
2026-03-20 10:39:00,3884,13.46,-6.219,-6.06,86.5,89.1,2.098,2.98,2.523,3.234,266.0,980.5056,64.7,85.4,287.0,273.7,-5.689,-5.091
2026-03-20 10:40:00,3885,13.45,-6.167,-5.961,86.3,88.8,1.883,2.799,2.317,3.136,264.0,980.5002,65.82,86.9,287.2,274.6,-5.654,-5.081
2026-03-20 10:40:00,3885,13.45,-6.167,-5.961,86.3,88.8,1.883,2.799,2.317,3.136,264.0,980.5002,65.82,86.9,287.2,274.6,-5.654,-5.081
2026-03-20 10:41:00,3886,13.46,-6.131,-5.948,86.0,88.0,1.764,2.539,2.059,2.94,268.3,980.488,66.76,88.1,287.4,275.2,-5.623,-5.064
2026-03-20 10:41:00,3886,13.46,-6.131,-5.948,86.0,88.0,1.764,2.539,2.059,2.94,268.3,980.488,66.76,88.1,287.4,275.2,-5.623,-5.064
2026-03-20 10:42:00,3887,13.45,-6.125,-5.951,85.8,88.1,1.878,2.814,2.523,3.234,267.9,980.4494,67.7,89.4,287.6,276.1,-5.593,-5.047
2026-03-20 10:42:00,3887,13.45,-6.125,-5.951,85.8,88.1,1.878,2.814,2.523,3.234,267.9,980.4494,67.7,89.4,287.6,276.1,-5.593,-5.047
2026-03-20 10:43:00,3888,13.46,-6.111,-5.953,85.6,88.0,1.874,2.745,2.111,2.94,257.5,980.4306,68.8,90.9,287.8,276.8,-5.563,-5.031
2026-03-20 10:43:00,3888,13.46,-6.111,-5.953,85.6,88.0,1.874,2.745,2.111,2.94,257.5,980.4306,68.8,90.9,287.8,276.8,-5.563,-5.031
2026-03-20 10:44:00,3889,13.46,-6.135,-5.985,85.5,87.7,1.897,2.521,2.625,2.94,226.2,980.425,69.99,92.5,287.8,276.9,-5.538,-5.02
2026-03-20 10:44:00,3889,13.46,-6.135,-5.985,85.5,87.7,1.897,2.521,2.625,2.94,226.2,980.425,69.99,92.5,287.8,276.9,-5.538,-5.02
2026-03-20 10:45:00,3890,13.46,-6.195,-6.089,85.4,87.8,2.008,2.588,2.523,2.842,236.4,980.4089,70.94,93.9,287.9,277.4,-5.52,-5.0
2026-03-20 10:45:00,3890,13.46,-6.195,-6.089,85.4,87.8,2.008,2.588,2.523,2.842,236.4,980.4089,70.94,93.9,287.9,277.4,-5.52,-5.0
2026-03-20 10:46:00,3891,13.46,-6.223,-6.134,85.5,88.4,1.556,2.391,2.008,2.744,242.8,980.3802,71.71,94.9,288.1,278.8,-5.488,-4.976
2026-03-20 10:46:00,3891,13.46,-6.223,-6.134,85.5,88.4,1.556,2.391,2.008,2.744,242.8,980.3802,71.71,94.9,288.1,278.8,-5.488,-4.976
2026-03-20 10:47:00,3892,13.46,-6.214,-6.141,85.6,88.5,1.21,2.0,1.647,2.156,247.8,980.3793,72.48,95.8,288.4,280.5,-5.453,-4.953
2026-03-20 10:47:00,3892,13.46,-6.214,-6.141,85.6,88.5,1.21,2.0,1.647,2.156,247.8,980.3793,72.48,95.8,288.4,280.5,-5.453,-4.953
2026-03-20 10:48:00,3893,13.46,-6.2,-6.146,85.7,88.8,1.386,2.326,2.059,2.842,259.1,980.325,74.38,98.2,288.8,282.6,-5.412,-4.924
2026-03-20 10:48:00,3893,13.46,-6.2,-6.146,85.7,88.8,1.386,2.326,2.059,2.842,259.1,980.325,74.38,98.2,288.8,282.6,-5.412,-4.924
2026-03-20 10:49:00,3894,13.45,-6.161,-6.071,85.9,89.0,1.634,2.408,2.059,2.842,269.1,980.2908,77.14,102.1,289.2,283.6,-5.382,-4.896
2026-03-20 10:49:00,3894,13.45,-6.161,-6.071,85.9,89.0,1.634,2.408,2.059,2.842,269.1,980.2908,77.14,102.1,289.2,283.6,-5.382,-4.896
2026-03-20 10:50:00,3895,13.45,-6.109,-6.033,86.0,89.0,1.509,2.498,2.059,2.94,268.7,980.2446,79.96,106.2,289.5,283.9,-5.345,-4.872
2026-03-20 10:50:00,3895,13.45,-6.109,-6.033,86.0,89.0,1.509,2.498,2.059,2.94,268.7,980.2446,79.96,106.2,289.5,283.9,-5.345,-4.872
2026-03-20 10:51:00,3896,13.46,-6.059,-5.969,86.0,89.0,1.711,2.59,2.059,2.94,272.2,980.2114,82.5,109.8,289.7,283.6,-5.303,-4.845
2026-03-20 10:51:00,3896,13.46,-6.059,-5.969,86.0,89.0,1.711,2.59,2.059,2.94,272.2,980.2114,82.5,109.8,289.7,283.6,-5.303,-4.845
2026-03-20 10:52:00,3897,13.46,-5.978,-5.892,86.1,89.0,1.802,2.781,2.368,3.136,271.2,980.205,84.8,112.9,290.1,284.0,-5.232,-4.814
2026-03-20 10:52:00,3897,13.46,-5.978,-5.892,86.1,89.0,1.802,2.781,2.368,3.136,271.2,980.205,84.8,112.9,290.1,284.0,-5.232,-4.814
2026-03-20 10:53:00,3898,13.46,-5.872,-5.699,86.2,88.6,2.125,2.917,2.78,3.136,280.3,980.191,87.3,116.3,290.4,284.8,-5.165,-4.775
2026-03-20 10:53:00,3898,13.46,-5.872,-5.699,86.2,88.6,2.125,2.917,2.78,3.136,280.3,980.191,87.3,116.3,290.4,284.8,-5.165,-4.775
2026-03-20 10:54:00,3899,13.45,-5.779,-5.638,85.9,87.3,2.092,2.743,2.368,3.234,281.4,980.1796,89.6,119.4,290.6,284.8,-5.104,-4.742
2026-03-20 10:54:00,3899,13.45,-5.779,-5.638,85.9,87.3,2.092,2.743,2.368,3.234,281.4,980.1796,89.6,119.4,290.6,284.8,-5.104,-4.742
2026-03-20 10:55:00,3900,13.45,-5.758,-5.672,85.6,87.3,2.067,2.781,2.883,3.43,280.8,980.1509,91.5,122.0,290.8,285.3,-5.058,-4.704
2026-03-20 10:55:00,3900,13.45,-5.758,-5.672,85.6,87.3,2.067,2.781,2.883,3.43,280.8,980.1509,91.5,122.0,290.8,285.3,-5.058,-4.704
2026-03-20 10:56:00,3901,13.45,-5.725,-5.679,85.6,87.5,2.006,2.787,2.317,3.136,276.7,980.1135,93.4,124.8,291.0,285.4,-5.011,-4.676
2026-03-20 10:56:00,3901,13.45,-5.725,-5.679,85.6,87.5,2.006,2.787,2.317,3.136,276.7,980.1135,93.4,124.8,291.0,285.4,-5.011,-4.676
2026-03-20 10:57:00,3902,13.46,-5.683,-5.655,85.6,87.7,1.887,2.555,2.42,3.038,268.1,980.121,94.7,126.6,291.3,285.3,-4.934,-4.639
2026-03-20 10:57:00,3902,13.46,-5.683,-5.655,85.6,87.7,1.887,2.555,2.42,3.038,268.1,980.121,94.7,126.6,291.3,285.3,-4.934,-4.639
2026-03-20 10:58:00,3903,13.46,-5.616,-5.624,85.5,87.7,2.251,2.923,2.728,3.234,267.8,980.0599,95.3,127.5,291.5,285.7,-4.865,-4.606
2026-03-20 10:58:00,3903,13.46,-5.616,-5.624,85.5,87.7,2.251,2.923,2.728,3.234,267.8,980.0599,95.3,127.5,291.5,285.7,-4.865,-4.606
2026-03-20 10:59:00,3904,13.45,-5.57,-5.599,85.4,87.6,2.163,2.83,2.523,3.234,272.2,980.0211,95.3,127.3,291.7,285.4,-4.812,-4.575
2026-03-20 10:59:00,3904,13.45,-5.57,-5.599,85.4,87.6,2.163,2.83,2.523,3.234,272.2,980.0211,95.3,127.3,291.7,285.4,-4.812,-4.575
2026-03-20 11:00:00,3905,13.46,-5.554,-5.604,85.3,87.6,2.112,2.778,2.523,3.136,282.9,980.0517,94.2,125.9,291.6,284.6,-4.781,-4.548
2026-03-20 11:00:00,3905,13.46,-5.554,-5.604,85.3,87.6,2.112,2.778,2.523,3.136,282.9,980.0517,94.2,125.9,291.6,284.6,-4.781,-4.548
2026-03-20 11:01:00,3906,13.46,-5.569,-5.632,85.2,88.0,2.556,3.297,3.037,3.626,278.6,980.0286,92.8,124.0,291.6,284.5,-4.756,-4.527
2026-03-20 11:01:00,3906,13.46,-5.569,-5.632,85.2,88.0,2.556,3.297,3.037,3.626,278.6,980.0286,92.8,124.0,291.6,284.5,-4.756,-4.527
2026-03-20 11:02:00,3907,13.45,-5.596,-5.597,85.2,88.2,2.629,3.429,3.037,3.626,281.4,979.9848,91.2,121.8,291.5,284.3,-4.756,-4.517
2026-03-20 11:02:00,3907,13.45,-5.596,-5.597,85.2,88.2,2.629,3.429,3.037,3.626,281.4,979.9848,91.2,121.8,291.5,284.3,-4.756,-4.517
2026-03-20 11:03:00,3908,13.46,-5.597,-5.552,85.4,88.1,2.531,3.331,2.883,3.626,281.2,979.9689,90.0,120.2,291.5,283.6,-4.733,-4.506
2026-03-20 11:03:00,3908,13.46,-5.597,-5.552,85.4,88.1,2.531,3.331,2.883,3.626,281.2,979.9689,90.0,120.2,291.5,283.6,-4.733,-4.506
2026-03-20 11:04:00,3909,13.46,-5.563,-5.502,85.6,87.9,2.255,3.085,2.677,3.528,277.4,979.9515,89.4,119.6,291.6,283.4,-4.699,-4.492
2026-03-20 11:04:00,3909,13.46,-5.563,-5.502,85.6,87.9,2.255,3.085,2.677,3.528,277.4,979.9515,89.4,119.6,291.6,283.4,-4.699,-4.492
2026-03-20 11:05:00,3910,13.45,-5.506,-5.446,85.7,87.8,2.036,2.916,2.42,3.136,277.7,979.9387,89.7,120.0,291.8,283.6,-4.656,-4.473
2026-03-20 11:05:00,3910,13.45,-5.506,-5.446,85.7,87.8,2.036,2.916,2.42,3.136,277.7,979.9387,89.7,120.0,291.8,283.6,-4.656,-4.473
2026-03-20 11:06:00,3911,13.45,-5.413,-5.34,85.7,87.2,1.824,2.541,2.214,2.94,278.5,979.9344,90.1,120.6,292.0,283.1,-4.592,-4.446
2026-03-20 11:06:00,3911,13.45,-5.413,-5.34,85.7,87.2,1.824,2.541,2.214,2.94,278.5,979.9344,90.1,120.6,292.0,283.1,-4.592,-4.446
2026-03-20 11:07:00,3912,13.46,-5.309,-5.253,85.5,86.4,1.905,2.594,2.317,2.94,293.4,979.9151,90.5,121.3,292.2,282.5,-4.527,-4.418
2026-03-20 11:07:00,3912,13.46,-5.309,-5.253,85.5,86.4,1.905,2.594,2.317,2.94,293.4,979.9151,90.5,121.3,292.2,282.5,-4.527,-4.418
2026-03-20 11:08:00,3913,13.46,-5.221,-5.209,85.2,85.8,2.078,2.812,2.625,3.136,289.5,979.8741,91.1,122.2,292.2,281.9,-4.478,-4.39
2026-03-20 11:08:00,3913,13.46,-5.221,-5.209,85.2,85.8,2.078,2.812,2.625,3.136,289.5,979.8741,91.1,122.2,292.2,281.9,-4.478,-4.39
2026-03-20 11:09:00,3914,13.45,-5.177,-5.149,84.9,85.2,2.266,3.053,2.625,3.234,281.4,979.8438,91.6,123.0,292.3,281.9,-4.434,-4.364
2026-03-20 11:09:00,3914,13.45,-5.177,-5.149,84.9,85.2,2.266,3.053,2.625,3.234,281.4,979.8438,91.6,123.0,292.3,281.9,-4.434,-4.364
2026-03-20 11:10:00,3915,13.46,-5.115,-4.969,84.5,82.3,2.391,3.108,2.728,3.234,273.9,979.7935,92.1,123.8,292.4,280.9,-4.382,-4.338
2026-03-20 11:10:00,3915,13.46,-5.115,-4.969,84.5,82.3,2.391,3.108,2.728,3.234,273.9,979.7935,92.1,123.8,292.4,280.9,-4.382,-4.338
2026-03-20 11:11:00,3916,13.46,-5.027,-4.76,84.1,79.68,2.199,2.97,2.471,3.136,271.5,979.7856,93.9,126.4,292.5,280.2,-4.332,-4.317
2026-03-20 11:11:00,3916,13.46,-5.027,-4.76,84.1,79.68,2.199,2.97,2.471,3.136,271.5,979.7856,93.9,126.4,292.5,280.2,-4.332,-4.317
2026-03-20 11:12:00,3917,13.46,-4.94,-4.595,83.6,78.55,1.847,2.595,2.162,2.94,272.4,979.7864,95.5,128.9,292.6,279.7,-4.27,-4.292
2026-03-20 11:12:00,3917,13.46,-4.94,-4.595,83.6,78.55,1.847,2.595,2.162,2.94,272.4,979.7864,95.5,128.9,292.6,279.7,-4.27,-4.292
2026-03-20 11:13:00,3918,13.46,-4.867,-4.601,83.3,78.95,1.688,2.389,2.008,2.548,270.3,979.7677,95.9,129.4,292.6,279.4,-4.207,-4.269
2026-03-20 11:13:00,3918,13.46,-4.867,-4.601,83.3,78.95,1.688,2.389,2.008,2.548,270.3,979.7677,95.9,129.4,292.6,279.4,-4.207,-4.269
2026-03-20 11:14:00,3919,13.45,-4.819,-4.628,82.9,79.27,1.753,2.31,2.008,2.646,270.6,979.7432,96.0,129.7,292.7,279.3,-4.147,-4.246
2026-03-20 11:14:00,3919,13.45,-4.819,-4.628,82.9,79.27,1.753,2.31,2.008,2.646,270.6,979.7432,96.0,129.7,292.7,279.3,-4.147,-4.246
2026-03-20 11:15:00,3920,13.46,-4.812,-4.653,82.7,79.17,1.883,2.656,2.214,2.94,270.2,979.7382,94.5,127.6,292.7,279.9,-4.116,-4.226
2026-03-20 11:15:00,3920,13.46,-4.812,-4.653,82.7,79.17,1.883,2.656,2.214,2.94,270.2,979.7382,94.5,127.6,292.7,279.9,-4.116,-4.226
2026-03-20 11:16:00,3921,13.46,-4.775,-4.59,82.4,78.34,1.873,2.659,2.214,2.842,266.3,979.7299,91.9,123.6,292.9,281.5,-4.072,-4.216
2026-03-20 11:16:00,3921,13.46,-4.775,-4.59,82.4,78.34,1.873,2.659,2.214,2.842,266.3,979.7299,91.9,123.6,292.9,281.5,-4.072,-4.216
2026-03-20 11:17:00,3922,13.45,-4.713,-4.549,82.0,78.14,2.315,2.955,2.625,3.234,269.0,979.6896,89.4,119.7,293.1,282.9,-4.031,-4.213
2026-03-20 11:17:00,3922,13.45,-4.713,-4.549,82.0,78.14,2.315,2.955,2.625,3.234,269.0,979.6896,89.4,119.7,293.1,282.9,-4.031,-4.213
2026-03-20 11:18:00,3923,13.46,-4.66,-4.545,81.6,78.19,2.113,2.981,2.625,3.626,262.3,979.6494,86.6,115.5,293.3,284.0,-3.991,-4.209
2026-03-20 11:18:00,3923,13.46,-4.66,-4.545,81.6,78.19,2.113,2.981,2.625,3.626,262.3,979.6494,86.6,115.5,293.3,284.0,-3.991,-4.209
2026-03-20 11:19:00,3924,13.46,-4.622,-4.424,81.1,75.71,2.963,3.737,3.346,3.92,263.4,979.6124,83.4,110.9,293.4,285.2,-3.957,-4.202
2026-03-20 11:19:00,3924,13.46,-4.622,-4.424,81.1,75.71,2.963,3.737,3.346,3.92,263.4,979.6124,83.4,110.9,293.4,285.2,-3.957,-4.202
2026-03-20 11:20:00,3925,13.46,-4.514,-4.168,80.3,73.92,2.832,3.647,3.295,3.822,261.9,979.6,80.5,106.4,293.6,286.0,-3.926,-4.202
2026-03-20 11:20:00,3925,13.46,-4.514,-4.168,80.3,73.92,2.832,3.647,3.295,3.822,261.9,979.6,80.5,106.4,293.6,286.0,-3.926,-4.202
2026-03-20 11:21:00,3926,13.46,-4.444,-4.08,79.76,73.97,2.081,3.091,2.831,3.528,261.1,979.6305,77.93,102.8,293.7,286.4,-3.896,-4.202
2026-03-20 11:21:00,3926,13.46,-4.444,-4.08,79.76,73.97,2.081,3.091,2.831,3.528,261.1,979.6305,77.93,102.8,293.7,286.4,-3.896,-4.202
2026-03-20 11:22:00,3927,13.45,-4.421,-4.105,79.57,74.48,1.713,2.615,2.111,2.94,260.1,979.6393,75.93,100.2,293.7,286.4,-3.858,-4.195
2026-03-20 11:22:00,3927,13.45,-4.421,-4.105,79.57,74.48,1.713,2.615,2.111,2.94,260.1,979.6393,75.93,100.2,293.7,286.4,-3.858,-4.195
2026-03-20 11:23:00,3928,13.46,-4.406,-4.135,79.47,74.49,1.725,2.57,1.956,2.842,262.7,979.5983,74.1,97.7,293.8,286.5,-3.821,-4.187
2026-03-20 11:23:00,3928,13.46,-4.406,-4.135,79.47,74.49,1.725,2.57,1.956,2.842,262.7,979.5983,74.1,97.7,293.8,286.5,-3.821,-4.187
2026-03-20 11:24:00,3929,13.45,-4.379,-4.152,79.4,74.67,1.869,2.674,2.42,3.038,260.0,979.5715,72.15,95.1,293.8,286.0,-3.787,-4.173
2026-03-20 11:24:00,3929,13.45,-4.379,-4.152,79.4,74.67,1.869,2.674,2.42,3.038,260.0,979.5715,72.15,95.1,293.8,286.0,-3.787,-4.173
2026-03-20 11:25:00,3930,13.46,-4.345,-4.14,78.96,74.22,2.095,2.761,2.523,3.136,262.1,979.5746,70.28,92.5,293.8,285.7,-3.762,-4.167
2026-03-20 11:25:00,3930,13.46,-4.345,-4.14,78.96,74.22,2.095,2.761,2.523,3.136,262.1,979.5746,70.28,92.5,293.8,285.7,-3.762,-4.167
2026-03-20 11:26:00,3931,13.46,-4.301,-4.139,78.77,74.46,1.697,2.36,1.905,2.548,264.2,979.5455,68.48,90.0,293.9,285.9,-3.735,-4.164
2026-03-20 11:26:00,3931,13.46,-4.301,-4.139,78.77,74.46,1.697,2.36,1.905,2.548,264.2,979.5455,68.48,90.0,293.9,285.9,-3.735,-4.164
2026-03-20 11:27:00,3932,13.46,-4.288,-4.15,78.75,74.25,1.673,2.543,2.059,2.842,266.4,979.5081,66.66,87.3,293.9,286.8,-3.715,-4.155
2026-03-20 11:27:00,3932,13.46,-4.288,-4.15,78.75,74.25,1.673,2.543,2.059,2.842,266.4,979.5081,66.66,87.3,293.9,286.8,-3.715,-4.155
2026-03-20 11:28:00,3933,13.46,-4.275,-4.076,78.69,73.47,1.843,2.632,2.059,2.842,265.9,979.4646,65.11,85.0,294.0,287.5,-3.698,-4.145
2026-03-20 11:28:00,3933,13.46,-4.275,-4.076,78.69,73.47,1.843,2.632,2.059,2.842,265.9,979.4646,65.11,85.0,294.0,287.5,-3.698,-4.145
2026-03-20 11:29:00,3934,13.45,-4.227,-4.017,78.4,73.87,1.779,2.264,2.008,2.646,262.6,979.4443,63.88,83.3,294.1,287.6,-3.675,-4.141
2026-03-20 11:29:00,3934,13.45,-4.227,-4.017,78.4,73.87,1.779,2.264,2.008,2.646,262.6,979.4443,63.88,83.3,294.1,287.6,-3.675,-4.141
2026-03-20 11:30:00,3935,13.45,-4.181,-4.027,78.36,74.04,1.598,2.354,1.956,2.744,261.5,979.4318,62.73,81.7,294.1,287.6,-3.656,-4.136
2026-03-20 11:30:00,3935,13.45,-4.181,-4.027,78.36,74.04,1.598,2.354,1.956,2.744,261.5,979.4318,62.73,81.7,294.1,287.6,-3.656,-4.136
2026-03-20 11:31:00,3936,13.46,-4.151,-3.982,78.19,73.58,1.603,2.419,1.802,2.646,253.8,979.4086,61.55,80.1,294.2,287.8,-3.632,-4.127
2026-03-20 11:31:00,3936,13.46,-4.151,-3.982,78.19,73.58,1.603,2.419,1.802,2.646,253.8,979.4086,61.55,80.1,294.2,287.8,-3.632,-4.127
2026-03-20 11:32:00,3937,13.46,-4.133,-3.907,77.99,71.34,1.763,2.701,2.059,2.842,257.9,979.3776,60.59,78.86,294.3,288.0,-3.608,-4.121
2026-03-20 11:32:00,3937,13.46,-4.133,-3.907,77.99,71.34,1.763,2.701,2.059,2.842,257.9,979.3776,60.59,78.86,294.3,288.0,-3.608,-4.121
2026-03-20 11:33:00,3938,13.46,-4.066,-3.735,77.43,69.93,1.645,2.529,1.853,2.646,256.0,979.3734,59.75,77.7,294.3,287.9,-3.585,-4.105
2026-03-20 11:33:00,3938,13.46,-4.066,-3.735,77.43,69.93,1.645,2.529,1.853,2.646,256.0,979.3734,59.75,77.7,294.3,287.9,-3.585,-4.105
2026-03-20 11:34:00,3939,13.45,-4.005,-3.578,77.04,67.88,1.761,2.595,2.214,2.744,255.3,979.3444,59.06,76.83,294.4,288.0,-3.559,-4.097
2026-03-20 11:34:00,3939,13.45,-4.005,-3.578,77.04,67.88,1.761,2.595,2.214,2.744,255.3,979.3444,59.06,76.83,294.4,288.0,-3.559,-4.097
2026-03-20 11:35:00,3940,13.46,-3.877,-3.341,75.43,65.92,2.016,2.558,2.265,2.744,258.0,979.3005,58.28,75.82,294.5,288.0,-3.523,-4.088
2026-03-20 11:35:00,3940,13.46,-3.877,-3.341,75.43,65.92,2.016,2.558,2.265,2.744,258.0,979.3005,58.28,75.82,294.5,288.0,-3.523,-4.088
2026-03-20 11:36:00,3941,13.46,-3.709,-3.12,74.38,64.43,1.945,2.428,2.214,2.548,265.3,979.269,57.71,75.06,294.6,288.1,-3.486,-4.077
2026-03-20 11:36:00,3941,13.46,-3.709,-3.12,74.38,64.43,1.945,2.428,2.214,2.548,265.3,979.269,57.71,75.06,294.6,288.1,-3.486,-4.077
2026-03-20 11:37:00,3942,13.5,-3.583,-2.975,73.58,65.42,1.825,2.434,2.214,2.548,273.4,979.2269,57.13,74.19,294.7,288.2,-3.444,-4.064
2026-03-20 11:37:00,3942,13.5,-3.583,-2.975,73.58,65.42,1.825,2.434,2.214,2.548,273.4,979.2269,57.13,74.19,294.7,288.2,-3.444,-4.064
2026-03-20 11:38:00,3943,13.5,-3.559,-3.048,73.6,66.0,1.438,2.262,1.647,2.45,277.5,979.2121,56.3,73.15,294.6,288.1,-3.434,-4.05
2026-03-20 11:38:00,3943,13.5,-3.559,-3.048,73.6,66.0,1.438,2.262,1.647,2.45,277.5,979.2121,56.3,73.15,294.6,288.1,-3.434,-4.05
2026-03-20 11:39:00,3944,13.5,-3.627,-3.113,73.63,67.08,1.579,2.203,1.853,2.45,281.2,979.1704,54.82,71.22,294.6,288.3,-3.429,-4.046
2026-03-20 11:39:00,3944,13.5,-3.627,-3.113,73.63,67.08,1.579,2.203,1.853,2.45,281.2,979.1704,54.82,71.22,294.6,288.3,-3.429,-4.046
2026-03-20 11:40:00,3945,13.5,-3.67,-3.194,73.51,67.51,1.845,2.502,2.111,2.744,286.1,979.1461,52.91,68.63,294.6,288.6,-3.433,-4.04
2026-03-20 11:40:00,3945,13.5,-3.67,-3.194,73.51,67.51,1.845,2.502,2.111,2.744,286.1,979.1461,52.91,68.63,294.6,288.6,-3.433,-4.04
2026-03-20 11:41:00,3946,13.5,-3.682,-3.227,73.42,68.36,1.741,2.526,2.111,2.744,286.0,979.143,51.36,66.36,294.6,288.6,-3.424,-4.035
2026-03-20 11:41:00,3946,13.5,-3.682,-3.227,73.42,68.36,1.741,2.526,2.111,2.744,286.0,979.143,51.36,66.36,294.6,288.6,-3.424,-4.035
2026-03-20 11:42:00,3947,13.5,-3.704,-3.334,73.73,69.63,1.167,2.029,1.596,2.254,284.8,979.1728,50.38,64.99,294.6,288.3,-3.415,-4.029
2026-03-20 11:42:00,3947,13.5,-3.704,-3.334,73.73,69.63,1.167,2.029,1.596,2.254,284.8,979.1728,50.38,64.99,294.6,288.3,-3.415,-4.029
2026-03-20 11:43:00,3948,13.5,-3.746,-3.444,74.04,70.32,0.887,1.98,1.441,2.156,274.3,979.1679,49.98,64.37,294.6,288.3,-3.405,-4.028
2026-03-20 11:43:00,3948,13.5,-3.746,-3.444,74.04,70.32,0.887,1.98,1.441,2.156,274.3,979.1679,49.98,64.37,294.6,288.3,-3.405,-4.028
2026-03-20 11:44:00,3949,13.46,-3.787,-3.505,74.3,70.56,1.286,2.185,1.493,2.352,271.5,979.12,50.31,64.78,294.6,288.3,-3.392,-4.02
2026-03-20 11:44:00,3949,13.46,-3.787,-3.505,74.3,70.56,1.286,2.185,1.493,2.352,271.5,979.12,50.31,64.78,294.6,288.3,-3.392,-4.02
2026-03-20 11:45:00,3950,13.45,-3.838,-3.572,74.57,71.26,1.453,2.361,1.802,2.744,268.6,979.0768,51.1,66.01,294.6,288.0,-3.404,-4.018
2026-03-20 11:45:00,3950,13.45,-3.838,-3.572,74.57,71.26,1.453,2.361,1.802,2.744,268.6,979.0768,51.1,66.01,294.6,288.0,-3.404,-4.018
2026-03-20 11:46:00,3951,13.5,-3.896,-3.658,74.85,71.98,1.679,2.599,1.956,2.744,266.1,979.0328,52.19,67.6,294.6,287.5,-3.408,-4.011
2026-03-20 11:46:00,3951,13.5,-3.896,-3.658,74.85,71.98,1.679,2.599,1.956,2.744,266.1,979.0328,52.19,67.6,294.6,287.5,-3.408,-4.011
2026-03-20 11:47:00,3952,13.46,-3.958,-3.758,75.23,72.24,1.647,2.755,1.956,3.136,269.4,979.0087,53.31,69.18,294.5,287.0,-3.432,-4.01
2026-03-20 11:47:00,3952,13.46,-3.958,-3.758,75.23,72.24,1.647,2.755,1.956,3.136,269.4,979.0087,53.31,69.18,294.5,287.0,-3.432,-4.01
2026-03-20 11:48:00,3953,13.46,-4.01,-3.771,75.15,71.34,2.212,3.35,2.677,3.626,274.9,978.9804,54.35,70.61,294.4,286.6,-3.446,-4.003
2026-03-20 11:48:00,3953,13.46,-4.01,-3.771,75.15,71.34,2.212,3.35,2.677,3.626,274.9,978.9804,54.35,70.61,294.4,286.6,-3.446,-4.003
2026-03-20 11:49:00,3954,13.45,-4.019,-3.769,75.09,71.8,2.333,3.293,2.78,3.626,272.9,978.9747,55.66,72.35,294.4,286.6,-3.463,-3.995
2026-03-20 11:49:00,3954,13.45,-4.019,-3.769,75.09,71.8,2.333,3.293,2.78,3.626,272.9,978.9747,55.66,72.35,294.4,286.6,-3.463,-3.995
2026-03-20 11:50:00,3955,13.46,-4.003,-3.72,74.87,71.0,2.641,3.457,3.243,3.822,274.3,978.9331,57.01,74.24,294.5,287.2,-3.466,-3.989
2026-03-20 11:50:00,3955,13.46,-4.003,-3.72,74.87,71.0,2.641,3.457,3.243,3.822,274.3,978.9331,57.01,74.24,294.5,287.2,-3.466,-3.989
2026-03-20 11:51:00,3956,13.45,-3.975,-3.715,74.98,72.08,2.231,3.017,2.625,3.528,278.0,978.9379,58.29,76.0,294.5,287.3,-3.471,-3.982
2026-03-20 11:51:00,3956,13.45,-3.975,-3.715,74.98,72.08,2.231,3.017,2.625,3.528,278.0,978.9379,58.29,76.0,294.5,287.3,-3.471,-3.982
2026-03-20 11:52:00,3957,13.46,-3.98,-3.791,75.37,73.41,1.34,2.32,2.008,2.744,268.8,978.9537,59.46,77.75,294.6,287.1,-3.466,-3.976
2026-03-20 11:52:00,3957,13.46,-3.98,-3.791,75.37,73.41,1.34,2.32,2.008,2.744,268.8,978.9537,59.46,77.75,294.6,287.1,-3.466,-3.976
2026-03-20 11:53:00,3958,13.46,-4.008,-3.874,75.58,73.19,1.474,2.853,2.677,3.822,266.0,978.9572,60.81,79.63,294.6,287.2,-3.452,-3.97
2026-03-20 11:53:00,3958,13.46,-4.008,-3.874,75.58,73.19,1.474,2.853,2.677,3.822,266.0,978.9572,60.81,79.63,294.6,287.2,-3.452,-3.97
2026-03-20 11:54:00,3959,13.45,-4.025,-3.836,74.92,70.78,2.921,3.798,3.243,3.92,270.9,978.8768,61.91,81.2,294.7,287.5,-3.449,-3.958
2026-03-20 11:54:00,3959,13.45,-4.025,-3.836,74.92,70.78,2.921,3.798,3.243,3.92,270.9,978.8768,61.91,81.2,294.7,287.5,-3.449,-3.958
2026-03-20 11:55:00,3960,13.45,-3.995,-3.788,74.76,72.44,2.817,3.506,3.192,4.018,275.2,978.8204,62.72,82.4,294.7,287.0,-3.467,-3.954
2026-03-20 11:55:00,3960,13.45,-3.995,-3.788,74.76,72.44,2.817,3.506,3.192,4.018,275.2,978.8204,62.72,82.4,294.7,287.0,-3.467,-3.954
2026-03-20 11:56:00,3961,13.46,-4.003,-3.86,74.8,71.64,2.58,3.317,3.295,3.92,280.6,978.8215,63.14,83.1,294.7,286.9,-3.47,-3.956
2026-03-20 11:56:00,3961,13.46,-4.003,-3.86,74.8,71.64,2.58,3.317,3.295,3.92,280.6,978.8215,63.14,83.1,294.7,286.9,-3.47,-3.956
2026-03-20 11:57:00,3962,13.45,-3.971,-3.801,74.38,70.83,2.268,3.111,3.089,3.528,278.1,978.8499,62.85,82.8,294.7,286.8,-3.459,-3.953
2026-03-20 11:57:00,3962,13.45,-3.971,-3.801,74.38,70.83,2.268,3.111,3.089,3.528,278.1,978.8499,62.85,82.8,294.7,286.8,-3.459,-3.953
2026-03-20 11:58:00,3963,13.46,-3.911,-3.724,74.1,70.83,2.316,3.122,2.831,3.43,278.6,978.8416,62.29,81.9,294.7,287.0,-3.449,-3.95
2026-03-20 11:58:00,3963,13.46,-3.911,-3.724,74.1,70.83,2.316,3.122,2.831,3.43,278.6,978.8416,62.29,81.9,294.7,287.0,-3.449,-3.95
2026-03-20 11:59:00,3964,13.51,-3.897,-3.727,74.19,71.48,2.053,2.943,2.42,3.234,282.3,978.8287,61.84,81.2,294.8,287.0,-3.442,-3.948
2026-03-20 11:59:00,3964,13.51,-3.897,-3.727,74.19,71.48,2.053,2.943,2.42,3.234,282.3,978.8287,61.84,81.2,294.8,287.0,-3.442,-3.948
2026-03-20 12:00:00,3965,13.46,-3.899,-3.739,74.19,71.62,2.18,3.073,2.42,3.332,287.8,978.8031,61.38,80.6,294.8,287.1,-3.429,-3.942
2026-03-20 12:00:00,3965,13.46,-3.899,-3.739,74.19,71.62,2.18,3.073,2.42,3.332,287.8,978.8031,61.38,80.6,294.8,287.1,-3.429,-3.942
2026-03-20 12:01:00,3966,13.46,-3.899,-3.759,74.21,71.48,2.145,2.942,2.471,3.136,284.2,978.7946,60.89,79.81,294.8,287.3,-3.422,-3.938
2026-03-20 12:01:00,3966,13.46,-3.899,-3.759,74.21,71.48,2.145,2.942,2.471,3.136,284.2,978.7946,60.89,79.81,294.8,287.3,-3.422,-3.938
2026-03-20 12:02:00,3967,13.46,-3.899,-3.766,74.09,71.48,1.847,2.462,2.265,2.646,287.6,978.7982,60.42,79.23,294.8,287.6,-3.415,-3.931
2026-03-20 12:02:00,3967,13.46,-3.899,-3.766,74.09,71.48,1.847,2.462,2.265,2.646,287.6,978.7982,60.42,79.23,294.8,287.6,-3.415,-3.931
2026-03-20 12:03:00,3968,13.46,-3.871,-3.679,73.66,70.43,1.996,2.366,2.368,2.646,274.6,978.7497,59.87,78.36,294.9,288.6,-3.393,-3.919
2026-03-20 12:03:00,3968,13.46,-3.871,-3.679,73.66,70.43,1.996,2.366,2.368,2.646,274.6,978.7497,59.87,78.36,294.9,288.6,-3.393,-3.919
2026-03-20 12:04:00,3969,13.46,-3.835,-3.556,73.77,70.44,2.44,2.802,2.831,3.038,278.3,978.6913,59.43,77.67,295.0,289.4,-3.389,-3.915
2026-03-20 12:04:00,3969,13.46,-3.835,-3.556,73.77,70.44,2.44,2.802,2.831,3.038,278.3,978.6913,59.43,77.67,295.0,289.4,-3.389,-3.915
2026-03-20 12:05:00,3970,13.46,-3.794,-3.51,73.01,70.28,2.689,3.034,2.986,3.626,273.8,978.6384,58.96,77.0,295.2,289.8,-3.373,-3.914
2026-03-20 12:05:00,3970,13.46,-3.794,-3.51,73.01,70.28,2.689,3.034,2.986,3.626,273.8,978.6384,58.96,77.0,295.2,289.8,-3.373,-3.914
2026-03-20 12:06:00,3971,13.45,-3.696,-3.53,73.05,71.56,2.529,3.54,3.501,4.214,286.1,978.5745,59.7,77.83,295.4,289.9,-3.332,-3.908
2026-03-20 12:06:00,3971,13.45,-3.696,-3.53,73.05,71.56,2.529,3.54,3.501,4.214,286.1,978.5745,59.7,77.83,295.4,289.9,-3.332,-3.908
2026-03-20 12:07:00,3972,13.46,-3.563,-3.364,71.39,67.52,3.471,3.584,5.766,5.586,267.6,978.4944,59.49,77.86,296.1,291.0,-3.228,-3.897
2026-03-20 12:07:00,3972,13.46,-3.563,-3.364,71.39,67.52,3.471,3.584,5.766,5.586,267.6,978.4944,59.49,77.86,296.1,291.0,-3.228,-3.897
2026-03-20 12:08:00,3973,13.46,-3.092,-2.977,69.3,66.87,3.078,3.767,4.015,4.214,274.2,978.5066,62.53,81.2,296.5,290.0,-3.057,-3.876
2026-03-20 12:08:00,3973,13.46,-3.092,-2.977,69.3,66.87,3.078,3.767,4.015,4.214,274.2,978.5066,62.53,81.2,296.5,290.0,-3.057,-3.876
2026-03-20 12:09:00,3974,13.51,-3.267,-3.255,70.43,70.23,2.665,3.281,3.346,4.018,270.1,978.5104,62.29,81.2,295.7,289.0,-3.13,-3.844
2026-03-20 12:09:00,3974,13.51,-3.267,-3.255,70.43,70.23,2.665,3.281,3.346,4.018,270.1,978.5104,62.29,81.2,295.7,289.0,-3.13,-3.844
2026-03-20 12:10:00,3975,13.46,-3.53,-3.525,71.93,71.19,2.466,3.239,3.346,4.018,273.8,978.5224,61.38,80.0,295.6,289.4,-3.157,-3.835
2026-03-20 12:10:00,3975,13.46,-3.53,-3.525,71.93,71.19,2.466,3.239,3.346,4.018,273.8,978.5224,61.38,80.0,295.6,289.4,-3.157,-3.835
2026-03-20 12:11:00,3976,13.46,-3.699,-3.66,72.49,70.79,2.828,3.672,3.243,3.92,273.6,978.4966,60.74,79.15,295.4,289.9,-3.192,-3.834
2026-03-20 12:11:00,3976,13.46,-3.699,-3.66,72.49,70.79,2.828,3.672,3.243,3.92,273.6,978.4966,60.74,79.15,295.4,289.9,-3.192,-3.834
2026-03-20 12:12:00,3977,13.46,-3.804,-3.716,72.97,71.97,2.687,3.439,2.986,3.822,280.3,978.4833,60.28,78.43,295.4,289.8,-3.236,-3.839
2026-03-20 12:12:00,3977,13.46,-3.804,-3.716,72.97,71.97,2.687,3.439,2.986,3.822,280.3,978.4833,60.28,78.43,295.4,289.8,-3.236,-3.839
2026-03-20 12:13:00,3978,13.46,-3.877,-3.81,73.51,73.14,2.4,2.928,3.089,3.724,278.2,978.5202,60.02,78.15,295.3,289.5,-3.262,-3.851
2026-03-20 12:13:00,3978,13.46,-3.877,-3.81,73.51,73.14,2.4,2.928,3.089,3.724,278.2,978.5202,60.02,78.15,295.3,289.5,-3.262,-3.851
2026-03-20 12:14:00,3979,13.46,-3.924,-3.897,73.76,73.33,1.837,2.48,2.214,2.842,279.1,978.5386,60.01,78.04,295.3,289.8,-3.273,-3.853
2026-03-20 12:14:00,3979,13.46,-3.924,-3.897,73.76,73.33,1.837,2.48,2.214,2.842,279.1,978.5386,60.01,78.04,295.3,289.8,-3.273,-3.853
2026-03-20 12:15:00,3980,13.46,-3.951,-3.928,73.69,73.48,1.955,2.703,2.523,3.234,275.1,978.494,60.58,78.62,295.4,290.1,-3.276,-3.856
2026-03-20 12:15:00,3980,13.46,-3.951,-3.928,73.69,73.48,1.955,2.703,2.523,3.234,275.1,978.494,60.58,78.62,295.4,290.1,-3.276,-3.856
2026-03-20 12:16:00,3981,13.46,-3.943,-3.957,74.3,74.53,2.077,2.803,2.574,3.43,281.9,978.4111,61.02,79.31,295.4,290.4,-3.276,-3.857
2026-03-20 12:16:00,3981,13.46,-3.943,-3.957,74.3,74.53,2.077,2.803,2.574,3.43,281.9,978.4111,61.02,79.31,295.4,290.4,-3.276,-3.857
2026-03-20 12:17:00,3982,13.46,-3.967,-3.976,74.7,74.16,2.408,3.359,2.78,3.626,283.7,978.386,61.18,79.69,295.4,290.6,-3.291,-3.858
2026-03-20 12:17:00,3982,13.46,-3.967,-3.976,74.7,74.16,2.408,3.359,2.78,3.626,283.7,978.386,61.18,79.69,295.4,290.6,-3.291,-3.858
2026-03-20 12:18:00,3983,13.46,-3.964,-3.937,74.75,73.85,2.104,2.97,2.625,3.626,280.1,978.4116,61.61,80.2,295.4,290.5,-3.294,-3.852
2026-03-20 12:18:00,3983,13.46,-3.964,-3.937,74.75,73.85,2.104,2.97,2.625,3.626,280.1,978.4116,61.61,80.2,295.4,290.5,-3.294,-3.852
2026-03-20 12:19:00,3984,13.45,-3.938,-3.91,75.04,74.16,1.371,2.255,1.853,2.646,268.5,978.4039,62.35,81.3,295.6,290.4,-3.275,-3.842
2026-03-20 12:19:00,3984,13.45,-3.938,-3.91,75.04,74.16,1.371,2.255,1.853,2.646,268.5,978.4039,62.35,81.3,295.6,290.4,-3.275,-3.842
2026-03-20 12:20:00,3985,13.45,-3.905,-3.863,74.68,73.15,1.663,2.477,1.956,2.744,275.5,978.3647,62.83,81.9,295.7,290.6,-3.255,-3.833
2026-03-20 12:20:00,3985,13.45,-3.905,-3.863,74.68,73.15,1.663,2.477,1.956,2.744,275.5,978.3647,62.83,81.9,295.7,290.6,-3.255,-3.833
2026-03-20 12:21:00,3986,13.45,-3.844,-3.781,74.05,71.92,2.084,2.926,2.728,3.43,273.2,978.3091,62.85,81.9,295.8,291.2,-3.23,-3.822
2026-03-20 12:21:00,3986,13.45,-3.844,-3.781,74.05,71.92,2.084,2.926,2.728,3.43,273.2,978.3091,62.85,81.9,295.8,291.2,-3.23,-3.822
2026-03-20 12:22:00,3987,13.46,-3.751,-3.634,72.66,69.66,2.665,3.404,3.14,3.822,276.4,978.2668,62.93,81.8,295.9,291.7,-3.198,-3.82
2026-03-20 12:22:00,3987,13.46,-3.751,-3.634,72.66,69.66,2.665,3.404,3.14,3.822,276.4,978.2668,62.93,81.8,295.9,291.7,-3.198,-3.82
2026-03-20 12:23:00,3988,13.45,-3.574,-3.431,71.32,68.44,2.64,3.339,3.089,3.822,278.1,978.2623,63.74,82.7,296.2,291.9,-3.135,-3.807
2026-03-20 12:23:00,3988,13.45,-3.574,-3.431,71.32,68.44,2.64,3.339,3.089,3.822,278.1,978.2623,63.74,82.7,296.2,291.9,-3.135,-3.807
2026-03-20 12:24:00,3989,13.45,-3.44,-3.322,70.3,67.82,2.89,3.503,3.398,3.92,278.6,978.2246,64.65,83.9,296.3,292.1,-3.085,-3.794
2026-03-20 12:24:00,3989,13.45,-3.44,-3.322,70.3,67.82,2.89,3.503,3.398,3.92,278.6,978.2246,64.65,83.9,296.3,292.1,-3.085,-3.794
2026-03-20 12:25:00,3990,13.45,-3.332,-3.234,69.92,68.33,2.376,2.928,3.501,3.92,268.0,978.2316,65.13,84.5,296.4,292.4,-3.033,-3.779
2026-03-20 12:25:00,3990,13.45,-3.332,-3.234,69.92,68.33,2.376,2.928,3.501,3.92,268.0,978.2316,65.13,84.5,296.4,292.4,-3.033,-3.779
2026-03-20 12:26:00,3991,13.5,-3.201,-3.129,69.49,68.14,1.969,2.547,3.037,3.43,297.1,978.2174,65.67,85.2,296.7,292.8,-2.948,-3.76
2026-03-20 12:26:00,3991,13.5,-3.201,-3.129,69.49,68.14,1.969,2.547,3.037,3.43,297.1,978.2174,65.67,85.2,296.7,292.8,-2.948,-3.76
2026-03-20 12:27:00,3992,13.5,-3.18,-3.162,70.03,69.61,2.559,3.013,2.934,3.43,295.7,978.1849,66.55,86.4,296.6,292.6,-2.926,-3.743
2026-03-20 12:27:00,3992,13.5,-3.18,-3.162,70.03,69.61,2.559,3.013,2.934,3.43,295.7,978.1849,66.55,86.4,296.6,292.6,-2.926,-3.743
2026-03-20 12:28:00,3993,13.5,-3.259,-3.257,71.33,70.65,2.838,3.602,3.192,3.92,300.7,978.1688,67.13,87.3,296.6,292.5,-2.921,-3.729
2026-03-20 12:28:00,3993,13.5,-3.259,-3.257,71.33,70.65,2.838,3.602,3.192,3.92,300.7,978.1688,67.13,87.3,296.6,292.5,-2.921,-3.729
2026-03-20 12:29:00,3994,13.5,-3.341,-3.29,71.26,69.1,2.731,3.49,3.295,3.92,293.6,978.1623,67.31,87.6,296.6,292.6,-2.925,-3.713
2026-03-20 12:29:00,3994,13.5,-3.341,-3.29,71.26,69.1,2.731,3.49,3.295,3.92,293.6,978.1623,67.31,87.6,296.6,292.6,-2.925,-3.713
2026-03-20 12:30:00,3995,13.5,-3.322,-3.236,71.04,69.17,2.255,3.015,2.78,3.528,291.0,978.1821,67.52,87.9,296.8,292.8,-2.889,-3.699
2026-03-20 12:30:00,3995,13.5,-3.322,-3.236,71.04,69.17,2.255,3.015,2.78,3.528,291.0,978.1821,67.52,87.9,296.8,292.8,-2.889,-3.699
2026-03-20 12:31:00,3996,13.46,-3.28,-3.199,71.0,67.97,1.859,2.783,2.317,3.234,283.6,978.1999,68.29,88.8,297.0,293.2,-2.848,-3.677
2026-03-20 12:31:00,3996,13.46,-3.28,-3.199,71.0,67.97,1.859,2.783,2.317,3.234,283.6,978.1999,68.29,88.8,297.0,293.2,-2.848,-3.677
2026-03-20 12:32:00,3997,13.51,-3.211,-3.062,70.21,67.45,2.194,2.893,2.625,3.234,282.5,978.1642,68.93,89.6,297.2,293.9,-2.798,-3.664
2026-03-20 12:32:00,3997,13.51,-3.211,-3.062,70.21,67.45,2.194,2.893,2.625,3.234,282.5,978.1642,68.93,89.6,297.2,293.9,-2.798,-3.664
2026-03-20 12:33:00,3998,13.46,-3.132,-3.012,70.68,68.71,2.02,2.604,2.368,2.94,289.3,978.1276,69.69,90.4,297.3,294.2,-2.765,-3.644
2026-03-20 12:33:00,3998,13.46,-3.132,-3.012,70.68,68.71,2.02,2.604,2.368,2.94,289.3,978.1276,69.69,90.4,297.3,294.2,-2.765,-3.644
2026-03-20 12:34:00,3999,13.5,-3.147,-3.062,70.78,68.93,2.0,2.795,2.471,3.234,286.7,978.1019,70.18,91.2,297.4,294.6,-2.74,-3.628
2026-03-20 12:34:00,3999,13.5,-3.147,-3.062,70.78,68.93,2.0,2.795,2.471,3.234,286.7,978.1019,70.18,91.2,297.4,294.6,-2.74,-3.628
2026-03-20 12:35:00,4000,13.5,-3.171,-3.076,70.7,68.23,2.42,3.247,2.831,3.43,282.7,978.0924,71.0,92.1,297.4,294.8,-2.719,-3.606
2026-03-20 12:35:00,4000,13.5,-3.171,-3.076,70.7,68.23,2.42,3.247,2.831,3.43,282.7,978.0924,71.0,92.1,297.4,294.8,-2.719,-3.606
2026-03-20 12:36:00,4001,13.45,-3.195,-3.1,70.57,68.16,2.362,3.196,2.883,3.528,273.4,978.0967,72.64,94.1,297.5,294.8,-2.705,-3.59
2026-03-20 12:36:00,4001,13.45,-3.195,-3.1,70.57,68.16,2.362,3.196,2.883,3.528,273.4,978.0967,72.64,94.1,297.5,294.8,-2.705,-3.59
2026-03-20 12:37:00,4002,13.51,-3.215,-3.139,70.96,69.46,2.15,2.996,2.523,3.234,267.1,978.0822,74.8,97.1,297.6,294.8,-2.678,-3.576
2026-03-20 12:37:00,4002,13.51,-3.215,-3.139,70.96,69.46,2.15,2.996,2.523,3.234,267.1,978.0822,74.8,97.1,297.6,294.8,-2.678,-3.576
2026-03-20 12:38:00,4003,13.51,-3.271,-3.221,71.86,70.88,2.034,2.806,2.368,3.038,271.1,978.0653,76.22,99.1,297.6,294.6,-2.666,-3.558
2026-03-20 12:38:00,4003,13.51,-3.271,-3.221,71.86,70.88,2.034,2.806,2.368,3.038,271.1,978.0653,76.22,99.1,297.6,294.6,-2.666,-3.558
2026-03-20 12:39:00,4004,13.51,-3.355,-3.329,72.66,72.02,1.789,2.602,2.059,2.94,266.6,978.0799,77.09,100.1,297.6,294.1,-2.666,-3.543
2026-03-20 12:39:00,4004,13.51,-3.355,-3.329,72.66,72.02,1.789,2.602,2.059,2.94,266.6,978.0799,77.09,100.1,297.6,294.1,-2.666,-3.543
2026-03-20 12:40:00,4005,13.51,-3.414,-3.41,73.21,73.23,1.624,2.183,2.008,2.548,277.7,978.0764,78.12,101.5,297.7,293.8,-2.653,-3.529
2026-03-20 12:40:00,4005,13.51,-3.414,-3.41,73.21,73.23,1.624,2.183,2.008,2.548,277.7,978.0764,78.12,101.5,297.7,293.8,-2.653,-3.529
2026-03-20 12:41:00,4006,13.51,-3.442,-3.454,73.32,72.47,1.965,2.649,2.42,3.136,288.8,978.0311,78.67,102.5,297.6,294.1,-2.653,-3.515
2026-03-20 12:41:00,4006,13.51,-3.442,-3.454,73.32,72.47,1.965,2.649,2.42,3.136,288.8,978.0311,78.67,102.5,297.6,294.1,-2.653,-3.515
2026-03-20 12:42:00,4007,13.51,-3.406,-3.389,72.46,70.75,2.515,3.31,3.14,3.626,290.8,978.004,78.68,102.3,297.7,294.5,-2.637,-3.499
2026-03-20 12:42:00,4007,13.51,-3.406,-3.389,72.46,70.75,2.515,3.31,3.14,3.626,290.8,978.004,78.68,102.3,297.7,294.5,-2.637,-3.499
2026-03-20 12:43:00,4008,13.51,-3.311,-3.283,72.13,70.14,2.552,3.351,3.089,3.92,287.4,978.0183,79.44,103.1,297.7,294.5,-2.612,-3.494
2026-03-20 12:43:00,4008,13.51,-3.311,-3.283,72.13,70.14,2.552,3.351,3.089,3.92,287.4,978.0183,79.44,103.1,297.7,294.5,-2.612,-3.494
2026-03-20 12:44:00,4009,13.51,-3.254,-3.197,71.82,70.23,2.534,3.256,2.986,3.43,293.4,977.9991,80.5,104.6,297.8,294.3,-2.595,-3.478
2026-03-20 12:44:00,4009,13.51,-3.254,-3.197,71.82,70.23,2.534,3.256,2.986,3.43,293.4,977.9991,80.5,104.6,297.8,294.3,-2.595,-3.478
2026-03-20 12:45:00,4010,13.51,-3.237,-3.174,71.91,70.29,2.47,3.255,2.728,3.528,291.5,977.9892,80.4,104.6,297.8,294.4,-2.589,-3.471
2026-03-20 12:45:00,4010,13.51,-3.237,-3.174,71.91,70.29,2.47,3.255,2.728,3.528,291.5,977.9892,80.4,104.6,297.8,294.4,-2.589,-3.471
2026-03-20 12:46:00,4011,13.51,-3.224,-3.111,72.23,70.29,2.51,3.292,3.037,3.528,287.6,977.9514,79.24,103.0,297.9,295.1,-2.574,-3.459
2026-03-20 12:46:00,4011,13.51,-3.224,-3.111,72.23,70.29,2.51,3.292,3.037,3.528,287.6,977.9514,79.24,103.0,297.9,295.1,-2.574,-3.459
2026-03-20 12:47:00,4012,13.51,-3.198,-3.058,72.7,71.46,2.398,3.139,2.934,3.43,295.7,977.926,78.12,101.3,298.0,295.3,-2.562,-3.454
2026-03-20 12:47:00,4012,13.51,-3.198,-3.058,72.7,71.46,2.398,3.139,2.934,3.43,295.7,977.926,78.12,101.3,298.0,295.3,-2.562,-3.454
2026-03-20 12:48:00,4013,13.51,-3.192,-3.082,72.68,70.36,2.651,3.479,3.089,3.724,295.4,977.9253,77.58,100.5,298.0,295.4,-2.546,-3.443
2026-03-20 12:48:00,4013,13.51,-3.192,-3.082,72.68,70.36,2.651,3.479,3.089,3.724,295.4,977.9253,77.58,100.5,298.0,295.4,-2.546,-3.443
2026-03-20 12:49:00,4014,13.51,-3.16,-3.034,72.51,70.25,2.663,3.406,3.192,3.626,294.9,977.9139,77.62,100.6,298.1,295.3,-2.524,-3.432
2026-03-20 12:49:00,4014,13.51,-3.16,-3.034,72.51,70.25,2.663,3.406,3.192,3.626,294.9,977.9139,77.62,100.6,298.1,295.3,-2.524,-3.432
2026-03-20 12:50:00,4015,13.46,-3.111,-2.998,72.36,69.7,2.601,3.474,2.986,3.822,292.5,977.9071,77.15,99.9,298.2,295.5,-2.502,-3.425
2026-03-20 12:50:00,4015,13.46,-3.111,-2.998,72.36,69.7,2.601,3.474,2.986,3.822,292.5,977.9071,77.15,99.9,298.2,295.5,-2.502,-3.425
2026-03-20 12:51:00,4016,13.51,-3.058,-2.881,71.99,68.17,2.501,3.079,2.78,3.528,286.2,977.921,76.3,98.7,298.4,295.9,-2.474,-3.414
2026-03-20 12:51:00,4016,13.51,-3.058,-2.881,71.99,68.17,2.501,3.079,2.78,3.528,286.2,977.921,76.3,98.7,298.4,295.9,-2.474,-3.414
2026-03-20 12:52:00,4017,13.51,-2.962,-2.686,71.4,67.36,2.182,2.657,2.471,2.94,277.9,977.937,75.45,97.3,298.6,296.3,-2.433,-3.405
2026-03-20 12:52:00,4017,13.51,-2.962,-2.686,71.4,67.36,2.182,2.657,2.471,2.94,277.9,977.937,75.45,97.3,298.6,296.3,-2.433,-3.405
2026-03-20 12:53:00,4018,13.51,-2.827,-2.53,70.69,66.86,2.076,2.452,2.42,2.646,273.3,977.9227,75.1,96.7,298.8,296.7,-2.376,-3.391
2026-03-20 12:53:00,4018,13.51,-2.827,-2.53,70.69,66.86,2.076,2.452,2.42,2.646,273.3,977.9227,75.1,96.7,298.8,296.7,-2.376,-3.391
2026-03-20 12:54:00,4019,13.51,-2.744,-2.425,70.59,66.73,2.018,2.49,2.317,2.744,272.7,977.9183,74.05,95.3,298.9,297.1,-2.338,-3.38
2026-03-20 12:54:00,4019,13.51,-2.744,-2.425,70.59,66.73,2.018,2.49,2.317,2.744,272.7,977.9183,74.05,95.3,298.9,297.1,-2.338,-3.38
2026-03-20 12:55:00,4020,13.51,-2.665,-2.339,70.07,66.86,1.935,2.365,2.162,2.842,273.9,977.916,72.28,93.0,299.1,297.4,-2.288,-3.364
2026-03-20 12:55:00,4020,13.51,-2.665,-2.339,70.07,66.86,1.935,2.365,2.162,2.842,273.9,977.916,72.28,93.0,299.1,297.4,-2.288,-3.364
2026-03-20 12:56:00,4021,13.5,-2.549,-2.272,70.16,65.79,1.79,2.324,2.059,2.548,273.7,977.9243,70.48,90.5,299.3,297.6,-2.233,-3.351
2026-03-20 12:56:00,4021,13.5,-2.549,-2.272,70.16,65.79,1.79,2.324,2.059,2.548,273.7,977.9243,70.48,90.5,299.3,297.6,-2.233,-3.351
2026-03-20 12:57:00,4022,13.5,-2.46,-2.174,70.34,66.77,1.621,2.202,2.008,2.646,269.8,977.9138,68.92,88.4,299.4,297.6,-2.191,-3.339
2026-03-20 12:57:00,4022,13.5,-2.46,-2.174,70.34,66.77,1.621,2.202,2.008,2.646,269.8,977.9138,68.92,88.4,299.4,297.6,-2.191,-3.339
2026-03-20 12:58:00,4023,13.5,-2.461,-2.257,70.8,67.12,1.748,2.439,2.162,2.646,276.3,977.8998,67.78,86.9,299.4,297.6,-2.173,-3.322
2026-03-20 12:58:00,4023,13.5,-2.461,-2.257,70.8,67.12,1.748,2.439,2.162,2.646,276.3,977.8998,67.78,86.9,299.4,297.6,-2.173,-3.322
2026-03-20 12:59:00,4024,13.51,-2.548,-2.283,70.6,66.42,2.049,2.456,2.214,2.646,279.5,977.8994,66.6,85.3,299.4,297.8,-2.167,-3.312
2026-03-20 12:59:00,4024,13.51,-2.548,-2.283,70.6,66.42,2.049,2.456,2.214,2.646,279.5,977.8994,66.6,85.3,299.4,297.8,-2.167,-3.312
2026-03-20 13:00:00,4025,13.51,-2.574,-2.234,71.03,66.33,2.045,2.53,2.265,2.744,281.0,977.8904,65.61,83.9,299.4,297.9,-2.167,-3.302
2026-03-20 13:00:00,4025,13.51,-2.574,-2.234,71.03,66.33,2.045,2.53,2.265,2.744,281.0,977.8904,65.61,83.9,299.4,297.9,-2.167,-3.302
2026-03-20 13:01:00,4026,13.51,-2.613,-2.262,72.06,69.75,1.848,2.507,2.111,2.744,294.1,977.9056,64.44,82.3,299.3,297.6,-2.168,-3.297
2026-03-20 13:01:00,4026,13.51,-2.613,-2.262,72.06,69.75,1.848,2.507,2.111,2.744,294.1,977.9056,64.44,82.3,299.3,297.6,-2.168,-3.297
2026-03-20 13:02:00,4027,13.51,-2.725,-2.493,72.65,70.53,2.038,2.638,2.523,3.038,297.9,977.921,63.22,80.6,299.1,297.1,-2.19,-3.292
2026-03-20 13:02:00,4027,13.51,-2.725,-2.493,72.65,70.53,2.038,2.638,2.523,3.038,297.9,977.921,63.22,80.6,299.1,297.1,-2.19,-3.292
2026-03-20 13:03:00,4028,13.51,-2.856,-2.675,73.6,73.39,1.824,2.292,2.162,2.548,287.4,977.9407,61.91,78.68,299.0,296.9,-2.224,-3.297
2026-03-20 13:03:00,4028,13.51,-2.856,-2.675,73.6,73.39,1.824,2.292,2.162,2.548,287.4,977.9407,61.91,78.68,299.0,296.9,-2.224,-3.297
2026-03-20 13:04:00,4029,13.46,-2.966,-2.859,74.36,73.76,1.507,2.303,2.214,2.646,286.9,977.8975,60.02,76.19,299.0,297.3,-2.253,-3.299
2026-03-20 13:04:00,4029,13.46,-2.966,-2.859,74.36,73.76,1.507,2.303,2.214,2.646,286.9,977.8975,60.02,76.19,299.0,297.3,-2.253,-3.299
2026-03-20 13:05:00,4030,13.46,-3.027,-2.912,74.66,73.04,1.836,2.399,2.265,2.842,305.3,977.8807,58.21,73.73,299.1,297.6,-2.267,-3.303
2026-03-20 13:05:00,4030,13.46,-3.027,-2.912,74.66,73.04,1.836,2.399,2.265,2.842,305.3,977.8807,58.21,73.73,299.1,297.6,-2.267,-3.303
2026-03-20 13:06:00,4031,13.46,-2.989,-2.822,73.6,70.68,1.463,2.04,2.059,2.352,305.7,977.8965,56.56,71.53,299.2,297.9,-2.251,-3.302
2026-03-20 13:06:00,4031,13.46,-2.989,-2.822,73.6,70.68,1.463,2.04,2.059,2.352,305.7,977.8965,56.56,71.53,299.2,297.9,-2.251,-3.302
2026-03-20 13:07:00,4032,13.51,-2.827,-2.709,72.5,70.88,1.981,2.314,2.265,2.646,303.4,977.8426,55.08,69.44,299.4,298.1,-2.217,-3.307
2026-03-20 13:07:00,4032,13.51,-2.827,-2.709,72.5,70.88,1.981,2.314,2.265,2.646,303.4,977.8426,55.08,69.44,299.4,298.1,-2.217,-3.307
